date,time,WaterTemp_C,SpCond_uScm,Cond_uScm,Sal_ppt,pH,pH_mV,Turbid_NTU,ODOsat_perc,ODO_mgL,Battery_V
7/25/17,12:15:49,14.69,518,416,0.25,8.4,-97,2.5,81.8,8.29,13
7/25/17,12:20:49,14.71,517,415,0.25,8.4,-97.1,1,81.1,8.22,13
7/25/17,12:25:49,14.74,517,416,0.25,8.41,-97.7,6.4,81.2,8.22,13
7/25/17,12:30:49,14.76,517,416,0.25,8.42,-98.3,2.4,81.3,8.23,13
7/25/17,12:35:49,14.78,517,416,0.25,8.43,-98.8,10.7,81.2,8.22,13
7/25/17,12:40:49,14.8,517,416,0.25,8.44,-99.2,8.7,81.3,8.23,13
7/25/17,12:45:49,14.82,516,416,0.25,8.44,-99.5,2.9,81.3,8.22,13
7/25/17,12:50:49,14.85,516,416,0.25,8.45,-99.9,2.2,81.6,8.25,13
7/25/17,12:55:49,14.86,516,416,0.25,8.45,-100.2,1.6,81.5,8.23,13
7/25/17,13:00:49,14.87,515,415,0.25,8.46,-100.6,1.5,81.4,8.22,13
7/25/17,13:05:49,14.89,515,415,0.25,8.46,-100.7,1.4,81.5,8.23,13
7/25/17,13:10:49,14.92,514,415,0.25,8.47,-101.1,1,81.6,8.23,13
7/25/17,13:15:49,14.95,514,415,0.25,8.47,-101.3,1.2,81.8,8.24,13
7/25/17,13:20:49,14.97,514,416,0.25,8.47,-101.4,2.8,81.8,8.25,12.9
7/25/17,13:25:49,14.98,515,416,0.25,8.48,-101.7,1.2,81.8,8.24,13
7/25/17,13:30:49,15,514,416,0.25,8.48,-101.7,0.7,81.9,8.24,12.9
7/25/17,13:35:50,15.02,514,416,0.25,8.48,-102,0.8,82.1,8.26,13
7/25/17,13:40:49,15.05,514,416,0.25,8.48,-102.2,0.5,82.2,8.26,12.9
7/25/17,13:45:49,15.08,514,417,0.25,8.48,-101.9,10.5,82.1,8.25,13
7/25/17,13:50:49,15.1,514,417,0.25,8.48,-102.2,5.3,82.2,8.26,13
7/25/17,13:55:49,15.13,514,417,0.25,8.49,-102.2,17.6,82.1,8.24,12.9
7/25/17,14:00:49,15.15,514,417,0.25,8.49,-102.5,1.9,82.4,8.27,13
7/25/17,14:05:49,15.18,514,418,0.25,8.49,-102.5,5.2,82.4,8.26,12.9
7/25/17,14:10:49,15.22,514,418,0.25,8.5,-103,0.3,82.9,8.31,13
7/25/17,14:15:49,15.29,514,418,0.25,8.5,-103.2,0.1,83.4,8.34,13
7/25/17,14:20:49,15.42,513,419,0.25,8.51,-103.6,0.2,84,8.39,12.9
7/25/17,14:25:49,15.46,513,420,0.25,8.51,-103.7,-0.5,84.3,8.4,12.9
7/25/17,14:30:49,15.46,513,420,0.25,8.51,-104,-0.7,84.1,8.39,12.9
7/25/17,14:35:49,15.47,513,420,0.25,8.51,-103.9,-0.4,83.8,8.36,12.9
7/25/17,14:40:49,15.52,513,420,0.25,8.52,-104.1,-0.6,84.1,8.37,12.9
7/25/17,14:45:49,15.57,513,421,0.25,8.52,-104.4,1.1,84.3,8.38,12.9
7/25/17,14:50:49,15.58,513,421,0.25,8.52,-104.4,-0.4,84.1,8.37,12.9
7/25/17,14:55:49,15.63,513,421,0.25,8.53,-104.7,-0.9,84.1,8.35,12.8
7/25/17,15:00:49,15.7,513,422,0.25,8.53,-104.8,-0.8,84.2,8.36,12.8
7/25/17,15:05:49,15.72,514,423,0.25,8.53,-104.7,2.2,84,8.32,12.8
7/25/17,15:10:49,15.75,514,423,0.25,8.53,-104.7,-1,83.7,8.29,12.8
7/25/17,15:15:49,15.79,515,424,0.25,8.52,-104.4,-1.1,83.5,8.26,12.8
7/25/17,15:20:49,15.8,515,425,0.25,8.52,-104.4,-1.3,82.9,8.21,12.9
7/25/17,15:25:49,15.81,516,425,0.25,8.51,-104,0,82.5,8.16,12.9
7/25/17,15:30:49,15.82,516,425,0.25,8.51,-103.8,-1,82,8.11,12.8
7/25/17,15:35:49,15.84,516,426,0.25,8.51,-103.9,-1.2,81.9,8.1,12.8
7/25/17,15:40:49,15.87,516,426,0.25,8.51,-103.8,1.4,82,8.1,12.8
7/25/17,15:45:49,15.9,517,427,0.25,8.51,-103.8,-1.2,82.2,8.11,12.8
7/25/17,15:50:49,15.94,516,427,0.25,8.51,-103.9,-1.7,82.4,8.13,12.8
7/25/17,15:55:49,15.99,515,427,0.25,8.51,-104.1,-1.1,82.6,8.14,12.8
7/25/17,16:00:49,16.02,515,427,0.25,8.52,-104.3,-1.3,82.7,8.15,12.8
7/25/17,16:05:49,16.04,515,427,0.25,8.52,-104.6,-1.2,82.6,8.13,12.8
7/25/17,16:10:49,16.05,514,427,0.25,8.52,-104.6,-0.5,82.4,8.11,12.8
7/25/17,16:15:49,16.09,514,427,0.25,8.53,-104.9,-0.7,82.4,8.11,12.8
7/25/17,16:20:49,16.13,514,427,0.25,8.53,-105,-0.2,82.6,8.12,12.8
7/25/17,16:25:49,16.16,514,427,0.25,8.53,-105.2,0.3,82.6,8.12,12.7
7/25/17,16:30:49,16.19,513,427,0.25,8.53,-105,-0.7,82.7,8.11,12.8
7/25/17,16:35:49,16.19,513,427,0.25,8.53,-105.2,-1,82.5,8.1,12.7
7/25/17,16:40:49,16.2,513,427,0.25,8.53,-105.2,-0.9,82.2,8.07,12.7
7/25/17,16:45:49,16.21,513,427,0.25,8.53,-105,-0.8,82.1,8.05,12.8
7/25/17,16:50:49,16.21,513,427,0.25,8.53,-104.9,-0.8,81.7,8.02,12.7
7/25/17,16:55:49,16.2,514,427,0.25,8.53,-104.9,-0.8,81.4,7.99,12.7
7/25/17,17:00:49,16.2,514,427,0.25,8.52,-104.8,-0.4,81,7.95,12.7
7/25/17,17:05:50,16.2,514,428,0.25,8.52,-104.4,-0.8,80.7,7.92,12.8
7/25/17,17:10:49,16.2,514,428,0.25,8.52,-104.6,-0.9,81,7.95,12.7
7/25/17,17:15:49,16.22,514,428,0.25,8.52,-104.7,-1.5,81.2,7.96,12.7
7/25/17,17:20:49,16.24,513,427,0.25,8.52,-104.7,-1,81.4,7.98,12.7
7/25/17,17:25:49,16.28,513,427,0.25,8.52,-104.7,-0.7,81.7,8.01,12.7
7/25/17,17:30:50,16.3,512,427,0.25,8.52,-104.9,-1.6,81.9,8.03,12.7
7/25/17,17:35:49,16.27,512,427,0.25,8.53,-105,-1.5,81.4,7.98,12.7
7/25/17,17:40:49,16.23,511,426,0.25,8.52,-104.6,-1.6,80.7,7.91,12.7
7/25/17,17:45:49,16.2,511,425,0.25,8.52,-104.5,-1.8,80.3,7.88,12.7
7/25/17,17:50:49,16.2,511,425,0.25,8.52,-104.6,-0.8,80.2,7.87,12.7
7/25/17,17:55:49,16.21,511,425,0.25,8.52,-104.6,-1.1,80.1,7.86,12.7
7/25/17,18:00:49,16.21,511,425,0.25,8.52,-104.6,-1,80.2,7.87,12.7
7/25/17,18:05:49,16.21,511,425,0.25,8.52,-104.7,-1.3,80.3,7.88,12.7
7/25/17,18:10:50,16.21,511,425,0.25,8.52,-104.7,-1,80.3,7.88,12.7
7/25/17,18:15:50,16.21,510,425,0.25,8.52,-104.4,-0.8,80,7.85,12.7
7/25/17,18:20:49,16.23,510,425,0.25,8.52,-104.5,-0.5,80.1,7.86,12.7
7/25/17,18:25:49,16.23,511,425,0.25,8.52,-104.4,-0.6,80,7.85,12.7
7/25/17,18:30:49,16.22,510,425,0.25,8.52,-104.3,-0.6,79.8,7.83,12.7
7/25/17,18:35:49,16.22,510,425,0.25,8.51,-104.1,-0.4,79.7,7.82,12.7
7/25/17,18:40:50,16.21,510,425,0.25,8.51,-104,-0.4,79.7,7.82,12.7
7/25/17,18:45:49,16.21,510,425,0.25,8.51,-104.1,1.4,79.7,7.82,12.7
7/25/17,18:50:49,16.21,511,425,0.25,8.5,-103.6,6.7,79.4,7.79,12.7
7/25/17,18:55:49,16.17,511,425,0.25,8.5,-103.3,6.2,79,7.76,12.7
7/25/17,19:00:50,16.13,511,425,0.25,8.49,-103.1,2.4,78.7,7.74,12.7
7/25/17,19:05:49,16.1,511,424,0.25,8.49,-102.9,1.9,78.5,7.72,12.7
7/25/17,19:10:49,16.08,512,424,0.25,8.49,-102.8,2,78.3,7.71,12.6
7/25/17,19:15:49,16.05,512,424,0.25,8.48,-102.5,3.7,78.2,7.7,12.6
7/25/17,19:20:49,16.02,512,424,0.25,8.48,-102.1,8.3,78.1,7.69,12.7
7/25/17,19:25:49,15.99,512,424,0.25,8.47,-101.9,9.6,77.8,7.67,12.7
7/25/17,19:30:49,15.95,512,423,0.25,8.47,-101.7,12,77.7,7.66,12.7
7/25/17,19:35:50,15.91,512,423,0.25,8.47,-101.4,10.4,77.4,7.64,12.7
7/25/17,19:40:50,15.88,512,423,0.25,8.46,-101.1,23.8,77.2,7.62,12.7
7/25/17,19:45:49,15.85,512,423,0.25,8.46,-100.9,13.7,77.1,7.62,12.7
7/25/17,19:50:50,15.83,512,422,0.25,8.46,-100.9,12.2,76.9,7.6,12.7
7/25/17,19:55:50,15.79,512,422,0.25,8.46,-100.7,17.9,76.9,7.61,12.7
7/25/17,20:00:49,15.76,512,422,0.25,8.45,-100.4,21.4,76.7,7.6,12.6
7/25/17,20:05:49,15.73,512,421,0.25,8.45,-100.1,19.2,76.6,7.6,12.6
7/25/17,20:10:49,15.7,512,421,0.25,8.44,-100,20.6,76.4,7.58,12.7
7/25/17,20:15:50,15.67,512,421,0.25,8.44,-99.7,29.7,76.3,7.57,12.7
7/25/17,20:20:49,15.64,512,421,0.25,8.44,-99.5,22.3,76.3,7.57,12.6
7/25/17,20:25:50,15.6,512,420,0.25,8.43,-99.4,20.1,76.2,7.58,12.7
7/25/17,20:30:49,15.56,512,420,0.25,8.43,-99.4,21.9,76.2,7.58,12.6
7/25/17,20:35:49,15.51,513,420,0.25,8.43,-98.9,29.6,75.8,7.55,12.7
7/25/17,20:40:50,15.48,513,420,0.25,8.42,-98.4,27.4,75.5,7.53,12.7
7/25/17,20:45:50,15.44,513,419,0.25,8.42,-98.6,21.6,75.7,7.55,12.6
7/25/17,20:50:50,15.39,513,419,0.25,8.42,-98.5,16.7,75.7,7.56,12.6
7/25/17,20:55:49,15.36,513,419,0.25,8.42,-98.4,27.3,75.7,7.56,12.6
7/25/17,21:00:49,15.33,513,418,0.25,8.42,-98.4,29.6,75.7,7.57,12.6
7/25/17,21:05:49,15.28,514,418,0.25,8.42,-98.3,20,75.6,7.57,12.6
7/25/17,21:10:49,15.24,514,418,0.25,8.42,-98.3,21.6,75.6,7.57,12.6
7/25/17,21:15:50,15.2,514,418,0.25,8.41,-98,21.9,75.5,7.57,12.6
7/25/17,21:20:50,15.15,514,417,0.25,8.41,-97.8,17,75.4,7.56,12.6
7/25/17,21:25:49,15.1,514,417,0.25,8.41,-97.8,17.9,75.6,7.6,12.6
7/25/17,21:30:50,15.07,514,417,0.25,8.41,-97.6,19.5,75.5,7.59,12.6
7/25/17,21:35:50,15.03,515,417,0.25,8.4,-97.5,23,75.5,7.6,12.6
7/25/17,21:40:50,14.99,515,416,0.25,8.4,-97.4,22.6,75.4,7.59,12.6
7/25/17,21:45:50,14.95,515,416,0.25,8.4,-97.2,30.2,75.2,7.58,12.6
7/25/17,21:50:50,14.91,515,416,0.25,8.4,-97,24.9,75.2,7.59,12.6
7/25/17,21:55:50,14.86,515,416,0.25,8.39,-96.9,21.7,75.3,7.6,12.6
7/25/17,22:00:50,14.83,516,415,0.25,8.39,-96.9,27.4,75.2,7.61,12.6
7/25/17,22:05:50,14.8,516,415,0.25,8.39,-96.4,36.1,75,7.58,12.6
7/25/17,22:10:50,14.76,516,415,0.25,8.38,-96.3,33,74.9,7.59,12.6
7/25/17,22:15:50,14.7,516,415,0.25,8.38,-96.2,22,75.1,7.61,12.5
7/25/17,22:20:50,14.64,516,414,0.25,8.39,-96.6,17.7,75.4,7.65,12.5
7/25/17,22:25:50,14.62,516,413,0.25,8.39,-96.4,25.5,75.3,7.64,12.5
7/25/17,22:30:50,14.59,515,413,0.25,8.39,-96.6,23.5,75.3,7.65,12.6
7/25/17,22:35:50,14.56,516,413,0.25,8.39,-96.3,24,75.2,7.64,12.6
7/25/17,22:40:50,14.52,516,412,0.25,8.39,-96.4,18.3,75.2,7.65,12.5
7/25/17,22:45:50,14.46,516,412,0.25,8.39,-96.4,15.5,75.4,7.68,12.5
7/25/17,22:50:49,14.43,516,412,0.25,8.38,-96.1,21.9,75.3,7.67,12.5
7/25/17,22:55:50,14.41,517,412,0.25,8.38,-95.7,24.7,75.1,7.66,12.5
7/25/17,23:00:50,14.39,517,412,0.25,8.37,-95.6,33.4,74.9,7.65,12.5
7/25/17,23:05:50,14.33,517,412,0.25,8.37,-95.5,24.1,75.1,7.68,12.5
7/25/17,23:10:50,14.28,517,411,0.25,8.38,-95.6,19.9,75.3,7.7,12.5
7/25/17,23:15:50,14.24,517,411,0.25,8.38,-95.7,18.3,75.3,7.71,12.5
7/25/17,23:20:50,14.21,518,411,0.25,8.38,-95.7,16.1,75.3,7.72,12.5
7/25/17,23:25:50,14.17,518,411,0.25,8.38,-95.7,15.9,75.3,7.72,12.5
7/25/17,23:30:50,14.13,518,410,0.25,8.38,-95.8,14.2,75.4,7.73,12.5
7/25/17,23:35:50,14.09,518,410,0.25,8.37,-95.5,20.3,75.4,7.75,12.5
7/25/17,23:40:50,14.07,517,409,0.25,8.37,-95.5,25.1,75.3,7.74,12.5
7/25/17,23:45:50,14.04,518,409,0.25,8.38,-95.6,20.6,75.4,7.75,12.5
7/25/17,23:50:49,13.98,518,409,0.25,8.37,-95.5,17.2,75.4,7.76,12.4
7/25/17,23:55:50,13.95,518,408,0.25,8.37,-95.5,17.9,75.4,7.77,12.4
7/26/17,0:00:50,13.91,518,408,0.25,8.37,-95.5,23.4,75.4,7.78,12.5
7/26/17,0:05:49,13.88,518,408,0.25,8.37,-95.4,28.6,75.4,7.78,12.4
7/26/17,0:10:50,13.87,518,408,0.25,8.37,-95.1,44.8,75.2,7.76,12.4
7/26/17,0:15:50,13.84,518,408,0.25,8.37,-95.3,29.4,75.4,7.79,12.5
7/26/17,0:20:50,13.79,518,407,0.25,8.37,-95.5,23.4,75.5,7.81,12.5
7/26/17,0:25:50,13.76,518,407,0.25,8.37,-95.4,33.8,75.5,7.82,12.5
7/26/17,0:30:50,13.75,518,407,0.25,8.37,-95,56.5,75.2,7.78,12.4
7/26/17,0:35:50,13.74,518,407,0.25,8.36,-94.9,46.8,75.1,7.77,12.4
7/26/17,0:40:50,13.7,518,406,0.25,8.37,-95.2,41.2,75.1,7.78,12.5
7/26/17,0:45:50,13.67,518,406,0.25,8.37,-95,33.5,75.2,7.79,12.4
7/26/17,0:50:50,13.64,518,406,0.25,8.37,-95.2,27.2,75.4,7.82,12.4
7/26/17,0:55:50,13.62,519,406,0.25,8.37,-95.2,24.1,75.5,7.83,12.4
7/26/17,1:00:50,13.59,519,406,0.25,8.37,-95.3,25.5,75.5,7.84,12.4
7/26/17,1:05:50,13.57,519,405,0.25,8.37,-95.3,28.1,75.5,7.85,12.4
7/26/17,1:10:49,13.56,519,405,0.25,8.37,-95.3,26,75.5,7.85,12.3
7/26/17,1:15:50,13.53,518,405,0.25,8.37,-95.2,22.5,75.6,7.86,12.4
7/26/17,1:20:49,13.51,519,405,0.25,8.37,-95.3,20.5,75.8,7.88,12.3
7/26/17,1:25:50,13.5,518,405,0.25,8.37,-95.5,18.9,75.8,7.89,12.4
7/26/17,1:30:50,13.48,519,404,0.25,8.38,-95.6,17.8,75.9,7.9,12.4
7/26/17,1:35:50,13.47,518,404,0.25,8.38,-95.5,18,76,7.91,12.4
7/26/17,1:40:50,13.46,518,404,0.25,8.38,-95.6,26,75.9,7.91,12.4
7/26/17,1:45:50,13.44,518,404,0.25,8.38,-95.5,27,76,7.92,12.3
7/26/17,1:50:50,13.43,518,404,0.25,8.38,-95.6,22.7,76.1,7.93,12.4
7/26/17,1:55:50,13.41,518,404,0.25,8.38,-95.9,18.5,76.3,7.95,12.4
7/26/17,2:00:49,13.39,519,404,0.25,8.38,-95.9,14.2,76.3,7.96,12.3
7/26/17,2:05:50,13.37,519,403,0.25,8.38,-95.8,13.5,76.2,7.95,12.4
7/26/17,2:10:50,13.36,519,403,0.25,8.38,-95.9,13.4,76.2,7.96,12.3
7/26/17,2:15:50,13.36,519,403,0.25,8.38,-95.9,22.5,76.2,7.96,12.3
7/26/17,2:20:50,13.35,519,403,0.25,8.38,-95.6,25.3,76.1,7.94,12.3
7/26/17,2:25:50,13.35,519,403,0.25,8.37,-95.4,35.7,75.9,7.92,12.4
7/26/17,2:30:50,13.34,519,403,0.25,8.37,-95.3,28.4,75.9,7.93,12.4
7/26/17,2:35:50,13.32,519,403,0.25,8.38,-95.5,27.4,76,7.94,12.4
7/26/17,2:40:50,13.31,519,403,0.25,8.37,-95.3,28.9,75.9,7.93,12.4
7/26/17,2:45:50,13.29,519,403,0.25,8.37,-95.2,31.2,75.9,7.93,12.3
7/26/17,2:50:50,13.29,519,403,0.25,8.37,-94.9,32.7,75.8,7.93,12.3
7/26/17,2:55:50,13.28,519,403,0.25,8.36,-94.8,31,75.7,7.92,12.4
7/26/17,3:00:50,13.26,519,403,0.25,8.37,-94.8,28.5,75.9,7.94,12.3
7/26/17,3:05:50,13.25,519,403,0.25,8.37,-94.8,28.9,75.9,7.94,12.3
7/26/17,3:10:50,13.24,520,403,0.25,8.36,-94.6,30.4,75.9,7.95,12.4
7/26/17,3:15:50,13.24,520,403,0.25,8.36,-94.3,32.2,75.7,7.93,12.3
7/26/17,3:20:50,13.23,520,403,0.25,8.36,-94.4,32.4,75.8,7.93,12.3
7/26/17,3:25:50,13.22,520,403,0.25,8.35,-94.2,33.5,75.7,7.92,12.3
7/26/17,3:30:50,13.21,520,403,0.25,8.35,-93.9,33.8,75.7,7.93,12.3
7/26/17,3:35:49,13.2,520,403,0.25,8.35,-94,34.7,75.8,7.93,12.3
7/26/17,3:40:49,13.19,520,402,0.25,8.35,-93.8,33,75.8,7.94,12.3
7/26/17,3:45:49,13.18,520,402,0.25,8.35,-93.8,33,75.8,7.94,12.3
7/26/17,3:50:50,13.18,520,402,0.25,8.34,-93.6,32.1,75.8,7.94,12.3
7/26/17,3:55:50,13.17,520,402,0.25,8.35,-93.8,30.3,75.8,7.94,12.3
7/26/17,4:00:50,13.16,520,402,0.25,8.35,-93.7,40.8,75.8,7.94,12.3
7/26/17,4:05:50,13.15,520,402,0.25,8.34,-93.3,65.3,75.5,7.92,12.3
7/26/17,4:10:50,13.14,520,402,0.25,8.34,-93.6,33.8,75.8,7.95,12.3
7/26/17,4:15:50,13.13,520,402,0.25,8.34,-93.3,44.2,75.6,7.94,12.3
7/26/17,4:20:50,13.12,520,402,0.25,8.34,-93.4,42.9,75.6,7.94,12.3
7/26/17,4:25:50,13.1,521,402,0.25,8.34,-93.4,36.5,75.8,7.96,12.3
7/26/17,4:30:50,13.1,521,402,0.25,8.34,-93.4,44.6,75.7,7.94,12.3
7/26/17,4:35:50,13.1,521,402,0.25,8.34,-93.1,41.9,75.5,7.92,12.3
7/26/17,4:40:50,13.1,521,402,0.25,8.34,-93.2,47.9,75.5,7.93,12.3
7/26/17,4:45:50,13.1,520,402,0.25,8.34,-93.1,41.3,75.5,7.93,12.3
7/26/17,4:50:50,13.09,520,402,0.25,8.34,-93.1,36.6,75.6,7.94,12.3
7/26/17,4:55:50,13.08,520,402,0.25,8.34,-93.4,39.7,75.7,7.95,12.3
7/26/17,5:00:50,13.08,521,402,0.25,8.34,-93.3,36.5,75.7,7.94,12.3
7/26/17,5:05:50,13.08,521,402,0.25,8.34,-93.3,45.8,75.7,7.95,12.3
7/26/17,5:10:50,13.07,521,402,0.25,8.34,-93.4,40.7,75.8,7.96,12.3
7/26/17,5:15:50,13.06,520,402,0.25,8.35,-93.8,27.8,75.9,7.97,12.3
7/26/17,5:20:50,13.05,520,402,0.25,8.35,-94,21.9,76.1,8,12.3
7/26/17,5:25:50,13.05,521,402,0.25,8.36,-94.2,20.2,76.1,7.99,12.3
7/26/17,5:30:50,13.05,521,402,0.25,8.36,-94.2,18.9,76.1,8,12.3
7/26/17,5:35:50,13.05,521,402,0.25,8.36,-94.2,18.4,76.1,8,12.3
7/26/17,5:40:50,13.04,521,402,0.25,8.35,-94.2,17.7,76.1,8,12.3
7/26/17,5:45:50,13.04,521,402,0.25,8.36,-94.2,17.7,76,7.99,12.3
7/26/17,5:50:50,13.03,521,402,0.25,8.35,-94.1,18.3,76.1,8,12.3
7/26/17,5:55:50,13.03,521,402,0.25,8.35,-94,18,76,8,12.3
7/26/17,6:00:50,13.02,521,402,0.25,8.35,-94,17,76.1,8.01,12.3
7/26/17,6:05:50,13.01,521,402,0.25,8.35,-94,15.8,76.1,8.01,12.3
7/26/17,6:10:50,13.01,521,402,0.25,8.35,-93.9,16.6,76.2,8.02,12.3
7/26/17,6:15:50,13,521,402,0.25,8.35,-93.9,14.2,76.3,8.02,12.3
7/26/17,6:20:50,13,521,402,0.25,8.35,-94.1,12.8,76.4,8.04,12.3
7/26/17,6:25:50,13,521,402,0.25,8.36,-94.3,16.3,76.4,8.04,12.3
7/26/17,6:30:50,12.99,521,401,0.25,8.35,-94.1,16.9,76.4,8.04,12.3
7/26/17,6:35:50,12.99,521,401,0.25,8.35,-94,25.3,76.3,8.03,12.3
7/26/17,6:40:50,12.98,521,402,0.25,8.34,-93.4,33.6,76,8,12.3
7/26/17,6:45:50,12.98,522,402,0.25,8.34,-93.6,26.6,76.2,8.02,12.3
7/26/17,6:50:50,13,522,402,0.25,8.34,-93.1,37.2,76,8,12.3
7/26/17,6:55:50,13,521,402,0.25,8.33,-92.8,41.1,76,7.99,12.3
7/26/17,7:00:50,13.01,521,402,0.25,8.33,-92.8,42.2,76,8,12.3
7/26/17,7:05:50,13,521,402,0.25,8.34,-93.1,31.1,76.2,8.02,12.3
7/26/17,7:10:50,13,521,402,0.25,8.34,-93.2,31.7,76.2,8.02,12.3
7/26/17,7:15:50,13.01,521,402,0.25,8.33,-93,32.5,76,8,12.3
7/26/17,7:20:50,13.01,521,402,0.25,8.33,-92.9,28.3,76,8,12.3
7/26/17,7:25:50,13.01,521,402,0.25,8.34,-93.3,26.1,76.3,8.03,12.3
7/26/17,7:30:50,13.02,521,402,0.25,8.34,-93.4,23.3,76.5,8.05,12.3
7/26/17,7:35:50,13.03,521,402,0.25,8.35,-93.9,20.9,76.8,8.08,12.3
7/26/17,7:40:50,13.03,521,402,0.25,8.36,-94.2,18.6,77.2,8.11,12.3
7/26/17,7:45:50,13.05,521,402,0.25,8.36,-94.4,16.6,77.3,8.13,12.2
7/26/17,7:50:50,13.06,521,402,0.25,8.36,-94.7,14.8,77.7,8.16,12.3
7/26/17,7:55:50,13.08,521,402,0.25,8.37,-95.2,13.1,78,8.19,12.3
7/26/17,8:00:50,13.1,521,402,0.25,8.38,-95.6,12,78.3,8.22,12.2
7/26/17,8:05:50,13.1,521,402,0.25,8.38,-95.6,10.4,78.3,8.22,12.3
7/26/17,8:10:50,13.13,520,402,0.25,8.39,-96.2,9.5,78.7,8.25,12.2
7/26/17,8:15:50,13.16,521,403,0.25,8.39,-96.4,16.4,79,8.28,12.3
7/26/17,8:20:50,13.16,521,403,0.25,8.4,-96.6,8.7,79,8.28,12.3
7/26/17,8:25:50,13.16,520,403,0.25,8.4,-96.6,7.7,78.6,8.24,12.2
7/26/17,8:30:50,13.16,521,403,0.25,8.4,-96.7,7.1,78.4,8.22,12.2
7/26/17,8:35:50,13.17,520,403,0.25,8.4,-96.7,6.4,78.3,8.21,12.2
7/26/17,8:40:50,13.17,520,403,0.25,8.4,-96.7,5.9,78.2,8.2,12.3
7/26/17,8:45:50,13.18,520,402,0.25,8.4,-97,16.5,78.1,8.19,12.3
7/26/17,8:50:50,13.19,519,402,0.25,8.4,-96.9,8.9,78.1,8.19,12.3
7/26/17,8:55:50,13.2,518,401,0.25,8.41,-97.2,6.9,78.2,8.19,12.2
7/26/17,9:00:50,13.2,517,400,0.25,8.41,-97.1,7.6,78.2,8.19,12.2
7/26/17,9:05:50,13.21,516,400,0.25,8.41,-97.3,7.9,78.1,8.18,12.2
7/26/17,9:10:50,13.22,514,398,0.25,8.41,-97.2,9.4,78.2,8.19,12.2
7/26/17,9:15:50,13.24,511,396,0.25,8.41,-97.4,12.5,78.2,8.19,12.2
7/26/17,9:20:50,13.24,514,399,0.25,8.41,-97.3,15.5,78.3,8.19,12.2
7/26/17,9:25:50,13.25,515,400,0.25,8.41,-97.5,9.8,78.4,8.2,12.2
7/26/17,9:30:50,13.26,515,399,0.25,8.42,-97.8,9.5,78.5,8.21,12.3
7/26/17,9:35:50,13.26,514,399,0.25,8.42,-98,9,78.4,8.2,12.2
7/26/17,9:40:50,13.27,513,398,0.25,8.42,-98.1,9.8,78.4,8.19,12.2
7/26/17,9:45:50,13.29,511,397,0.25,8.42,-98,10.9,78.5,8.2,12.2
7/26/17,9:50:50,13.3,511,397,0.25,8.42,-98.2,13.7,78.6,8.21,12.2
7/26/17,9:55:50,13.32,510,396,0.25,8.43,-98.4,22.1,78.6,8.21,12.2
7/26/17,10:00:50,13.34,509,395,0.25,8.43,-98.4,30.8,78.7,8.22,12.2
7/26/17,10:05:50,13.36,506,394,0.25,8.43,-98.4,30.7,78.6,8.21,12.2
7/26/17,10:10:50,13.37,505,393,0.25,8.43,-98.5,23.3,78.5,8.19,12.2
7/26/17,10:15:50,13.38,503,391,0.24,8.42,-98.3,19.7,78.5,8.19,12.2
7/26/17,10:20:50,13.4,501,390,0.24,8.42,-98.1,19.7,78.4,8.18,12.2
7/26/17,10:25:50,13.42,500,389,0.24,8.42,-97.8,28.7,78.2,8.15,12.2
7/26/17,10:30:50,13.44,499,388,0.24,8.41,-97.7,22,78.3,8.15,12.2
7/26/17,10:35:50,13.47,497,388,0.24,8.41,-97.6,21,78.5,8.18,12.2
7/26/17,10:40:50,13.5,496,387,0.24,8.41,-97.6,22.1,78.7,8.19,12.2
7/26/17,10:45:50,13.53,495,386,0.24,8.41,-97.4,23.5,78.8,8.2,12.2
7/26/17,10:50:50,13.56,494,386,0.24,8.41,-97.2,24.7,79,8.21,12.2
7/26/17,10:55:50,13.6,493,385,0.24,8.4,-97.2,26.5,79,8.2,12.2
7/26/17,11:00:50,13.64,491,385,0.24,8.4,-97,30,79.2,8.22,12.2
7/26/17,11:05:50,13.71,490,384,0.24,8.4,-96.7,35,79.4,8.22,12.1
7/26/17,11:10:50,13.82,489,384,0.24,8.4,-96.8,41.5,79.7,8.24,12.2
7/26/17,11:15:50,13.97,487,385,0.24,8.4,-96.8,47,80.1,8.25,12.2
7/26/17,11:20:50,14.08,486,385,0.24,8.4,-96.9,55.3,80.3,8.25,12.2
7/26/17,11:25:50,14.16,485,384,0.24,8.39,-96.7,66.5,80.3,8.24,12.2
7/26/17,11:30:50,14.25,483,384,0.23,8.39,-96.4,82.8,80.3,8.22,12.1
7/26/17,11:35:50,14.35,481,383,0.23,8.38,-96.2,104.6,80.3,8.2,12.2
7/26/17,11:40:50,14.43,479,382,0.23,8.38,-95.7,125.1,80.1,8.16,12.1
7/26/17,11:45:50,14.56,477,381,0.23,8.37,-95.5,144.4,80.1,8.15,12.2
7/26/17,11:50:50,14.67,475,381,0.23,8.37,-95.3,161.6,80.2,8.13,12.1
7/26/17,11:55:50,14.79,473,381,0.23,8.36,-95,172.8,80.2,8.12,12.2
7/26/17,12:00:50,14.93,473,382,0.23,8.36,-95,181,80.3,8.1,12.2
7/26/17,12:05:50,15.02,473,383,0.23,8.36,-95,184.2,80.4,8.09,12.1
7/26/17,12:10:50,15.11,474,384,0.23,8.36,-95.1,178.1,80.6,8.1,12.1
7/26/17,12:15:50,15.21,475,387,0.23,8.36,-95.3,169.5,80.8,8.1,12.1
7/26/17,12:20:49,15.34,477,389,0.23,8.37,-95.5,161.7,81.1,8.11,12.1
7/26/17,12:25:50,15.48,479,392,0.23,8.37,-95.7,146.5,81.4,8.12,12.2
7/26/17,12:30:49,15.61,481,395,0.23,8.37,-95.9,137.2,81.7,8.12,12.2
7/26/17,12:35:49,15.7,483,397,0.23,8.38,-96.3,122.9,81.9,8.13,12.1
7/26/17,12:40:49,15.82,485,400,0.23,8.38,-96.6,112,82.3,8.14,12.1
7/26/17,12:45:49,15.93,487,402,0.24,8.39,-97,101.8,82.5,8.14,12.1
7/26/17,12:50:49,16.05,488,405,0.24,8.4,-97.7,91.7,82.8,8.15,12.1
7/26/17,12:55:50,16.16,490,407,0.24,8.41,-98.2,80.9,83.1,8.16,12.2
7/26/17,13:00:49,16.3,491,410,0.24,8.42,-98.7,72.5,83.4,8.17,12.1
7/26/17,13:05:49,16.36,493,411,0.24,8.42,-98.8,65,83.4,8.16,12.1
7/26/17,13:10:49,16.52,494,414,0.24,8.43,-99.4,58.2,83.9,8.18,12.1
7/26/17,13:15:49,16.65,495,416,0.24,8.44,-99.9,53.8,84.2,8.18,12.1
7/26/17,13:20:49,16.77,496,418,0.24,8.44,-100.3,49.3,84.4,8.19,12.1
7/26/17,13:25:49,16.68,496,418,0.24,8.44,-100.3,44.1,83.2,8.09,12.1
7/26/17,13:30:49,16.68,497,418,0.24,8.45,-100.4,39.5,82.7,8.04,12.1
7/26/17,13:35:49,16.88,497,420,0.24,8.46,-101,36.9,83.9,8.12,12.1
7/26/17,13:40:49,16.84,498,420,0.24,8.46,-101.4,34.1,83.8,8.11,12.1
7/26/17,13:45:50,16.95,498,422,0.24,8.47,-101.7,31.3,83.9,8.11,12.1
7/26/17,13:50:49,17.09,499,423,0.24,8.47,-102.1,29.4,84.3,8.12,12.1
7/26/17,13:55:49,17.2,499,425,0.24,8.47,-102.2,26.7,84.7,8.14,12.1
7/26/17,14:00:49,17.27,499,426,0.24,8.48,-102.5,24.3,84.7,8.13,12.1
7/26/17,14:05:49,17.26,500,426,0.24,8.48,-102.7,23.3,84.3,8.09,12.1
7/26/17,14:10:49,17.25,500,426,0.24,8.48,-102.5,26.8,83.5,8.02,12.1
7/26/17,14:15:49,17.2,501,426,0.24,8.48,-102.3,20.5,82.7,7.95,12.1
7/26/17,14:20:49,17.26,501,426,0.24,8.48,-102.7,19.5,83.3,8,12.1
7/26/17,14:25:49,17.47,501,429,0.24,8.49,-103.1,18.2,84.2,8.05,12.1
7/26/17,14:30:49,17.67,501,431,0.24,8.5,-103.6,17,85,8.09,12.1
7/26/17,14:35:49,17.74,501,431,0.24,8.5,-103.9,15.3,85,8.08,12.1
7/26/17,14:40:49,17.8,501,432,0.24,8.5,-103.9,14.8,84.9,8.06,12.1
7/26/17,14:45:49,17.88,502,433,0.24,8.51,-104.2,13.6,85,8.06,12.1
7/26/17,14:50:49,17.77,501,432,0.24,8.5,-104,12.8,83.8,7.96,12.1
7/26/17,14:55:49,17.82,501,432,0.24,8.5,-104,12,83.8,7.95,12.1
7/26/17,15:00:49,18.05,501,434,0.24,8.51,-104.6,11.9,85,8.03,12.1
7/26/17,15:05:49,18.08,501,435,0.24,8.52,-104.9,11,84.9,8.01,12
7/26/17,15:10:49,18.14,501,435,0.24,8.52,-105,10.3,84.9,8,12
7/26/17,15:15:49,18.09,501,435,0.24,8.51,-104.7,10.1,84.1,7.94,12.1
7/26/17,15:20:49,18.23,501,436,0.24,8.52,-105,9.9,84.6,7.96,12.1
7/26/17,15:25:49,18.29,501,437,0.24,8.52,-105.3,9.2,84.7,7.96,12.1
7/26/17,15:30:49,18.21,501,436,0.24,8.52,-104.9,8.9,84,7.91,12
7/26/17,15:35:49,18.18,501,436,0.24,8.51,-104.9,9.8,83,7.82,12.1
7/26/17,15:40:49,18.11,502,436,0.24,8.51,-104.4,9.7,82.1,7.74,12
7/26/17,15:45:49,18.09,502,436,0.24,8.51,-104.3,9.6,81.7,7.71,12
7/26/17,15:50:49,18.09,502,435,0.24,8.5,-104.2,9.7,82,7.74,12
7/26/17,15:55:49,18.09,502,435,0.24,8.51,-104.4,10.1,82.3,7.77,12.1
7/26/17,16:00:49,18.04,502,435,0.24,8.51,-104.2,9.4,81.8,7.72,12.1
7/26/17,16:05:49,17.98,502,435,0.24,8.5,-104,8.9,80.8,7.64,12
7/26/17,16:10:49,17.92,502,434,0.24,8.5,-103.7,9,80,7.58,12
7/26/17,16:15:49,17.87,502,434,0.24,8.49,-103.3,7.6,79.5,7.54,12.1
7/26/17,16:20:49,17.83,502,433,0.24,8.49,-103.4,7.7,79.4,7.53,12.1
7/26/17,16:25:49,17.77,502,433,0.24,8.49,-103.3,8.3,79.3,7.53,12
7/26/17,16:30:49,17.73,501,432,0.24,8.49,-103.3,9.4,79.4,7.55,12
7/26/17,16:35:49,17.66,501,431,0.24,8.49,-103,8.9,79.1,7.53,12
7/26/17,16:40:49,17.59,501,430,0.24,8.48,-102.8,8.7,78.9,7.52,12.1
7/26/17,16:45:49,17.56,502,430,0.24,8.48,-102.7,8,78.8,7.51,12
7/26/17,16:50:49,17.51,502,430,0.24,8.48,-102.5,7.8,78.9,7.53,12
7/26/17,16:55:49,17.46,502,430,0.24,8.48,-102.4,7,79,7.55,12
7/26/17,17:00:49,17.44,502,430,0.24,8.47,-102.2,7.2,79.3,7.58,12
7/26/17,17:05:49,17.41,502,429,0.24,8.47,-102.3,7.4,79.5,7.6,12
7/26/17,17:10:49,17.37,503,429,0.24,8.47,-102.3,6.9,79.6,7.63,12
7/26/17,17:15:49,17.33,503,429,0.24,8.47,-102.2,7,79.4,7.61,12
7/26/17,17:20:49,17.3,503,429,0.24,8.47,-102,7.2,79.3,7.61,12
7/26/17,17:25:49,17.25,503,429,0.24,8.47,-101.9,6.7,79.3,7.61,12.1
7/26/17,17:30:49,17.21,503,428,0.24,8.47,-101.8,6.2,79.3,7.62,12
7/26/17,17:35:49,17.17,503,428,0.24,8.47,-101.7,5.8,79.3,7.62,12
7/26/17,17:40:49,17.13,503,427,0.24,8.46,-101.6,6.2,79.1,7.62,12
7/26/17,17:45:49,17.08,503,427,0.24,8.46,-101.3,5.7,79,7.61,12
7/26/17,17:50:49,17.05,503,427,0.24,8.46,-101.3,5.9,79.2,7.63,12
7/26/17,17:55:50,16.98,503,426,0.24,8.45,-101,5.7,78.7,7.6,12
7/26/17,18:00:49,16.92,503,426,0.24,8.45,-100.6,5,78.6,7.6,12
7/26/17,18:05:49,16.89,503,425,0.24,8.45,-100.6,5.1,78.7,7.61,12.1
7/26/17,18:10:49,16.84,503,425,0.24,8.45,-100.5,5,78.4,7.6,12
7/26/17,18:15:49,16.79,504,425,0.24,8.44,-100.3,4.3,78.2,7.58,12
7/26/17,18:20:49,16.74,503,424,0.24,8.44,-99.9,4.6,77.7,7.54,12
7/26/17,18:25:50,16.69,503,424,0.24,8.44,-99.9,4.4,77.8,7.56,12
7/26/17,18:30:49,16.63,504,423,0.24,8.43,-99.7,4.1,77.6,7.55,12
7/26/17,18:35:49,16.59,503,423,0.24,8.43,-99.5,4.2,77.5,7.54,12
7/26/17,18:40:49,16.54,504,422,0.24,8.43,-99.3,10.6,77.3,7.53,12
7/26/17,18:45:49,16.51,504,422,0.24,8.42,-99,8.4,77.1,7.52,12
7/26/17,18:50:49,16.46,504,422,0.24,8.42,-98.9,8.5,76.8,7.5,12
7/26/17,18:55:49,16.41,504,421,0.24,8.42,-98.6,8.8,76.7,7.5,12
7/26/17,19:00:50,16.36,504,421,0.24,8.42,-98.6,7.5,76.7,7.51,12
7/26/17,19:05:49,16.31,504,421,0.24,8.41,-98.2,25.4,76.4,7.48,12
7/26/17,19:10:49,16.27,505,420,0.24,8.4,-97.7,32.3,75.9,7.44,12
7/26/17,19:15:49,16.23,505,420,0.24,8.39,-97.2,31.1,75.8,7.44,12
7/26/17,19:20:50,16.18,505,420,0.25,8.39,-97,32,75.7,7.43,12
7/26/17,19:25:50,16.14,505,420,0.25,8.39,-96.9,25.8,75.8,7.45,12
7/26/17,19:30:49,16.11,504,419,0.24,8.39,-96.9,25,76,7.47,12
7/26/17,19:35:50,16.08,504,418,0.24,8.39,-97,26.1,76.3,7.51,12
7/26/17,19:40:50,16.05,505,418,0.24,8.39,-97,23,76.4,7.52,12
7/26/17,19:45:50,16.01,505,418,0.25,8.39,-97,18.2,76,7.49,12
7/26/17,19:50:49,15.96,505,418,0.25,8.39,-96.9,15.3,76,7.5,12
7/26/17,19:55:50,15.91,505,418,0.25,8.39,-96.8,13.3,76,7.5,12
7/26/17,20:00:49,15.88,506,418,0.25,8.39,-96.9,11.9,76.1,7.52,12
7/26/17,20:05:49,15.85,506,418,0.25,8.39,-96.9,10.9,76.1,7.53,12
7/26/17,20:10:50,15.81,506,417,0.25,8.39,-96.9,9.5,76.3,7.55,12
7/26/17,20:15:49,15.78,506,417,0.25,8.39,-96.7,9.5,76.2,7.55,12
7/26/17,20:20:49,15.74,507,417,0.25,8.38,-96.6,8.6,76.2,7.55,12
7/26/17,20:25:49,15.71,507,417,0.25,8.38,-96.5,8.8,76.1,7.55,12
7/26/17,20:30:49,15.67,507,417,0.25,8.38,-96.5,7.8,76.1,7.56,12
7/26/17,20:35:49,15.63,508,417,0.25,8.38,-96.5,7.9,76.1,7.56,12
7/26/17,20:40:50,15.6,508,416,0.25,8.38,-96.3,8.2,76.1,7.56,12
7/26/17,20:45:49,15.57,508,416,0.25,8.38,-96.2,9.1,75.9,7.55,12
7/26/17,20:50:49,15.53,508,416,0.25,8.38,-96.2,9.2,76,7.57,12
7/26/17,20:55:49,15.49,508,416,0.25,8.38,-96.1,13.8,75.9,7.56,12
7/26/17,21:00:49,15.46,509,416,0.25,8.37,-95.9,10.5,75.8,7.56,12
7/26/17,21:05:50,15.41,509,416,0.25,8.37,-95.5,16.2,75.7,7.55,12
7/26/17,21:10:50,15.38,509,416,0.25,8.37,-95.5,17.8,75.6,7.55,12
7/26/17,21:15:50,15.34,509,415,0.25,8.36,-95.3,23.2,75.6,7.56,12
7/26/17,21:20:50,15.28,510,415,0.25,8.36,-95.2,24.2,75.5,7.56,12
7/26/17,21:25:50,15.25,510,415,0.25,8.36,-95,27.8,75.6,7.57,12
7/26/17,21:30:50,15.21,510,415,0.25,8.36,-95.1,25.7,75.7,7.58,12
7/26/17,21:35:50,15.18,510,415,0.25,8.36,-95.1,24.1,75.6,7.58,12
7/26/17,21:40:50,15.14,511,415,0.25,8.36,-95,17.4,75.5,7.58,12
7/26/17,21:45:50,15.12,511,414,0.25,8.36,-95.3,17.4,75.4,7.57,12
7/26/17,21:50:50,15.08,511,414,0.25,8.37,-95.3,14.9,75.5,7.58,12
7/26/17,21:55:50,15.05,511,414,0.25,8.36,-95.2,13.6,75.5,7.6,12
7/26/17,22:00:50,15.02,511,414,0.25,8.37,-95.4,12.3,75.5,7.6,12
7/26/17,22:05:50,15,512,414,0.25,8.37,-95.3,11.4,75.5,7.6,12
7/26/17,22:10:50,14.98,512,414,0.25,8.37,-95.4,11.4,75.4,7.6,12
7/26/17,22:15:49,14.95,512,414,0.25,8.37,-95.3,12.7,75.3,7.59,12
7/26/17,22:20:50,14.92,512,414,0.25,8.36,-95.2,17.2,75.2,7.58,12
7/26/17,22:25:50,14.88,513,414,0.25,8.36,-94.7,21.3,75,7.57,12
7/26/17,22:30:50,14.84,513,413,0.25,8.35,-94.5,23.1,75,7.58,12
7/26/17,22:35:50,14.8,513,413,0.25,8.35,-94.4,18.1,75.1,7.59,12
7/26/17,22:40:50,14.77,513,413,0.25,8.36,-94.7,14.2,75.1,7.6,12
7/26/17,22:45:50,14.73,513,412,0.25,8.36,-94.7,15.3,75.3,7.62,12
7/26/17,22:50:50,14.71,513,412,0.25,8.35,-94.4,21.6,75,7.6,12
7/26/17,22:55:50,14.67,513,411,0.25,8.35,-94.5,27.5,75,7.6,12
7/26/17,23:00:50,14.65,513,411,0.25,8.35,-94.3,23.1,75.1,7.62,12
7/26/17,23:05:50,14.62,513,411,0.25,8.35,-94.5,21.4,75.2,7.64,12
7/26/17,23:10:50,14.57,513,411,0.25,8.36,-94.8,16.1,75.5,7.67,12
7/26/17,23:15:50,14.54,513,410,0.25,8.36,-94.8,13.7,75.6,7.69,12
7/26/17,23:20:50,14.51,513,410,0.25,8.36,-95,12.9,75.6,7.69,12
7/26/17,23:25:50,14.48,513,410,0.25,8.37,-95.2,12.8,75.7,7.71,12
7/26/17,23:30:50,14.45,513,409,0.25,8.37,-95.2,12.9,75.7,7.71,12
7/26/17,23:35:50,14.43,513,409,0.25,8.37,-95.3,11.7,75.8,7.73,12
7/26/17,23:40:50,14.4,513,409,0.25,8.37,-95.4,11.8,75.9,7.74,12
7/26/17,23:45:50,14.38,513,409,0.25,8.37,-95.5,12,75.9,7.75,12
7/26/17,23:50:50,14.35,513,409,0.25,8.37,-95.3,12.2,76,7.76,12
7/26/17,23:55:50,14.32,513,408,0.25,8.37,-95.5,10.2,76.1,7.77,12
7/27/17,0:00:50,14.29,513,408,0.25,8.37,-95.6,9.1,76.1,7.78,12
7/27/17,0:05:50,14.26,513,408,0.25,8.38,-95.6,8.9,76,7.78,12
7/27/17,0:10:50,14.22,513,408,0.25,8.37,-95.6,9.1,76.1,7.8,12
7/27/17,0:15:50,14.19,513,407,0.25,8.37,-95.6,8.6,76.2,7.81,12
7/27/17,0:20:50,14.17,513,407,0.25,8.38,-95.8,8.4,76.3,7.83,12
7/27/17,0:25:50,14.14,513,407,0.25,8.38,-95.9,7.4,76.3,7.82,12
7/27/17,0:30:50,14.11,513,407,0.25,8.38,-96,7,76.3,7.84,12
7/27/17,0:35:50,14.08,514,407,0.25,8.38,-96,7.9,76.3,7.84,12
7/27/17,0:40:50,14.05,514,406,0.25,8.38,-95.8,28,76.3,7.84,12
7/27/17,0:45:50,14.03,514,406,0.25,8.38,-95.7,19.8,76.3,7.84,12
7/27/17,0:50:50,14,514,406,0.25,8.37,-95.6,18.3,76.2,7.84,12
7/27/17,0:55:50,13.97,514,406,0.25,8.37,-95.6,12.9,76.3,7.85,12
7/27/17,1:00:50,13.95,514,405,0.25,8.37,-95.3,13.1,76.3,7.86,12
7/27/17,1:05:50,13.92,514,405,0.25,8.37,-95.4,18.8,76.1,7.85,12
7/27/17,1:10:50,13.89,514,405,0.25,8.37,-95.2,13.4,76.2,7.86,12
7/27/17,1:15:50,13.86,515,405,0.25,8.37,-95.3,14.8,76.2,7.87,12
7/27/17,1:20:50,13.82,515,405,0.25,8.37,-95.4,15.6,76.4,7.89,12
7/27/17,1:25:50,13.79,515,405,0.25,8.37,-95.3,18.5,76.3,7.89,12
7/27/17,1:30:50,13.76,515,404,0.25,8.37,-95.2,24.8,76.3,7.89,12
7/27/17,1:35:50,13.74,515,404,0.25,8.37,-95.1,29.6,76.2,7.89,12
7/27/17,1:40:50,13.7,515,404,0.25,8.37,-95.1,31.9,76.3,7.9,12
7/27/17,1:45:50,13.67,515,404,0.25,8.36,-94.9,21.7,76.2,7.9,12
7/27/17,1:50:50,13.66,515,404,0.25,8.37,-95,16.2,76.2,7.9,12
7/27/17,1:55:50,13.63,515,404,0.25,8.37,-95.3,13.1,76.4,7.93,12
7/27/17,2:00:50,13.62,516,403,0.25,8.37,-95.2,13.7,76.3,7.92,12
7/27/17,2:05:50,13.6,516,404,0.25,8.37,-94.9,18.3,76.1,7.9,11.9
7/27/17,2:10:50,13.58,516,403,0.25,8.37,-94.9,20.1,75.9,7.89,12
7/27/17,2:15:50,13.56,516,403,0.25,8.36,-94.7,21.3,76,7.9,12
7/27/17,2:20:50,13.53,516,403,0.25,8.36,-94.5,25,76,7.9,12
7/27/17,2:25:50,13.5,516,403,0.25,8.37,-94.9,18.1,76.1,7.92,11.9
7/27/17,2:30:50,13.48,516,403,0.25,8.36,-94.8,26.1,76.2,7.93,11.9
7/27/17,2:35:50,13.46,516,403,0.25,8.36,-94.8,36,76,7.92,11.9
7/27/17,2:40:50,13.45,517,403,0.25,8.36,-94.4,35.4,75.9,7.91,12
7/27/17,2:45:50,13.42,517,402,0.25,8.36,-94.6,35.2,75.9,7.92,12
7/27/17,2:50:50,13.39,517,402,0.25,8.36,-94.5,34.1,75.9,7.92,11.9
7/27/17,2:55:50,13.36,517,402,0.25,8.36,-94.8,28.3,76.1,7.94,11.9
7/27/17,3:00:50,13.35,517,402,0.25,8.37,-94.8,31.6,76,7.93,11.9
7/27/17,3:05:50,13.32,517,402,0.25,8.36,-94.6,44.9,75.9,7.93,11.9
7/27/17,3:10:50,13.31,517,402,0.25,8.36,-94.5,39.7,75.9,7.93,11.9
7/27/17,3:15:50,13.31,517,402,0.25,8.35,-94,43.7,75.7,7.91,11.9
7/27/17,3:20:50,13.27,517,401,0.25,8.35,-94.1,30,76,7.95,12
7/27/17,3:25:50,13.22,518,401,0.25,8.36,-94.8,21.9,76.4,7.99,11.9
7/27/17,3:30:50,13.19,517,401,0.25,8.37,-95.1,18.9,76.5,8.01,11.9
7/27/17,3:35:50,13.17,518,401,0.25,8.37,-94.9,27.5,76.4,8.01,11.9
7/27/17,3:40:50,13.16,518,401,0.25,8.36,-94.7,27.7,76.1,7.97,11.9
7/27/17,3:45:50,13.15,518,400,0.25,8.36,-94.7,22,76.2,7.99,11.9
7/27/17,3:50:50,13.11,518,400,0.25,8.37,-95,19.1,76.4,8.02,11.9
7/27/17,3:55:50,13.09,518,400,0.25,8.37,-95.2,18,76.5,8.03,12
7/27/17,4:00:50,13.07,518,400,0.25,8.37,-95,18,76.4,8.03,11.9
7/27/17,4:05:50,13.05,518,399,0.25,8.37,-95.2,17.5,76.3,8.01,11.9
7/27/17,4:10:50,13.03,518,399,0.25,8.37,-95,17.2,76.3,8.03,12
7/27/17,4:15:50,13,518,399,0.25,8.37,-95,17.7,76.3,8.03,11.9
7/27/17,4:20:50,12.99,518,399,0.25,8.37,-95,18.3,76.4,8.04,11.9
7/27/17,4:25:50,12.97,518,399,0.25,8.37,-95.2,19.1,76.4,8.04,11.9
7/27/17,4:30:50,12.95,518,399,0.25,8.37,-95,19.2,76.3,8.04,11.9
7/27/17,4:35:51,12.92,518,398,0.25,8.37,-94.9,19.1,76.3,8.04,11.9
7/27/17,4:40:50,12.9,518,398,0.25,8.37,-95,19.9,76.5,8.06,11.9
7/27/17,4:45:50,12.88,518,398,0.25,8.37,-95.2,19.1,76.4,8.06,11.9
7/27/17,4:50:50,12.85,518,398,0.25,8.37,-95.1,22.7,76.5,8.07,11.9
7/27/17,4:55:50,12.83,518,397,0.25,8.37,-95.2,29,76.4,8.06,11.9
7/27/17,5:00:50,12.8,518,397,0.25,8.37,-94.9,31.1,76.4,8.07,11.9
7/27/17,5:05:50,12.78,517,397,0.25,8.37,-94.8,34.2,76.1,8.05,11.9
7/27/17,5:10:50,12.76,518,397,0.25,8.36,-94.5,40.4,76,8.04,12
7/27/17,5:15:50,12.74,518,397,0.25,8.36,-94.5,41,75.9,8.03,11.9
7/27/17,5:20:51,12.72,518,396,0.25,8.36,-94.3,42.3,76.1,8.05,11.9
7/27/17,5:25:50,12.68,518,396,0.25,8.36,-94.4,29.8,76.3,8.08,11.9
7/27/17,5:30:50,12.65,518,396,0.25,8.37,-94.7,25.5,76.4,8.1,11.9
7/27/17,5:35:50,12.63,518,396,0.25,8.36,-94.6,25,76.4,8.11,11.9
7/27/17,5:40:50,12.62,518,396,0.25,8.37,-94.8,24.4,76.4,8.11,11.8
7/27/17,5:45:50,12.6,518,395,0.25,8.37,-94.8,27.3,76.3,8.1,11.9
7/27/17,5:50:50,12.59,518,395,0.25,8.36,-94.5,32.9,76.2,8.09,11.9
7/27/17,5:55:50,12.56,518,395,0.25,8.36,-94.5,30.9,76.2,8.1,11.9
7/27/17,6:00:50,12.54,518,395,0.25,8.36,-94.5,38.2,76.3,8.11,11.9
7/27/17,6:05:51,12.53,518,394,0.25,8.36,-94.5,34.7,76.4,8.12,11.9
7/27/17,6:10:50,12.5,518,394,0.25,8.36,-94.6,34.9,76.4,8.13,11.9
7/27/17,6:15:50,12.48,518,394,0.25,8.37,-94.8,31.8,76.6,8.16,11.9
7/27/17,6:20:50,12.47,518,394,0.25,8.37,-95,32.1,76.5,8.15,11.9
7/27/17,6:25:50,12.45,518,394,0.25,8.36,-94.4,40.8,76.3,8.13,11.9
7/27/17,6:30:50,12.44,518,394,0.25,8.36,-94.2,39.9,76.1,8.11,11.9
7/27/17,6:35:50,12.41,518,394,0.25,8.36,-94.4,36.8,76.3,8.13,11.9
7/27/17,6:40:50,12.39,518,393,0.25,8.36,-94.3,45.3,76.4,8.15,11.9
7/27/17,6:45:50,12.37,518,393,0.25,8.36,-94.4,46.5,76.4,8.15,11.9
7/27/17,6:50:50,12.36,518,393,0.25,8.36,-94.3,44.5,76.4,8.15,11.9
7/27/17,6:55:50,12.35,518,393,0.25,8.37,-94.6,39.5,76.5,8.16,11.9
7/27/17,7:00:50,12.32,518,392,0.25,8.37,-94.9,30.8,76.8,8.21,11.9
7/27/17,7:05:50,12.29,517,392,0.25,8.38,-95.3,25.1,77.1,8.24,11.8
7/27/17,7:10:50,12.28,517,392,0.25,8.38,-95.3,22.7,77.2,8.26,11.9
7/27/17,7:15:50,12.27,518,392,0.25,8.39,-95.7,20.5,77.4,8.28,11.9
7/27/17,7:20:50,12.27,518,392,0.25,8.39,-96,18,77.5,8.29,11.8
7/27/17,7:25:50,12.26,518,392,0.25,8.39,-96.3,17.1,77.7,8.32,11.9
7/27/17,7:30:50,12.25,517,391,0.25,8.4,-96.4,13.9,77.8,8.32,11.9
7/27/17,7:35:50,12.24,518,391,0.25,8.4,-96.6,12.8,77.9,8.34,11.8
7/27/17,7:40:50,12.24,517,391,0.25,8.4,-96.8,11.7,78.1,8.35,11.8
7/27/17,7:45:50,12.24,517,391,0.25,8.4,-96.8,10.7,78.1,8.36,11.8
7/27/17,7:50:50,12.24,517,391,0.25,8.41,-97,10.1,78.3,8.38,11.8
7/27/17,7:55:50,12.25,517,391,0.25,8.41,-96.9,8.9,78.5,8.39,11.9
7/27/17,8:00:50,12.28,517,392,0.25,8.41,-97.1,8.5,78.7,8.42,11.9
7/27/17,8:05:50,12.3,517,392,0.25,8.42,-97.4,8.4,79,8.45,11.9
7/27/17,8:10:50,12.32,517,392,0.25,8.42,-97.7,7.3,79.4,8.48,11.9
7/27/17,8:15:50,12.35,517,392,0.25,8.43,-98,5.9,79.6,8.5,11.8
7/27/17,8:20:50,12.36,517,392,0.25,8.43,-98.2,5.4,79.8,8.52,11.8
7/27/17,8:25:50,12.39,517,393,0.25,8.43,-98.5,5.1,80,8.53,11.8
7/27/17,8:30:50,12.41,517,393,0.25,8.43,-98.4,4.5,80.1,8.54,11.8
7/27/17,8:35:50,12.44,517,393,0.25,8.44,-98.8,3.6,80.4,8.56,11.8
7/27/17,8:40:50,12.47,517,393,0.25,8.44,-98.9,4,80.5,8.58,11.8
7/27/17,8:45:50,12.49,517,394,0.25,8.44,-98.9,3.3,80.7,8.59,11.8
7/27/17,8:50:50,12.53,517,394,0.25,8.45,-99.2,2.6,80.9,8.6,11.8
7/27/17,8:55:50,12.57,517,394,0.25,8.45,-99.4,2.5,81.1,8.61,11.8
7/27/17,9:00:50,12.61,517,395,0.25,8.45,-99.7,3.1,81.2,8.62,11.8
7/27/17,9:05:50,12.63,517,395,0.25,8.45,-99.5,9,81.3,8.63,11.9
7/27/17,9:10:50,12.67,517,395,0.25,8.46,-99.9,15.3,81.4,8.63,11.8
7/27/17,9:15:50,12.7,517,396,0.25,8.46,-99.9,9,81.5,8.64,11.8
7/27/17,9:20:50,12.75,517,396,0.25,8.46,-100,20.3,81.6,8.63,11.8
7/27/17,9:25:50,12.8,517,396,0.25,8.46,-100.1,11.7,81.8,8.64,11.8
7/27/17,9:30:50,12.87,517,397,0.25,8.47,-100.5,11.5,82.1,8.67,11.8
7/27/17,9:35:50,12.85,517,397,0.25,8.47,-100.5,4.4,82,8.66,11.8
7/27/17,9:40:50,12.86,517,397,0.25,8.46,-100.3,14.8,81.8,8.64,11.8
7/27/17,9:45:50,12.95,516,397,0.25,8.47,-100.6,6.2,82.1,8.65,11.8
7/27/17,9:50:50,13.05,516,399,0.25,8.47,-101,3.7,82.6,8.68,11.8
7/27/17,9:55:50,13.11,516,399,0.25,8.47,-101,14.1,82.7,8.68,11.8
7/27/17,10:00:50,13.17,516,400,0.25,8.48,-101.4,12.2,83,8.7,11.8
7/27/17,10:05:50,13.26,516,401,0.25,8.47,-101,20.7,82.9,8.67,11.8
7/27/17,10:10:50,13.27,516,400,0.25,8.48,-101.5,7.7,83.2,8.7,11.8
7/27/17,10:15:50,13.24,516,400,0.25,8.48,-101.4,2.9,83,8.69,11.8
7/27/17,10:20:50,13.31,516,401,0.25,8.48,-101.6,2.5,83.2,8.7,11.8
7/27/17,10:25:50,13.41,516,401,0.25,8.49,-102.1,1.5,83.5,8.71,11.8
7/27/17,10:30:50,13.49,515,402,0.25,8.5,-102.4,1.5,83.7,8.71,11.8
7/27/17,10:35:50,13.6,515,403,0.25,8.5,-102.4,3.1,83.9,8.72,11.8
7/27/17,10:40:50,13.63,515,403,0.25,8.5,-102.7,2.2,83.9,8.71,11.8
7/27/17,10:45:50,13.64,515,403,0.25,8.5,-102.7,2.3,83.7,8.68,11.8
7/27/17,10:50:50,13.75,515,405,0.25,8.5,-102.8,2.2,84,8.69,11.8
7/27/17,10:55:50,13.73,515,404,0.25,8.5,-102.5,1.4,83.6,8.66,11.8
7/27/17,11:00:50,13.9,515,406,0.25,8.51,-103.1,0.7,84.2,8.68,11.8
7/27/17,11:05:50,13.98,515,406,0.25,8.51,-103.5,0.6,84.5,8.7,11.8
7/27/17,11:10:50,13.96,515,406,0.25,8.51,-103.5,0.4,84.2,8.68,11.8
7/27/17,11:15:50,14.14,514,407,0.25,8.52,-103.9,0.6,84.9,8.71,11.9
7/27/17,11:20:50,14.12,514,407,0.25,8.52,-103.9,1.5,84.6,8.68,11.8
7/27/17,11:25:50,14.11,514,407,0.25,8.52,-103.8,3.4,84.3,8.65,11.8
7/27/17,11:30:50,14.18,514,408,0.25,8.52,-104.1,1.4,84.4,8.65,11.8
7/27/17,11:35:50,14.39,514,410,0.25,8.53,-104.6,0.5,85.2,8.69,11.8
7/27/17,11:40:50,14.57,514,411,0.25,8.54,-105,0.4,85.6,8.7,11.8
7/27/17,11:45:50,14.64,513,412,0.25,8.53,-104.8,2.6,85.6,8.68,11.8
7/27/17,11:50:50,14.56,513,411,0.25,8.53,-104.7,0.1,84.8,8.62,11.8
7/27/17,11:55:50,14.5,513,410,0.25,8.55,-105.7,0.9,84,8.55,11.8
7/27/17,12:00:50,14.5,513,410,0.25,8.54,-105.1,0.7,83.6,8.51,11.8
7/27/17,12:05:50,14.52,513,410,0.25,8.53,-104.6,0.7,83.2,8.47,11.8
7/27/17,12:10:50,14.54,513,410,0.25,8.53,-104.7,1.4,82.9,8.43,11.8
7/27/17,12:15:50,14.59,510,409,0.25,8.53,-104.6,3.7,82.9,8.43,11.7
7/27/17,12:20:50,14.68,511,411,0.25,8.53,-104.9,2.6,83.8,8.5,11.8
7/27/17,12:25:50,14.7,512,411,0.25,8.54,-105,0.4,83.6,8.47,11.7
7/27/17,12:30:50,14.7,512,411,0.25,8.53,-104.9,3.6,83,8.42,11.8
7/27/17,12:35:50,14.71,512,411,0.25,8.53,-104.9,1.6,82.7,8.38,11.8
7/27/17,12:40:50,14.74,511,411,0.25,8.54,-105.2,0.2,83,8.4,11.8
7/27/17,12:45:50,14.87,511,412,0.25,8.55,-105.8,0.6,83.7,8.45,11.8
7/27/17,12:50:50,15.16,510,414,0.25,8.56,-106.6,1,84.8,8.51,11.8
7/27/17,12:55:50,15.33,510,416,0.25,8.56,-106.6,0.7,85.4,8.54,11.8
7/27/17,13:00:50,15.26,510,415,0.25,8.55,-106.3,0.9,84.8,8.5,11.8
7/27/17,13:05:50,15.1,510,414,0.25,8.55,-106,0,83.7,8.41,11.8
7/27/17,13:10:50,15.09,510,414,0.25,8.55,-105.7,0.3,83.2,8.37,11.8
7/27/17,13:15:50,15.14,510,414,0.25,8.55,-106,-0.2,83.5,8.38,11.7
7/27/17,13:20:50,15.24,510,415,0.25,8.56,-106.8,-0.2,84,8.42,11.8
7/27/17,13:25:50,15.31,510,416,0.25,8.56,-106.4,-0.6,84.5,8.45,11.7
7/27/17,13:30:50,15.35,510,416,0.25,8.55,-106.2,0.9,84.5,8.44,11.8
7/27/17,13:35:50,15.36,510,416,0.25,8.55,-106,-0.2,84.2,8.41,11.7
7/27/17,13:40:50,15.47,510,417,0.25,8.55,-106.3,-0.6,84.5,8.43,11.8
7/27/17,13:45:50,15.74,510,420,0.25,8.55,-106.4,-0.8,85.4,8.46,11.8
7/27/17,13:50:50,15.88,510,421,0.25,8.55,-106.3,-0.8,85.5,8.45,11.8
7/27/17,13:55:50,15.95,510,422,0.25,8.55,-106.3,-0.5,85.5,8.43,11.8
7/27/17,14:00:50,16.02,510,423,0.25,8.56,-106.6,-0.7,85.4,8.41,11.8
7/27/17,14:05:50,16.1,510,423,0.25,8.55,-106.4,-1.1,85.4,8.4,11.8
7/27/17,14:10:50,16.19,510,424,0.25,8.55,-106.3,-1,85.3,8.38,11.8
7/27/17,14:15:50,16.29,510,425,0.25,8.55,-106.2,3.9,85.4,8.36,11.8
7/27/17,14:20:50,16.37,510,426,0.25,8.54,-106,0.7,85.4,8.36,11.8
7/27/17,14:25:49,16.49,510,427,0.25,8.54,-105.8,1.8,85.4,8.34,11.7
7/27/17,14:30:49,16.57,510,428,0.25,8.54,-105.7,1.6,85.5,8.33,11.7
7/27/17,14:35:50,16.67,510,429,0.25,8.55,-106.3,3.1,85.6,8.32,11.7
7/27/17,14:40:49,16.76,510,430,0.25,8.55,-106.2,3.1,85.6,8.3,11.7
7/27/17,14:45:49,16.84,511,431,0.25,8.54,-105.8,1.5,85.6,8.29,11.7
7/27/17,14:50:50,16.85,511,431,0.25,8.54,-105.9,1.1,85.3,8.25,11.7
7/27/17,14:55:49,17,510,432,0.25,8.54,-106,2.1,85.6,8.26,11.7
7/27/17,15:00:49,17.12,510,433,0.25,8.55,-106.4,2,85.6,8.24,11.7
7/27/17,15:05:49,17.22,510,434,0.25,8.55,-106.5,4.7,85.8,8.24,11.8
7/27/17,15:10:49,17.23,510,434,0.25,8.54,-106.3,2.9,85.4,8.2,11.7
7/27/17,15:15:50,17.33,510,435,0.25,8.55,-106.4,1.5,85.5,8.2,11.7
7/27/17,15:20:49,17.36,509,435,0.25,8.55,-106.6,5.1,85.3,8.17,11.7
7/27/17,15:25:50,17.4,509,435,0.25,8.55,-106.7,2.2,84.9,8.13,11.7
7/27/17,15:30:50,17.57,509,437,0.25,8.55,-106.8,1.6,85.3,8.14,11.7
7/27/17,15:35:50,17.64,509,438,0.25,8.55,-106.8,0.9,85.3,8.12,11.7
7/27/17,15:40:49,17.7,509,438,0.25,8.55,-106.6,1,85.2,8.1,11.7
7/27/17,15:45:50,17.74,509,438,0.25,8.55,-106.7,1.4,84.7,8.05,11.7
7/27/17,15:50:49,17.81,509,439,0.25,8.55,-106.6,2.8,84.4,8.01,11.7
7/27/17,15:55:50,17.84,509,439,0.25,8.55,-106.6,1.5,84.2,7.99,11.8
7/27/17,16:00:50,17.89,508,439,0.25,8.55,-106.7,0.9,84,7.96,11.7
7/27/17,16:05:50,17.94,508,440,0.25,8.55,-106.6,0.7,83.8,7.94,11.7
7/27/17,16:10:49,18,508,440,0.25,8.55,-106.6,1,83.7,7.92,11.7
7/27/17,16:15:49,18.03,508,441,0.25,8.55,-106.7,0.3,83.5,7.89,11.7
7/27/17,16:20:49,18.08,508,441,0.25,8.55,-106.6,0.3,83.3,7.87,11.7
7/27/17,16:25:49,18.12,508,441,0.25,8.55,-106.7,0.3,83.3,7.85,11.7
7/27/17,16:30:49,18.16,510,443,0.25,8.54,-106.4,22.4,82.8,7.8,11.7
7/27/17,16:35:49,18.21,508,442,0.25,8.54,-106.5,4.5,82.9,7.8,11.7
7/27/17,16:40:49,18.22,508,442,0.25,8.54,-106.3,2.8,82.8,7.79,11.7
7/27/17,16:45:49,18.25,508,443,0.25,8.54,-106.4,2.9,82.6,7.77,11.7
7/27/17,16:50:49,18.29,508,443,0.25,8.54,-106.4,2.9,82.8,7.78,11.7
7/27/17,16:55:49,18.32,508,443,0.25,8.54,-106.2,3.9,82.7,7.76,11.7
7/27/17,17:00:49,18.34,508,443,0.25,8.54,-106.3,3.9,82.6,7.76,11.7
7/27/17,17:05:49,18.28,508,443,0.25,8.54,-106.3,2.5,82.1,7.71,11.7
7/27/17,17:10:49,18.28,508,443,0.25,8.54,-106.3,2.8,82.1,7.72,11.7
7/27/17,17:15:50,18.32,508,443,0.25,8.54,-106.2,2,82.3,7.73,11.7
7/27/17,17:20:49,18.27,508,442,0.25,8.54,-106.2,1.6,81.8,7.69,11.7
7/27/17,17:25:50,18.26,508,442,0.25,8.53,-105.9,1,81.7,7.68,11.7
7/27/17,17:30:50,18.26,508,442,0.25,8.53,-105.8,1.1,81.8,7.69,11.7
7/27/17,17:35:50,18.23,508,442,0.25,8.53,-105.8,0.9,81.5,7.67,11.7
7/27/17,17:40:49,18.19,507,441,0.25,8.53,-105.5,0.6,81.2,7.65,11.7
7/27/17,17:45:49,18.15,507,441,0.25,8.53,-105.5,0.3,80.9,7.63,11.7
7/27/17,17:50:49,18.11,508,441,0.25,8.52,-105.3,1,80.5,7.59,11.7
7/27/17,17:55:50,18.09,508,441,0.25,8.52,-105.1,2.8,80.4,7.59,11.7
7/27/17,18:00:50,18.09,508,441,0.25,8.52,-105.1,6.5,80.7,7.61,11.7
7/27/17,18:05:49,18.08,508,441,0.25,8.52,-105.1,5.7,81,7.64,11.7
7/27/17,18:10:50,18.03,508,441,0.25,8.51,-104.6,6,80.3,7.59,11.8
7/27/17,18:15:50,18,508,440,0.25,8.51,-104.4,4.7,80.1,7.57,11.7
7/27/17,18:20:50,17.96,509,440,0.25,8.5,-104.2,3.6,79.8,7.55,11.7
7/27/17,18:25:49,17.91,509,440,0.25,8.5,-103.9,3.2,79.6,7.54,11.7
7/27/17,18:30:50,17.86,509,439,0.25,8.5,-104.1,2.1,79.7,7.56,11.7
7/27/17,18:35:50,17.81,509,439,0.25,8.5,-103.9,1.5,79.7,7.56,11.7
7/27/17,18:40:50,17.77,509,439,0.25,8.5,-103.7,1.7,79.4,7.54,11.7
7/27/17,18:45:50,17.73,509,439,0.25,8.49,-103.3,1.7,79.2,7.53,11.7
7/27/17,18:50:50,17.68,510,439,0.25,8.48,-102.9,1.8,79,7.52,11.7
7/27/17,18:55:50,17.61,510,438,0.25,8.48,-102.7,10.3,78.5,7.49,11.7
7/27/17,19:00:50,17.55,510,438,0.25,8.47,-102.1,12.4,78.1,7.45,11.7
7/27/17,19:05:49,17.5,511,438,0.25,8.46,-101.7,19.7,77.9,7.44,11.7
7/27/17,19:10:49,17.45,512,438,0.25,8.46,-101.3,20.3,77.8,7.44,11.7
7/27/17,19:15:49,17.42,512,438,0.25,8.45,-101,16.3,77.7,7.44,11.7
7/27/17,19:20:50,17.38,511,437,0.25,8.45,-101,12.6,77.8,7.45,11.6
7/27/17,19:25:50,17.33,512,437,0.25,8.44,-100.5,15.4,77.8,7.46,11.7
7/27/17,19:30:49,17.28,512,437,0.25,8.44,-100.3,12.8,77.6,7.44,11.7
7/27/17,19:35:49,17.23,513,437,0.25,8.44,-100,14.1,77.3,7.43,11.7
7/27/17,19:40:49,17.19,512,436,0.25,8.43,-99.5,17,77.1,7.41,11.7
7/27/17,19:45:50,17.13,513,436,0.25,8.43,-99.4,20.2,77,7.41,11.7
7/27/17,19:50:50,17.06,513,435,0.25,8.42,-99.2,19.5,76.9,7.41,11.7
7/27/17,19:55:50,16.99,513,434,0.25,8.42,-99.1,19.7,76.4,7.38,11.7
7/27/17,20:00:50,16.92,513,434,0.25,8.42,-99.1,18.4,76.4,7.39,11.7
7/27/17,20:05:50,16.87,513,433,0.25,8.42,-98.7,24.7,76.2,7.38,11.7
7/27/17,20:10:50,16.81,513,433,0.25,8.41,-98.2,39.2,75.9,7.36,11.7
7/27/17,20:15:49,16.75,514,433,0.25,8.4,-98,30.1,75.8,7.35,11.7
7/27/17,20:20:49,16.7,514,433,0.25,8.4,-97.5,31.6,75.6,7.34,11.7
7/27/17,20:25:49,16.65,514,432,0.25,8.4,-97.5,33.6,75.5,7.34,11.7
7/27/17,20:30:50,16.59,514,432,0.25,8.39,-97.2,35.7,75.3,7.33,11.7
7/27/17,20:35:50,16.54,514,431,0.25,8.39,-96.9,39.7,75.1,7.32,11.7
7/27/17,20:40:50,16.48,514,430,0.25,8.39,-96.9,39.9,75.1,7.33,11.7
7/27/17,20:45:50,16.42,514,429,0.25,8.38,-96.5,37.6,75,7.32,11.7
7/27/17,20:50:50,16.35,514,429,0.25,8.38,-96.6,30.5,75.1,7.35,11.7
7/27/17,20:55:50,16.32,514,428,0.25,8.37,-96.1,38.6,74.9,7.33,11.6
7/27/17,21:00:50,16.28,514,429,0.25,8.37,-95.7,43.1,74.7,7.31,11.7
7/27/17,21:05:50,16.23,514,428,0.25,8.36,-95.3,40.1,74.6,7.32,11.7
7/27/17,21:10:50,16.17,514,427,0.25,8.36,-95.4,38.2,74.7,7.34,11.7
7/27/17,21:15:50,16.09,515,427,0.25,8.37,-95.8,24.9,75,7.38,11.7
7/27/17,21:20:50,16.04,514,426,0.25,8.37,-95.7,27.3,74.9,7.38,11.7
7/27/17,21:25:50,16,514,426,0.25,8.37,-95.6,30.8,74.9,7.38,11.6
7/27/17,21:30:50,15.95,514,425,0.25,8.37,-95.6,29.6,74.8,7.38,11.6
7/27/17,21:35:50,15.91,515,425,0.25,8.36,-95.2,32.7,74.6,7.36,11.7
7/27/17,21:40:50,15.86,515,425,0.25,8.36,-95.2,33.9,74.5,7.37,11.7
7/27/17,21:45:50,15.82,515,425,0.25,8.36,-95,28.6,74.5,7.37,11.6
7/27/17,21:50:50,15.76,515,424,0.25,8.36,-95.2,22.8,74.6,7.39,11.7
7/27/17,21:55:50,15.7,515,424,0.25,8.36,-95.2,19.6,74.7,7.41,11.7
7/27/17,22:00:50,15.65,515,423,0.25,8.36,-95.3,17.5,74.8,7.43,11.7
7/27/17,22:05:50,15.62,515,423,0.25,8.36,-95.3,17,74.8,7.43,11.7
7/27/17,22:10:50,15.57,516,423,0.25,8.36,-95.2,19.4,74.8,7.44,11.7
7/27/17,22:15:50,15.53,516,423,0.25,8.36,-95.1,25.5,74.7,7.44,11.6
7/27/17,22:20:50,15.48,516,422,0.25,8.36,-95,25.6,74.6,7.43,11.7
7/27/17,22:25:50,15.43,516,422,0.25,8.35,-94.7,45.2,74.4,7.42,11.7
7/27/17,22:30:50,15.37,516,421,0.25,8.35,-94.8,35,74.6,7.45,11.7
7/27/17,22:35:50,15.32,516,421,0.25,8.35,-94.5,24.1,74.6,7.46,11.6
7/27/17,22:40:50,15.27,516,420,0.25,8.35,-94.7,24.3,74.6,7.46,11.7
7/27/17,22:45:50,15.23,516,420,0.25,8.35,-94.7,31.2,74.4,7.46,11.7
7/27/17,22:50:50,15.18,516,420,0.25,8.35,-94.5,37.9,74.4,7.46,11.6
7/27/17,22:55:50,15.14,516,419,0.25,8.35,-94.7,25.5,74.4,7.47,11.6
7/27/17,23:00:50,15.11,516,419,0.25,8.35,-94.3,35.3,74.2,7.45,11.7
7/27/17,23:05:50,15.06,516,418,0.25,8.35,-94.4,32.4,74.3,7.47,11.6
7/27/17,23:10:50,15,516,418,0.25,8.35,-94.2,37,74.1,7.46,11.6
7/27/17,23:15:50,14.94,517,417,0.25,8.34,-94.1,34.1,74.2,7.48,11.7
7/27/17,23:20:50,14.89,516,417,0.25,8.34,-94,29.4,74.3,7.5,11.7
7/27/17,23:25:50,14.83,516,416,0.25,8.34,-93.9,23.9,74.6,7.54,11.6
7/27/17,23:30:50,14.78,516,416,0.25,8.35,-94.4,21,74.7,7.56,11.7
7/27/17,23:35:50,14.74,516,415,0.25,8.35,-94.5,19,74.8,7.57,11.6
7/27/17,23:40:50,14.7,516,415,0.25,8.35,-94.4,17.2,74.7,7.57,11.7
7/27/17,23:45:50,14.67,516,415,0.25,8.35,-94.5,19.8,74.6,7.57,11.7
7/27/17,23:50:50,14.64,516,414,0.25,8.35,-94.5,22,74.6,7.57,11.7
7/27/17,23:55:50,14.58,516,414,0.25,8.35,-94.4,28.4,74.7,7.59,11.6
7/28/17,0:00:50,14.54,517,413,0.25,8.35,-94.4,29.4,74.6,7.59,11.6
7/28/17,0:05:50,14.49,517,413,0.25,8.35,-94.2,31.1,74.6,7.6,11.6
7/28/17,0:10:50,14.45,516,412,0.25,8.34,-93.9,37.9,74.5,7.6,11.6
7/28/17,0:15:50,14.41,517,412,0.25,8.34,-93.8,43.7,74.4,7.58,11.6
7/28/17,0:20:50,14.36,517,412,0.25,8.34,-93.8,35.5,74.5,7.61,11.7
7/28/17,0:25:50,14.3,517,412,0.25,8.34,-93.6,27.7,74.6,7.62,11.6
7/28/17,0:30:50,14.26,517,411,0.25,8.34,-93.8,26.6,74.6,7.63,11.6
7/28/17,0:35:50,14.23,517,411,0.25,8.34,-93.8,24.9,74.5,7.63,11.7
7/28/17,0:40:50,14.2,518,411,0.25,8.34,-93.8,27.7,74.5,7.63,11.6
7/28/17,0:45:50,14.16,518,411,0.25,8.34,-93.8,29.9,74.5,7.64,11.6
7/28/17,0:50:50,14.11,518,410,0.25,8.34,-93.7,28.6,74.6,7.66,11.6
7/28/17,0:55:50,14.07,518,410,0.25,8.34,-93.4,29.3,74.6,7.66,11.6
7/28/17,1:00:50,14.03,518,410,0.25,8.34,-93.3,29.6,74.5,7.66,11.6
7/28/17,1:05:50,14.01,519,410,0.25,8.33,-93.2,35.4,74.4,7.66,11.6
7/28/17,1:10:50,13.96,519,409,0.25,8.33,-93.2,38.5,74.4,7.66,11.6
7/28/17,1:15:50,13.92,519,409,0.25,8.33,-92.8,42.9,74.1,7.64,11.7
7/28/17,1:20:50,13.88,519,408,0.25,8.33,-92.7,35,74.2,7.66,11.7
7/28/17,1:25:50,13.83,518,408,0.25,8.33,-93,31.6,74.3,7.68,11.6
7/28/17,1:30:50,13.77,518,407,0.25,8.33,-93,30,74.5,7.71,11.7
7/28/17,1:35:50,13.72,518,407,0.25,8.34,-93.3,30.2,74.6,7.72,11.6
7/28/17,1:40:50,13.68,518,406,0.25,8.34,-93.4,29.5,74.7,7.74,11.6
7/28/17,1:45:50,13.65,518,406,0.25,8.34,-93.3,30.3,74.6,7.74,11.6
7/28/17,1:50:50,13.61,518,405,0.25,8.34,-93.5,30.7,74.7,7.76,11.6
7/28/17,1:55:50,13.57,518,405,0.25,8.34,-93.6,28.3,74.9,7.78,11.6
7/28/17,2:00:50,13.54,518,404,0.25,8.34,-93.6,49.5,74.6,7.75,11.6
7/28/17,2:05:50,13.51,518,404,0.25,8.34,-93.6,31.8,75,7.8,11.6
7/28/17,2:10:50,13.46,518,404,0.25,8.35,-93.9,27.5,75,7.81,11.6
7/28/17,2:15:50,13.42,518,403,0.25,8.35,-93.9,25.4,75.1,7.83,11.6
7/28/17,2:20:50,13.38,518,403,0.25,8.35,-93.9,23.3,75.2,7.85,11.6
7/28/17,2:25:50,13.34,518,403,0.25,8.35,-94.2,22.9,75.3,7.86,11.6
7/28/17,2:30:50,13.31,518,402,0.25,8.35,-94.2,22,75.4,7.87,11.7
7/28/17,2:35:50,13.28,518,402,0.25,8.35,-94.2,22.7,75.3,7.87,11.6
7/28/17,2:40:50,13.25,518,402,0.25,8.36,-94.4,23,75.4,7.89,11.6
7/28/17,2:45:50,13.22,518,401,0.25,8.36,-94.5,22.1,75.3,7.89,11.6
7/28/17,2:50:50,13.18,518,401,0.25,8.36,-94.4,21.1,75.4,7.9,11.6
7/28/17,2:55:50,13.14,518,401,0.25,8.36,-94.4,21.6,75.4,7.91,11.6
7/28/17,3:00:50,13.11,518,400,0.25,8.36,-94.5,22.2,75.5,7.92,11.6
7/28/17,3:05:50,13.08,518,400,0.25,8.36,-94.5,22.4,75.5,7.93,11.6
7/28/17,3:10:50,13.05,518,400,0.25,8.36,-94.7,22,75.4,7.92,11.6
7/28/17,3:15:50,13.02,518,399,0.25,8.36,-94.7,21.8,75.5,7.94,11.6
7/28/17,3:20:50,12.98,518,399,0.25,8.36,-94.7,21,75.6,7.96,11.6
7/28/17,3:25:50,12.95,518,399,0.25,8.36,-94.7,24.5,75.6,7.96,11.6
7/28/17,3:30:50,12.92,518,398,0.25,8.36,-94.4,21.6,75.6,7.97,11.6
7/28/17,3:35:50,12.88,518,398,0.25,8.36,-94.4,20.2,75.7,7.98,11.6
7/28/17,3:40:50,12.85,518,398,0.25,8.36,-94.3,19.3,75.7,7.99,11.6
7/28/17,3:45:50,12.81,518,397,0.25,8.36,-94.5,18.6,75.7,8,11.6
7/28/17,3:50:50,12.78,518,397,0.25,8.36,-94.7,18.4,75.8,8.01,11.6
7/28/17,3:55:50,12.75,518,397,0.25,8.37,-94.7,19.6,75.7,8.01,11.6
7/28/17,4:00:50,12.73,518,397,0.25,8.36,-94.5,29.3,75.6,8,11.6
7/28/17,4:05:50,12.71,518,397,0.25,8.36,-94.4,26,75.6,8,11.6
7/28/17,4:10:50,12.67,518,396,0.25,8.36,-94.4,26.8,75.5,8,11.6
7/28/17,4:15:50,12.63,518,396,0.25,8.36,-94.3,28.8,75.6,8.02,11.6
7/28/17,4:20:50,12.6,518,395,0.25,8.35,-94.1,37.7,75.4,8.01,11.6
7/28/17,4:25:50,12.59,519,396,0.25,8.35,-93.7,61.5,75.4,8.01,11.6
7/28/17,4:30:50,12.56,519,396,0.25,8.34,-93.4,57.2,75.2,7.99,11.6
7/28/17,4:35:50,12.53,519,395,0.25,8.35,-93.6,51.5,75.3,8.01,11.6
7/28/17,4:40:50,12.49,519,395,0.25,8.35,-94,35.4,75.5,8.04,11.6
7/28/17,4:45:50,12.47,519,395,0.25,8.35,-94,33.5,75.5,8.04,11.6
7/28/17,4:50:50,12.45,519,395,0.25,8.35,-93.6,34.4,75.5,8.04,11.6
7/28/17,4:55:50,12.43,519,395,0.25,8.35,-93.6,29.5,75.4,8.04,11.6
7/28/17,5:00:50,12.4,519,394,0.25,8.35,-93.8,21.7,75.6,8.06,11.6
7/28/17,5:05:50,12.37,520,394,0.25,8.36,-94,19.7,75.7,8.08,11.6
7/28/17,5:10:50,12.35,520,394,0.25,8.36,-94.2,18.4,75.8,8.09,11.6
7/28/17,5:15:50,12.33,520,394,0.25,8.36,-94.5,16.6,75.9,8.1,11.6
7/28/17,5:20:50,12.3,520,394,0.25,8.37,-94.7,15.2,75.9,8.12,11.6
7/28/17,5:25:50,12.29,520,394,0.25,8.37,-94.8,15.5,76.1,8.13,11.6
7/28/17,5:30:50,12.27,520,394,0.25,8.37,-94.9,51.5,76,8.13,11.6
7/28/17,5:35:50,12.26,520,394,0.25,8.37,-94.8,26,75.9,8.12,11.6
7/28/17,5:40:50,12.24,520,393,0.25,8.37,-94.8,23,76,8.14,11.6
7/28/17,5:45:50,12.22,520,393,0.25,8.38,-95.1,23.9,76,8.14,11.6
7/28/17,5:50:50,12.2,520,393,0.25,8.37,-95,15.7,76,8.14,11.6
7/28/17,5:55:50,12.18,520,393,0.25,8.37,-95,15.5,76,8.14,11.6
7/28/17,6:00:50,12.16,521,393,0.25,8.37,-94.8,13.6,75.9,8.14,11.6
7/28/17,6:05:50,12.13,521,393,0.25,8.37,-94.8,14,76.1,8.16,11.6
7/28/17,6:10:50,12.1,521,392,0.25,8.37,-94.8,13.9,76.1,8.17,11.6
7/28/17,6:15:50,12.08,521,392,0.25,8.38,-95.1,15.7,76.1,8.18,11.6
7/28/17,6:20:50,12.06,521,392,0.25,8.38,-95.1,14.2,76.2,8.19,11.6
7/28/17,6:25:50,12.03,521,392,0.25,8.37,-95,14.5,76.3,8.2,11.6
7/28/17,6:30:50,12.01,521,392,0.25,8.37,-95,14.8,76.3,8.21,11.6
7/28/17,6:35:50,11.99,521,392,0.25,8.38,-95.1,15.8,76.3,8.21,11.6
7/28/17,6:40:50,11.98,521,391,0.25,8.38,-95.2,20.8,76.4,8.22,11.6
7/28/17,6:45:50,11.96,521,391,0.25,8.38,-95.2,18,76.3,8.22,11.6
7/28/17,6:50:50,11.95,521,391,0.25,8.37,-95,17.8,76.4,8.23,11.6
7/28/17,6:55:50,11.92,521,391,0.25,8.38,-95.2,18.1,76.4,8.24,11.6
7/28/17,7:00:50,11.9,521,391,0.25,8.38,-95.2,17.7,76.5,8.25,11.6
7/28/17,7:05:50,11.88,521,391,0.25,8.38,-95.2,18.7,76.6,8.26,11.6
7/28/17,7:10:50,11.86,522,391,0.25,8.38,-95.2,18,76.5,8.26,11.6
7/28/17,7:15:50,11.85,522,391,0.25,8.38,-95.2,17.5,76.6,8.27,11.6
7/28/17,7:20:50,11.84,522,390,0.25,8.38,-95,16.9,76.7,8.28,11.6
7/28/17,7:25:50,11.83,522,390,0.25,8.38,-95.1,16.7,76.7,8.29,11.6
7/28/17,7:30:50,11.81,522,390,0.25,8.38,-95.3,16.4,76.8,8.3,11.6
7/28/17,7:35:50,11.81,522,390,0.25,8.38,-95.2,15.5,76.9,8.31,11.6
7/28/17,7:40:50,11.8,522,390,0.25,8.38,-95.3,15,77,8.32,11.6
7/28/17,7:45:50,11.79,522,390,0.25,8.38,-95.5,13.1,77.1,8.34,11.6
7/28/17,7:50:50,11.78,522,390,0.25,8.39,-95.6,11.8,77.1,8.34,11.6
7/28/17,7:55:50,11.79,521,390,0.25,8.39,-95.6,10.7,77.4,8.36,11.6
7/28/17,8:00:50,11.82,521,390,0.25,8.39,-96.1,9.7,77.7,8.4,11.6
7/28/17,8:05:50,11.85,521,390,0.25,8.4,-96.3,8.9,78.2,8.45,11.6
7/28/17,8:10:51,11.88,521,390,0.25,8.4,-96.6,7.5,78.5,8.47,11.6
7/28/17,8:15:51,11.9,521,390,0.25,8.41,-96.8,6.8,78.7,8.49,11.6
7/28/17,8:20:50,11.93,521,391,0.25,8.41,-97.2,6.5,78.9,8.51,11.6
7/28/17,8:25:50,11.95,520,391,0.25,8.42,-97.3,5.3,79.2,8.54,11.6
7/28/17,8:30:50,11.97,520,391,0.25,8.42,-97.7,4.7,79.3,8.54,11.6
7/28/17,8:35:50,11.99,520,391,0.25,8.42,-97.8,4.8,79.7,8.57,11.6
7/28/17,8:40:50,12.02,520,391,0.25,8.43,-98.3,3.9,79.7,8.57,11.6
7/28/17,8:45:50,12.06,520,391,0.25,8.44,-98.6,3.8,79.9,8.59,11.6
7/28/17,8:50:50,12.09,520,392,0.25,8.44,-98.5,3.1,80.1,8.6,11.6
7/28/17,8:55:50,12.13,520,392,0.25,8.44,-99,9.5,80.2,8.61,11.6
7/28/17,9:00:50,12.16,519,392,0.25,8.44,-99,15.5,80.3,8.61,11.6
7/28/17,9:05:50,12.2,519,392,0.25,8.44,-99.1,15.9,80.4,8.61,11.6
7/28/17,9:10:50,12.23,519,392,0.25,8.45,-99.1,7,80.6,8.63,11.6
7/28/17,9:15:50,12.27,519,393,0.25,8.45,-99.4,13.3,80.7,8.63,11.6
7/28/17,9:20:50,12.31,519,393,0.25,8.45,-99.4,13,80.8,8.63,11.5
7/28/17,9:25:50,12.36,519,393,0.25,8.45,-99.6,10.6,81,8.64,11.6
7/28/17,9:30:50,12.4,518,394,0.25,8.46,-99.7,2.1,81.2,8.66,11.6
7/28/17,9:35:50,12.45,518,394,0.25,8.46,-100,1.5,81.3,8.66,11.6
7/28/17,9:40:50,12.5,518,395,0.25,8.46,-100,1.2,81.4,8.66,11.6
7/28/17,9:45:50,12.56,518,395,0.25,8.46,-100.2,1.1,81.6,8.67,11.6
7/28/17,9:50:50,12.61,518,395,0.25,8.47,-100.5,1,81.7,8.67,11.6
7/28/17,9:55:50,12.67,518,396,0.25,8.47,-100.5,0.6,81.8,8.67,11.6
7/28/17,10:00:50,12.73,518,396,0.25,8.47,-100.8,2.6,82,8.68,11.6
7/28/17,10:05:50,12.79,518,397,0.25,8.47,-100.7,2.2,82,8.67,11.6
7/28/17,10:10:50,12.85,518,398,0.25,8.47,-100.9,1.7,82,8.66,11.6
7/28/17,10:15:50,12.91,518,398,0.25,8.47,-100.7,1,82.1,8.66,11.6
7/28/17,10:20:50,12.98,518,399,0.25,8.47,-100.9,2.3,82.3,8.66,11.6
7/28/17,10:25:50,13.05,518,400,0.25,8.47,-100.9,1.6,82.4,8.66,11.5
7/28/17,10:30:50,13.13,518,400,0.25,8.48,-101.1,1.1,82.5,8.66,11.6
7/28/17,10:35:50,13.2,518,401,0.25,8.47,-101,1.2,82.6,8.65,11.6
7/28/17,10:40:50,13.28,518,402,0.25,8.48,-101.2,1.5,82.7,8.64,11.6
7/28/17,10:45:50,13.36,518,403,0.25,8.48,-101.4,1.7,82.7,8.64,11.6
7/28/17,10:50:50,13.44,518,403,0.25,8.52,-103.9,1.9,82.9,8.63,11.6
7/28/17,10:55:50,13.53,517,404,0.25,8.49,-102.2,1.3,82.9,8.62,11.6
7/28/17,11:00:50,13.62,517,405,0.25,8.48,-101.7,0.6,83.1,8.62,11.6
7/28/17,11:05:50,13.72,517,406,0.25,8.48,-101.7,1.6,83.3,8.62,11.6
7/28/17,11:10:50,13.81,517,406,0.25,8.49,-101.9,1.5,83.4,8.62,11.6
7/28/17,11:15:50,13.9,517,407,0.25,8.56,-106.1,1.2,83.5,8.61,11.6
7/28/17,11:20:50,13.98,517,408,0.25,8.51,-103.2,0.6,83.6,8.6,11.6
7/28/17,11:25:50,14.08,516,409,0.25,8.5,-103,0.4,83.7,8.6,11.6
7/28/17,11:30:50,14.18,516,410,0.25,8.5,-102.6,0.1,83.8,8.59,11.6
7/28/17,11:35:50,14.29,516,411,0.25,8.5,-102.7,0.2,84,8.59,11.6
7/28/17,11:40:50,14.39,516,411,0.25,8.5,-102.8,0.6,84.1,8.58,11.6
7/28/17,11:45:50,14.49,516,412,0.25,8.5,-102.9,0.1,84.2,8.57,11.6
7/28/17,11:50:50,14.6,516,413,0.25,8.5,-102.7,0,84.4,8.57,11.6
7/28/17,11:55:50,14.71,516,415,0.25,8.5,-103,0.7,84.5,8.56,11.6
7/28/17,12:00:50,14.83,516,415,0.25,8.5,-103,0.1,84.4,8.53,11.6
7/28/17,12:05:50,14.93,516,417,0.25,8.5,-103.1,-0.1,84.5,8.52,11.6
7/28/17,12:10:50,15.04,516,418,0.25,8.5,-103,0.9,84.6,8.51,11.6
7/28/17,12:15:50,15.16,515,419,0.25,8.5,-102.9,0.2,84.7,8.5,11.6
7/28/17,12:20:50,15.28,515,420,0.25,8.5,-102.9,0.1,84.7,8.48,11.6
7/28/17,12:25:50,15.39,515,420,0.25,8.5,-103.4,0.2,84.9,8.48,11.6
7/28/17,12:30:50,15.51,515,421,0.25,8.5,-103.3,0.1,85.1,8.47,11.6
7/28/17,12:35:50,15.63,515,422,0.25,8.51,-103.6,0.1,85.1,8.46,11.6
7/28/17,12:40:50,15.73,514,423,0.25,8.51,-103.8,0.6,85.2,8.45,11.6
7/28/17,12:45:50,15.82,514,424,0.25,8.51,-104,0,85.3,8.44,11.6
7/28/17,12:50:50,15.94,514,425,0.25,8.51,-104.1,0,85.3,8.42,11.6
7/28/17,12:55:50,16.08,514,426,0.25,8.52,-104.4,-0.4,85.5,8.41,11.6
7/28/17,13:00:50,16.17,514,427,0.25,8.52,-104.5,0.4,85.5,8.39,11.6
7/28/17,13:05:50,16.29,514,428,0.25,8.52,-104.6,0.2,85.6,8.38,11.6
7/28/17,13:10:50,16.43,513,429,0.25,8.52,-104.8,0.1,85.7,8.37,11.6
7/28/17,13:15:50,16.54,513,430,0.25,8.53,-105.1,0,85.8,8.36,11.6
7/28/17,13:20:50,16.62,513,431,0.25,8.53,-105.2,0.1,85.7,8.34,11.6
7/28/17,13:25:50,16.51,513,429,0.25,8.51,-104.2,1.1,84.4,8.23,11.6
7/28/17,13:30:50,16.44,513,429,0.25,8.5,-103.5,0,83.4,8.14,11.6
7/28/17,13:35:50,16.46,513,429,0.25,8.5,-103.5,0.1,83.2,8.12,11.6
7/28/17,13:40:50,16.81,512,432,0.25,8.5,-103.7,-0.4,84.7,8.21,11.6
7/28/17,13:45:50,17.07,512,434,0.25,8.51,-104.2,0.3,85.7,8.26,11.6
7/28/17,13:50:49,17.15,512,435,0.25,8.52,-104.6,-0.3,85.7,8.25,11.6
7/28/17,13:55:50,17.28,511,436,0.25,8.52,-104.8,-0.5,85.8,8.23,11.6
7/28/17,14:00:49,17.41,511,437,0.25,8.53,-105.3,0,85.9,8.22,11.6
7/28/17,14:05:50,17.51,511,438,0.25,8.53,-105.6,-0.8,85.8,8.19,11.6
7/28/17,14:10:50,17.59,511,438,0.25,8.53,-105.8,-0.9,85.7,8.17,11.6
7/28/17,14:15:50,17.65,511,439,0.25,8.53,-105.5,-1.1,85.5,8.14,11.5
7/28/17,14:20:50,17.73,510,439,0.25,8.52,-104.8,-0.3,85.4,8.12,11.6
7/28/17,14:25:49,17.81,510,440,0.25,8.51,-104.6,0.1,85.2,8.08,11.6
7/28/17,14:30:49,17.9,510,441,0.25,8.51,-104.6,-0.1,85.2,8.07,11.6
7/28/17,14:35:50,18.03,509,442,0.25,8.51,-104.6,-0.5,85.3,8.06,11.6
7/28/17,14:40:49,18.13,509,442,0.25,8.51,-104.7,-0.3,85.3,8.04,11.6
7/28/17,14:45:49,18.23,509,443,0.25,8.51,-104.6,0.1,85.3,8.02,11.6
7/28/17,14:50:49,18.35,509,444,0.25,8.51,-104.8,-0.3,85.5,8.03,11.6
7/28/17,14:55:49,18.34,509,444,0.25,8.51,-104.8,-0.8,85.1,7.99,11.6
7/28/17,15:00:50,18.27,508,443,0.25,8.51,-104.6,-0.6,84.2,7.92,11.6
7/28/17,15:05:49,18.31,508,443,0.25,8.51,-104.7,0.2,84,7.89,11.6
7/28/17,15:10:49,18.32,508,443,0.25,8.51,-104.5,-0.7,83.6,7.85,11.6
7/28/17,15:15:49,18.39,508,444,0.25,8.51,-104.6,0,83.8,7.86,11.6
7/28/17,15:20:49,18.56,508,446,0.25,8.51,-104.9,0.1,84.4,7.89,11.6
7/28/17,15:25:49,18.49,508,445,0.25,8.51,-104.6,0.3,83.5,7.81,11.6
7/28/17,15:30:49,18.48,508,445,0.25,8.51,-104.6,0,83,7.77,11.6
7/28/17,15:35:49,18.48,508,445,0.25,8.5,-104.2,0.3,82.5,7.72,11.6
7/28/17,15:40:49,18.48,508,445,0.25,8.5,-104.3,5.9,82.1,7.69,11.6
7/28/17,15:45:49,18.5,508,445,0.25,8.5,-104.3,0.3,82.2,7.7,11.6
7/28/17,15:50:49,18.52,508,445,0.25,8.51,-104.6,-0.4,82.5,7.72,11.6
7/28/17,15:55:49,18.6,507,445,0.25,8.51,-104.7,-0.4,83,7.76,11.6
7/28/17,16:00:50,18.66,507,446,0.25,8.51,-104.8,0.1,83.4,7.78,11.6
7/28/17,16:05:49,18.65,507,446,0.25,8.52,-105,-0.5,83.1,7.75,11.6
7/28/17,16:10:49,18.58,507,445,0.25,8.51,-104.8,-0.5,82.6,7.72,11.6
7/28/17,16:15:50,18.54,507,445,0.25,8.51,-104.6,-0.7,82.3,7.7,11.6
7/28/17,16:20:49,18.54,507,444,0.25,8.51,-104.7,-1,82.1,7.68,11.6
7/28/17,16:25:49,18.52,507,444,0.25,8.51,-104.7,-1,82.1,7.68,11.6
7/28/17,16:30:50,18.49,507,444,0.25,8.51,-104.7,-0.5,81.8,7.66,11.6
7/28/17,16:35:50,18.46,506,443,0.25,8.51,-104.4,-0.7,81.6,7.64,11.6
7/28/17,16:40:49,18.44,506,443,0.25,8.5,-104.4,0.3,81.5,7.63,11.6
7/28/17,16:45:49,18.4,506,442,0.25,8.51,-104.4,-0.8,81.2,7.61,11.6
7/28/17,16:50:49,18.38,506,442,0.25,8.5,-104.1,0,81.1,7.61,11.6
7/28/17,16:55:49,18.33,506,442,0.25,8.5,-104,0.1,80.8,7.59,11.6
7/28/17,17:00:49,18.28,506,441,0.25,8.5,-103.8,11.4,80.3,7.54,11.6
7/28/17,17:05:49,18.24,506,441,0.25,8.49,-103.7,0.7,80.2,7.54,11.6
7/28/17,17:10:50,18.2,506,441,0.25,8.49,-103.5,0,80.1,7.54,11.6
7/28/17,17:15:49,18.15,507,440,0.25,8.49,-103.4,-0.3,80,7.54,11.6
7/28/17,17:20:50,18.11,507,440,0.25,8.49,-103.3,0.2,79.8,7.53,11.6
7/28/17,17:25:50,18.05,507,439,0.25,8.49,-103.1,0.2,79.6,7.52,11.6
7/28/17,17:30:50,18.02,507,439,0.25,8.48,-103,0.4,79.6,7.52,11.6
7/28/17,17:35:49,17.99,507,439,0.25,8.48,-103,-0.3,79.8,7.55,11.6
7/28/17,17:40:49,17.94,507,438,0.25,8.48,-103,0.3,79.9,7.56,11.6
7/28/17,17:45:49,17.88,507,438,0.25,8.48,-102.6,0.6,79.6,7.55,11.6
7/28/17,17:50:50,17.83,507,438,0.25,8.48,-102.5,1.4,79.4,7.53,11.6
7/28/17,17:55:50,17.77,507,437,0.25,8.47,-102,6.6,79,7.51,11.6
7/28/17,18:00:49,17.73,507,437,0.25,8.47,-102,3.9,79.3,7.53,11.6
7/28/17,18:05:50,17.69,507,436,0.25,8.47,-101.9,3.4,79.1,7.53,11.6
7/28/17,18:10:50,17.66,507,436,0.25,8.46,-101.7,7.9,78.8,7.51,11.6
7/28/17,18:15:49,17.63,508,436,0.25,8.46,-101.3,14.4,78.7,7.49,11.6
7/28/17,18:20:49,17.58,508,436,0.25,8.45,-100.8,12.8,78.5,7.48,11.6
7/28/17,18:25:50,17.56,508,435,0.25,8.45,-101,11.9,78.5,7.49,11.6
7/28/17,18:30:50,17.49,507,435,0.25,8.45,-100.9,9,78.3,7.48,11.6
7/28/17,18:35:50,17.43,507,434,0.25,8.45,-100.6,8.1,78,7.46,11.6
7/28/17,18:40:50,17.41,508,434,0.25,8.45,-100.6,8.1,77.9,7.45,11.6
7/28/17,18:45:49,17.36,508,434,0.25,8.44,-100.4,6.8,77.7,7.44,11.6
7/28/17,18:50:49,17.3,508,433,0.25,8.44,-100.2,5.4,77.4,7.43,11.5
7/28/17,18:55:50,17.25,508,433,0.25,8.44,-100.2,5.3,77.2,7.41,11.6
7/28/17,19:00:49,17.21,508,432,0.25,8.44,-100.1,4.3,77.1,7.41,11.5
7/28/17,19:05:49,17.16,508,432,0.25,8.44,-99.9,5,77,7.4,11.6
7/28/17,19:10:49,17.13,508,432,0.25,8.43,-99.5,12.5,76.7,7.38,11.6
7/28/17,19:15:49,17.09,509,432,0.25,8.42,-99.2,15.2,76.5,7.37,11.6
7/28/17,19:20:49,17.05,509,432,0.25,8.42,-99.1,14.4,76.6,7.38,11.6
7/28/17,19:25:50,17.02,509,432,0.25,8.42,-98.9,15.9,76.5,7.38,11.6
7/28/17,19:30:50,16.98,510,432,0.25,8.41,-98.6,16.2,76.6,7.4,11.6
7/28/17,19:35:50,16.95,510,431,0.25,8.41,-98.5,22,76.5,7.39,11.6
7/28/17,19:40:50,16.9,510,431,0.25,8.41,-98.4,21.6,76.4,7.39,11.6
7/28/17,19:45:50,16.86,510,431,0.25,8.41,-98.2,18.3,76.4,7.39,11.6
7/28/17,19:50:50,16.8,510,430,0.25,8.4,-98,21.3,76.2,7.38,11.6
7/28/17,19:55:50,16.77,510,430,0.25,8.4,-97.5,29.4,75.9,7.36,11.6
7/28/17,20:00:49,16.72,510,430,0.25,8.39,-97.3,24.7,75.9,7.37,11.6
7/28/17,20:05:49,16.68,510,429,0.25,8.39,-96.9,29.2,75.7,7.36,11.6
7/28/17,20:10:50,16.65,510,429,0.25,8.38,-96.5,42.1,75.4,7.33,11.6
7/28/17,20:15:50,16.61,511,429,0.25,8.37,-96.1,42.1,75.1,7.31,11.6
7/28/17,20:20:50,16.58,511,429,0.25,8.37,-95.8,29.9,75.4,7.34,11.6
7/28/17,20:25:50,16.53,510,428,0.25,8.37,-96,23.2,75.6,7.37,11.6
7/28/17,20:30:50,16.48,511,428,0.25,8.38,-96.3,16.7,75.7,7.39,11.6
7/28/17,20:35:50,16.43,511,427,0.25,8.38,-96.4,15.6,75.6,7.38,11.6
7/28/17,20:40:50,16.39,511,427,0.25,8.38,-96.3,14.5,75.4,7.37,11.6
7/28/17,20:45:50,16.35,511,427,0.25,8.37,-96.2,17.3,75.3,7.37,11.6
7/28/17,20:50:50,16.31,512,427,0.25,8.37,-95.7,17.3,75.1,7.35,11.6
7/28/17,20:55:50,16.27,512,426,0.25,8.37,-95.7,13.4,75.2,7.37,11.6
7/28/17,21:00:50,16.23,511,426,0.25,8.37,-95.8,12.3,75.1,7.37,11.6
7/28/17,21:05:50,16.19,512,425,0.25,8.37,-95.9,11.2,75.1,7.37,11.6
7/28/17,21:10:50,16.14,512,425,0.25,8.37,-95.6,14,75,7.37,11.6
7/28/17,21:15:50,16.11,512,425,0.25,8.37,-95.7,14.5,75,7.37,11.6
7/28/17,21:20:50,16.05,512,425,0.25,8.37,-95.6,16.7,74.9,7.38,11.6
7/28/17,21:25:50,16.01,512,424,0.25,8.36,-95.5,15.5,74.9,7.39,11.6
7/28/17,21:30:50,15.96,512,424,0.25,8.36,-95.4,14.2,75,7.4,11.6
7/28/17,21:35:50,15.9,512,423,0.25,8.36,-95.3,15.2,75,7.41,11.6
7/28/17,21:40:50,15.85,512,423,0.25,8.35,-94.9,15.9,74.9,7.41,11.6
7/28/17,21:45:50,15.8,512,422,0.25,8.35,-94.8,22.3,74.9,7.41,11.6
7/28/17,21:50:50,15.76,512,422,0.25,8.35,-94.7,21.7,74.8,7.41,11.6
7/28/17,21:55:50,15.71,513,422,0.25,8.35,-94.7,22.6,74.7,7.4,11.6
7/28/17,22:00:50,15.66,512,421,0.25,8.34,-94.3,21.6,74.6,7.41,11.6
7/28/17,22:05:50,15.62,513,421,0.25,8.34,-94.2,24.1,74.4,7.4,11.5
7/28/17,22:10:50,15.58,513,420,0.25,8.34,-94.1,21.7,74.6,7.42,11.6
7/28/17,22:15:50,15.52,512,420,0.25,8.34,-94,16.6,74.6,7.42,11.6
7/28/17,22:20:50,15.48,513,420,0.25,8.34,-94.1,16.2,74.7,7.44,11.6
7/28/17,22:25:50,15.45,513,419,0.25,8.34,-93.9,15.1,74.6,7.44,11.6
7/28/17,22:30:50,15.41,513,419,0.25,8.34,-93.8,14.8,74.5,7.44,11.6
7/28/17,22:35:50,15.37,513,419,0.25,8.34,-93.8,13.1,74.5,7.44,11.6
7/28/17,22:40:50,15.33,513,418,0.25,8.34,-93.8,12,74.5,7.45,11.6
7/28/17,22:45:50,15.29,513,418,0.25,8.34,-93.7,12.5,74.5,7.46,11.6
7/28/17,22:50:50,15.25,514,419,0.25,8.33,-93.6,24,74.7,7.48,11.6
7/28/17,22:55:50,15.2,514,418,0.25,8.33,-93.6,20.5,74.5,7.47,11.6
7/28/17,23:00:50,15.16,514,418,0.25,8.34,-93.8,17.6,74.6,7.49,11.6
7/28/17,23:05:50,15.11,514,417,0.25,8.34,-93.8,10.9,74.6,7.49,11.5
7/28/17,23:10:50,15.06,514,417,0.25,8.34,-93.7,8.9,74.7,7.51,11.6
7/28/17,23:15:50,15.02,514,416,0.25,8.34,-93.7,8.9,74.7,7.52,11.6
7/28/17,23:20:50,14.97,514,416,0.25,8.34,-93.6,9.4,74.8,7.54,11.6
7/28/17,23:25:50,14.93,515,416,0.25,8.34,-93.6,11.3,74.6,7.52,11.6
7/28/17,23:30:50,14.9,515,416,0.25,8.33,-93.3,16.1,74.5,7.52,11.5
7/28/17,23:35:50,14.85,515,415,0.25,8.33,-93.3,19.8,74.4,7.52,11.6
7/28/17,23:40:50,14.8,515,415,0.25,8.33,-93.2,14.1,74.5,7.53,11.5
7/28/17,23:45:50,14.73,515,414,0.25,8.33,-93.2,11.4,74.7,7.56,11.6
7/28/17,23:50:50,14.68,515,413,0.25,8.33,-93.4,10,74.9,7.59,11.5
7/28/17,23:55:50,14.64,515,413,0.25,8.33,-93.4,12.8,74.8,7.59,11.6
7/29/17,0:00:50,14.6,515,413,0.25,8.33,-93.2,13.9,74.8,7.6,11.6
7/29/17,0:05:50,14.56,515,412,0.25,8.33,-93.3,19.5,74.7,7.59,11.6
7/29/17,0:10:50,14.51,515,412,0.25,8.33,-93.1,11.1,74.8,7.61,11.5
7/29/17,0:15:50,14.47,515,411,0.25,8.33,-93.1,10.5,74.8,7.62,11.5
7/29/17,0:20:50,14.42,515,411,0.25,8.33,-93.3,15.9,74.7,7.61,11.5
7/29/17,0:25:50,14.37,515,411,0.25,8.33,-93.1,12.7,74.8,7.63,11.5
7/29/17,0:30:50,14.34,516,411,0.25,8.33,-93.1,15.2,74.6,7.62,11.5
7/29/17,0:35:50,14.29,516,410,0.25,8.32,-92.8,17.8,74.5,7.62,11.5
7/29/17,0:40:50,14.25,516,410,0.25,8.32,-92.7,22.3,74.5,7.62,11.6
7/29/17,0:45:50,14.21,516,409,0.25,8.33,-92.8,19,74.6,7.64,11.5
7/29/17,0:50:50,14.16,516,409,0.25,8.33,-92.8,16.7,74.6,7.65,11.6
7/29/17,0:55:50,14.11,516,408,0.25,8.33,-92.8,15.9,74.7,7.67,11.6
7/29/17,1:00:50,14.07,516,408,0.25,8.33,-92.8,16.3,74.7,7.68,11.6
7/29/17,1:05:50,14.03,516,408,0.25,8.32,-92.6,23.1,74.5,7.66,11.5
7/29/17,1:10:50,14,516,408,0.25,8.32,-92.5,23,74.4,7.65,11.6
7/29/17,1:15:50,13.96,516,407,0.25,8.32,-92.5,19.8,74.5,7.67,11.5
7/29/17,1:20:50,13.91,516,407,0.25,8.32,-92.3,19.7,74.5,7.68,11.6
7/29/17,1:25:50,13.86,516,406,0.25,8.32,-92.6,20.8,74.5,7.69,11.6
7/29/17,1:30:50,13.81,516,405,0.25,8.33,-92.7,19.4,74.7,7.72,11.5
7/29/17,1:35:50,13.76,515,405,0.25,8.33,-92.7,21.1,74.9,7.75,11.6
7/29/17,1:40:50,13.71,515,404,0.25,8.33,-93,23.1,74.9,7.75,11.5
7/29/17,1:45:50,13.67,515,404,0.25,8.33,-93,22.3,75,7.77,11.5
7/29/17,1:50:50,13.63,515,403,0.25,8.33,-93.1,20,74.9,7.77,11.5
7/29/17,1:55:50,13.59,516,403,0.25,8.33,-93.1,23.1,75,7.78,11.5
7/29/17,2:00:50,13.56,516,403,0.25,8.33,-93,24.9,74.9,7.78,11.5
7/29/17,2:05:50,13.52,516,403,0.25,8.33,-92.7,28,74.7,7.77,11.6
7/29/17,2:10:50,13.47,516,402,0.25,8.33,-92.9,25.3,74.8,7.79,11.5
7/29/17,2:15:50,13.43,516,402,0.25,8.33,-92.7,26.9,74.8,7.8,11.5
7/29/17,2:20:50,13.39,516,401,0.25,8.33,-93,28.5,74.8,7.8,11.5
7/29/17,2:25:50,13.36,516,401,0.25,8.33,-92.8,30.3,74.7,7.8,11.5
7/29/17,2:30:50,13.32,516,401,0.25,8.33,-92.8,24.7,74.9,7.83,11.6
7/29/17,2:35:50,13.29,516,400,0.25,8.33,-92.8,23.7,74.9,7.83,11.5
7/29/17,2:40:50,13.26,516,400,0.25,8.33,-93,24.2,74.9,7.84,11.5
7/29/17,2:45:50,13.22,515,399,0.25,8.33,-92.9,22.7,75,7.86,11.6
7/29/17,2:50:50,13.19,516,399,0.25,8.33,-92.9,24,74.8,7.83,11.6
7/29/17,2:55:50,13.17,515,399,0.25,8.33,-92.8,27.1,74.8,7.84,11.5
7/29/17,3:00:50,13.14,516,399,0.25,8.33,-93,25.3,74.7,7.84,11.5
7/29/17,3:05:50,13.1,516,398,0.25,8.33,-93,20.9,74.9,7.86,11.5
7/29/17,3:10:50,13.06,516,398,0.25,8.34,-93.1,22.5,75,7.88,11.5
7/29/17,3:15:50,13.02,516,398,0.25,8.33,-93,19.9,74.9,7.87,11.5
7/29/17,3:20:50,12.99,516,398,0.25,8.33,-93,18.9,74.9,7.88,11.5
7/29/17,3:25:50,12.96,516,397,0.25,8.33,-93,16.9,75,7.89,11.5
7/29/17,3:30:50,12.92,516,397,0.25,8.34,-93.3,14.8,75.1,7.92,11.5
7/29/17,3:35:50,12.89,516,396,0.25,8.34,-93.4,16.2,75.2,7.93,11.5
7/29/17,3:40:50,12.86,516,396,0.25,8.34,-93.6,17.1,75.3,7.94,11.5
7/29/17,3:45:50,12.83,516,396,0.25,8.34,-93.3,24.2,75.2,7.94,11.5
7/29/17,3:50:50,12.8,516,396,0.25,8.33,-93,43.3,74.8,7.91,11.5
7/29/17,3:55:50,12.76,516,395,0.25,8.34,-93,39.4,74.7,7.9,11.5
7/29/17,4:00:50,12.72,516,395,0.25,8.34,-93.2,31.6,74.8,7.92,11.5
7/29/17,4:05:50,12.7,516,395,0.25,8.34,-93.1,30,74.9,7.93,11.5
7/29/17,4:10:50,12.67,516,394,0.25,8.34,-93.1,28.4,74.9,7.94,11.5
7/29/17,4:15:50,12.64,516,394,0.25,8.34,-93.2,23.6,75.1,7.96,11.5
7/29/17,4:20:50,12.6,516,394,0.25,8.34,-93.1,20.4,75.1,7.98,11.5
7/29/17,4:25:50,12.56,516,393,0.25,8.34,-93.3,21.9,75.2,7.99,11.5
7/29/17,4:30:50,12.53,516,393,0.25,8.34,-93.2,22.5,75.2,8,11.5
7/29/17,4:35:50,12.52,517,393,0.25,8.34,-93.1,28.4,75,7.98,11.5
7/29/17,4:40:50,12.51,517,393,0.25,8.33,-92.7,37.1,74.9,7.96,11.5
7/29/17,4:45:50,12.49,517,393,0.25,8.32,-92.3,42,74.6,7.94,11.5
7/29/17,4:50:50,12.45,517,393,0.25,8.32,-92,39.3,74.7,7.95,11.5
7/29/17,4:55:50,12.41,517,393,0.25,8.32,-92,39.3,74.7,7.96,11.5
7/29/17,5:00:50,12.39,517,393,0.25,8.32,-92,35.2,74.7,7.96,11.5
7/29/17,5:05:50,12.37,517,392,0.25,8.32,-92,32.1,74.7,7.97,11.6
7/29/17,5:10:50,12.34,517,392,0.25,8.32,-92.2,29.5,74.8,7.99,11.5
7/29/17,5:15:50,12.3,517,391,0.25,8.33,-92.3,27.3,75,8.01,11.4
7/29/17,5:20:50,12.27,516,391,0.25,8.33,-92.4,27,75.1,8.03,11.6
7/29/17,5:25:50,12.25,516,390,0.25,8.33,-92.5,25.3,75.1,8.04,11.5
7/29/17,5:30:50,12.23,516,390,0.25,8.33,-92.7,25.5,75.2,8.05,11.5
7/29/17,5:35:50,12.21,516,390,0.25,8.34,-92.9,23.7,75.2,8.05,11.5
7/29/17,5:40:50,12.19,517,390,0.25,8.34,-92.9,22.2,75.3,8.07,11.5
7/29/17,5:45:50,12.17,517,390,0.25,8.34,-93,20.2,75.3,8.07,11.5
7/29/17,5:50:50,12.15,517,390,0.25,8.33,-92.7,23.8,75.3,8.07,11.4
7/29/17,5:55:50,12.14,518,391,0.25,8.33,-92.3,27.6,75.2,8.06,11.4
7/29/17,6:00:50,12.11,518,391,0.25,8.33,-92.2,24.5,75.1,8.07,11.4
7/29/17,6:05:50,12.09,518,390,0.25,8.32,-92.2,28,75.1,8.07,11.5
7/29/17,6:10:50,12.07,518,390,0.25,8.32,-92,28.6,75.1,8.07,11.4
7/29/17,6:15:50,12.05,518,390,0.25,8.32,-92.1,34.3,75,8.06,11.4
7/29/17,6:20:50,12.04,518,390,0.25,8.32,-91.9,40.4,75,8.06,11.5
7/29/17,6:25:50,12.02,518,390,0.25,8.32,-91.9,32.8,75,8.06,11.5
7/29/17,6:30:50,11.99,518,389,0.25,8.33,-92.3,27.4,75.3,8.1,11.4
7/29/17,6:35:50,11.96,518,389,0.25,8.33,-92.4,28.4,75.4,8.12,11.5
7/29/17,6:40:50,11.95,518,389,0.25,8.32,-92.1,44.2,75.2,8.1,11.5
7/29/17,6:45:51,11.94,518,389,0.25,8.32,-92.1,41.3,75.2,8.1,11.4
7/29/17,6:50:50,11.95,518,389,0.25,8.32,-91.7,37.4,75.1,8.1,11.5
7/29/17,6:55:50,11.93,517,388,0.25,8.32,-92,32.2,75.3,8.12,11.4
7/29/17,7:00:50,11.91,517,388,0.25,8.33,-92.2,26.6,75.5,8.14,11.4
7/29/17,7:05:50,11.89,517,388,0.25,8.33,-92.5,25.3,75.7,8.16,11.4
7/29/17,7:10:51,11.86,517,387,0.25,8.33,-92.7,22.8,75.9,8.2,11.4
7/29/17,7:15:50,11.84,517,387,0.25,8.34,-93.1,21.7,76.1,8.22,11.4
7/29/17,7:20:50,11.83,517,387,0.25,8.34,-93.2,19.4,76.2,8.23,11.4
7/29/17,7:25:50,11.83,517,387,0.25,8.35,-93.4,18.9,76.3,8.24,11.5
7/29/17,7:30:50,11.81,517,387,0.25,8.35,-93.3,16.6,76.4,8.26,11.4
7/29/17,7:35:50,11.81,517,387,0.25,8.35,-93.3,15.7,76.5,8.27,11.5
7/29/17,7:40:50,11.8,517,387,0.25,8.35,-93.5,14.6,76.5,8.27,11.4
7/29/17,7:45:50,11.8,517,387,0.25,8.35,-93.5,13.1,76.7,8.29,11.4
7/29/17,7:50:50,11.8,517,387,0.25,8.36,-93.9,12.7,76.8,8.3,11.4
7/29/17,7:55:50,11.82,517,387,0.25,8.36,-94,11.5,76.9,8.31,11.5
7/29/17,8:00:50,11.84,517,387,0.25,8.36,-94,11.1,77.2,8.34,11.4
7/29/17,8:05:50,11.88,517,387,0.25,8.36,-94.2,10.4,77.7,8.38,11.4
7/29/17,8:10:50,11.91,517,388,0.25,8.37,-94.5,9.7,77.9,8.4,11.4
7/29/17,8:15:51,11.93,517,388,0.25,8.37,-94.7,8.7,78.2,8.43,11.4
7/29/17,8:20:50,11.96,517,388,0.25,8.38,-95,8.1,78.4,8.45,11.4
7/29/17,8:25:50,11.98,517,388,0.25,8.38,-95.3,7.5,78.6,8.46,11.4
7/29/17,8:30:50,12.01,517,388,0.25,8.39,-95.6,6.6,78.8,8.48,11.4
7/29/17,8:35:51,12.03,517,389,0.25,8.39,-95.9,6.4,79.1,8.51,11.4
7/29/17,8:40:50,12.06,516,389,0.25,8.4,-96.3,5.3,79.3,8.53,11.4
7/29/17,8:45:50,12.09,516,389,0.25,8.4,-96.4,5.6,79.5,8.54,11.5
7/29/17,8:50:50,12.12,516,389,0.25,8.41,-96.9,4.2,79.8,8.56,11.4
7/29/17,8:55:50,12.15,516,389,0.25,8.41,-97.2,4,79.9,8.57,11.4
7/29/17,9:00:50,12.18,516,389,0.25,8.42,-97.4,3.5,80,8.58,11.5
7/29/17,9:05:50,12.21,515,389,0.25,8.42,-97.8,3.2,80.3,8.6,11.4
7/29/17,9:10:51,12.25,515,390,0.25,8.42,-97.8,2.9,80.5,8.61,11.4
7/29/17,9:15:50,12.29,515,390,0.25,8.42,-98,2.6,80.6,8.62,11.4
7/29/17,9:20:50,12.34,515,391,0.25,8.43,-98.2,3.7,80.7,8.62,11.4
7/29/17,9:25:50,12.38,515,391,0.25,8.43,-98.4,2.5,80.9,8.63,11.4
7/29/17,9:30:50,12.43,515,392,0.25,8.43,-98.5,2.5,81.1,8.64,11.4
7/29/17,9:35:50,12.47,515,392,0.25,8.44,-98.8,2,81.1,8.64,11.4
7/29/17,9:40:50,12.52,515,392,0.25,8.44,-98.9,1.4,81.3,8.65,11.4
7/29/17,9:45:50,12.57,514,392,0.25,8.45,-99.3,1.5,81.6,8.66,11.4
7/29/17,9:50:50,12.63,514,393,0.25,8.45,-99.5,0.7,81.6,8.66,11.4
7/29/17,9:55:50,12.68,514,393,0.25,8.45,-99.7,1,81.8,8.66,11.4
7/29/17,10:00:50,12.74,514,394,0.25,8.45,-99.5,0.8,81.8,8.66,11.4
7/29/17,10:05:50,12.8,514,394,0.25,8.45,-99.7,1,82,8.67,11.4
7/29/17,10:10:50,12.87,514,395,0.25,8.45,-99.7,0.6,82,8.65,11.4
7/29/17,10:15:50,12.95,514,396,0.25,8.45,-99.9,0.8,82.2,8.66,11.4
7/29/17,10:20:50,13.02,514,396,0.25,8.46,-99.9,0.7,82.3,8.66,11.4
7/29/17,10:25:50,13.09,514,397,0.25,8.46,-100,0.8,82.4,8.66,11.4
7/29/17,10:30:50,13.16,514,398,0.25,8.46,-100.2,0.6,82.5,8.65,11.4
7/29/17,10:35:50,13.23,514,398,0.25,8.46,-100.3,0.4,82.7,8.65,11.4
7/29/17,10:40:50,13.3,514,399,0.25,8.46,-100.4,0.4,82.7,8.65,11.4
7/29/17,10:45:50,13.39,514,400,0.25,8.46,-100.4,0.4,82.8,8.64,11.4
7/29/17,10:50:50,13.46,514,401,0.25,8.47,-100.6,0.5,82.9,8.64,11.4
7/29/17,10:55:50,13.55,514,401,0.25,8.47,-100.9,0.1,83.2,8.64,11.4
7/29/17,11:00:50,13.64,514,402,0.25,8.47,-100.8,0.6,83.2,8.63,11.4
7/29/17,11:05:50,13.73,513,403,0.25,8.47,-100.9,0.4,83.3,8.62,11.4
7/29/17,11:10:50,13.83,513,404,0.25,8.47,-101.3,0.2,83.5,8.62,11.4
7/29/17,11:15:50,13.92,513,404,0.25,8.47,-101.3,0.1,83.5,8.61,11.4
7/29/17,11:20:50,14.01,513,405,0.25,8.48,-101.5,0.1,83.7,8.61,11.4
7/29/17,11:25:50,14.11,513,406,0.25,8.48,-101.5,0.6,83.7,8.6,11.4
7/29/17,11:30:50,14.19,512,407,0.25,8.48,-101.7,0.1,83.8,8.59,11.4
7/29/17,11:35:50,14.27,512,407,0.25,8.48,-101.7,0.4,83.8,8.58,11.4
7/29/17,11:40:50,14.4,512,408,0.25,8.48,-102,0.4,84.1,8.57,11.4
7/29/17,11:45:50,14.53,512,410,0.25,8.48,-101.9,-0.3,84.2,8.57,11.4
7/29/17,11:50:50,14.62,512,411,0.25,8.49,-102.1,-0.2,84.2,8.55,11.4
7/29/17,11:55:50,14.73,512,411,0.25,8.49,-102.4,0,84.4,8.55,11.4
7/29/17,12:00:50,14.85,512,413,0.25,8.49,-102.4,0.3,84.5,8.54,11.4
7/29/17,12:05:50,14.96,512,414,0.25,8.49,-102.3,-0.1,84.5,8.52,11.5
7/29/17,12:10:50,15.08,512,415,0.25,8.48,-102.1,-0.3,84.5,8.5,11.4
7/29/17,12:15:50,15.19,512,416,0.25,8.48,-101.8,0.1,84.6,8.48,11.4
7/29/17,12:20:50,15.3,512,417,0.25,8.48,-102,-0.5,84.6,8.47,11.4
7/29/17,12:25:50,15.41,512,418,0.25,8.48,-102.3,-0.4,84.6,8.44,11.4
7/29/17,12:30:50,15.53,512,420,0.25,8.49,-102.4,-0.2,84.7,8.43,11.4
7/29/17,12:35:50,15.64,513,421,0.25,8.49,-102.4,-0.2,84.7,8.41,11.4
7/29/17,12:40:50,15.77,513,422,0.25,8.49,-102.5,-0.3,84.7,8.39,11.4
7/29/17,12:45:50,15.86,512,423,0.25,8.49,-102.5,-0.5,84.5,8.36,11.4
7/29/17,12:50:50,15.95,513,424,0.25,8.49,-102.7,-0.2,84.5,8.34,11.4
7/29/17,12:55:50,16.12,512,425,0.25,8.49,-102.8,-0.7,84.8,8.34,11.4
7/29/17,13:00:50,16.08,512,425,0.25,8.49,-102.5,-0.5,83.8,8.24,11.4
7/29/17,13:05:50,16.2,512,426,0.25,8.48,-102.4,-0.5,83.9,8.23,11.3
7/29/17,13:10:50,16.43,512,428,0.25,8.49,-103,-0.7,84.7,8.27,11.4
7/29/17,13:15:50,16.55,512,429,0.25,8.5,-103.5,-0.6,84.7,8.25,11.4
7/29/17,13:20:50,16.67,511,430,0.25,8.5,-103.4,-0.8,84.6,8.23,11.4
7/29/17,13:25:50,16.77,511,431,0.25,8.5,-103.8,-0.7,84.7,8.22,11.4
7/29/17,13:30:50,16.88,511,431,0.25,8.5,-103.8,-0.4,84.8,8.21,11.4
7/29/17,13:35:50,17.02,510,432,0.25,8.5,-103.5,-0.3,84.9,8.19,11.5
7/29/17,13:40:50,17.13,510,433,0.25,8.49,-103.3,-1,84.9,8.17,11.4
7/29/17,13:45:50,17.24,509,434,0.25,8.49,-103.4,0,84.8,8.14,11.4
7/29/17,13:50:50,17.34,509,435,0.25,8.5,-103.5,-0.5,84.9,8.14,11.4
7/29/17,13:55:49,17.46,509,435,0.25,8.5,-103.6,-0.7,85,8.13,11.4
7/29/17,14:00:49,17.58,508,436,0.25,8.51,-104.2,-0.5,85,8.11,11.4
7/29/17,14:05:50,17.67,508,437,0.25,8.51,-104.4,0,84.9,8.09,11.4
7/29/17,14:10:49,17.78,507,437,0.25,8.51,-104.7,-0.7,84.9,8.06,11.4
7/29/17,14:15:49,17.88,507,438,0.25,8.51,-104.7,0,84.9,8.05,11.4
7/29/17,14:20:50,17.97,507,439,0.25,8.5,-104.2,0.1,84.8,8.02,11.4
7/29/17,14:25:49,18.09,506,440,0.25,8.5,-104,-0.4,84.9,8.01,11.4
7/29/17,14:30:49,18.18,506,440,0.25,8.5,-103.8,-0.4,84.7,7.98,11.4
7/29/17,14:35:49,18.27,506,441,0.25,8.5,-103.8,-0.8,84.6,7.96,11.4
7/29/17,14:40:50,18.35,506,442,0.25,8.5,-103.8,-1.2,84.5,7.94,11.4
7/29/17,14:45:50,18.44,505,442,0.24,8.49,-103.6,-0.9,84.5,7.92,11.4
7/29/17,14:50:50,18.54,505,443,0.24,8.49,-103.5,12.5,84.2,7.87,11.4
7/29/17,14:55:49,18.61,505,443,0.24,8.49,-103.5,0.6,84.1,7.86,11.4
7/29/17,15:00:50,18.68,505,444,0.24,8.49,-103.6,4,84,7.84,11.4
7/29/17,15:05:50,18.76,505,445,0.24,8.49,-103.7,6.9,83.8,7.8,11.4
7/29/17,15:10:50,18.82,505,445,0.24,8.49,-103.6,7.5,83.7,7.78,11.4
7/29/17,15:15:49,18.9,504,445,0.24,8.49,-103.7,0.8,83.6,7.76,11.4
7/29/17,15:20:49,18.97,504,446,0.24,8.49,-103.5,0.7,83.4,7.73,11.4
7/29/17,15:25:49,19.03,504,446,0.24,8.49,-103.5,0.4,83.3,7.72,11.4
7/29/17,15:30:49,19.08,504,447,0.24,8.49,-103.7,-0.4,83.1,7.69,11.4
7/29/17,15:35:49,19.13,504,447,0.24,8.49,-103.5,-0.6,82.9,7.66,11.4
7/29/17,15:40:49,19.17,504,447,0.24,8.49,-103.6,-0.4,82.7,7.64,11.4
7/29/17,15:45:49,19.2,504,448,0.24,8.49,-103.5,-0.2,82.5,7.62,11.4
7/29/17,15:50:49,19.25,504,449,0.24,8.49,-103.5,-0.3,82.3,7.59,11.4
7/29/17,15:55:49,19.28,504,449,0.24,8.48,-103.2,3.2,82,7.55,11.4
7/29/17,16:00:49,19.32,504,449,0.24,8.48,-103.5,1,81.7,7.52,11.4
7/29/17,16:05:49,19.31,504,449,0.24,8.48,-103.1,1.8,81.4,7.5,11.4
7/29/17,16:10:49,19.36,504,450,0.24,8.48,-103.2,1.8,81.4,7.48,11.4
7/29/17,16:15:49,19.38,504,450,0.24,8.48,-103.1,0.4,81.1,7.46,11.5
7/29/17,16:20:49,19.39,504,450,0.24,8.48,-102.9,0.4,80.8,7.42,11.4
7/29/17,16:25:49,19.38,504,450,0.24,8.47,-102.8,0.3,80.6,7.41,11.4
7/29/17,16:30:49,19.4,505,451,0.24,8.47,-102.5,0.2,80.3,7.38,11.4
7/29/17,16:35:49,19.4,505,451,0.24,8.46,-102.2,0,80.1,7.36,11.4
7/29/17,16:40:49,19.39,505,451,0.24,8.46,-102.1,0.6,79.8,7.34,11.4
7/29/17,16:45:49,19.39,505,451,0.24,8.46,-101.9,0.3,79.7,7.32,11.4
7/29/17,16:50:49,19.38,505,451,0.24,8.46,-101.9,0.1,79.5,7.31,11.4
7/29/17,16:55:49,19.39,505,451,0.24,8.45,-101.6,0.8,79.4,7.3,11.5
7/29/17,17:00:49,19.35,505,451,0.24,8.45,-101.4,0.4,79,7.27,11.4
7/29/17,17:05:49,19.31,505,450,0.24,8.45,-101.2,1.5,79,7.27,11.4
7/29/17,17:10:49,19.28,505,450,0.24,8.45,-101.3,2.9,78.9,7.27,11.5
7/29/17,17:15:50,19.25,505,449,0.24,8.45,-101.3,3,78.8,7.26,11.5
7/29/17,17:20:49,19.21,505,450,0.24,8.44,-100.6,23,78.2,7.21,11.4
7/29/17,17:25:49,19.15,506,449,0.24,8.43,-99.9,17.5,77.9,7.2,11.4
7/29/17,17:30:49,19.11,506,449,0.24,8.42,-99.5,11.5,77.9,7.2,11.4
7/29/17,17:35:49,19.04,506,448,0.24,8.41,-99.1,18.1,77.5,7.17,11.4
7/29/17,17:40:49,18.99,506,448,0.25,8.41,-99.1,19.6,77.2,7.16,11.4
7/29/17,17:45:49,18.99,506,448,0.25,8.4,-98.6,41.5,76.8,7.11,11.4
7/29/17,17:50:49,18.91,506,447,0.24,8.4,-98.4,33,76.7,7.12,11.4
7/29/17,17:55:49,18.87,505,446,0.24,8.4,-98.6,21.5,76.8,7.13,11.4
7/29/17,18:00:49,18.83,505,446,0.24,8.4,-98.4,16.8,76.7,7.13,11.4
7/29/17,18:05:50,18.81,504,445,0.24,8.4,-98.6,14.4,76.8,7.14,11.4
7/29/17,18:10:49,18.77,504,444,0.24,8.41,-98.9,16.1,76.6,7.13,11.4
7/29/17,18:15:49,18.73,504,443,0.24,8.41,-98.8,11.9,76.6,7.13,11.4
7/29/17,18:20:50,18.71,504,443,0.24,8.41,-99,10.4,76.6,7.13,11.5
7/29/17,18:25:50,18.67,503,442,0.24,8.41,-99,8.9,76.7,7.15,11.4
7/29/17,18:30:50,18.62,503,442,0.24,8.41,-99.1,7.3,76.6,7.15,11.4
7/29/17,18:35:49,18.56,504,442,0.24,8.41,-98.9,7,76.5,7.15,11.4
7/29/17,18:40:50,18.52,505,442,0.24,8.41,-98.6,10,76.2,7.13,11.4
7/29/17,18:45:49,18.5,505,442,0.24,8.39,-97.8,23.6,75.5,7.07,11.4
7/29/17,18:50:49,18.45,506,443,0.25,8.38,-97.3,15.6,75.3,7.05,11.4
7/29/17,18:55:50,18.4,506,443,0.25,8.37,-96.7,24.1,74.9,7.03,11.4
7/29/17,19:00:50,18.32,506,442,0.25,8.37,-96.7,18.4,75,7.04,11.4
7/29/17,19:05:50,18.28,506,441,0.25,8.37,-96.4,19.1,75.1,7.06,11.4
7/29/17,19:10:50,18.23,506,440,0.24,8.37,-96.3,19.4,75,7.05,11.4
7/29/17,19:15:49,18.15,505,439,0.24,8.36,-96,15.4,75,7.07,11.4
7/29/17,19:20:50,18.07,505,438,0.24,8.36,-96.1,13.2,75.1,7.09,11.4
7/29/17,19:25:50,17.99,505,437,0.24,8.37,-96.3,13.9,75.1,7.1,11.4
7/29/17,19:30:50,17.92,505,437,0.24,8.37,-96.1,13.7,74.9,7.09,11.4
7/29/17,19:35:49,17.84,505,436,0.24,8.37,-96.1,10.8,75,7.11,11.4
7/29/17,19:40:49,17.78,505,435,0.24,8.36,-96,9.6,75,7.13,11.4
7/29/17,19:45:49,17.71,505,434,0.24,8.36,-96,9.1,75,7.13,11.4
7/29/17,19:50:49,17.65,505,434,0.24,8.37,-96,11.9,74.9,7.14,11.4
7/29/17,19:55:49,17.58,505,434,0.24,8.36,-95.8,19.9,74.8,7.13,11.4
7/29/17,20:00:50,17.52,506,433,0.25,8.36,-95.5,34.7,74.4,7.1,11.5
7/29/17,20:05:50,17.46,506,433,0.25,8.35,-94.8,43.3,73.8,7.06,11.4
7/29/17,20:10:50,17.39,506,433,0.25,8.33,-94,40.2,73.5,7.04,11.5
7/29/17,20:15:50,17.33,507,432,0.25,8.32,-93.4,48.3,73.2,7.01,11.4
7/29/17,20:20:50,17.24,507,432,0.25,8.32,-93.4,45.1,73.3,7.04,11.4
7/29/17,20:25:50,17.15,507,431,0.25,8.31,-92.7,52.5,73.1,7.03,11.5
7/29/17,20:30:49,17.09,507,431,0.25,8.31,-92.5,47.8,72.9,7.03,11.4
7/29/17,20:35:49,17.02,507,430,0.25,8.31,-92.3,45.5,72.8,7.03,11.4
7/29/17,20:40:50,16.94,507,429,0.25,8.3,-92.1,50.2,72.8,7.03,11.4
7/29/17,20:45:49,16.88,508,429,0.25,8.29,-91.4,63.1,72.4,7.01,11.5
7/29/17,20:50:49,16.82,508,429,0.25,8.29,-91.3,58.5,72.3,7.01,11.4
7/29/17,20:55:50,16.75,508,428,0.25,8.29,-91.2,47.9,72.4,7.03,11.4
7/29/17,21:00:50,16.65,508,427,0.25,8.29,-91.4,39.3,72.7,7.07,11.4
7/29/17,21:05:49,16.58,508,426,0.25,8.29,-91.6,36.5,72.8,7.09,11.4
7/29/17,21:10:50,16.52,508,426,0.25,8.29,-91.7,33.5,72.9,7.11,11.4
7/29/17,21:15:49,16.46,508,425,0.25,8.3,-91.7,39.7,72.8,7.11,11.4
7/29/17,21:20:49,16.4,509,425,0.25,8.29,-91.4,35.4,72.9,7.12,11.4
7/29/17,21:25:50,16.34,509,425,0.25,8.29,-91.6,32.1,72.8,7.13,11.4
7/29/17,21:30:50,16.27,509,424,0.25,8.3,-91.7,32.1,73,7.16,11.4
7/29/17,21:35:50,16.19,509,423,0.25,8.3,-91.7,30.6,73.2,7.18,11.4
7/29/17,21:40:50,16.14,509,423,0.25,8.3,-91.7,35.7,73.2,7.2,11.4
7/29/17,21:45:50,16.08,509,422,0.25,8.3,-91.9,32.2,73.1,7.19,11.4
7/29/17,21:50:50,16.02,508,421,0.25,8.3,-91.9,29.4,73.3,7.23,11.4
7/29/17,21:55:50,15.95,509,421,0.25,8.31,-92.1,25.2,73.4,7.24,11.4
7/29/17,22:00:50,15.88,509,420,0.25,8.31,-92.1,21.1,73.5,7.27,11.4
7/29/17,22:05:50,15.84,509,420,0.25,8.31,-92.2,21.1,73.5,7.27,11.4
7/29/17,22:10:50,15.78,509,419,0.25,8.31,-92.2,20.3,73.5,7.28,11.4
7/29/17,22:15:50,15.73,509,419,0.25,8.31,-92.2,18.7,73.6,7.3,11.4
7/29/17,22:20:50,15.68,509,418,0.25,8.31,-92.1,18.8,73.6,7.3,11.4
7/29/17,22:25:50,15.61,509,418,0.25,8.31,-92,18.3,73.6,7.32,11.4
7/29/17,22:30:50,15.55,510,418,0.25,8.31,-92.2,20.3,73.6,7.32,11.4
7/29/17,22:35:50,15.49,510,417,0.25,8.3,-91.9,23.5,73.6,7.33,11.4
7/29/17,22:40:50,15.43,510,416,0.25,8.3,-91.7,26.1,73.5,7.33,11.4
7/29/17,22:45:50,15.38,510,416,0.25,8.3,-91.5,32.2,73.3,7.32,11.4
7/29/17,22:50:50,15.31,510,416,0.25,8.3,-91.6,26.1,73.4,7.34,11.4
7/29/17,22:55:50,15.24,510,415,0.25,8.3,-91.6,21.3,73.7,7.39,11.4
7/29/17,23:00:50,15.17,510,414,0.25,8.3,-91.7,18.5,73.8,7.41,11.4
7/29/17,23:05:50,15.11,510,414,0.25,8.3,-91.7,19.1,73.8,7.42,11.4
7/29/17,23:10:50,15.07,510,413,0.25,8.3,-91.6,21.9,73.7,7.41,11.4
7/29/17,23:15:50,15.01,510,412,0.25,8.3,-91.7,19.6,73.8,7.43,11.4
7/29/17,23:20:50,14.96,510,412,0.25,8.3,-91.8,18.4,73.9,7.44,11.4
7/29/17,23:25:50,14.91,510,412,0.25,8.3,-91.6,21,73.8,7.45,11.4
7/29/17,23:30:50,14.87,510,411,0.25,8.3,-91.6,26.3,73.7,7.44,11.4
7/29/17,23:35:50,14.82,510,411,0.25,8.3,-91.6,28.5,73.7,7.45,11.4
7/29/17,23:40:50,14.77,510,410,0.25,8.3,-91.4,32.1,73.6,7.45,11.4
7/29/17,23:45:50,14.71,510,410,0.25,8.3,-91.2,34.3,73.7,7.47,11.4
7/29/17,23:50:50,14.65,510,409,0.25,8.3,-91.4,25.6,73.9,7.5,11.4
7/29/17,23:55:50,14.59,510,408,0.25,8.3,-91.6,21.6,74,7.51,11.3
7/30/17,0:00:50,14.53,512,409,0.25,8.3,-91.7,26.8,74.1,7.54,11.4
7/30/17,0:05:50,14.48,512,409,0.25,8.3,-91.6,31.2,74.2,7.55,11.4
7/30/17,0:10:50,14.43,512,409,0.25,8.31,-91.7,27,74.2,7.56,11.4
7/30/17,0:15:50,14.4,512,408,0.25,8.31,-91.9,22.5,74.2,7.57,11.4
7/30/17,0:20:50,14.34,512,407,0.25,8.31,-92.1,23.8,74.3,7.59,11.4
7/30/17,0:25:50,14.29,512,407,0.25,8.31,-92.2,21.3,74.6,7.62,11.3
7/30/17,0:30:50,14.24,512,407,0.25,8.31,-92.1,21.9,74.5,7.63,11.3
7/30/17,0:35:50,14.19,512,406,0.25,8.32,-92.4,17.5,74.7,7.65,11.3
7/30/17,0:40:50,14.13,512,405,0.25,8.32,-92.5,22.7,74.8,7.67,11.4
7/30/17,0:45:50,14.08,512,405,0.25,8.32,-92.3,24.2,74.8,7.68,11.3
7/30/17,0:50:50,14.03,512,405,0.25,8.32,-92.3,22.5,74.6,7.68,11.4
7/30/17,0:55:50,13.98,512,405,0.25,8.32,-92.3,20.2,74.7,7.69,11.4
7/30/17,1:00:50,13.93,513,404,0.25,8.31,-92.1,25.3,74.6,7.69,11.4
7/30/17,1:05:50,13.9,512,404,0.25,8.32,-92.3,20.6,74.7,7.71,11.3
7/30/17,1:10:50,13.86,512,403,0.25,8.32,-92.5,18.7,74.8,7.72,11.5
7/30/17,1:15:50,13.82,512,403,0.25,8.32,-92.5,19.1,74.8,7.73,11.3
7/30/17,1:20:50,13.79,513,403,0.25,8.32,-92.3,20.7,74.7,7.73,11.4
7/30/17,1:25:50,13.75,513,403,0.25,8.32,-92.3,23.9,74.7,7.73,11.3
7/30/17,1:30:50,13.7,513,402,0.25,8.32,-92.4,24.9,74.7,7.74,11.3
7/30/17,1:35:50,13.66,513,402,0.25,8.32,-92.2,32.1,74.6,7.73,11.3
7/30/17,1:40:50,13.62,513,401,0.25,8.32,-92.2,32.7,74.5,7.73,11.3
7/30/17,1:45:50,13.57,513,401,0.25,8.32,-92.1,45.6,74.5,7.74,11.4
7/30/17,1:50:50,13.54,513,400,0.25,8.31,-91.9,45.7,74.4,7.73,11.3
7/30/17,1:55:50,13.51,512,400,0.25,8.31,-91.7,42.4,74.5,7.75,11.3
7/30/17,2:00:50,13.47,512,399,0.25,8.31,-91.9,36.3,74.5,7.76,11.3
7/30/17,2:05:50,13.43,512,399,0.25,8.31,-91.9,33.6,74.6,7.78,11.3
7/30/17,2:10:50,13.38,512,398,0.25,8.31,-92,29.2,74.7,7.8,11.3
7/30/17,2:15:50,13.35,512,398,0.25,8.32,-92,29.1,74.7,7.8,11.4
7/30/17,2:20:50,13.32,512,398,0.25,8.31,-91.6,26.7,74.7,7.8,11.3
7/30/17,2:25:50,13.28,512,397,0.25,8.32,-92,25,74.9,7.83,11.3
7/30/17,2:30:50,13.24,511,397,0.25,8.32,-92.1,31.8,74.8,7.83,11.4
7/30/17,2:35:50,13.21,512,396,0.25,8.31,-91.9,31.6,74.7,7.83,11.3
7/30/17,2:40:50,13.18,512,396,0.25,8.32,-91.9,35.7,74.8,7.83,11.3
7/30/17,2:45:50,13.14,511,396,0.25,8.31,-91.9,33.8,74.8,7.84,11.3
7/30/17,2:50:50,13.12,511,395,0.25,8.31,-91.7,39.7,74.6,7.83,11.3
7/30/17,2:55:50,13.09,511,395,0.25,8.31,-91.7,51.5,74.5,7.83,11.3
7/30/17,3:00:50,13.06,511,395,0.25,8.31,-91.4,47.2,74.4,7.82,11.4
7/30/17,3:05:50,13.04,512,395,0.25,8.3,-91.2,40.8,74.4,7.82,11.3
7/30/17,3:10:50,13.02,512,395,0.25,8.3,-91.3,38.5,74.4,7.83,11.3
7/30/17,3:15:50,12.97,511,394,0.25,8.31,-91.6,33.8,74.7,7.87,11.3
7/30/17,3:20:50,12.93,511,393,0.25,8.31,-91.6,33.2,74.8,7.88,11.3
7/30/17,3:25:50,12.91,511,393,0.25,8.31,-91.7,31.5,74.8,7.88,11.3
7/30/17,3:30:50,12.88,511,393,0.25,8.31,-91.7,28.6,74.9,7.9,11.3
7/30/17,3:35:50,12.85,511,392,0.25,8.32,-91.9,27.1,75,7.92,11.3
7/30/17,3:40:50,12.83,511,392,0.25,8.32,-92,25.3,75.1,7.93,11.3
7/30/17,3:45:50,12.8,511,392,0.25,8.32,-91.9,24.7,75.1,7.94,11.3
7/30/17,3:50:50,12.78,510,391,0.25,8.32,-92.1,22.2,75.2,7.95,11.3
7/30/17,3:55:50,12.76,510,391,0.25,8.32,-92.2,23.4,75.2,7.96,11.3
7/30/17,4:00:50,12.73,511,391,0.25,8.33,-92.4,30.8,75.3,7.97,11.3
7/30/17,4:05:50,12.71,511,391,0.25,8.32,-92.2,29.7,75.4,7.98,11.3
7/30/17,4:10:50,12.68,511,391,0.25,8.32,-92.2,51.7,75.2,7.97,11.3
7/30/17,4:15:50,12.65,511,390,0.25,8.32,-92.1,33.9,75.2,7.98,11.3
7/30/17,4:20:50,12.63,511,390,0.25,8.32,-92.3,30.5,75.2,7.98,11.3
7/30/17,4:25:50,12.61,512,391,0.25,8.32,-92,27.7,75.3,7.99,11.3
7/30/17,4:30:50,12.59,513,391,0.25,8.31,-91.7,33.7,75.1,7.97,11.3
7/30/17,4:35:50,12.57,513,391,0.25,8.31,-91.5,26.3,75.1,7.98,11.3
7/30/17,4:40:50,12.55,513,391,0.25,8.31,-91.7,25.2,75,7.97,11.3
7/30/17,4:45:50,12.53,513,391,0.25,8.31,-91.6,22.9,75.1,7.98,11.3
7/30/17,4:50:50,12.5,513,390,0.25,8.31,-91.7,21.6,75.2,8,11.3
7/30/17,4:55:50,12.48,512,390,0.25,8.32,-91.9,19.7,75.3,8.01,11.3
7/30/17,5:00:50,12.46,512,390,0.25,8.32,-92.2,22.5,75.3,8.02,11.3
7/30/17,5:05:50,12.45,513,390,0.25,8.32,-92.3,21.8,75.2,8.01,11.3
7/30/17,5:10:50,12.43,513,390,0.25,8.32,-92,28.5,75.2,8.01,11.3
7/30/17,5:15:50,12.41,513,390,0.25,8.32,-92,33.2,75.1,8,11.3
7/30/17,5:20:50,12.39,513,389,0.25,8.32,-91.9,24.5,75.2,8.02,11.3
7/30/17,5:25:50,12.37,513,390,0.25,8.32,-91.9,22.5,75.3,8.03,11.3
7/30/17,5:30:50,12.34,513,389,0.25,8.32,-92.2,21.8,75.3,8.04,11.3
7/30/17,5:35:50,12.32,513,389,0.25,8.32,-92.1,21.6,75.2,8.03,11.3
7/30/17,5:40:50,12.3,513,389,0.25,8.32,-92.3,22.8,75.3,8.05,11.3
7/30/17,5:45:50,12.29,513,389,0.25,8.32,-92.2,22.6,75.3,8.05,11.3
7/30/17,5:50:50,12.27,513,388,0.25,8.33,-92.4,21.1,75.3,8.06,11.3
7/30/17,5:55:50,12.25,514,389,0.25,8.32,-91.9,20.3,75.2,8.04,11.3
7/30/17,6:00:50,12.24,514,389,0.25,8.32,-91.9,25,75.2,8.05,11.3
7/30/17,6:05:50,12.22,514,389,0.25,8.31,-91.6,22.5,75.1,8.04,11.3
7/30/17,6:10:50,12.2,514,388,0.25,8.32,-91.7,23.6,75.1,8.04,11.3
7/30/17,6:15:50,12.19,514,388,0.25,8.31,-91.4,25.3,75,8.04,11.3
7/30/17,6:20:50,12.17,515,389,0.25,8.31,-91.2,24.7,74.9,8.03,11.3
7/30/17,6:25:50,12.15,515,389,0.25,8.31,-91.1,36.8,74.9,8.03,11.3
7/30/17,6:30:50,12.14,515,389,0.25,8.3,-91.1,28,74.9,8.03,11.3
7/30/17,6:35:50,12.12,515,388,0.25,8.3,-90.9,26.3,75,8.04,11.3
7/30/17,6:40:50,12.11,515,388,0.25,8.3,-91.1,30.7,75,8.06,11.3
7/30/17,6:45:50,12.1,515,388,0.25,8.3,-91,27.8,75.1,8.06,11.3
7/30/17,6:50:50,12.08,515,388,0.25,8.31,-91.4,25.8,75.2,8.08,11.3
7/30/17,6:55:50,12.07,515,387,0.25,8.31,-91.4,24.1,75.4,8.1,11.3
7/30/17,7:00:50,12.05,514,387,0.25,8.31,-91.6,25,75.6,8.13,11.3
7/30/17,7:05:50,12.03,514,387,0.25,8.32,-91.7,22.9,75.8,8.15,11.3
7/30/17,7:10:50,12.02,514,387,0.25,8.32,-91.9,22.3,75.8,8.15,11.3
7/30/17,7:15:50,12.01,514,387,0.25,8.33,-92.3,20.8,75.8,8.16,11.3
7/30/17,7:20:50,12,515,387,0.25,8.32,-92.2,20.2,76,8.17,11.3
7/30/17,7:25:50,11.99,515,387,0.25,8.33,-92.7,18,76,8.18,11.3
7/30/17,7:30:50,11.99,515,387,0.25,8.33,-92.4,18.1,76,8.19,11.3
7/30/17,7:35:50,11.98,515,387,0.25,8.33,-92.5,17.3,76.3,8.21,11.3
7/30/17,7:40:50,11.98,515,387,0.25,8.34,-92.8,17.2,76.3,8.22,11.3
7/30/17,7:45:50,11.98,515,387,0.25,8.33,-92.7,18.1,76.5,8.23,11.3
7/30/17,7:50:50,11.98,515,387,0.25,8.34,-92.9,11,76.7,8.25,11.3
7/30/17,7:55:51,11.99,515,387,0.25,8.33,-92.7,12.2,76.7,8.26,11.3
7/30/17,8:00:50,12.02,515,387,0.25,8.34,-93.2,9.3,77.1,8.3,11.3
7/30/17,8:05:50,12.05,515,387,0.25,8.34,-93.3,7,77.5,8.33,11.3
7/30/17,8:10:50,12.09,514,388,0.25,8.35,-93.8,8.9,77.9,8.37,11.3
7/30/17,8:15:50,12.11,515,388,0.25,8.35,-93.8,11.2,78.2,8.39,11.3
7/30/17,8:20:50,12.14,515,388,0.25,8.35,-93.9,10.3,78.3,8.4,11.3
7/30/17,8:25:50,12.16,515,389,0.25,8.36,-94.1,15.2,78.5,8.42,11.3
7/30/17,8:30:50,12.18,515,389,0.25,8.36,-94.2,9.9,78.7,8.44,11.3
7/30/17,8:35:50,12.21,515,389,0.25,8.36,-94.5,7.8,78.9,8.45,11.3
7/30/17,8:40:51,12.24,515,389,0.25,8.37,-94.7,4.1,79.1,8.47,11.3
7/30/17,8:45:50,12.27,514,389,0.25,8.38,-95.2,6.1,79.2,8.47,11.3
7/30/17,8:50:50,12.3,514,390,0.25,8.37,-95,6.6,79.4,8.49,11.3
7/30/17,8:55:50,12.33,514,390,0.25,8.38,-95.5,5.3,79.6,8.5,11.3
7/30/17,9:00:50,12.37,514,390,0.25,8.39,-95.8,3.4,79.9,8.52,11.3
7/30/17,9:05:50,12.4,514,390,0.25,8.39,-96.2,7.9,80.1,8.54,11.3
7/30/17,9:10:50,12.44,514,390,0.25,8.39,-96.3,5.6,80.2,8.55,11.3
7/30/17,9:15:51,12.48,513,390,0.25,8.4,-96.8,1.3,80.5,8.57,11.3
7/30/17,9:20:50,12.51,513,390,0.25,8.41,-97.1,8.4,80.7,8.59,11.3
7/30/17,9:25:50,12.55,512,391,0.25,8.41,-97.2,5.6,80.8,8.58,11.3
7/30/17,9:30:50,12.59,512,391,0.25,8.41,-97.4,3.1,81,8.6,11.3
7/30/17,9:35:50,12.64,512,391,0.25,8.42,-97.8,7.8,81.1,8.6,11.3
7/30/17,9:40:50,12.69,513,392,0.25,8.42,-97.5,1.4,81.2,8.6,11.3
7/30/17,9:45:50,12.74,512,392,0.25,8.42,-97.8,4.2,81.3,8.61,11.3
7/30/17,9:50:50,12.78,512,393,0.25,8.42,-98,3.9,81.5,8.62,11.3
7/30/17,9:55:50,12.84,512,393,0.25,8.42,-97.9,281.2,81.5,8.61,11.3
7/30/17,10:00:50,12.9,513,394,0.25,8.43,-98.1,2,81.7,8.62,11.3
7/30/17,10:05:50,12.96,512,395,0.25,8.42,-98,8.4,81.8,8.61,11.3
7/30/17,10:10:50,13.02,512,395,0.25,8.43,-98.3,21.4,81.8,8.61,11.3
7/30/17,10:15:50,13.08,513,396,0.25,8.43,-98.4,0.4,82,8.62,11.3
7/30/17,10:20:50,13.14,513,396,0.25,8.43,-98.3,9.5,82,8.6,11.3
7/30/17,10:25:50,13.22,512,397,0.25,8.43,-98.4,3.8,82.2,8.6,11.3
7/30/17,10:30:50,13.29,512,398,0.25,8.43,-98.7,0.3,82.2,8.59,11.3
7/30/17,10:35:50,13.37,512,398,0.25,8.43,-98.6,17.6,82.3,8.59,11.3
7/30/17,10:40:50,13.45,512,399,0.25,8.43,-98.8,4.5,82.5,8.59,11.3
7/30/17,10:45:50,13.53,511,399,0.25,8.44,-98.9,3.9,82.7,8.6,11.3
7/30/17,10:50:50,13.6,511,400,0.25,8.44,-99.1,4.8,82.6,8.57,11.3
7/30/17,10:55:50,13.69,511,401,0.25,8.44,-99,5.6,82.9,8.59,11.3
7/30/17,11:00:50,13.78,511,401,0.25,8.44,-99.4,3.1,83,8.59,11.3
7/30/17,11:05:50,13.87,511,402,0.25,8.45,-99.7,11.9,83.1,8.58,11.3
7/30/17,11:10:50,13.96,511,404,0.25,8.45,-99.6,7.1,83.2,8.57,11.3
7/30/17,11:15:50,14.05,511,404,0.25,8.45,-99.7,7.5,83.3,8.56,11.3
7/30/17,11:20:50,14.15,511,405,0.25,8.45,-99.8,0.6,83.3,8.54,11.3
7/30/17,11:25:50,14.23,511,406,0.25,8.45,-99.8,63,83.5,8.55,11.3
7/30/17,11:30:50,14.32,511,407,0.25,8.45,-100.1,4.4,83.5,8.53,11.3
7/30/17,11:35:50,14.42,511,408,0.25,8.45,-100.1,1.7,83.6,8.53,11.3
7/30/17,11:40:50,14.52,512,409,0.25,8.45,-100.1,6,83.6,8.51,11.3
7/30/17,11:45:50,14.62,512,410,0.25,8.46,-100.3,4.8,83.8,8.51,11.3
7/30/17,11:50:50,14.72,512,411,0.25,8.45,-100.2,194.7,83.7,8.48,11.3
7/30/17,11:55:50,14.81,512,412,0.25,8.45,-100.1,-0.9,83.7,8.46,11.3
7/30/17,12:00:50,14.91,512,413,0.25,8.45,-100.3,-0.2,83.9,8.46,11.3
7/30/17,12:05:50,15.01,512,414,0.25,8.45,-100,0.4,83.9,8.44,11.3
7/30/17,12:10:50,15.12,512,415,0.25,8.45,-100.2,649.5,83.9,8.43,11.3
7/30/17,12:15:50,15.22,512,416,0.25,8.44,-99.9,-0.4,84,8.42,11.3
7/30/17,12:20:50,15.33,512,418,0.25,8.44,-99.7,-0.5,83.9,8.39,11.3
7/30/17,12:25:50,15.46,512,419,0.25,8.45,-100.1,13.7,84.2,8.39,11.3
7/30/17,12:30:50,15.6,512,420,0.25,8.45,-100.3,0.9,84.3,8.38,11.3
7/30/17,12:35:50,15.71,512,421,0.25,8.45,-100.5,8.6,84.3,8.36,11.3
7/30/17,12:40:50,15.81,511,422,0.25,8.46,-100.7,-0.5,84.4,8.35,11.3
7/30/17,12:45:50,15.87,511,422,0.25,8.45,-100.7,3.2,84.1,8.32,11.3
7/30/17,12:50:50,15.82,511,421,0.25,8.45,-100.2,2.8,83.2,8.23,11.3
7/30/17,12:55:50,15.65,511,420,0.25,8.44,-99.5,0.4,81.2,8.06,11.3
7/30/17,13:00:50,15.62,511,419,0.25,8.43,-99.2,3.1,80.5,8,11.3
7/30/17,13:05:50,15.68,511,420,0.25,8.43,-99.4,97,80.7,8.01,11.3
7/30/17,13:10:50,15.75,510,420,0.25,8.43,-99.5,7.8,80.9,8.01,11.3
7/30/17,13:15:50,15.85,510,421,0.25,8.45,-100.2,0.4,81.6,8.07,11.3
7/30/17,13:20:50,16.16,510,424,0.25,8.46,-101.2,-0.1,83.1,8.17,11.3
7/30/17,13:25:50,16.45,510,426,0.25,8.47,-101.9,5.3,84.3,8.23,11.3
7/30/17,13:30:50,16.6,509,428,0.25,8.48,-102.3,0.6,84.5,8.22,11.3
7/30/17,13:35:50,16.69,509,428,0.25,8.47,-102,0.3,84.4,8.2,11.3
7/30/17,13:40:50,16.77,509,429,0.25,8.47,-101.7,1.5,84.3,8.17,11.3
7/30/17,13:45:49,16.86,509,430,0.25,8.47,-101.7,2.8,84.2,8.15,11.3
7/30/17,13:50:50,16.96,509,431,0.25,8.47,-102.1,9.1,84.1,8.12,11.3
7/30/17,13:55:50,16.83,509,429,0.25,8.46,-101.1,7.5,82.6,8,11.3
7/30/17,14:00:50,16.76,509,429,0.25,8.46,-101,18.6,81.7,7.92,11.3
7/30/17,14:05:50,16.87,509,430,0.25,8.46,-101.2,6.8,81.8,7.92,11.3
7/30/17,14:10:50,17.05,508,431,0.25,8.46,-101.5,0.9,82.7,7.97,11.3
7/30/17,14:15:50,17.23,508,433,0.25,8.47,-101.7,0,83,7.97,11.3
7/30/17,14:20:50,17.33,508,434,0.25,8.46,-101.4,-0.2,83.1,7.97,11.3
7/30/17,14:25:50,17.42,508,434,0.25,8.46,-101.4,-0.1,83.3,7.97,11.3
7/30/17,14:30:49,17.57,507,435,0.25,8.47,-101.9,-0.1,83.6,7.97,11.3
7/30/17,14:35:50,17.66,507,436,0.25,8.46,-101.8,-0.1,83.5,7.95,11.3
7/30/17,14:40:50,17.67,506,435,0.25,8.46,-101.7,-0.5,83,7.9,11.3
7/30/17,14:45:50,17.72,506,436,0.25,8.46,-101.7,-0.6,82.7,7.86,11.3
7/30/17,14:50:49,17.91,507,438,0.25,8.46,-101.6,-0.2,83.2,7.88,11.3
7/30/17,14:55:50,18.01,506,439,0.25,8.46,-101.8,0.3,83.3,7.87,11.3
7/30/17,15:00:50,18.07,507,440,0.25,8.46,-101.6,0.4,83.2,7.85,11.3
7/30/17,15:05:49,18.14,507,440,0.25,8.46,-101.6,-0.1,83,7.82,11.3
7/30/17,15:10:49,18.21,507,441,0.25,8.45,-101.4,-0.6,82.9,7.8,11.3
7/30/17,15:15:49,18.27,507,442,0.25,8.46,-101.6,-0.8,82.8,7.78,11.3
7/30/17,15:20:49,18.32,506,442,0.25,8.46,-101.5,-0.6,82.6,7.75,11.3
7/30/17,15:25:49,18.4,506,442,0.25,8.46,-101.5,-0.4,82.5,7.73,11.3
7/30/17,15:30:50,18.46,506,443,0.25,8.46,-101.6,-0.7,82.3,7.7,11.3
7/30/17,15:35:50,18.51,506,443,0.24,8.46,-101.7,-0.4,82.1,7.68,11.3
7/30/17,15:40:49,18.56,506,443,0.24,8.46,-101.6,-0.3,82,7.66,11.3
7/30/17,15:45:50,18.61,505,444,0.24,8.46,-101.6,0.1,82,7.65,11.3
7/30/17,15:50:50,18.65,505,444,0.24,8.46,-101.7,0,81.6,7.62,11.3
7/30/17,15:55:50,18.63,505,443,0.24,8.46,-101.7,0.1,80.9,7.56,11.3
7/30/17,16:00:49,18.72,504,444,0.24,8.46,-101.6,0.1,81.1,7.56,11.3
7/30/17,16:05:49,18.8,505,445,0.24,8.45,-101.4,8.2,81,7.53,11.3
7/30/17,16:10:50,18.83,505,445,0.24,8.45,-101.5,1.9,80.8,7.51,11.3
7/30/17,16:15:50,18.87,505,446,0.24,8.45,-101.6,1.4,80.7,7.49,11.3
7/30/17,16:20:49,18.86,504,445,0.24,8.45,-101.4,10.2,80.1,7.44,11.3
7/30/17,16:25:49,18.82,504,445,0.24,8.45,-101.1,7,79.3,7.37,11.3
7/30/17,16:30:50,18.85,505,446,0.24,8.45,-101.3,4.1,79.3,7.37,11.3
7/30/17,16:35:49,18.88,505,446,0.24,8.45,-101.3,2.3,79.3,7.37,11.3
7/30/17,16:40:50,18.92,505,446,0.24,8.45,-101.4,2.1,79.5,7.37,11.3
7/30/17,16:45:50,18.91,505,446,0.24,8.45,-101.3,1.4,79.2,7.35,11.3
7/30/17,16:50:49,18.89,505,446,0.24,8.45,-101.3,1.5,79.1,7.35,11.3
7/30/17,16:55:49,18.9,505,446,0.24,8.45,-101.1,0.5,79.1,7.34,11.3
7/30/17,17:00:49,18.91,506,447,0.24,8.45,-101.1,0.7,79.1,7.34,11.3
7/30/17,17:05:49,18.87,506,446,0.24,8.44,-101,0.3,78.9,7.32,11.3
7/30/17,17:10:49,18.87,506,447,0.25,8.44,-100.8,0.9,78.7,7.31,11.3
7/30/17,17:15:49,18.86,506,447,0.25,8.44,-100.6,0.4,78.3,7.27,11.3
7/30/17,17:20:50,18.84,507,447,0.25,8.44,-100.6,0.6,78.1,7.26,11.3
7/30/17,17:25:50,18.82,507,447,0.25,8.43,-100.2,4.2,77.9,7.24,11.3
7/30/17,17:30:49,18.81,508,448,0.25,8.43,-99.9,12.1,77.7,7.23,11.3
7/30/17,17:35:49,18.75,508,447,0.25,8.41,-99.1,28.2,77,7.17,11.3
7/30/17,17:40:49,18.72,508,447,0.25,8.41,-98.9,33.2,76.7,7.14,11.3
7/30/17,17:45:50,18.66,508,446,0.25,8.4,-98.4,41.4,76.4,7.13,11.3
7/30/17,17:50:49,18.65,508,446,0.25,8.4,-98.6,55.7,76.3,7.12,11.3
7/30/17,17:55:50,18.6,507,445,0.25,8.41,-98.6,46.8,76.3,7.13,11.3
7/30/17,18:00:50,18.53,507,444,0.25,8.41,-98.9,39,76.2,7.12,11.3
7/30/17,18:05:50,18.5,507,444,0.25,8.41,-99,9.8,76.2,7.13,11.3
7/30/17,18:10:50,18.49,507,444,0.25,8.41,-98.6,13,76,7.12,11.3
7/30/17,18:15:50,18.46,507,444,0.25,8.4,-98.4,13.3,75.7,7.09,11.3
7/30/17,18:20:49,18.43,507,443,0.25,8.4,-98.2,14.8,75.5,7.08,11.3
7/30/17,18:25:49,18.37,507,443,0.25,8.39,-98,15,75.3,7.07,11.3
7/30/17,18:30:50,18.31,508,443,0.25,8.39,-97.5,19.3,75,7.04,11.3
7/30/17,18:35:50,18.24,508,442,0.25,8.38,-96.8,45,74.5,7,11.3
7/30/17,18:40:50,18.2,509,443,0.25,8.37,-96.6,37.9,74.4,7,11.3
7/30/17,18:45:50,18.17,509,442,0.25,8.36,-95.9,34.3,74.1,6.98,11.3
7/30/17,18:50:50,18.12,508,441,0.25,8.36,-95.9,37.7,74.1,6.98,11.3
7/30/17,18:55:50,18.07,509,441,0.25,8.36,-95.6,41.9,73.8,6.97,11.3
7/30/17,19:00:49,18.04,509,441,0.25,8.35,-95.2,40.1,73.6,6.95,11.3
7/30/17,19:05:50,17.98,509,441,0.25,8.34,-94.8,37.2,73.6,6.96,11.3
7/30/17,19:10:49,17.94,509,441,0.25,8.34,-94.8,32.1,73.5,6.95,11.3
7/30/17,19:15:50,17.88,509,440,0.25,8.34,-94.7,31.4,73.4,6.96,11.3
7/30/17,19:20:50,17.81,509,439,0.25,8.34,-94.4,36,73.1,6.94,11.3
7/30/17,19:25:50,17.74,509,439,0.25,8.34,-94.4,30.7,73.3,6.97,11.3
7/30/17,19:30:50,17.68,510,439,0.25,8.33,-93.8,28.5,73.1,6.96,11.3
7/30/17,19:35:49,17.6,511,439,0.25,8.33,-93.8,23.4,73,6.96,11.3
7/30/17,19:40:50,17.54,511,438,0.25,8.33,-93.7,21.9,72.9,6.96,11.3
7/30/17,19:45:50,17.47,511,438,0.25,8.32,-93.4,28.9,72.6,6.94,11.3
7/30/17,19:50:49,17.41,511,437,0.25,8.31,-92.9,39.1,72.2,6.91,11.3
7/30/17,19:55:50,17.34,511,437,0.25,8.31,-92.8,42,72.1,6.91,11.3
7/30/17,20:00:49,17.28,511,436,0.25,8.31,-92.7,33.2,72.2,6.93,11.3
7/30/17,20:05:50,17.22,511,435,0.25,8.3,-92.4,35,72.2,6.94,11.3
7/30/17,20:10:49,17.15,512,436,0.25,8.3,-92.3,33.6,72.1,6.94,11.3
7/30/17,20:15:49,17.08,511,434,0.25,8.3,-92.3,53.5,71.9,6.93,11.3
7/30/17,20:20:50,17.01,511,433,0.25,8.29,-91.7,83.1,71.7,6.92,11.3
7/30/17,20:25:50,16.95,511,433,0.25,8.29,-91.4,68.6,71.5,6.91,11.3
7/30/17,20:30:49,16.87,511,432,0.25,8.29,-91.3,53.8,71.6,6.93,11.3
7/30/17,20:35:49,16.82,511,431,0.25,8.28,-91.1,56.8,71.4,6.91,11.3
7/30/17,20:40:50,16.77,511,431,0.25,8.28,-90.6,64.2,71.2,6.9,11.3
7/30/17,20:45:50,16.72,511,430,0.25,8.27,-90,72.3,70.8,6.88,11.3
7/30/17,20:50:50,16.64,511,429,0.25,8.27,-90.1,47.4,71.2,6.93,11.3
7/30/17,20:55:49,16.56,511,428,0.25,8.27,-90.3,41.2,71.5,6.96,11.3
7/30/17,21:00:50,16.49,511,428,0.25,8.27,-90.4,32.2,71.7,6.99,11.3
7/30/17,21:05:50,16.42,510,427,0.25,8.28,-90.6,37.3,71.8,7.01,11.3
7/30/17,21:10:50,16.37,510,426,0.25,8.28,-90.5,56.2,71.5,6.99,11.3
7/30/17,21:15:50,16.31,510,426,0.25,8.27,-90.4,43.8,71.6,7.02,11.3
7/30/17,21:20:50,16.25,511,425,0.25,8.28,-90.5,34.3,71.9,7.05,11.3
7/30/17,21:25:50,16.18,511,425,0.25,8.28,-90.5,32.7,72,7.07,11.3
7/30/17,21:30:50,16.12,511,424,0.25,8.28,-90.6,32.8,72,7.08,11.3
7/30/17,21:35:50,16.05,511,423,0.25,8.28,-90.6,28.6,72,7.09,11.3
7/30/17,21:40:50,15.98,512,423,0.25,8.29,-91,29.4,72.2,7.12,11.3
7/30/17,21:45:50,15.91,511,422,0.25,8.29,-91.1,28.5,72.4,7.15,11.3
7/30/17,21:50:50,15.84,511,421,0.25,8.29,-91.1,27.1,72.5,7.17,11.3
7/30/17,21:55:50,15.77,511,421,0.25,8.29,-91.3,23.9,72.6,7.19,11.3
7/30/17,22:00:50,15.73,511,420,0.25,8.29,-91.1,26.4,72.6,7.2,11.3
7/30/17,22:05:50,15.68,511,420,0.25,8.29,-91.1,24.9,72.6,7.2,11.3
7/30/17,22:10:50,15.63,511,419,0.25,8.29,-91.1,26.3,72.6,7.21,11.3
7/30/17,22:15:50,15.57,511,419,0.25,8.29,-90.9,28.3,72.6,7.23,11.3
7/30/17,22:20:50,15.52,511,418,0.25,8.29,-90.9,37.1,72.5,7.21,11.3
7/30/17,22:25:50,15.46,511,418,0.25,8.28,-90.6,45.8,72.3,7.2,11.3
7/30/17,22:30:50,15.4,511,418,0.25,8.28,-90.3,41.1,72.3,7.22,11.3
7/30/17,22:35:50,15.35,511,417,0.25,8.28,-90.2,41.3,72.4,7.23,11.3
7/30/17,22:40:50,15.3,511,416,0.25,8.28,-90.4,37.9,72.4,7.24,11.3
7/30/17,22:45:50,15.25,511,416,0.25,8.28,-90.3,37.6,72.4,7.26,11.3
7/30/17,22:50:50,15.17,511,415,0.25,8.28,-90.6,32.2,72.6,7.29,11.3
7/30/17,22:55:50,15.11,510,414,0.25,8.28,-90.6,37.2,72.6,7.3,11.3
7/30/17,23:00:50,15.06,511,414,0.25,8.28,-90.4,37.4,72.6,7.3,11.3
7/30/17,23:05:50,15.01,510,413,0.25,8.28,-90.3,33.7,72.8,7.33,11.3
7/30/17,23:10:50,14.97,510,412,0.25,8.28,-90.5,45.5,72.8,7.33,11.3
7/30/17,23:15:50,14.92,510,411,0.25,8.28,-90.3,93.2,72.5,7.32,11.3
7/30/17,23:20:50,14.86,509,410,0.25,8.28,-90.5,54.5,72.8,7.36,11.3
7/30/17,23:25:50,14.8,509,410,0.25,8.29,-90.7,36.2,73.2,7.41,11.3
7/30/17,23:30:50,14.74,508,409,0.25,8.29,-91.1,24.1,73.3,7.42,11.3
7/30/17,23:35:50,14.69,509,408,0.25,8.29,-91.1,49,73.3,7.43,11.3
7/30/17,23:40:50,14.64,509,408,0.25,8.29,-90.9,31.4,73.3,7.43,11.3
7/30/17,23:45:50,14.59,509,408,0.25,8.29,-91,27.1,73.3,7.44,11.3
7/30/17,23:50:50,14.55,509,407,0.25,8.29,-90.7,31.1,73.3,7.45,11.3
7/30/17,23:55:50,14.51,509,407,0.25,8.29,-90.8,28.1,73.1,7.44,11.3
7/31/17,0:00:50,14.44,510,407,0.25,8.28,-90.5,27.7,73.2,7.46,11.3
7/31/17,0:05:50,14.37,509,406,0.25,8.29,-90.6,23.4,73.4,7.49,11.2
7/31/17,0:10:50,14.32,509,405,0.25,8.29,-90.8,20.4,73.4,7.5,11.3
7/31/17,0:15:50,14.27,509,404,0.25,8.29,-90.9,17.8,73.6,7.53,11.3
7/31/17,0:20:50,14.22,509,404,0.25,8.29,-91,17.6,73.7,7.55,11.3
7/31/17,0:25:50,14.17,509,403,0.25,8.29,-91,15.9,73.7,7.56,11.3
7/31/17,0:30:50,14.12,509,403,0.25,8.3,-91.2,15.7,73.9,7.58,11.3
7/31/17,0:35:50,14.07,509,403,0.25,8.3,-91.3,13.7,73.9,7.6,11.3
7/31/17,0:40:50,14.02,509,402,0.25,8.3,-91.4,14.6,74,7.61,11.3
7/31/17,0:45:50,13.98,509,401,0.25,8.31,-91.7,12.5,74.1,7.63,11.3
7/31/17,0:50:50,13.93,509,401,0.25,8.31,-91.7,14.5,74.1,7.63,11.3
7/31/17,0:55:50,13.88,509,401,0.25,8.3,-91.5,20.1,74.1,7.65,11.3
7/31/17,1:00:50,13.84,510,401,0.25,8.3,-91.4,30.3,73.9,7.63,11.2
7/31/17,1:05:50,13.81,510,401,0.25,8.3,-91.4,32.1,73.9,7.64,11.3
7/31/17,1:10:50,13.77,510,401,0.25,8.3,-91.1,25.5,73.8,7.63,11.2
7/31/17,1:15:50,13.73,511,401,0.25,8.3,-91.3,21.9,73.9,7.65,11.3
7/31/17,1:20:50,13.67,511,400,0.25,8.3,-91.4,21.3,74,7.67,11.2
7/31/17,1:25:50,13.62,510,399,0.25,8.31,-91.6,20,74,7.68,11.2
7/31/17,1:30:50,13.59,510,399,0.25,8.31,-91.6,20.2,74,7.69,11.3
7/31/17,1:35:50,13.54,510,398,0.25,8.31,-91.9,16.4,74.2,7.71,11.3
7/31/17,1:40:50,13.5,510,398,0.25,8.31,-91.7,16.1,74.3,7.73,11.3
7/31/17,1:45:50,13.46,510,398,0.25,8.31,-91.7,22.2,74.2,7.73,11.2
7/31/17,1:50:50,13.41,510,397,0.25,8.31,-91.9,32.9,74.1,7.73,11.2
7/31/17,1:55:50,13.38,510,397,0.25,8.31,-91.6,39.1,74,7.72,11.2
7/31/17,2:00:50,13.34,510,397,0.25,8.31,-91.4,32.4,74,7.72,11.3
7/31/17,2:05:50,13.3,510,396,0.25,8.31,-91.4,54.3,74.1,7.74,11.3
7/31/17,2:10:50,13.26,510,396,0.25,8.3,-91.2,42.5,73.9,7.73,11.3
7/31/17,2:15:50,13.23,510,396,0.25,8.31,-91.4,33.3,74,7.74,11.2
7/31/17,2:20:50,13.19,510,395,0.25,8.31,-91.4,34.9,74,7.76,11.2
7/31/17,2:25:50,13.15,510,395,0.25,8.31,-91.6,50.5,74.3,7.79,11.3
7/31/17,2:30:50,13.12,510,394,0.25,8.31,-91.6,36.1,74.3,7.79,11.2
7/31/17,2:35:50,13.09,510,394,0.25,8.31,-91.7,48.6,74.2,7.8,11.2
7/31/17,2:40:50,13.05,510,394,0.25,8.3,-91.2,73.1,73.9,7.76,11.2
7/31/17,2:45:50,13.02,510,393,0.25,8.31,-91.4,32.3,74.1,7.79,11.2
7/31/17,2:50:50,12.99,510,393,0.25,8.31,-91.4,31.4,74,7.79,11.2
7/31/17,2:55:50,12.95,509,392,0.25,8.31,-91.6,24.4,74.1,7.8,11.2
7/31/17,3:00:50,12.91,509,392,0.25,8.32,-91.9,21.1,74.3,7.83,11.3
7/31/17,3:05:50,12.88,509,391,0.25,8.32,-91.9,20.2,74.2,7.83,11.2
7/31/17,3:10:50,12.86,509,391,0.25,8.31,-91.6,59.9,73.9,7.8,11.2
7/31/17,3:15:50,12.83,511,392,0.25,8.31,-91.4,69.7,73.8,7.8,11.3
7/31/17,3:20:50,12.79,511,392,0.25,8.31,-91.8,23.5,74.3,7.86,11.2
7/31/17,3:25:50,12.77,512,392,0.25,8.32,-91.9,19.8,74.3,7.86,11.2
7/31/17,3:30:50,12.74,511,392,0.25,8.32,-91.9,18.1,74.3,7.87,11.2
7/31/17,3:35:50,12.71,511,391,0.25,8.32,-91.9,17.6,74.4,7.88,11.2
7/31/17,3:40:50,12.68,511,391,0.25,8.32,-92.1,17.4,74.4,7.89,11.2
7/31/17,3:45:50,12.65,511,391,0.25,8.32,-92.2,17.3,74.5,7.9,11.2
7/31/17,3:50:50,12.62,511,390,0.25,8.32,-92.2,16.4,74.7,7.92,11.2
7/31/17,3:55:50,12.59,512,390,0.25,8.32,-92.2,15.5,74.7,7.93,11.2
7/31/17,4:00:50,12.57,512,391,0.25,8.32,-92,15,74.6,7.93,11.2
7/31/17,4:05:50,12.54,513,391,0.25,8.32,-91.9,14.9,74.6,7.93,11.2
7/31/17,4:10:50,12.52,513,391,0.25,8.32,-92,20.1,74.5,7.93,11.2
7/31/17,4:15:50,12.49,514,391,0.25,8.32,-91.9,23.5,74.4,7.92,11.2
7/31/17,4:20:50,12.47,513,390,0.25,8.31,-91.6,24.7,74.3,7.91,11.2
7/31/17,4:25:50,12.45,513,390,0.25,8.31,-91.5,23.8,74.3,7.92,11.2
7/31/17,4:30:50,12.42,514,390,0.25,8.31,-91.6,22.5,74.3,7.92,11.1
7/31/17,4:35:50,12.4,514,390,0.25,8.31,-91.4,22.7,74.3,7.92,11.2
7/31/17,4:40:50,12.37,514,390,0.25,8.31,-91.2,33.2,74.2,7.91,11.2
7/31/17,4:45:50,12.35,515,390,0.25,8.31,-91.2,31.8,74.3,7.93,11.2
7/31/17,4:50:50,12.33,515,390,0.25,8.3,-90.8,41.9,74.2,7.92,11.2
7/31/17,4:55:50,12.3,515,390,0.25,8.29,-90.5,40.8,74.1,7.92,11.2
7/31/17,5:00:50,12.28,515,390,0.25,8.29,-90.5,33.5,74.1,7.92,11.1
7/31/17,5:05:50,12.25,515,390,0.25,8.29,-90.5,30.6,74,7.92,11.2
7/31/17,5:10:50,12.22,515,389,0.25,8.3,-90.6,43.2,73.9,7.91,11.2
7/31/17,5:15:50,12.2,515,389,0.25,8.29,-90.3,43.1,73.9,7.91,11.2
7/31/17,5:20:50,12.17,515,388,0.25,8.3,-90.8,33.9,74.1,7.94,11.2
7/31/17,5:25:50,12.15,514,388,0.25,8.3,-90.9,30.2,74.2,7.95,11.2
7/31/17,5:30:50,12.13,514,388,0.25,8.3,-90.9,27.6,74.2,7.96,11.2
7/31/17,5:35:50,12.11,514,388,0.25,8.3,-91,27,74.3,7.98,11.2
7/31/17,5:40:50,12.09,514,387,0.25,8.31,-91.2,25.5,74.4,7.99,11.2
7/31/17,5:45:50,12.06,515,388,0.25,8.31,-91.1,42.6,74.4,8,11.2
7/31/17,5:50:50,12.04,515,388,0.25,8.31,-91.3,36.2,74.4,8,11.1
7/31/17,5:55:50,12.03,516,388,0.25,8.31,-91.2,29.4,74.5,8.01,11.2
7/31/17,6:00:50,12.02,516,388,0.25,8.31,-91.1,28.8,74.3,7.99,11.2
7/31/17,6:05:50,12.01,516,388,0.25,8.3,-91,26.9,74.3,8,11.1
7/31/17,6:10:50,11.99,516,388,0.25,8.31,-91.1,23.8,74.4,8.01,11.2
7/31/17,6:15:50,11.97,516,388,0.25,8.31,-91.1,22.5,74.6,8.03,11.1
7/31/17,6:20:50,11.95,516,387,0.25,8.31,-91.6,21.4,74.7,8.05,11.2
7/31/17,6:25:50,11.93,516,387,0.25,8.32,-91.6,20.3,74.9,8.07,11.1
7/31/17,6:30:50,11.9,516,387,0.25,8.32,-91.7,18.4,74.9,8.08,11.1
7/31/17,6:35:51,11.89,516,387,0.25,8.32,-91.7,18.1,75,8.09,11.2
7/31/17,6:40:51,11.88,517,387,0.25,8.31,-91.6,17.2,75,8.1,11.2
7/31/17,6:45:50,11.86,517,387,0.25,8.31,-91.6,17.1,75,8.1,11.2
7/31/17,6:50:50,11.85,517,387,0.25,8.32,-91.7,16.5,75.1,8.11,11.1
7/31/17,6:55:50,11.84,517,387,0.25,8.31,-91.5,15.6,75.2,8.12,11.1
7/31/17,7:00:50,11.83,517,387,0.25,8.31,-91.5,14.5,75.3,8.13,11.1
7/31/17,7:05:50,11.82,517,386,0.25,8.32,-91.7,13.8,75.4,8.14,11.2
7/31/17,7:10:50,11.81,516,386,0.25,8.32,-91.9,13.1,75.6,8.17,11.2
7/31/17,7:15:50,11.8,516,386,0.25,8.32,-92,12.5,75.8,8.19,11.1
7/31/17,7:20:50,11.79,517,386,0.25,8.32,-92,11.7,75.7,8.18,11.1
7/31/17,7:25:50,11.78,517,386,0.25,8.33,-92.3,11.4,75.9,8.21,11.1
7/31/17,7:30:50,11.77,517,386,0.25,8.33,-92.4,10.7,75.8,8.2,11.2
7/31/17,7:35:50,11.76,517,386,0.25,8.33,-92.3,10.6,76,8.22,11.1
7/31/17,7:40:50,11.76,517,386,0.25,8.33,-92.4,10.4,76.1,8.23,11.1
7/31/17,7:45:50,11.75,516,386,0.25,8.33,-92.6,9,76.2,8.24,11.1
7/31/17,7:50:50,11.75,517,386,0.25,8.34,-92.9,8.5,76.3,8.26,11.1
7/31/17,7:55:50,11.76,517,386,0.25,8.33,-92.7,7.9,76.4,8.27,11.1
7/31/17,8:00:50,11.79,517,386,0.25,8.33,-92.7,36.6,76.5,8.27,11.2
7/31/17,8:05:51,11.82,516,386,0.25,8.34,-93.1,10.8,76.9,8.31,11.1
7/31/17,8:10:50,11.86,516,387,0.25,8.35,-93.6,7.2,77.3,8.35,11.1
7/31/17,8:15:50,11.88,516,387,0.25,8.36,-93.9,6.2,77.7,8.38,11.1
7/31/17,8:20:50,11.91,516,387,0.25,8.36,-94.4,5.8,78,8.41,11.1
7/31/17,8:25:51,11.93,516,387,0.25,8.36,-94.4,5,78.2,8.43,11.1
7/31/17,8:30:50,11.95,516,387,0.25,8.37,-94.8,4.5,78.4,8.45,11.1
7/31/17,8:35:50,11.98,516,388,0.25,8.37,-94.8,16.1,78.4,8.44,11.1
7/31/17,8:40:50,12.01,516,388,0.25,8.37,-94.8,14.8,78.3,8.43,11.2
7/31/17,8:45:50,12.04,515,388,0.25,8.38,-95.5,5.1,78.8,8.47,11.1
7/31/17,8:50:50,12.07,516,389,0.25,8.39,-95.8,4,79.1,8.5,11.1
7/31/17,8:55:50,12.11,515,388,0.25,8.39,-95.8,3.7,79.1,8.49,11.2
7/31/17,9:00:50,12.14,515,388,0.25,8.39,-95.9,3,79.5,8.52,11.1
7/31/17,9:05:50,12.17,514,388,0.25,8.39,-96.2,3.2,79.6,8.54,11.1
7/31/17,9:10:50,12.21,513,388,0.25,8.4,-96.6,2.6,79.7,8.54,11.1
7/31/17,9:15:50,12.25,513,388,0.25,8.41,-96.9,1.9,80,8.56,11.1
7/31/17,9:20:50,12.29,513,389,0.25,8.41,-97.2,1.7,80.2,8.57,11.2
7/31/17,9:25:50,12.33,513,389,0.25,8.42,-97.5,1.7,80.3,8.58,11.1
7/31/17,9:30:51,12.37,513,389,0.25,8.41,-97.4,1.4,80.4,8.58,11.1
7/31/17,9:35:50,12.42,513,390,0.25,8.42,-97.8,1,80.6,8.59,11.1
7/31/17,9:40:50,12.47,513,390,0.25,8.42,-97.8,1.4,80.6,8.58,11.1
7/31/17,9:45:50,12.52,513,390,0.25,8.43,-98.1,0.9,80.8,8.6,11.1
7/31/17,9:50:50,12.57,513,391,0.25,8.43,-98.1,1.2,80.9,8.59,11.1
7/31/17,9:55:50,12.62,512,391,0.25,8.42,-98,1.5,81,8.59,11.1
7/31/17,10:00:50,12.68,512,392,0.25,8.43,-98.3,1.4,81.1,8.59,11.1
7/31/17,10:05:50,12.74,512,392,0.25,8.43,-98.4,1.1,81.3,8.6,11.1
7/31/17,10:10:50,12.81,515,395,0.25,8.42,-97.5,68.9,80.2,8.47,11.1
7/31/17,10:15:50,12.86,513,394,0.25,8.43,-98.3,12.1,81,8.55,11.1
7/31/17,10:20:50,12.92,512,394,0.25,8.44,-98.9,6.4,81.3,8.57,11.1
7/31/17,10:25:50,12.99,512,394,0.25,8.44,-98.8,2.5,81.5,8.57,11.1
7/31/17,10:30:50,13.07,512,395,0.25,8.44,-99,2,81.7,8.59,11.1
7/31/17,10:35:50,13.15,512,396,0.25,8.44,-99.2,1.8,81.7,8.57,11.1
7/31/17,10:40:50,13.22,512,397,0.25,8.44,-99.1,1.7,81.8,8.57,11.1
7/31/17,10:45:50,13.29,512,397,0.25,8.44,-99.2,1.5,82,8.57,11.2
7/31/17,10:50:50,13.37,511,398,0.25,8.45,-99.6,1,82.2,8.58,11.1
7/31/17,10:55:50,13.45,511,398,0.25,8.45,-99.5,0.8,82.3,8.57,11.1
7/31/17,11:00:50,13.53,511,399,0.25,8.45,-99.9,0.4,82.5,8.58,11.1
7/31/17,11:05:50,13.62,511,400,0.25,8.45,-99.9,0.6,82.6,8.57,11.1
7/31/17,11:10:50,13.7,510,400,0.25,8.46,-100.2,0.7,82.7,8.57,11.1
7/31/17,11:15:50,13.8,510,401,0.25,8.45,-100.1,0.3,82.8,8.56,11.1
7/31/17,11:20:50,13.88,509,401,0.25,8.46,-100.4,0.7,82.9,8.56,11.1
7/31/17,11:25:50,13.97,509,402,0.25,8.46,-100.2,0.5,83,8.55,11.1
7/31/17,11:30:50,14.07,509,403,0.25,8.46,-100.3,-0.2,83.1,8.54,11.1
7/31/17,11:35:50,14.17,509,404,0.25,8.46,-100.5,0.1,83.2,8.53,11.1
7/31/17,11:40:50,14.27,509,405,0.25,8.46,-100.5,0,83.2,8.51,11.2
7/31/17,11:45:50,14.37,509,406,0.25,8.46,-100.3,0.1,83.3,8.5,11.1
7/31/17,11:50:50,14.46,509,407,0.25,8.46,-100.5,0,83.2,8.48,11.1
7/31/17,11:55:50,14.56,509,408,0.25,8.46,-100.5,0,83.4,8.48,11.1
7/31/17,12:00:50,14.67,509,409,0.25,8.46,-100.4,-0.1,83.2,8.44,11.1
7/31/17,12:05:50,14.78,509,410,0.25,8.45,-100.2,-0.4,83.3,8.43,11.1
7/31/17,12:10:50,14.9,509,411,0.25,8.45,-100.1,-0.2,83.4,8.42,11.1
7/31/17,12:15:50,15,509,412,0.25,8.45,-100.2,-0.5,83.4,8.4,11.2
7/31/17,12:20:50,15.11,510,413,0.25,8.45,-100.1,0.1,83.5,8.39,11.1
7/31/17,12:25:50,15.22,510,414,0.25,8.44,-99.9,0,83.5,8.36,11.2
7/31/17,12:30:50,15.33,509,415,0.25,8.45,-100.2,-0.4,83.6,8.36,11.1
7/31/17,12:35:50,15.43,509,416,0.25,8.44,-100,-0.3,83.7,8.35,11.1
7/31/17,12:40:50,15.54,509,417,0.25,8.45,-100.2,-0.1,83.7,8.33,11.1
7/31/17,12:45:50,15.65,509,418,0.25,8.45,-100.3,-0.4,83.7,8.32,11.1
7/31/17,12:50:50,15.76,509,419,0.25,8.45,-100.5,0,83.8,8.3,11.1
7/31/17,12:55:50,15.88,509,420,0.25,8.45,-100.5,-0.4,83.8,8.28,11.2
7/31/17,13:00:50,16,508,421,0.25,8.45,-100.3,-0.4,83.8,8.26,11.1
7/31/17,13:05:50,16.1,508,422,0.25,8.45,-100.3,0,83.8,8.24,11.1
7/31/17,13:10:50,16.22,508,423,0.25,8.45,-100.6,-0.5,83.9,8.23,11.2
7/31/17,13:15:50,16.33,508,424,0.25,8.46,-101,-0.7,84,8.22,11.1
7/31/17,13:20:50,16.45,508,425,0.25,8.45,-100.8,-0.6,84,8.2,11.1
7/31/17,13:25:50,16.56,507,426,0.25,8.46,-101.1,-0.7,84,8.18,11.1
7/31/17,13:30:50,16.68,507,426,0.25,8.46,-101.1,-0.7,84.1,8.17,11.2
7/31/17,13:35:50,16.79,507,427,0.25,8.46,-101.2,-0.8,84.1,8.15,11.2
7/31/17,13:40:50,16.9,507,428,0.25,8.46,-101.1,-0.6,83.9,8.12,11.1
7/31/17,13:45:50,17.01,506,429,0.25,8.46,-101.2,-0.8,84,8.11,11.2
7/31/17,13:50:50,17.12,506,430,0.25,8.46,-101.4,-1,84,8.09,11.1
7/31/17,13:55:50,17.24,506,431,0.25,8.46,-101.3,0.3,83.9,8.06,11.1
7/31/17,14:00:50,17.35,506,432,0.25,8.46,-101.3,-0.8,84,8.05,11.2
7/31/17,14:05:50,17.45,505,433,0.25,8.46,-101.6,-0.9,83.8,8.02,11.1
7/31/17,14:10:50,17.55,506,434,0.25,8.46,-101.5,-0.5,83.8,7.99,11.1
7/31/17,14:15:50,17.65,506,435,0.25,8.46,-101.3,-0.2,83.3,7.93,11.2
7/31/17,14:20:50,17.75,505,435,0.24,8.45,-101.1,-0.2,83.4,7.92,11.2
7/31/17,14:25:50,17.84,505,436,0.24,8.45,-101.2,-0.2,83.4,7.91,11.2
7/31/17,14:30:50,17.92,505,436,0.24,8.45,-101.2,-0.8,83.4,7.89,11.1
7/31/17,14:35:50,18.02,504,437,0.24,8.45,-101,4.2,83.2,7.86,11.2
7/31/17,14:40:50,18.11,504,438,0.24,8.45,-101.1,1.3,83,7.82,11.1
7/31/17,14:45:49,18.21,504,439,0.24,8.45,-101,18.8,82.7,7.79,11.1
7/31/17,14:50:49,18.29,504,439,0.24,8.45,-101,0.8,82.5,7.76,11.1
7/31/17,14:55:49,18.4,504,440,0.24,8.44,-100.8,-0.4,82.4,7.73,11.1
7/31/17,15:00:49,18.46,504,441,0.24,8.45,-101,-0.2,82.3,7.71,11.1
7/31/17,15:05:49,18.51,504,441,0.24,8.44,-100.9,3.2,81.9,7.67,11.2
7/31/17,15:10:50,18.59,503,442,0.24,8.44,-100.9,3.3,81.9,7.65,11.1
7/31/17,15:15:50,18.66,505,444,0.24,8.43,-100.3,31.2,81.3,7.58,11.2
7/31/17,15:20:49,18.71,504,444,0.24,8.43,-100.3,1.5,81.3,7.57,11.2
7/31/17,15:25:49,18.79,504,444,0.24,8.43,-100.2,0.4,81.1,7.54,11.1
7/31/17,15:30:49,18.86,504,445,0.24,8.43,-100.2,0.3,80.7,7.5,11.2
7/31/17,15:35:50,18.91,505,446,0.24,8.43,-100.1,1.5,80.5,7.47,11.1
7/31/17,15:40:50,18.98,505,447,0.24,8.42,-99.6,1.5,80.2,7.43,11.2
7/31/17,15:45:49,19.04,505,447,0.24,8.42,-99.7,1.4,80,7.4,11.2
7/31/17,15:50:49,19.08,506,448,0.24,8.42,-99.7,1.4,79.7,7.37,11.1
7/31/17,15:55:49,19.1,505,448,0.24,8.42,-99.9,1.2,79.4,7.34,11.2
7/31/17,16:00:49,19.15,505,448,0.24,8.42,-99.4,0.9,79.1,7.31,11.2
7/31/17,16:05:49,19.18,505,449,0.24,8.41,-99.2,0.7,79,7.29,11.2
7/31/17,16:10:49,19.22,505,449,0.24,8.41,-99.2,0.7,78.6,7.25,11.2
7/31/17,16:15:49,19.25,505,450,0.24,8.41,-99.1,0.7,78.4,7.23,11.2
7/31/17,16:20:49,19.27,506,450,0.24,8.41,-98.9,2,78.2,7.2,11.1
7/31/17,16:25:49,19.3,506,451,0.24,8.41,-98.8,0.6,78,7.19,11.2
7/31/17,16:30:49,19.3,505,450,0.24,8.4,-98.7,1.4,77.9,7.17,11.2
7/31/17,16:35:49,19.33,506,451,0.24,8.4,-98.6,0.3,77.7,7.15,11.2
7/31/17,16:40:49,19.35,506,451,0.24,8.41,-98.8,3.3,77.5,7.13,11.2
7/31/17,16:45:49,19.37,506,451,0.24,8.4,-98.5,7.8,77.2,7.1,11.1
7/31/17,16:50:49,19.35,506,451,0.24,8.4,-98.4,4.8,77.1,7.09,11.1
7/31/17,16:55:49,19.37,506,452,0.24,8.39,-98.1,2.4,77.1,7.09,11.1
7/31/17,17:00:49,19.38,506,451,0.24,8.39,-98.1,1.1,76.9,7.07,11.2
7/31/17,17:05:49,19.38,506,451,0.24,8.39,-97.8,10.7,76.7,7.05,11.1
7/31/17,17:10:49,19.36,506,451,0.24,8.38,-97.7,4.8,76.6,7.05,11.2
7/31/17,17:15:49,19.37,505,451,0.24,8.38,-97.6,1.4,76.5,7.03,11.1
7/31/17,17:20:49,19.36,505,451,0.24,8.39,-97.8,2.2,76.4,7.03,11.1
7/31/17,17:25:49,19.32,506,451,0.24,8.38,-97.6,3.3,76.2,7.02,11.1
7/31/17,17:30:49,19.32,505,450,0.24,8.39,-97.9,1,76.3,7.03,11.2
7/31/17,17:35:49,19.3,505,450,0.24,8.38,-97.5,0.4,76.2,7.02,11.2
7/31/17,17:40:49,19.29,505,450,0.24,8.38,-97.1,1.7,76.1,7.01,11.2
7/31/17,17:45:49,19.26,505,450,0.24,8.38,-97.5,12.5,75.8,6.98,11.2
7/31/17,17:50:49,19.24,504,449,0.24,8.38,-97.5,15.5,75.5,6.96,11.2
7/31/17,17:55:49,19.23,504,449,0.24,8.39,-97.7,12.1,75.5,6.96,11.1
7/31/17,18:00:49,19.19,505,449,0.24,8.38,-97.4,14.5,75.2,6.94,11.2
7/31/17,18:05:49,19.16,504,448,0.24,8.38,-97.4,13.1,75.2,6.94,11.2
7/31/17,18:10:49,19.12,504,448,0.24,8.37,-96.6,14.4,74.9,6.93,11.2
7/31/17,18:15:49,19.05,504,447,0.24,8.37,-96.6,18.1,74.7,6.91,11.1
7/31/17,18:20:49,19.01,504,446,0.24,8.37,-96.5,28.2,74.3,6.88,11.1
7/31/17,18:25:50,18.99,504,446,0.24,8.36,-96.3,33.6,74.1,6.86,11.2
7/31/17,18:30:50,18.97,503,445,0.24,8.36,-95.9,32.8,74,6.86,11.2
7/31/17,18:35:50,18.94,504,445,0.24,8.36,-95.8,31.3,73.8,6.85,11.1
7/31/17,18:40:49,18.89,504,445,0.24,8.35,-95.4,31.3,73.6,6.83,11.2
7/31/17,18:45:49,18.85,504,445,0.24,8.35,-95.3,33,73.5,6.83,11.2
7/31/17,18:50:49,18.8,504,444,0.24,8.35,-95.3,30,73.5,6.84,11.2
7/31/17,18:55:50,18.75,504,444,0.24,8.35,-95.2,28.4,73.5,6.84,11.2
7/31/17,19:00:49,18.7,504,443,0.24,8.35,-95.5,24.4,73.5,6.85,11.1
7/31/17,19:05:49,18.65,505,443,0.24,8.35,-95.3,32.8,73.3,6.84,11.1
7/31/17,19:10:50,18.59,505,443,0.24,8.35,-95.2,23.9,73.2,6.84,11.2
7/31/17,19:15:49,18.53,506,443,0.24,8.34,-95.1,20.7,73.1,6.84,11.2
7/31/17,19:20:50,18.46,507,444,0.25,8.34,-95,22.7,72.8,6.82,11.2
7/31/17,19:25:50,18.4,506,443,0.25,8.34,-94.5,22.7,72.7,6.82,11.2
7/31/17,19:30:50,18.33,507,442,0.25,8.33,-94.4,20.6,72.3,6.79,11.2
7/31/17,19:35:49,18.26,507,441,0.25,8.33,-94,21.4,72.4,6.81,11.2
7/31/17,19:40:49,18.18,507,441,0.25,8.33,-94.1,23.3,72.5,6.83,11.1
7/31/17,19:45:49,18.11,506,440,0.25,8.33,-94.3,21,72.5,6.84,11.2
7/31/17,19:50:49,18.05,506,439,0.25,8.33,-94.1,16.9,72.4,6.84,11.1
7/31/17,19:55:50,17.99,507,439,0.25,8.32,-93.6,18,72.2,6.83,11.2
7/31/17,20:00:50,17.93,507,439,0.25,8.32,-93.3,20.1,72,6.82,11.1
7/31/17,20:05:50,17.87,507,438,0.25,8.31,-93,22,71.8,6.8,11.2
7/31/17,20:10:50,17.8,507,438,0.25,8.31,-92.8,34,71.6,6.8,11.1
7/31/17,20:15:50,17.73,508,437,0.25,8.3,-92.5,34.1,71.4,6.78,11.2
7/31/17,20:20:50,17.65,508,436,0.25,8.3,-92.4,28,71.4,6.8,11.1
7/31/17,20:25:50,17.58,508,436,0.25,8.3,-92.1,30.2,71.3,6.8,11.1
7/31/17,20:30:50,17.51,508,435,0.25,8.29,-91.9,31.6,71.1,6.79,11.2
7/31/17,20:35:50,17.43,508,434,0.25,8.29,-91.7,24.7,71.3,6.82,11.2
7/31/17,20:40:50,17.37,508,434,0.25,8.29,-91.9,26.9,71.1,6.81,11.2
7/31/17,20:45:50,17.3,508,434,0.25,8.29,-91.6,25.2,71.1,6.82,11.2
7/31/17,20:50:49,17.22,509,433,0.25,8.29,-91.6,24.7,71,6.82,11.1
7/31/17,20:55:50,17.14,509,432,0.25,8.29,-91.5,25.6,70.9,6.82,11.2
7/31/17,21:00:50,17.07,509,432,0.25,8.29,-91.5,28.5,70.8,6.82,11.2
7/31/17,21:05:50,16.99,509,431,0.25,8.29,-91.2,28.5,70.7,6.83,11.1
7/31/17,21:10:49,16.9,510,431,0.25,8.28,-91.1,30.8,70.7,6.83,11.2
7/31/17,21:15:50,16.83,510,430,0.25,8.28,-91.1,26.1,70.7,6.85,11.2
7/31/17,21:20:50,16.77,510,430,0.25,8.29,-91.3,23.9,70.8,6.87,11.2
7/31/17,21:25:50,16.71,509,429,0.25,8.29,-91.3,24.2,70.7,6.87,11.2
7/31/17,21:30:50,16.65,510,428,0.25,8.29,-91.2,34.7,70.6,6.86,11.2
7/31/17,21:35:50,16.59,510,428,0.25,8.28,-90.9,30.3,70.6,6.87,11.2
7/31/17,21:40:50,16.53,509,427,0.25,8.28,-90.9,24,70.6,6.88,11.2
7/31/17,21:45:50,16.46,510,427,0.25,8.28,-90.9,22.8,70.8,6.91,11.2
7/31/17,21:50:50,16.4,510,426,0.25,8.28,-91,21.6,70.8,6.92,11.2
7/31/17,21:55:50,16.33,510,425,0.25,8.29,-91.1,17.7,70.9,6.93,11.2
7/31/17,22:00:50,16.27,510,425,0.25,8.29,-91.1,16.4,71,6.95,11.2
7/31/17,22:05:50,16.2,510,424,0.25,8.29,-91,15.3,71,6.97,11.1
7/31/17,22:10:50,16.12,510,423,0.25,8.29,-91.1,13,71.2,7,11.2
7/31/17,22:15:50,16.05,510,422,0.25,8.29,-91.2,11.3,71.4,7.03,11.2
7/31/17,22:20:50,15.99,510,422,0.25,8.29,-91.3,9.9,71.5,7.05,11.2
7/31/17,22:25:50,15.92,510,421,0.25,8.3,-91.5,11.5,71.5,7.06,11.1
7/31/17,22:30:50,15.86,510,421,0.25,8.3,-91.6,8.4,71.6,7.08,11.1
7/31/17,22:35:50,15.8,510,421,0.25,8.29,-91.4,7.8,71.7,7.1,11.1
7/31/17,22:40:50,15.74,510,420,0.25,8.3,-91.6,7.5,71.7,7.11,11.2
7/31/17,22:45:50,15.67,510,419,0.25,8.3,-91.5,8.1,71.8,7.13,11.1
7/31/17,22:50:50,15.61,511,419,0.25,8.29,-91.2,8.1,71.9,7.14,11.1
7/31/17,22:55:50,15.56,510,418,0.25,8.3,-91.4,7.8,71.8,7.14,11.1
7/31/17,23:00:50,15.51,510,418,0.25,8.29,-91.3,8.4,71.8,7.15,11.1
7/31/17,23:05:50,15.46,510,417,0.25,8.29,-91.3,10,71.8,7.16,11.1
7/31/17,23:10:50,15.41,510,417,0.25,8.29,-91.2,9.5,71.9,7.17,11.1
7/31/17,23:15:50,15.36,510,416,0.25,8.29,-91.2,8.8,71.9,7.19,11.1
7/31/17,23:20:50,15.31,510,416,0.25,8.29,-91.1,11.8,72,7.2,11.1
7/31/17,23:25:50,15.25,510,415,0.25,8.29,-91,13.8,72,7.21,11.1
7/31/17,23:30:50,15.2,511,415,0.25,8.29,-90.8,13.5,72,7.22,11.1
7/31/17,23:35:50,15.15,510,414,0.25,8.29,-90.8,14.5,71.9,7.22,11.2
7/31/17,23:40:50,15.1,510,414,0.25,8.28,-90.6,16,72,7.23,11.1
7/31/17,23:45:50,15.05,510,413,0.25,8.28,-90.6,13.3,72,7.24,11.1
7/31/17,23:50:50,15.01,510,413,0.25,8.29,-90.8,13.5,72,7.25,11.2
7/31/17,23:55:50,14.96,510,412,0.25,8.29,-90.7,13.9,72,7.26,11.1
8/1/17,0:00:50,14.91,510,412,0.25,8.29,-90.7,13.4,72.2,7.28,11.1
8/1/17,0:05:50,14.86,510,411,0.25,8.29,-90.7,15,72.1,7.29,11.1
8/1/17,0:10:50,14.8,511,412,0.25,8.29,-90.8,16.7,72.1,7.29,11.1
8/1/17,0:15:50,14.73,510,410,0.25,8.28,-90.4,16.1,72.2,7.31,11.1
8/1/17,0:20:50,14.68,510,410,0.25,8.28,-90.5,18.4,72.2,7.32,11.1
8/1/17,0:25:50,14.63,511,410,0.25,8.28,-90,39,72,7.31,11.1
8/1/17,0:30:50,14.59,511,409,0.25,8.27,-89.8,40.1,71.8,7.29,11.1
8/1/17,0:35:50,14.55,511,409,0.25,8.27,-89.8,37.5,71.9,7.31,11.1
8/1/17,0:40:50,14.51,511,409,0.25,8.27,-89.7,25.5,71.9,7.32,11.1
8/1/17,0:45:50,14.46,511,408,0.25,8.27,-89.9,22.8,72,7.34,11.1
8/1/17,0:50:50,14.42,511,408,0.25,8.27,-90,22.9,72,7.35,11.1
8/1/17,0:55:50,14.39,511,408,0.25,8.27,-89.8,31,71.9,7.33,11.1
8/1/17,1:00:50,14.36,512,408,0.25,8.26,-89.3,42.6,71.6,7.31,11.1
8/1/17,1:05:50,14.33,512,408,0.25,8.26,-88.9,40.4,71.4,7.29,11.1
8/1/17,1:10:50,14.29,512,407,0.25,8.25,-88.6,44.6,71.4,7.3,11.1
8/1/17,1:15:50,14.25,512,407,0.25,8.25,-88.6,55.9,71.3,7.3,11.1
8/1/17,1:20:50,14.2,512,406,0.25,8.25,-88.7,43.9,71.3,7.31,11.1
8/1/17,1:25:50,14.15,512,406,0.25,8.25,-88.6,35.8,71.6,7.35,11.1
8/1/17,1:30:50,14.1,511,405,0.25,8.25,-88.7,34.4,71.8,7.38,11.1
8/1/17,1:35:50,14.06,512,405,0.25,8.26,-88.7,32.7,71.8,7.38,11
8/1/17,1:40:50,14.01,512,404,0.25,8.26,-88.7,28.5,71.9,7.4,11.1
8/1/17,1:45:50,13.96,512,404,0.25,8.26,-88.9,26.4,72,7.41,11
8/1/17,1:50:50,13.92,512,403,0.25,8.26,-89.1,25.3,72,7.43,11
8/1/17,1:55:50,13.88,512,403,0.25,8.26,-89.2,26.5,72.1,7.44,11.1
8/1/17,2:00:50,13.84,511,402,0.25,8.26,-89.2,35.7,72.1,7.45,11.1
8/1/17,2:05:50,13.81,512,402,0.25,8.26,-89.2,28.7,72.2,7.46,11.1
8/1/17,2:10:50,13.77,511,402,0.25,8.26,-89.2,23.6,72.3,7.48,11.1
8/1/17,2:15:50,13.73,512,401,0.25,8.27,-89.4,22.9,72.4,7.5,11.1
8/1/17,2:20:50,13.68,512,401,0.25,8.27,-89.5,24.9,72.5,7.52,11.1
8/1/17,2:25:50,13.63,512,400,0.25,8.28,-89.8,21,72.7,7.54,11.1
8/1/17,2:30:50,13.59,512,400,0.25,8.28,-89.8,19.7,72.8,7.56,11.1
8/1/17,2:35:50,13.54,512,400,0.25,8.28,-89.8,28.6,72.9,7.58,11.1
8/1/17,2:40:50,13.51,512,400,0.25,8.28,-89.8,29,72.7,7.56,11.2
8/1/17,2:45:50,13.46,512,399,0.25,8.28,-90,22,72.8,7.58,11.1
8/1/17,2:50:50,13.43,512,399,0.25,8.28,-90,19.1,72.9,7.6,11
8/1/17,2:55:50,13.4,513,399,0.25,8.28,-89.8,23.5,72.8,7.59,11
8/1/17,3:00:50,13.38,513,400,0.25,8.27,-89.5,26.5,72.5,7.56,11.1
8/1/17,3:05:50,13.35,514,399,0.25,8.27,-89.2,30.2,72.3,7.55,11.1
8/1/17,3:10:50,13.32,514,399,0.25,8.27,-89.1,30.7,72.3,7.55,11.1
8/1/17,3:15:50,13.3,514,399,0.25,8.26,-88.7,32.4,72.2,7.55,11.1
8/1/17,3:20:50,13.27,514,399,0.25,8.26,-89,26.7,72.3,7.57,11.1
8/1/17,3:25:50,13.22,514,398,0.25,8.26,-89.1,24.1,72.6,7.6,11.1
8/1/17,3:30:50,13.19,514,398,0.25,8.26,-89,39.8,72.6,7.6,11.1
8/1/17,3:35:50,13.17,514,398,0.25,8.26,-88.9,42.7,72.3,7.58,11
8/1/17,3:40:50,13.14,515,398,0.25,8.26,-88.6,40.2,72.1,7.56,11
8/1/17,3:45:50,13.1,515,398,0.25,8.26,-88.5,29,72.3,7.59,11
8/1/17,3:50:50,13.07,515,398,0.25,8.26,-88.7,30,72.4,7.6,11
8/1/17,3:55:50,13.04,515,398,0.25,8.26,-88.7,36.1,72.5,7.62,11
8/1/17,4:00:50,13.02,515,397,0.25,8.26,-88.7,60.4,72.2,7.59,11.1
8/1/17,4:05:50,13,515,397,0.25,8.26,-88.9,34.7,72.4,7.62,11
8/1/17,4:10:50,12.98,515,397,0.25,8.26,-88.7,40.1,72.3,7.61,11
8/1/17,4:15:50,12.95,515,397,0.25,8.26,-88.7,49.9,72.2,7.6,11.1
8/1/17,4:20:50,12.92,516,397,0.25,8.25,-88.3,42.6,72.1,7.6,11
8/1/17,4:25:50,12.89,516,397,0.25,8.25,-88.2,40,72.1,7.6,11.1
8/1/17,4:30:50,12.85,517,397,0.25,8.25,-88.3,47.7,72,7.6,11
8/1/17,4:35:50,12.83,517,397,0.25,8.25,-88.1,46.9,71.9,7.59,11
8/1/17,4:40:50,12.8,517,397,0.25,8.24,-87.7,44,71.9,7.6,11
8/1/17,4:45:50,12.77,517,397,0.25,8.24,-87.6,40.9,72,7.62,11
8/1/17,4:50:50,12.74,517,396,0.25,8.24,-87.7,39.4,72.1,7.63,11
8/1/17,4:55:50,12.72,517,396,0.25,8.24,-87.5,46.5,72,7.62,11
8/1/17,5:00:50,12.69,517,396,0.25,8.24,-87.6,46.9,71.9,7.62,11
8/1/17,5:05:50,12.66,517,395,0.25,8.24,-87.6,42.5,72.1,7.65,11.1
8/1/17,5:10:50,12.63,518,395,0.25,8.24,-87.6,36.1,72.2,7.66,11
8/1/17,5:15:50,12.61,517,395,0.25,8.24,-87.7,32.4,72.3,7.67,11.1
8/1/17,5:20:50,12.59,518,395,0.25,8.25,-88.1,30,72.4,7.69,11
8/1/17,5:25:50,12.57,517,395,0.25,8.25,-88,29.4,72.3,7.68,11
8/1/17,5:30:50,12.55,518,395,0.25,8.25,-88,30,72.3,7.68,11
8/1/17,5:35:50,12.52,517,394,0.25,8.25,-88,32.3,72.4,7.7,11
8/1/17,5:40:50,12.5,518,394,0.25,8.25,-87.9,29.2,72.4,7.71,11
8/1/17,5:45:50,12.48,518,394,0.25,8.25,-87.9,25.7,72.5,7.71,11
8/1/17,5:50:50,12.46,518,394,0.25,8.25,-88.1,24.2,72.5,7.72,11
8/1/17,5:55:50,12.43,518,394,0.25,8.25,-88,23.1,72.6,7.73,11
8/1/17,6:00:50,12.41,518,393,0.25,8.25,-88.3,20.6,72.7,7.75,11
8/1/17,6:05:50,12.37,518,393,0.25,8.26,-88.6,18.9,72.9,7.77,10.9
8/1/17,6:10:50,12.35,517,392,0.25,8.26,-88.4,39.8,72.8,7.78,11
8/1/17,6:15:50,12.34,518,393,0.25,8.26,-88.5,76.2,72.6,7.75,11
8/1/17,6:20:50,12.32,518,393,0.25,8.25,-88.3,42.6,72.7,7.76,11
8/1/17,6:25:50,12.3,518,393,0.25,8.26,-88.3,24.5,72.9,7.79,11
8/1/17,6:30:50,12.28,519,393,0.25,8.26,-88.3,19.9,73,7.8,11
8/1/17,6:35:50,12.27,519,393,0.25,8.25,-88.3,18.2,72.9,7.8,11
8/1/17,6:40:50,12.25,520,393,0.25,8.26,-88.3,17.2,73,7.81,11
8/1/17,6:45:50,12.23,519,393,0.25,8.26,-88.6,15.8,73.1,7.83,10.9
8/1/17,6:50:50,12.21,519,393,0.25,8.26,-88.6,14.8,73.4,7.86,11
8/1/17,6:55:50,12.19,519,392,0.25,8.26,-88.6,14,73.5,7.88,11
8/1/17,7:00:50,12.17,519,392,0.25,8.26,-88.7,13.6,73.5,7.88,11
8/1/17,7:05:50,12.16,520,392,0.25,8.26,-88.7,12.6,73.7,7.9,11
8/1/17,7:10:50,12.14,519,392,0.25,8.27,-89.1,11.8,73.8,7.91,11
8/1/17,7:15:50,12.12,520,392,0.25,8.27,-88.9,11.6,73.9,7.93,11
8/1/17,7:20:50,12.1,520,392,0.25,8.27,-89.1,10.9,74.1,7.96,10.9
8/1/17,7:25:50,12.08,520,391,0.25,8.27,-89.1,10.7,74.2,7.97,11
8/1/17,7:30:50,12.07,520,391,0.25,8.28,-89.5,10.1,74.3,7.98,10.9
8/1/17,7:35:51,12.05,520,391,0.25,8.28,-89.5,9.3,74.4,8,10.9
8/1/17,7:40:50,12.04,520,391,0.25,8.28,-89.7,9,74.6,8.02,11
8/1/17,7:45:50,12.04,520,391,0.25,8.28,-89.9,8.7,74.7,8.03,10.9
8/1/17,7:50:50,12.04,520,391,0.25,8.28,-89.9,8.1,74.7,8.04,11
8/1/17,7:55:50,12.04,520,392,0.25,8.28,-89.8,7.8,74.8,8.05,10.9
8/1/17,8:00:50,12.07,521,392,0.25,8.29,-90.1,7.6,75,8.06,11
8/1/17,8:05:50,12.1,521,392,0.25,8.29,-90,7,75.4,8.09,11
8/1/17,8:10:50,12.15,521,393,0.25,8.29,-90.3,6.8,75.7,8.12,11
8/1/17,8:15:50,12.17,521,393,0.25,8.29,-90.4,9.6,76,8.15,11
8/1/17,8:20:50,12.2,521,394,0.25,8.3,-90.6,7.6,76.2,8.17,10.9
8/1/17,8:25:50,12.22,521,394,0.25,8.29,-90.5,9.8,76.4,8.18,11
8/1/17,8:30:50,12.25,521,394,0.25,8.3,-90.7,6.8,76.6,8.2,10.9
8/1/17,8:35:50,12.27,521,394,0.25,8.3,-90.9,11.2,76.7,8.2,10.9
8/1/17,8:40:50,12.29,520,394,0.25,8.3,-91.1,5.4,77,8.23,10.9
8/1/17,8:45:51,12.32,520,394,0.25,8.31,-91.2,4.5,77.2,8.25,11
8/1/17,8:50:50,12.35,521,395,0.25,8.31,-91.6,4,77.4,8.26,10.9
8/1/17,8:55:50,12.38,521,395,0.25,8.31,-91.7,3.7,77.6,8.28,10.9
8/1/17,9:00:50,12.41,520,395,0.25,8.32,-92.1,3.1,77.8,8.29,10.9
8/1/17,9:05:50,12.45,520,395,0.25,8.32,-92.1,2.6,78,8.31,10.9
8/1/17,9:10:50,12.48,520,396,0.25,8.33,-92.4,2.2,78.3,8.33,10.9
8/1/17,9:15:50,12.52,520,396,0.25,8.33,-92.6,1.8,78.4,8.34,11
8/1/17,9:20:50,12.55,520,396,0.25,8.33,-92.7,1.8,78.7,8.37,10.9
8/1/17,9:25:50,12.59,520,396,0.25,8.34,-93.3,1.2,79,8.38,10.9
8/1/17,9:30:50,12.63,519,397,0.25,8.34,-93.5,2,79,8.38,10.9
8/1/17,9:35:50,12.67,519,397,0.25,8.35,-93.7,1.5,79.2,8.39,10.9
8/1/17,9:40:50,12.72,519,397,0.25,8.36,-94.1,0.9,79.4,8.41,10.9
8/1/17,9:45:50,12.77,518,397,0.25,8.36,-94.5,0.4,79.7,8.43,11
8/1/17,9:50:50,12.81,519,398,0.25,8.36,-94.6,0.3,79.8,8.44,11
8/1/17,9:55:50,12.87,518,398,0.25,8.37,-95.1,-0.1,80,8.44,11
8/1/17,10:00:50,12.92,518,398,0.25,8.38,-95.4,0,80.1,8.45,10.9
8/1/17,10:05:50,12.98,517,398,0.25,8.37,-95.3,-0.3,80.4,8.46,11
8/1/17,10:10:50,13.04,517,399,0.25,8.38,-95.8,0,80.4,8.45,10.9
8/1/17,10:15:50,13.11,517,400,0.25,8.38,-95.5,0.5,80.6,8.46,10.9
8/1/17,10:20:50,13.18,517,401,0.25,8.38,-95.4,-0.4,80.6,8.44,10.9
8/1/17,10:25:50,13.25,518,401,0.25,8.38,-95.7,-0.4,80.7,8.44,11
8/1/17,10:30:50,13.31,517,401,0.25,8.4,-96.6,-0.8,80.9,8.45,11
8/1/17,10:35:50,13.37,516,402,0.25,8.39,-96.3,-0.5,81.1,8.46,10.9
8/1/17,10:40:50,13.44,516,402,0.25,8.4,-96.7,-0.8,81.2,8.47,10.9
8/1/17,10:45:50,13.51,516,402,0.25,8.4,-96.8,-0.5,81.3,8.45,11
8/1/17,10:50:50,13.58,514,402,0.25,8.4,-96.7,-0.7,81.5,8.47,10.9
8/1/17,10:55:50,13.65,515,403,0.25,8.4,-97,-0.4,81.5,8.45,10.9
8/1/17,11:00:50,13.73,515,404,0.25,8.41,-97.2,-0.4,81.7,8.45,10.9
8/1/17,11:05:50,13.82,514,404,0.25,8.41,-97.5,-0.7,81.7,8.44,10.9
8/1/17,11:10:50,13.91,514,405,0.25,8.41,-97.5,-0.8,81.9,8.45,10.9
8/1/17,11:15:50,14,514,406,0.25,8.41,-97.6,-0.5,82,8.44,10.9
8/1/17,11:20:50,14.07,514,407,0.25,8.41,-97.8,-1,82,8.42,10.9
8/1/17,11:25:50,14.16,513,407,0.25,8.41,-97.8,-1,82,8.41,10.9
8/1/17,11:30:50,14.24,514,408,0.25,8.42,-98.1,-1,82.2,8.41,10.9
8/1/17,11:35:50,14.33,514,409,0.25,8.42,-98,-1.2,82.2,8.39,10.9
8/1/17,11:40:50,14.43,513,410,0.25,8.42,-98.3,-0.7,82.4,8.4,11
8/1/17,11:45:50,14.52,513,410,0.25,8.42,-98.3,-1,82.4,8.39,10.9
8/1/17,11:50:50,14.62,513,411,0.25,8.42,-98.4,-0.8,82.5,8.37,10.9
8/1/17,11:55:50,14.71,514,413,0.25,8.42,-98.5,-1.2,82.5,8.36,10.9
8/1/17,12:00:50,14.81,513,413,0.25,8.42,-98.4,-1.3,82.7,8.36,11
8/1/17,12:05:50,14.91,512,414,0.25,8.43,-98.9,-1.4,82.7,8.35,10.9
8/1/17,12:10:50,15.01,512,414,0.25,8.42,-98.7,-1.1,82.9,8.34,11
8/1/17,12:15:50,15.12,512,415,0.25,8.42,-98.7,-1.5,82.9,8.33,10.9
8/1/17,12:20:50,15.22,512,416,0.25,8.43,-99,-1.3,83,8.32,10.9
8/1/17,12:25:50,15.33,511,416,0.25,8.43,-99.1,-1.4,83.1,8.31,10.9
8/1/17,12:30:50,15.44,512,418,0.25,8.43,-99.2,-1.1,83,8.28,10.9
8/1/17,12:35:50,15.57,512,419,0.25,8.43,-99,-1.3,83.1,8.26,10.9
8/1/17,12:40:50,15.7,512,421,0.25,8.43,-99.1,-1.3,83.2,8.25,11
8/1/17,12:45:50,15.81,512,422,0.25,8.43,-99.1,-1.3,83.1,8.23,11
8/1/17,12:50:50,15.95,512,423,0.25,8.43,-99,-1.2,83.2,8.21,11
8/1/17,12:55:50,16.1,512,425,0.25,8.42,-99,-1.5,83.2,8.18,10.9
8/1/17,13:00:50,16.2,512,426,0.25,8.43,-99.1,-1.4,83.1,8.16,10.9
8/1/17,13:05:50,16.31,511,427,0.25,8.43,-99.2,-1.6,83.1,8.14,11
8/1/17,13:10:50,16.41,511,427,0.25,8.42,-99,-1.2,83.2,8.13,10.9
8/1/17,13:15:50,16.52,511,428,0.25,8.43,-99.4,-1.5,83.3,8.12,11
8/1/17,13:20:50,16.65,511,429,0.25,8.42,-99.1,-1.4,83.2,8.09,11
8/1/17,13:25:49,16.71,511,430,0.25,8.43,-99.3,-0.8,83.2,8.08,10.9
8/1/17,13:30:50,16.79,510,430,0.25,8.43,-99.4,-1.3,83.3,8.07,10.9
8/1/17,13:35:50,16.88,510,431,0.25,8.43,-99.4,-1.3,83.3,8.05,11
8/1/17,13:40:50,17,511,433,0.25,8.43,-99.5,-1.2,83.2,8.03,11
8/1/17,13:45:50,17.1,509,433,0.25,8.43,-99.5,-1.6,83.1,8,11
8/1/17,13:50:50,17.2,510,434,0.25,8.42,-99.3,-1.5,83.1,7.98,11
8/1/17,13:55:50,17.31,510,435,0.25,8.42,-99.2,-1.7,83,7.96,11
8/1/17,14:00:50,17.4,511,436,0.25,8.42,-99.2,-1.2,82.9,7.93,11
8/1/17,14:05:50,17.51,510,437,0.25,8.42,-99.3,-1,82.8,7.91,11
8/1/17,14:10:50,17.61,510,438,0.25,8.42,-99.4,-1.4,82.7,7.89,10.9
8/1/17,14:15:50,17.71,510,439,0.25,8.42,-99.4,-0.6,82.7,7.86,10.9
8/1/17,14:20:49,17.79,510,439,0.25,8.42,-99.1,-1.8,82.6,7.84,10.9
8/1/17,14:25:49,17.89,509,440,0.25,8.42,-99.2,-1.8,82.5,7.82,10.9
8/1/17,14:30:50,17.97,508,440,0.25,8.42,-99.3,-1.6,82.6,7.81,11
8/1/17,14:35:49,18.02,508,440,0.25,8.42,-99.4,-0.8,82.4,7.78,10.9
8/1/17,14:40:49,18.11,508,441,0.25,8.42,-99.4,-1.7,82.1,7.75,10.9
8/1/17,14:45:50,18.22,508,443,0.25,8.42,-99.5,-1.8,82.1,7.72,11
8/1/17,14:50:49,18.28,508,443,0.25,8.42,-99.4,-1.9,82,7.71,10.9
8/1/17,14:55:50,18.35,508,443,0.25,8.42,-99.4,-1.7,81.9,7.69,11
8/1/17,15:00:50,18.43,508,444,0.25,8.42,-99.1,-1.5,81.8,7.66,10.9
8/1/17,15:05:49,18.51,508,445,0.25,8.42,-99.2,-1.5,81.8,7.65,10.9
8/1/17,15:10:50,18.58,507,445,0.25,8.42,-99.5,-1.6,81.7,7.63,10.9
8/1/17,15:15:49,18.66,508,447,0.25,8.42,-99.2,-1.6,81.4,7.6,11
8/1/17,15:20:50,18.72,507,446,0.25,8.42,-99.3,-1.9,81.2,7.56,11
8/1/17,15:25:50,18.76,507,447,0.25,8.42,-99.3,-1.8,81.1,7.54,11
8/1/17,15:30:50,18.82,507,447,0.25,8.42,-99.4,-1.8,80.8,7.51,11
8/1/17,15:35:49,18.88,507,448,0.25,8.41,-99.2,-1.6,80.9,7.51,11
8/1/17,15:40:50,18.92,507,448,0.25,8.42,-99.4,-1.8,80.5,7.47,11
8/1/17,15:45:49,18.97,506,448,0.25,8.41,-99,-2.1,80.5,7.46,10.9
8/1/17,15:50:49,19.04,506,448,0.24,8.41,-99.1,-1.9,80.3,7.43,10.9
8/1/17,15:55:49,19.09,506,449,0.24,8.41,-99.2,-1.6,80.1,7.41,11
8/1/17,16:00:49,19.11,506,449,0.25,8.41,-99,-1.8,79.8,7.38,10.9
8/1/17,16:05:49,19.16,506,450,0.25,8.41,-98.9,-1.9,79.7,7.35,11
8/1/17,16:10:49,19.2,507,451,0.25,8.41,-98.8,-1.6,79.4,7.33,11
8/1/17,16:15:49,19.22,507,451,0.25,8.4,-98.7,-1.8,79.2,7.31,11
8/1/17,16:20:49,19.25,506,451,0.25,8.4,-98.6,-1.8,79.1,7.29,11
8/1/17,16:25:49,19.28,507,451,0.25,8.4,-98.7,-1.7,78.9,7.27,11
8/1/17,16:30:49,19.3,506,451,0.25,8.4,-98.4,-1.5,78.6,7.24,11
8/1/17,16:35:49,19.34,515,459,0.25,8.39,-97.8,7.5,77.6,7.14,11
8/1/17,16:40:49,19.35,512,456,0.25,8.39,-97.8,4.3,76.5,7.04,11
8/1/17,16:45:50,19.38,508,453,0.25,8.39,-97.8,-0.4,77.2,7.1,11
8/1/17,16:50:50,19.41,507,453,0.25,8.39,-97.9,-0.8,77.3,7.1,11
8/1/17,16:55:49,19.42,507,453,0.25,8.38,-97.6,-0.7,77.3,7.1,11
8/1/17,17:00:49,19.45,507,453,0.25,8.39,-97.8,-0.8,77.1,7.08,11
8/1/17,17:05:49,19.47,507,453,0.25,8.38,-97.5,-1,77,7.06,11
8/1/17,17:10:49,19.48,507,453,0.25,8.38,-97.7,2.5,76.6,7.03,11
8/1/17,17:15:49,19.46,507,453,0.25,8.38,-97.4,0.3,76.6,7.03,11
8/1/17,17:20:49,19.45,506,453,0.25,8.38,-97.5,-0.3,76.4,7.02,11
8/1/17,17:25:49,19.44,506,452,0.24,8.38,-97.4,3.6,76.4,7.02,11
8/1/17,17:30:49,19.41,507,453,0.25,8.37,-97,3.7,76,6.99,11
8/1/17,17:35:49,19.38,507,452,0.25,8.37,-96.9,0.1,76,6.99,11
8/1/17,17:40:49,19.36,507,452,0.25,8.37,-96.8,1.7,75.8,6.97,11
8/1/17,17:45:49,19.35,506,451,0.24,8.37,-97,0.4,75.8,6.97,11
8/1/17,17:50:50,19.34,506,451,0.24,8.37,-97,-0.5,75.7,6.96,11
8/1/17,17:55:49,19.34,505,451,0.24,8.37,-97,-0.5,75.7,6.96,11
8/1/17,18:00:49,19.34,505,450,0.24,8.38,-97,0.4,75.6,6.96,11
8/1/17,18:05:49,19.34,504,450,0.24,8.38,-97.4,1.8,75.4,6.94,11
8/1/17,18:10:49,19.29,505,450,0.24,8.37,-97,2,75.1,6.91,11
8/1/17,18:15:50,19.23,505,449,0.24,8.37,-96.6,3.1,74.7,6.89,11
8/1/17,18:20:50,19.19,505,449,0.24,8.37,-96.6,6.3,74.5,6.87,11
8/1/17,18:25:49,19.16,505,449,0.24,8.36,-96.3,8.9,74.2,6.85,11
8/1/17,18:30:49,19.14,505,448,0.24,8.36,-96.2,12.2,74,6.84,11
8/1/17,18:35:49,19.12,504,447,0.24,8.36,-96.3,17.8,73.8,6.82,10.9
8/1/17,18:40:49,19.07,503,446,0.24,8.37,-96.4,16.6,73.9,6.83,11
8/1/17,18:45:49,19.03,503,446,0.24,8.37,-96.4,14.2,73.8,6.83,11
8/1/17,18:50:49,18.98,503,446,0.24,8.36,-96.3,10.1,73.7,6.83,11
8/1/17,18:55:49,18.94,504,445,0.24,8.36,-96.1,10,73.5,6.82,11
8/1/17,19:00:49,18.89,504,445,0.24,8.36,-96.1,9.5,73.5,6.82,11
8/1/17,19:05:49,18.85,503,444,0.24,8.36,-96.1,17.2,73.3,6.81,11
8/1/17,19:10:50,18.8,503,444,0.24,8.36,-95.8,14.4,73.2,6.81,11
8/1/17,19:15:50,18.75,504,444,0.24,8.35,-95.7,16.6,72.8,6.78,11
8/1/17,19:20:49,18.69,504,443,0.24,8.35,-95.3,23.5,72.5,6.76,11
8/1/17,19:25:49,18.63,504,443,0.24,8.35,-95.2,18.6,72.5,6.76,11
8/1/17,19:30:49,18.57,504,442,0.24,8.35,-95.2,18.6,72.4,6.77,11
8/1/17,19:35:49,18.51,504,441,0.24,8.35,-95.2,15.3,72.4,6.78,11
8/1/17,19:40:50,18.44,504,441,0.24,8.34,-95,15.5,72.3,6.77,11
8/1/17,19:45:49,18.37,504,440,0.24,8.34,-94.8,17.8,72.1,6.76,11
8/1/17,19:50:49,18.31,504,439,0.24,8.34,-94.5,15.4,72,6.76,11
8/1/17,19:55:49,18.25,503,438,0.24,8.34,-94.8,13.4,71.9,6.76,11
8/1/17,20:00:49,18.18,505,439,0.24,8.33,-94.4,11.3,71.8,6.76,11
8/1/17,20:05:49,18.12,505,439,0.24,8.33,-93.9,10.9,71.5,6.75,11
8/1/17,20:10:49,18.06,505,438,0.24,8.32,-93.7,10.6,71.4,6.74,11
8/1/17,20:15:50,17.99,506,438,0.24,8.32,-93.3,11.9,71.2,6.73,11
8/1/17,20:20:49,17.92,506,438,0.25,8.31,-93.1,16.8,71.1,6.73,11
8/1/17,20:25:49,17.85,506,437,0.25,8.31,-92.6,18.5,71.1,6.74,11
8/1/17,20:30:49,17.77,506,436,0.25,8.3,-92.2,16.7,71,6.74,11
8/1/17,20:35:49,17.69,506,435,0.25,8.3,-92.3,21.1,70.9,6.75,11
8/1/17,20:40:49,17.62,506,435,0.25,8.3,-92.4,18.8,70.9,6.76,11
8/1/17,20:45:50,17.55,506,434,0.25,8.3,-92.1,20.6,70.8,6.76,11
8/1/17,20:50:50,17.48,507,434,0.25,8.29,-91.7,22,70.5,6.74,11
8/1/17,20:55:50,17.39,507,434,0.25,8.29,-91.6,20.3,70.5,6.75,11
8/1/17,21:00:50,17.3,508,433,0.25,8.28,-91.2,18,70.4,6.76,11
8/1/17,21:05:49,17.24,508,433,0.25,8.28,-91.1,17.8,70.3,6.75,10.9
8/1/17,21:10:50,17.18,508,432,0.25,8.28,-91,15.1,70.3,6.76,11
8/1/17,21:15:50,17.11,507,431,0.25,8.28,-91,19.3,70.4,6.78,11
8/1/17,21:20:49,17.05,507,430,0.25,8.27,-90.2,36.8,69.9,6.74,11
8/1/17,21:25:50,17,508,430,0.25,8.26,-89.8,23.7,70,6.76,11
8/1/17,21:30:49,16.94,508,430,0.25,8.26,-90,18.3,69.9,6.76,11
8/1/17,21:35:49,16.87,508,429,0.25,8.27,-90,16.3,70.1,6.78,11
8/1/17,21:40:50,16.81,508,428,0.25,8.26,-89.8,14.5,70.2,6.8,11
8/1/17,21:45:49,16.75,507,427,0.25,8.26,-89.8,21.9,70.2,6.81,11
8/1/17,21:50:49,16.69,508,427,0.25,8.26,-89.5,35.2,70,6.8,10.9
8/1/17,21:55:49,16.62,508,427,0.25,8.25,-89.3,37.1,70,6.81,10.9
8/1/17,22:00:50,16.54,507,425,0.25,8.26,-89.5,19.1,70.3,6.85,11
8/1/17,22:05:50,16.47,507,424,0.25,8.26,-89.8,11.9,70.6,6.89,10.9
8/1/17,22:10:49,16.4,507,424,0.25,8.26,-89.8,10.7,70.6,6.91,10.9
8/1/17,22:15:50,16.33,507,423,0.25,8.26,-89.7,9.7,70.8,6.93,11
8/1/17,22:20:50,16.26,506,422,0.25,8.26,-89.8,10.8,70.9,6.95,11
8/1/17,22:25:50,16.19,506,421,0.25,8.27,-90,9.1,71,6.97,11
8/1/17,22:30:50,16.13,506,420,0.25,8.27,-90.1,7.6,71.1,6.99,11
8/1/17,22:35:50,16.07,506,420,0.25,8.27,-89.8,7.2,71.2,7,11
8/1/17,22:40:50,16.01,506,419,0.25,8.27,-90,10,71.1,7.01,10.9
8/1/17,22:45:50,15.94,506,419,0.25,8.27,-90,9.5,71.2,7.03,11
8/1/17,22:50:50,15.89,506,418,0.25,8.27,-90,7.5,71.3,7.05,11
8/1/17,22:55:50,15.83,506,417,0.25,8.27,-89.9,9.4,71.4,7.07,11
8/1/17,23:00:50,15.76,506,417,0.25,8.27,-90,10.1,71.5,7.08,11
8/1/17,23:05:50,15.69,506,416,0.25,8.26,-89.7,12.2,71.5,7.1,11
8/1/17,23:10:50,15.65,506,416,0.25,8.27,-89.8,16.8,71.5,7.1,10.9
8/1/17,23:15:50,15.61,506,415,0.25,8.26,-89.6,19.5,71.3,7.08,10.9
8/1/17,23:20:50,15.58,506,415,0.25,8.26,-89.4,32.8,71.1,7.07,11
8/1/17,23:25:50,15.53,506,414,0.25,8.26,-89.4,22.8,71,7.07,11
8/1/17,23:30:50,15.47,506,414,0.25,8.26,-89.3,16,71.3,7.11,10.9
8/1/17,23:35:50,15.42,506,413,0.25,8.26,-89.3,13.4,71.3,7.12,11
8/1/17,23:40:50,15.37,506,413,0.25,8.26,-89.6,12.5,71.3,7.13,10.9
8/1/17,23:45:50,15.32,506,412,0.25,8.27,-89.7,11.1,71.5,7.15,10.9
8/1/17,23:50:50,15.26,505,411,0.25,8.27,-89.7,10.8,71.6,7.17,11
8/1/17,23:55:50,15.19,506,411,0.25,8.27,-89.6,11.5,71.6,7.18,11
8/2/17,0:00:50,15.13,506,411,0.25,8.26,-89.4,11.2,71.6,7.19,10.9
8/2/17,0:05:50,15.07,506,410,0.25,8.27,-89.6,10,71.7,7.21,10.9
8/2/17,0:10:50,15.01,506,410,0.25,8.26,-89.3,21.1,71.5,7.2,11
8/2/17,0:15:50,14.96,507,409,0.25,8.26,-89.2,15.6,71.5,7.21,11
8/2/17,0:20:50,14.91,506,409,0.25,8.26,-89.3,12.3,71.5,7.22,10.9
8/2/17,0:25:50,14.86,506,408,0.25,8.26,-89.4,9.7,71.6,7.23,10.9
8/2/17,0:30:50,14.82,507,408,0.25,8.26,-89.1,8.5,71.6,7.24,10.9
8/2/17,0:35:50,14.77,507,408,0.25,8.26,-89.1,8.4,71.7,7.25,10.9
8/2/17,0:40:50,14.72,507,407,0.25,8.26,-89.4,7.8,71.7,7.26,11
8/2/17,0:45:50,14.68,506,406,0.25,8.26,-89.3,7.3,71.7,7.27,11
8/2/17,0:50:50,14.63,507,407,0.25,8.26,-89.2,6.9,71.8,7.29,10.9
8/2/17,0:55:50,14.58,507,406,0.25,8.26,-89.4,7.2,71.8,7.29,10.9
8/2/17,1:00:50,14.54,507,405,0.25,8.26,-89.4,7.4,71.9,7.31,10.9
8/2/17,1:05:50,14.49,507,405,0.25,8.26,-89.2,6.7,71.9,7.33,10.9
8/2/17,1:10:50,14.45,507,404,0.25,8.26,-89.3,6.7,72,7.34,10.9
8/2/17,1:15:50,14.41,507,404,0.25,8.26,-89.3,6.9,72.1,7.36,10.9
8/2/17,1:20:49,14.37,506,403,0.25,8.27,-89.5,7.5,72.2,7.37,10.9
8/2/17,1:25:49,14.32,507,403,0.25,8.26,-89.4,7.8,72.1,7.37,10.9
8/2/17,1:30:49,14.28,507,403,0.25,8.27,-89.4,8.7,72.1,7.37,10.9
8/2/17,1:35:49,14.24,507,402,0.25,8.27,-89.5,9.7,72.2,7.39,10.9
8/2/17,1:40:50,14.2,507,402,0.25,8.27,-89.5,19.2,72.1,7.39,10.9
8/2/17,1:45:49,14.16,506,402,0.25,8.27,-89.6,10,72.1,7.39,10.9
8/2/17,1:50:50,14.13,507,401,0.25,8.27,-89.6,33.3,72.1,7.4,10.9
8/2/17,1:55:50,14.08,507,401,0.25,8.27,-89.7,31.9,72.1,7.41,10.9
8/2/17,2:00:50,14.04,507,401,0.25,8.26,-89.2,25.4,72,7.41,10.9
8/2/17,2:05:50,14.01,507,401,0.25,8.26,-89.2,28.5,72,7.41,10.9
8/2/17,2:10:50,13.98,508,401,0.25,8.26,-88.9,61.8,71.7,7.38,10.9
8/2/17,2:15:50,13.95,508,401,0.25,8.25,-88.3,86.6,71.5,7.37,10.9
8/2/17,2:20:50,13.92,509,401,0.25,8.24,-87.8,69.9,71.4,7.36,10.9
8/2/17,2:25:50,13.89,509,401,0.25,8.23,-87.5,63.6,71.3,7.35,10.9
8/2/17,2:30:50,13.85,509,401,0.25,8.23,-87.2,60.6,71.1,7.35,10.9
8/2/17,2:35:50,13.83,509,400,0.25,8.22,-86.9,86.6,70.8,7.31,10.9
8/2/17,2:40:50,13.79,509,400,0.25,8.22,-86.7,65.7,70.6,7.3,11
8/2/17,2:45:50,13.76,509,400,0.25,8.21,-86.2,66,70.5,7.3,10.9
8/2/17,2:50:50,13.72,509,400,0.25,8.21,-86.2,56.3,70.6,7.31,10.9
8/2/17,2:55:50,13.69,510,400,0.25,8.21,-86.2,59,70.6,7.31,10.9
8/2/17,3:00:50,13.65,510,399,0.25,8.21,-86.1,59.2,70.7,7.33,10.9
8/2/17,3:05:50,13.59,510,399,0.25,8.21,-86.2,62.1,70.9,7.37,10.9
8/2/17,3:10:50,13.54,509,398,0.25,8.22,-86.5,47.8,71.3,7.41,10.9
8/2/17,3:15:50,13.5,510,398,0.25,8.22,-86.7,41.3,71.3,7.42,10.9
8/2/17,3:20:50,13.46,510,398,0.25,8.22,-86.8,47.8,71.3,7.42,10.9
8/2/17,3:25:50,13.42,510,397,0.25,8.23,-87.2,44.1,71.4,7.44,10.9
8/2/17,3:30:50,13.38,510,397,0.25,8.24,-87.5,34.7,71.5,7.46,10.9
8/2/17,3:35:50,13.35,510,396,0.25,8.24,-87.6,30.8,71.6,7.48,10.9
8/2/17,3:40:50,13.32,510,396,0.25,8.24,-87.5,44.8,71.7,7.49,10.9
8/2/17,3:45:50,13.3,510,396,0.25,8.24,-87.7,35.7,71.7,7.49,10.9
8/2/17,3:50:50,13.27,510,396,0.25,8.24,-87.6,29.6,71.7,7.5,10.9
8/2/17,3:55:50,13.24,510,395,0.25,8.24,-87.8,26.6,71.8,7.52,10.9
8/2/17,4:00:50,13.2,510,395,0.25,8.25,-88.1,24.8,72,7.54,10.9
8/2/17,4:05:50,13.17,510,395,0.25,8.25,-88.4,21.7,72.1,7.56,10.9
8/2/17,4:10:50,13.13,510,394,0.25,8.26,-88.6,20.7,72.3,7.59,10.9
8/2/17,4:15:50,13.1,510,394,0.25,8.26,-88.7,20.9,72.5,7.61,10.9
8/2/17,4:20:50,13.06,510,394,0.25,8.26,-88.7,17,72.6,7.62,10.9
8/2/17,4:25:50,13.03,510,394,0.25,8.26,-88.9,15.8,72.7,7.64,10.9
8/2/17,4:30:50,13.01,511,394,0.25,8.26,-88.9,16.6,72.6,7.64,10.9
8/2/17,4:35:50,12.99,511,394,0.25,8.26,-88.7,20.6,72.6,7.64,10.9
8/2/17,4:40:50,12.97,512,394,0.25,8.26,-88.7,23.6,72.5,7.63,10.9
8/2/17,4:45:50,12.94,511,394,0.25,8.26,-88.6,23.2,72.4,7.63,10.9
8/2/17,4:50:50,12.91,512,394,0.25,8.26,-88.7,25,72.4,7.63,10.9
8/2/17,4:55:50,12.88,512,393,0.25,8.25,-88.4,29.3,72.4,7.64,10.9
8/2/17,5:00:50,12.84,512,393,0.25,8.26,-88.6,27.4,72.4,7.64,10.9
8/2/17,5:05:50,12.81,512,393,0.25,8.26,-88.4,26.9,72.3,7.64,10.9
8/2/17,5:10:50,12.78,512,393,0.25,8.26,-88.7,23.6,72.3,7.65,10.9
8/2/17,5:15:50,12.75,512,392,0.25,8.26,-88.6,21.9,72.5,7.67,10.9
8/2/17,5:20:50,12.72,512,392,0.25,8.26,-88.7,20.2,72.6,7.68,10.9
8/2/17,5:25:50,12.7,512,392,0.25,8.26,-88.9,20.6,72.7,7.7,10.9
8/2/17,5:30:50,12.68,512,391,0.25,8.27,-89.1,18.2,72.7,7.71,10.9
8/2/17,5:35:50,12.66,511,391,0.25,8.26,-88.9,18.1,72.6,7.69,10.9
8/2/17,5:40:50,12.64,511,391,0.25,8.27,-89.1,18.2,72.6,7.7,10.9
8/2/17,5:45:50,12.62,511,390,0.25,8.26,-88.9,19.1,72.6,7.7,10.9
8/2/17,5:50:50,12.61,511,390,0.25,8.26,-88.7,19.2,72.5,7.7,10.9
8/2/17,5:55:50,12.59,511,390,0.25,8.26,-88.7,36.5,72.5,7.7,10.9
8/2/17,6:00:50,12.56,512,390,0.25,8.26,-88.4,23.1,72.6,7.71,10.9
8/2/17,6:05:50,12.53,512,390,0.25,8.26,-88.7,18.5,72.6,7.72,10.9
8/2/17,6:10:50,12.51,512,390,0.25,8.26,-88.7,17.5,72.7,7.73,10.9
8/2/17,6:15:50,12.49,511,389,0.25,8.26,-88.4,16.4,72.7,7.74,10.9
8/2/17,6:20:50,12.46,511,389,0.25,8.26,-88.6,15.3,72.7,7.74,10.9
8/2/17,6:25:50,12.43,511,388,0.25,8.26,-88.5,15.1,72.8,7.76,10.9
8/2/17,6:30:50,12.41,511,388,0.25,8.26,-88.7,14,72.9,7.78,10.9
8/2/17,6:35:50,12.38,511,388,0.25,8.26,-88.6,13.4,73,7.79,10.9
8/2/17,6:40:50,12.36,511,387,0.25,8.26,-88.7,12.8,73,7.8,10.9
8/2/17,6:45:50,12.34,511,387,0.25,8.26,-88.7,12.5,73.1,7.81,10.9
8/2/17,6:50:50,12.32,511,387,0.25,8.26,-88.7,11.1,73.3,7.83,10.9
8/2/17,6:55:50,12.3,511,387,0.25,8.26,-88.8,10.8,73.4,7.84,10.9
8/2/17,7:00:50,12.29,511,387,0.25,8.27,-88.9,10,73.5,7.85,10.9
8/2/17,7:05:50,12.27,510,386,0.25,8.27,-89,9.7,73.7,7.88,10.9
8/2/17,7:10:50,12.25,510,386,0.25,8.27,-89.1,12.4,73.8,7.89,10.9
8/2/17,7:15:50,12.23,510,386,0.25,8.28,-89.4,9.2,73.9,7.91,10.9
8/2/17,7:20:50,12.22,510,386,0.25,8.28,-89.5,8.4,74,7.92,10.9
8/2/17,7:25:50,12.21,510,386,0.25,8.28,-89.5,7.8,74.2,7.95,10.9
8/2/17,7:30:50,12.19,510,385,0.25,8.28,-89.6,7.7,74.2,7.96,10.9
8/2/17,7:35:50,12.18,511,386,0.25,8.28,-90,7.1,74.5,7.98,10.9
8/2/17,7:40:50,12.17,510,385,0.25,8.29,-90.1,6.7,74.5,7.99,10.9
8/2/17,7:45:50,12.16,510,385,0.25,8.29,-90.2,7.4,74.7,8,10.9
8/2/17,7:50:50,12.16,510,385,0.25,8.29,-90.1,6.4,74.8,8.02,10.9
8/2/17,7:55:50,12.15,510,385,0.25,8.29,-90.3,5.9,75,8.04,10.9
8/2/17,8:00:50,12.16,509,385,0.25,8.29,-90.5,5.7,75.1,8.05,10.9
8/2/17,8:05:50,12.18,510,385,0.25,8.3,-90.7,5.1,75.4,8.08,10.9
8/2/17,8:10:50,12.22,510,385,0.25,8.3,-90.9,4.7,75.8,8.12,10.9
8/2/17,8:15:50,12.24,509,385,0.25,8.3,-91.1,5.2,76,8.14,10.9
8/2/17,8:20:50,12.26,510,386,0.25,8.31,-91.4,4,76.3,8.16,10.9
8/2/17,8:25:50,12.28,510,386,0.25,8.31,-91.7,4.2,76.5,8.18,10.9
8/2/17,8:30:50,12.3,509,386,0.25,8.32,-91.9,3.4,76.7,8.2,10.9
8/2/17,8:35:50,12.32,509,386,0.25,8.32,-91.9,3.2,76.9,8.21,10.9
8/2/17,8:40:50,12.35,509,386,0.25,8.32,-92.3,2.8,77.1,8.23,10.9
8/2/17,8:45:50,12.37,509,386,0.25,8.33,-92.3,2.3,77.3,8.25,10.9
8/2/17,8:50:50,12.4,509,386,0.25,8.33,-92.5,2.3,77.5,8.27,10.9
8/2/17,8:55:50,12.42,508,386,0.25,8.33,-92.9,2,77.7,8.28,10.9
8/2/17,9:00:50,12.45,508,386,0.25,8.34,-93.1,2,77.9,8.3,10.9
8/2/17,9:05:50,12.48,508,386,0.25,8.34,-93.1,1.9,78,8.3,10.9
8/2/17,9:10:50,12.51,508,387,0.25,8.34,-93.3,1.7,78.3,8.33,10.9
8/2/17,9:15:50,12.54,507,387,0.25,8.35,-93.6,1.7,78.5,8.34,10.9
8/2/17,9:20:50,12.58,507,387,0.25,8.35,-94,1.1,78.6,8.35,10.9
8/2/17,9:25:50,12.61,507,387,0.25,8.36,-94.1,1.1,78.8,8.37,10.9
8/2/17,9:30:50,12.64,507,387,0.25,8.36,-94.5,1,79.1,8.39,10.9
8/2/17,9:35:51,12.68,506,387,0.25,8.37,-94.8,0.7,79.3,8.4,10.9
8/2/17,9:40:50,12.72,506,387,0.25,8.37,-94.8,0.6,79.4,8.41,10.9
8/2/17,9:45:50,12.76,506,388,0.25,8.37,-95.2,0.1,79.6,8.42,10.9
8/2/17,9:50:50,12.8,506,388,0.25,8.38,-95.3,0.3,79.7,8.42,10.9
8/2/17,9:55:50,12.85,506,388,0.25,8.38,-95.5,-0.2,79.9,8.44,10.9
8/2/17,10:00:50,12.91,506,389,0.25,8.38,-95.5,41.1,79.6,8.39,10.9
8/2/17,10:05:50,12.96,505,389,0.25,8.38,-95.6,5.1,79.9,8.41,10.9
8/2/17,10:10:50,13.01,505,389,0.25,8.39,-96,1.5,80.2,8.43,10.9
8/2/17,10:15:50,13.07,505,390,0.25,8.39,-96.4,9.1,80.3,8.44,10.9
8/2/17,10:20:50,13.13,505,391,0.25,8.39,-96.2,12.3,80.2,8.41,10.9
8/2/17,10:25:50,13.19,505,391,0.25,8.39,-96.4,1.8,80.5,8.43,10.9
8/2/17,10:30:50,13.26,505,392,0.25,8.4,-96.6,13.7,80.4,8.41,10.9
8/2/17,10:35:50,13.32,505,392,0.25,8.4,-96.7,1.8,80.7,8.43,10.9
8/2/17,10:40:50,13.38,504,392,0.25,8.4,-96.9,1,80.8,8.43,10.9
8/2/17,10:45:50,13.45,504,393,0.24,8.41,-97.4,0.3,80.9,8.43,10.9
8/2/17,10:50:50,13.52,503,393,0.24,8.41,-97.7,0.6,81.1,8.44,10.9
8/2/17,10:55:50,13.58,503,394,0.24,8.41,-97.8,0.7,81.2,8.44,10.9
8/2/17,11:00:50,13.66,503,394,0.24,8.42,-98,0.2,81.4,8.45,10.9
8/2/17,11:05:50,13.73,503,395,0.24,8.42,-98.3,0.5,81.6,8.44,10.9
8/2/17,11:10:50,13.8,503,395,0.24,8.42,-98.4,0.2,81.6,8.43,10.9
8/2/17,11:15:50,13.87,502,395,0.24,8.43,-98.5,0.1,81.6,8.42,10.9
8/2/17,11:20:50,13.95,502,396,0.24,8.42,-98.4,-0.2,81.6,8.41,10.9
8/2/17,11:25:50,14.05,502,397,0.24,8.43,-98.5,10.8,81.7,8.4,10.9
8/2/17,11:30:50,14.14,502,398,0.24,8.42,-98.4,10.1,81.6,8.37,10.9
8/2/17,11:35:50,14.24,502,399,0.24,8.43,-98.8,2.1,81.9,8.39,10.9
8/2/17,11:40:50,14.32,502,400,0.24,8.43,-98.6,1,82.1,8.39,10.9
8/2/17,11:45:50,14.41,502,400,0.24,8.43,-98.9,0.4,82.2,8.38,10.9
8/2/17,11:50:50,14.5,502,401,0.24,8.43,-99.1,0.1,82.2,8.37,10.9
8/2/17,11:55:50,14.58,502,402,0.24,8.43,-99.1,0.4,82.2,8.35,10.9
8/2/17,12:00:50,14.68,501,403,0.24,8.44,-99.3,0.6,82.4,8.35,10.9
8/2/17,12:05:50,14.77,501,403,0.24,8.44,-99.2,0.1,82.4,8.34,10.9
8/2/17,12:10:50,14.86,501,404,0.24,8.44,-99.4,0,82.4,8.33,10.9
8/2/17,12:15:50,14.97,502,406,0.24,8.43,-99.1,0.1,82.4,8.31,10.9
8/2/17,12:20:50,15.08,502,407,0.24,8.44,-99.4,0,82.5,8.29,10.9
8/2/17,12:25:50,15.18,502,408,0.24,8.43,-99.4,-0.2,82.4,8.27,10.9
8/2/17,12:30:50,15.28,502,409,0.24,8.43,-99.2,0.1,82.4,8.25,10.9
8/2/17,12:35:50,15.38,502,410,0.24,8.43,-99.1,-0.1,82.5,8.24,10.9
8/2/17,12:40:50,15.48,502,411,0.24,8.43,-99.1,-0.2,82.5,8.22,10.9
8/2/17,12:45:50,15.6,502,412,0.24,8.43,-99.2,-0.2,82.5,8.21,10.9
8/2/17,12:50:50,15.71,502,413,0.24,8.43,-99.2,0.3,82.6,8.19,10.9
8/2/17,12:55:50,15.81,501,413,0.24,8.43,-99.4,0.1,82.6,8.17,10.9
8/2/17,13:00:50,15.91,501,414,0.24,8.43,-99.2,-0.2,82.7,8.16,10.9
8/2/17,13:05:50,16.02,501,415,0.24,8.43,-99.5,-0.3,82.7,8.15,10.9
8/2/17,13:10:50,16.13,501,416,0.24,8.43,-99.3,-0.4,82.5,8.12,10.9
8/2/17,13:15:50,16.22,501,417,0.24,8.43,-99.7,-0.7,82.6,8.1,10.9
8/2/17,13:20:50,16.33,501,418,0.24,8.44,-99.7,-0.4,82.6,8.09,10.9
8/2/17,13:25:50,16.43,501,419,0.24,8.44,-99.8,-0.2,82.5,8.06,10.9
8/2/17,13:30:50,16.54,501,420,0.24,8.43,-99.6,-0.5,82.6,8.05,10.9
8/2/17,13:35:50,16.66,500,421,0.24,8.43,-99.5,-0.4,82.6,8.03,10.9
8/2/17,13:40:49,16.75,500,422,0.24,8.43,-99.4,-0.5,82.5,8.01,10.9
8/2/17,13:45:50,16.85,500,422,0.24,8.43,-99.5,-0.4,82.5,7.99,10.9
8/2/17,13:50:49,16.95,500,423,0.24,8.43,-99.7,-0.4,82.5,7.97,10.9
8/2/17,13:55:49,17.04,500,424,0.24,8.43,-99.7,-0.4,82.5,7.95,10.9
8/2/17,14:00:50,17.16,499,425,0.24,8.43,-99.7,-0.4,82.4,7.93,10.9
8/2/17,14:05:49,17.24,499,425,0.24,8.44,-100,-0.7,82.5,7.92,10.9
8/2/17,14:10:50,17.31,499,426,0.24,8.44,-100.1,-0.7,82.4,7.9,10.9
8/2/17,14:15:49,17.41,499,427,0.24,8.44,-100.2,-1,82.3,7.88,10.9
8/2/17,14:20:50,17.52,499,427,0.24,8.43,-100,-0.7,82.3,7.86,10.9
8/2/17,14:25:50,17.6,498,428,0.24,8.44,-100.3,-0.5,82.2,7.83,10.9
8/2/17,14:30:49,17.68,498,429,0.24,8.44,-100.3,110.3,81.9,7.8,10.9
8/2/17,14:35:50,17.78,499,430,0.24,8.44,-100.2,36.3,81.4,7.73,10.9
8/2/17,14:40:50,17.85,498,430,0.24,8.44,-100.2,9.4,81.6,7.74,10.9
8/2/17,14:45:50,17.92,498,430,0.24,8.43,-100.1,0.4,81.6,7.73,10.9
8/2/17,14:50:50,18.01,498,432,0.24,8.43,-100.1,0,81.4,7.7,10.9
8/2/17,14:55:50,18.08,498,432,0.24,8.43,-99.9,3.3,81.1,7.65,10.9
8/2/17,15:00:50,18.15,498,433,0.24,8.43,-100,0,80.9,7.62,10.9
8/2/17,15:05:50,18.23,498,433,0.24,8.43,-99.7,0,80.8,7.6,10.9
8/2/17,15:10:49,18.29,498,434,0.24,8.43,-99.8,2,80.6,7.57,10.9
8/2/17,15:15:49,18.35,498,435,0.24,8.43,-99.9,0.7,80.6,7.56,10.9
8/2/17,15:20:50,18.42,498,435,0.24,8.43,-99.7,2.3,80.2,7.51,10.9
8/2/17,15:25:49,18.47,498,436,0.24,8.42,-99.6,0.8,80.1,7.5,10.9
8/2/17,15:30:49,18.54,498,437,0.24,8.42,-99.5,0.6,79.9,7.47,10.9
8/2/17,15:35:50,18.6,498,437,0.24,8.42,-99.4,6.4,79.6,7.43,10.9
8/2/17,15:40:50,18.63,497,437,0.24,8.42,-99.6,0.9,79.4,7.41,10.9
8/2/17,15:45:50,18.68,498,438,0.24,8.42,-99.2,6.1,79.1,7.37,10.9
8/2/17,15:50:50,18.7,498,438,0.24,8.42,-99.4,2.1,78.8,7.35,10.9
8/2/17,15:55:50,18.75,498,439,0.24,8.42,-99.6,1.4,78.7,7.33,10.9
8/2/17,16:00:50,18.81,498,439,0.24,8.42,-99.4,0.7,78.4,7.29,10.9
8/2/17,16:05:48,15.43,20,16,0.01,8.5,-103.2,-7.3,84.9,8.48,10.9