date,SiteName,solar.time,DO.obs,DO.sat,depth,temp.water,light,DO.mod
2017-06-03,New Hope Creek,2017-06-03T00:00:00Z,7.47,8.58803332749071,0.3754696644986683,22.812,0,7.47
2017-06-03,New Hope Creek,2017-06-03T00:15:00Z,7.47,8.58803332749071,0.3754696644986683,22.812,0,7.459723055495819
2017-06-03,New Hope Creek,2017-06-03T00:30:00Z,7.48,8.601219196505607,0.3737880943450713,22.717,0,7.450166302182387
2017-06-03,New Hope Creek,2017-06-03T00:45:00Z,7.46,8.616715497740252,0.3737880943450713,22.621,0,7.4416521054357405
2017-06-03,New Hope Creek,2017-06-03T01:00:00Z,7.46,8.631999310283968,0.3737880943450713,22.525,0,7.434340563299227
2017-06-03,New Hope Creek,2017-06-03T01:15:00Z,7.46,8.644959111354321,0.3737880943450713,22.429,0,7.428086271459265
2017-06-03,New Hope Creek,2017-06-03T01:30:00Z,7.44,8.64645401845825,0.3737880943450713,22.429,0,7.422515206142335
2017-06-03,New Hope Creek,2017-06-03T01:45:00Z,7.46,8.661132447340552,0.37251489128352805,22.333,0,7.417507470166587
2017-06-03,New Hope Creek,2017-06-03T02:00:00Z,7.48,8.677545572101193,0.37251489128352805,22.238,0,7.413370036059397
2017-06-03,New Hope Creek,2017-06-03T02:15:00Z,7.47,8.693914430732159,0.37251489128352805,22.142,0,7.410223492822354
2017-06-03,New Hope Creek,2017-06-03T02:30:00Z,7.48,8.709717852085465,0.3712311517625427,22.046,0,7.4078605527509005
2017-06-03,New Hope Creek,2017-06-03T02:45:00Z,7.5,8.726292269303553,0.3712311517625427,21.951,0,7.406239326148101
2017-06-03,New Hope Creek,2017-06-03T03:00:00Z,7.5,8.727799770599733,0.3712311517625427,21.951,0,7.4051300850096675
2017-06-03,New Hope Creek,2017-06-03T03:15:00Z,7.46,8.743711841653939,0.36950273952923074,21.855,0,7.404307585688181
2017-06-03,New Hope Creek,2017-06-03T03:30:00Z,7.51,8.760041398488182,0.36950273952923074,21.76,0,7.4040820351548495
2017-06-03,New Hope Creek,2017-06-03T03:45:00Z,7.52,8.777218720586745,0.36819357379928985,21.664,0,7.4044926533270035
2017-06-03,New Hope Creek,2017-06-03T04:00:00Z,7.5,8.794015160441159,0.36687313346042105,21.569,0,7.40537731317858
2017-06-03,New Hope Creek,2017-06-03T04:15:00Z,7.55,8.795532898637843,0.36687313346042105,21.569,0,7.406496496366987
2017-06-03,New Hope Creek,2017-06-03T04:30:00Z,7.56,8.811664417796319,0.3655411809817438,21.473,0,7.40781383616526
2017-06-03,New Hope Creek,2017-06-03T04:45:00Z,7.57,8.831261675090541,0.3655411809817438,21.378,0,7.409727054018552
2017-06-03,New Hope Creek,2017-06-03T05:00:00Z,7.56,8.84930197253699,0.36374691092788947,21.282,35.91600153086594,7.413572915117797
2017-06-03,New Hope Creek,2017-06-03T05:15:00Z,7.56,8.851724875760667,0.36238712720361627,21.282,88.61306794701487,7.420741439905913
2017-06-03,New Hope Creek,2017-06-03T05:30:00Z,7.59,8.868758290040738,0.3610149793639031,21.187,141.9686907025303,7.4317579699082925
2017-06-03,New Hope Creek,2017-06-03T05:45:00Z,7.59,8.888093190889474,0.3596301921961876,21.091,195.75444192679345,7.446851749052594
2017-06-03,New Hope Creek,2017-06-03T06:00:00Z,7.59,8.889263777873225,0.3582324806424901,21.091,249.7400523328178,7.46550818895452
2017-06-03,New Hope Creek,2017-06-03T06:15:00Z,7.63,8.907319373051841,0.3582324806424901,20.996,303.69439705444836,7.48764143266651
2017-06-03,New Hope Creek,2017-06-03T06:30:00Z,7.61,8.923538111780088,0.3568215493105743,20.901,357.3864851168173,7.513395659865137
2017-06-03,New Hope Creek,2017-06-03T06:45:00Z,7.64,8.923176696332385,0.35539709195386837,20.901,410.58644837641907,7.542049511869009
2017-06-03,New Hope Creek,2017-06-03T07:00:00Z,7.66,8.924983773570894,0.3534762242461977,20.901,463.06652563834086,7.573096177360478
2017-06-03,New Hope Creek,2017-06-03T07:15:00Z,7.64,8.940801206861838,0.3520189500136294,20.805,514.6020377401755,7.606727940289802
2017-06-03,New Hope Creek,2017-06-03T07:30:00Z,7.65,8.942611421463871,0.3505470431534131,20.805,564.9723495084264,7.6427847926836225
2017-06-03,New Hope Creek,2017-06-03T07:45:00Z,7.72,8.941887335623058,0.3490601434947203,20.805,613.9618142655975,7.680701830510966
2017-06-03,New Hope Creek,2017-06-03T08:00:00Z,7.75,8.957946928425802,0.3490601434947203,20.71,661.36069711478,7.720657884372374
2017-06-03,New Hope Creek,2017-06-03T08:15:00Z,7.76,8.958490927756412,0.34755787659865256,20.71,706.966072860127,7.762467657930232
2017-06-03,New Hope Creek,2017-06-03T08:30:00Z,7.77,8.959306926752328,0.34603985297261863,20.71,750.582694736642,7.80551030095131
2017-06-03,New Hope Creek,2017-06-03T08:45:00Z,7.78,8.959216260197227,0.34450566722894976,20.71,792.0238303409291,7.849563766097228
2017-06-03,New Hope Creek,2017-06-03T09:00:00Z,7.81,8.95731226254009,0.34450566722894976,20.71,831.112061069648,7.894376398533083
2017-06-03,New Hope Creek,2017-06-03T09:15:00Z,7.77,8.956314930433969,0.34347369001261024,20.71,867.6800416640565,7.9397146978668545
2017-06-03,New Hope Creek,2017-06-03T09:30:00Z,7.85,8.939715078100617,0.3419116204869232,20.805,901.5712166615413,7.984988430045198
2017-06-03,New Hope Creek,2017-06-03T09:45:00Z,7.96,8.936275670356753,0.3419116204869232,20.805,932.6404906338698,8.029935915973786
2017-06-03,New Hope Creek,2017-06-03T10:00:00Z,8,8.9387194600695,0.3419116204869232,20.805,960.7548493947733,8.074818057404212
2017-06-03,New Hope Creek,2017-06-03T10:15:00Z,8.09,8.919743249579223,0.3419116204869232,20.901,985.7939294336512,8.119022647549562
2017-06-03,New Hope Creek,2017-06-03T10:30:00Z,8.09,8.919743249579223,0.34033222302910177,20.901,1007.6505332296236,8.16226451466065
2017-06-03,New Hope Creek,2017-06-03T10:45:00Z,8.08,8.903170209115558,0.34033222302910177,20.996,1026.231088161774,8.204391809889485
2017-06-03,New Hope Creek,2017-06-03T11:00:00Z,8.17,8.901636822443452,0.3419116204869232,20.996,1041.4560471486673,8.245145557626968
2017-06-03,New Hope Creek,2017-06-03T11:15:00Z,8.25,8.883320797801884,0.3419116204869232,21.091,1053.2602291666828,8.28426456825042
2017-06-03,New Hope Creek,2017-06-03T11:30:00Z,8.22,8.864533457382775,0.34347369001261024,21.187,1061.5930983204296,8.321112294116178
2017-06-03,New Hope Creek,2017-06-03T11:45:00Z,8.14,8.84634064637472,0.34347369001261024,21.282,1066.4189801894051,8.355518353638944
2017-06-03,New Hope Creek,2017-06-03T12:00:00Z,8.2,8.826513763865895,0.34501888397252767,21.378,1067.717214549266,8.387287966728625
2017-06-03,New Hope Creek,2017-06-03T12:15:00Z,8.18,8.810591239995263,0.3465476362829799,21.473,1065.4822438234917,8.416319713707429
2017-06-03,New Hope Creek,2017-06-03T12:30:00Z,8.27,8.794282996593516,0.34755787659865256,21.569,1059.7236368686545,8.442571812346738
2017-06-03,New Hope Creek,2017-06-03T12:45:00Z,8.49,8.759774468999236,0.3490601434947203,21.76,1050.466048008281,8.465414135369684
2017-06-03,New Hope Creek,2017-06-03T13:00:00Z,8.49,8.742201782244269,0.3510393265674485,21.855,1037.7491114668694,8.484710342714617
2017-06-03,New Hope Creek,2017-06-03T13:15:00Z,8.52,8.709894908479399,0.35250631654910747,22.046,1021.6272717021332,8.500434912640829
2017-06-03,New Hope Creek,2017-06-03T13:30:00Z,8.61,8.691439822965211,0.3539587909176924,22.142,1002.1695502848913,8.512498734039685
2017-06-03,New Hope Creek,2017-06-03T13:45:00Z,8.62,8.657961445577747,0.35539709195386837,22.333,979.4592504324036,8.520809586780285
2017-06-03,New Hope Creek,2017-06-03T14:00:00Z,8.58,8.64179342572247,0.3568215493105743,22.429,953.5936003234947,8.525397001151784
2017-06-03,New Hope Creek,2017-06-03T14:15:00Z,8.57,8.624361702263231,0.3596301921961876,22.525,924.6833368793966,8.52669039951383
2017-06-03,New Hope Creek,2017-06-03T14:30:00Z,8.6,8.592469593637112,0.3596301921961876,22.717,892.8522316384783,8.52420453964471
2017-06-03,New Hope Creek,2017-06-03T14:45:00Z,8.53,8.576590204884171,0.3610149793639031,22.812,858.2365608997335,8.517978756269029
2017-06-03,New Hope Creek,2017-06-03T15:00:00Z,8.49,8.558593651591895,0.3610149793639031,22.908,820.9845222192477,8.508406751319264
2017-06-03,New Hope Creek,2017-06-03T15:15:00Z,8.53,8.541178191651008,0.36238712720361627,23.004,781.2556000325299,8.495453196531292
2017-06-03,New Hope Creek,2017-06-03T15:30:00Z,8.5,8.526166232235811,0.36238712720361627,23.1,739.2198827881452,8.479217924149195
2017-06-03,New Hope Creek,2017-06-03T15:45:00Z,8.57,8.524427853184289,0.36238712720361627,23.1,695.0573348095974,8.460138921726225
2017-06-03,New Hope Creek,2017-06-03T16:00:00Z,8.58,8.509814522596738,0.3641974707954259,23.196,648.9570257702275,8.438303744257414
2017-06-03,New Hope Creek,2017-06-03T16:15:00Z,8.56,8.510335176545334,0.3641974707954259,23.196,601.1163213241763,8.413805118172412
2017-06-03,New Hope Creek,2017-06-03T16:30:00Z,8.49,8.493169264242661,0.3641974707954259,23.292,551.7400380424169,8.386542630511986
2017-06-03,New Hope Creek,2017-06-03T16:45:00Z,8.47,8.49342916294406,0.3641974707954259,23.292,501.0395666480913,8.356560677351549
2017-06-03,New Hope Creek,2017-06-03T17:00:00Z,8.4,8.478048197942764,0.3641974707954259,23.388,449.2319669000234,8.32397841744308
2017-06-03,New Hope Creek,2017-06-03T17:15:00Z,8.38,8.476318384396647,0.3655411809817438,23.388,396.53903840564664,8.288899187310106
2017-06-03,New Hope Creek,2017-06-03T17:30:00Z,8.33,8.47830766997468,0.3655411809817438,23.388,343.1863709939189,8.251907822846508
2017-06-03,New Hope Creek,2017-06-03T17:45:00Z,8.27,8.462112399636018,0.3641974707954259,23.484,289.4023789152991,8.212495593847994
2017-06-03,New Hope Creek,2017-06-03T18:00:00Z,8.2,8.462975889498635,0.3641974707954259,23.484,235.41732297915306,8.170740948098837
2017-06-03,New Hope Creek,2017-06-03T18:15:00Z,8.14,8.462975889498635,0.3641974707954259,23.484,181.46232475757338,8.127318216524971
2017-06-03,New Hope Creek,2017-06-03T18:30:00Z,8.16,8.450206932691142,0.3641974707954259,23.581,127.76837707618175,8.081965179960642
2017-06-03,New Hope Creek,2017-06-03T18:45:00Z,8.07,8.451068996264526,0.3641974707954259,23.581,74.5653550711407,8.03485015396928
2017-06-03,New Hope Creek,2017-06-03T19:00:00Z,7.97,8.451068996264526,0.3641974707954259,23.581,22.08103212900653,7.98646902079947
2017-06-03,New Hope Creek,2017-06-03T19:15:00Z,7.99,8.451931059837914,0.3641974707954259,23.581,0,7.938079292036405
2017-06-03,New Hope Creek,2017-06-03T19:30:00Z,7.88,8.452534504339283,0.3641974707954259,23.581,0,7.891695899033586
2017-06-03,New Hope Creek,2017-06-03T19:45:00Z,7.85,8.45400001241404,0.3641974707954259,23.581,0,7.8480602150864955
2017-06-03,New Hope Creek,2017-06-03T20:00:00Z,7.79,8.454603456915411,0.3641974707954259,23.581,0,7.807013019522255
2017-06-03,New Hope Creek,2017-06-03T20:15:00Z,7.78,8.45787929849428,0.3641974707954259,23.581,0,7.768456769406993
2017-06-03,New Hope Creek,2017-06-03T20:30:00Z,7.68,8.456413790419523,0.3641974707954259,23.581,0,7.7321871781842475
2017-06-03,New Hope Creek,2017-06-03T20:45:00Z,7.64,8.458827568425002,0.3641974707954259,23.581,0,7.698046764647005
2017-06-03,New Hope Creek,2017-06-03T21:00:00Z,7.59,8.475755539465386,0.3641974707954259,23.484,0,7.666391532882028
2017-06-03,New Hope Creek,2017-06-03T21:15:00Z,7.51,8.475755539465386,0.36284174891953536,23.484,0,7.636863272671568
2017-06-03,New Hope Creek,2017-06-03T21:30:00Z,7.48,8.4773098212181,0.36284174891953536,23.484,0,7.608944893995511
2017-06-03,New Hope Creek,2017-06-03T21:45:00Z,7.42,8.476446331355481,0.36284174891953536,23.484,0,7.582660676706561
2017-06-03,New Hope Creek,2017-06-03T22:00:00Z,7.43,8.490935308861326,0.36284174891953536,23.388,0,7.558229073948197
2017-06-03,New Hope Creek,2017-06-03T22:15:00Z,7.39,8.49102179953863,0.36284174891953536,23.388,0,7.535568946439567
2017-06-03,New Hope Creek,2017-06-03T22:30:00Z,7.41,8.50555776900925,0.36284174891953536,23.292,0,7.514573168901806
2017-06-03,New Hope Creek,2017-06-03T22:45:00Z,7.39,8.505644401909716,0.3610149793639031,23.292,0,7.494950962961484
2017-06-03,New Hope Creek,2017-06-03T23:00:00Z,7.42,8.505904300611114,0.3610149793639031,23.292,0,7.476274780750625
2017-06-03,New Hope Creek,2017-06-03T23:15:00Z,7.34,8.5217027877563,0.3610149793639031,23.196,0,7.459066535009821
2017-06-03,New Hope Creek,2017-06-03T23:30:00Z,7.34,8.52257054433729,0.3610149793639031,23.196,0,7.443258132253128
2017-06-03,New Hope Creek,2017-06-03T23:45:00Z,7.38,8.538421804549046,0.3610149793639031,23.1,0,7.428765542948459
2017-06-04,Eno River,2017-06-03T23:59:00Z,6.03,8.373359509676163,0.3673154511982556,23.52,0,6.03
2017-06-04,Eno River,2017-06-04T00:14:00Z,6.03,8.373359509676163,0.3673154511982556,23.52,0,6.017265126009818
2017-06-04,Eno River,2017-06-04T00:29:00Z,6.03,8.382545984861084,0.3673154511982556,23.44,0,6.005432692904266
2017-06-04,Eno River,2017-06-04T00:44:00Z,5.95,8.394872155570294,0.3673154511982556,23.36,0,5.994680910194764
2017-06-04,Eno River,2017-06-04T00:59:00Z,5.93,8.402752613833256,0.36419833053467726,23.3,0,5.984281662352802
2017-06-04,Eno River,2017-06-04T01:14:00Z,5.89,8.41478807983848,0.36419833053467726,23.22,0,5.974201000157365
2017-06-04,Eno River,2017-06-04T01:29:00Z,5.97,8.428158899934907,0.36419833053467726,23.14,0,5.9651994174771525
2017-06-04,Eno River,2017-06-04T01:44:00Z,5.88,8.440609145611527,0.36419833053467726,23.06,0,5.957220597184007
2017-06-04,Eno River,2017-06-04T01:59:00Z,5.93,8.45274470282825,0.36419833053467726,22.98,0,5.9501629758803505
2017-06-04,Eno River,2017-06-04T02:14:00Z,5.87,8.464302612024833,0.36419833053467726,22.9,0,5.943941667180492
2017-06-04,Eno River,2017-06-04T02:29:00Z,5.88,8.476503235676159,0.36419833053467726,22.82,0,5.938505394011251
2017-06-04,Eno River,2017-06-04T02:44:00Z,5.93,8.489961477127153,0.36419833053467726,22.74,0,5.933860136245162
2017-06-04,Eno River,2017-06-04T02:59:00Z,5.96,8.503544005868164,0.36419833053467726,22.66,0,5.929996305162657
2017-06-04,Eno River,2017-06-04T03:14:00Z,5.94,8.515234139187442,0.36419833053467726,22.58,0,5.926812657907483
2017-06-04,Eno River,2017-06-04T03:29:00Z,5.95,8.527468657414348,0.36419833053467726,22.52,0,5.92426287484491
2017-06-04,Eno River,2017-06-04T03:44:00Z,5.97,8.541681211097869,0.36419833053467726,22.44,0,5.922380666525309
2017-06-04,Eno River,2017-06-04T03:59:00Z,5.99,8.55566865724103,0.36419833053467726,22.36,0,5.921138946159117
2017-06-04,Eno River,2017-06-04T04:14:00Z,5.95,8.566140395159755,0.3673154511982556,22.3,0,5.921080138522271
2017-06-04,Eno River,2017-06-04T04:29:00Z,5.99,8.580195165737262,0.3673154511982556,22.22,0,5.922134833643673
2017-06-04,Eno River,2017-06-04T04:44:00Z,5.97,8.590717477478313,0.3673154511982556,22.16,0,5.923583194647164
2017-06-04,Eno River,2017-06-04T04:59:00Z,5.98,8.601526885264592,0.36993755901287956,22.1,36.431856280389006,5.92691787537865
2017-06-04,Eno River,2017-06-04T05:14:00Z,5.95,8.61297844985856,0.36993755901287956,22.04,88.98933750333647,5.93354429481262
2017-06-04,Eno River,2017-06-04T05:29:00Z,5.97,8.619621898073364,0.3729413910794863,22,142.21208743901224,5.943701180169282
2017-06-04,Eno River,2017-06-04T05:44:00Z,5.98,8.624767257737085,0.3729413910794863,21.96,195.87224894079822,5.957058828455322
2017-06-04,Eno River,2017-06-04T05:59:00Z,5.99,8.633113784341267,0.3729413910794863,21.92,249.7400922784335,5.972908797196021
2017-06-04,Eno River,2017-06-04T06:14:00Z,6.03,8.638630695385629,0.3729413910794863,21.88,303.5849986285766,5.991124405020785
2017-06-04,Eno River,2017-06-04T06:29:00Z,6.03,8.640637036620374,0.3729413910794863,21.86,357.17644739822583,6.011416866111369
2017-06-04,Eno River,2017-06-04T06:44:00Z,6.1,8.642911297294113,0.3729413910794863,21.84,410.2850031722013,6.033590398344586
2017-06-04,Eno River,2017-06-04T06:59:00Z,6.12,8.643266699644974,0.3729413910794863,21.84,462.6832979266352,6.0574926987139355
2017-06-04,Eno River,2017-06-04T07:14:00Z,6.15,8.642911297294113,0.3729413910794863,21.84,514.1470044505622,6.0829388635016
2017-06-04,Eno River,2017-06-04T07:29:00Z,6.13,8.640281759929737,0.3729413910794863,21.86,564.4557967322813,6.109730542980639
2017-06-04,Eno River,2017-06-04T07:44:00Z,6.11,8.631605458046735,0.36993755901287956,21.92,613.3942932177114,6.137111123415977
2017-06-04,Eno River,2017-06-04T07:59:00Z,6.12,8.626274519706527,0.36993755901287956,21.96,660.7529788980034,6.164928279790117
2017-06-04,Eno River,2017-06-04T08:14:00Z,6.13,8.616653303472589,0.36993755901287956,22.02,706.3291022830381,6.193512176141383
2017-06-04,Eno River,2017-06-04T08:29:00Z,6.24,8.597685496596679,0.36993755901287956,22.12,749.9275434285561,6.222412399320865
2017-06-04,Eno River,2017-06-04T08:44:00Z,6.3,8.584553648368786,0.3673154511982556,22.2,791.3616492448613,6.25103392310455
2017-06-04,Eno River,2017-06-04T08:59:00Z,6.26,8.56640479797841,0.3673154511982556,22.3,830.4540326385104,6.279285133237535
2017-06-04,Eno River,2017-06-04T09:14:00Z,6.19,8.5468894932731,0.36419833053467726,22.42,867.0373318938987,6.3068633221524575
2017-06-04,Eno River,2017-06-04T09:29:00Z,6.3,8.515749828566529,0.36419833053467726,22.6,900.9549272195759,6.333397397715975
2017-06-04,Eno River,2017-06-04T09:44:00Z,6.24,8.48934755222416,0.36419833053467726,22.76,932.0616112330878,6.359082440003074
2017-06-04,Eno River,2017-06-04T09:59:00Z,6.3,8.45786605647536,0.36419833053467726,22.94,960.22421062217,6.383766487006004
2017-06-04,Eno River,2017-06-04T10:14:00Z,6.33,8.429096082741859,0.36419833053467726,23.12,985.322156310831,6.407270684182608
2017-06-04,Eno River,2017-06-04T10:29:00Z,6.31,8.404172234464264,0.36419833053467726,23.26,1007.2479995843407,6.429598752619973
2017-06-04,Eno River,2017-06-04T10:44:00Z,6.47,8.371781402156158,0.36419833053467726,23.46,1025.9078721470908,6.45053142416717
2017-06-04,Eno River,2017-06-04T10:59:00Z,6.53,8.339607264765764,0.3614746194616182,23.66,1041.2218879439674,6.469448395384257
2017-06-04,Eno River,2017-06-04T11:14:00Z,6.68,8.296421120571663,0.3614746194616182,23.92,1053.1244851875638,6.4860026465470755
2017-06-04,Eno River,2017-06-04T11:29:00Z,6.51,8.260885803971464,0.3614746194616182,24.14,1061.5647070304965,6.5003893749709984
2017-06-04,Eno River,2017-06-04T11:44:00Z,6.33,8.23071868484303,0.3614746194616182,24.32,1066.506419717773,6.512800260311181
2017-06-04,Eno River,2017-06-04T11:59:00Z,6.17,8.211244817272718,0.3614746194616182,24.44,1067.928467273568,6.5234971622471765
2017-06-04,Eno River,2017-06-04T12:14:00Z,6.21,8.188382149827296,0.3614746194616182,24.58,1065.824762074952,6.532540447161379
2017-06-04,Eno River,2017-06-04T12:29:00Z,5.84,8.166300911203864,0.3614746194616182,24.72,1060.204310906347,6.539760725336985
2017-06-04,Eno River,2017-06-04T12:44:00Z,5.97,8.143308109145478,0.3614746194616182,24.86,1051.0911764001946,6.545051744267613
2017-06-04,Eno River,2017-06-04T12:59:00Z,6.21,8.139622315293039,0.3614746194616182,24.88,1038.5243740054884,6.54875272852849
2017-06-04,Eno River,2017-06-04T13:14:00Z,6.4,8.119208434623472,0.3614746194616182,24.98,1022.5577049702202,6.550792061868286
2017-06-04,Eno River,2017-06-04T13:29:00Z,6.52,8.09431972432712,0.3614746194616182,25.12,1003.259525983194,6.550554297167471
2017-06-04,Eno River,2017-06-04T13:44:00Z,6.6,8.078923890882987,0.3614746194616182,25.22,980.7124565345798,6.548139753825032
2017-06-04,Eno River,2017-06-04T13:59:00Z,6.62,8.070466051150747,0.3614746194616182,25.26,955.0130251922234,6.543893592095307
2017-06-04,Eno River,2017-06-04T14:14:00Z,6.6,8.06783332403322,0.3582333012963947,25.28,926.2712563614448,6.537598515853131
2017-06-04,Eno River,2017-06-04T14:29:00Z,6.6,8.054725185331685,0.3553979195915387,25.36,894.6101992277594,6.528684307383884
2017-06-04,Eno River,2017-06-04T14:44:00Z,6.54,8.048922842561376,0.3553979195915387,25.38,860.1654009534353,6.517493320988197
2017-06-04,Eno River,2017-06-04T14:59:00Z,6.53,8.040815141446691,0.3553979195915387,25.44,823.0843263980313,6.5045511559456894
2017-06-04,Eno River,2017-06-04T15:14:00Z,6.5,8.038283144188336,0.3582333012963947,25.46,783.5257267659903,6.490361561023133
2017-06-04,Eno River,2017-06-04T15:29:00Z,6.57,8.03692204725978,0.3582333012963947,25.48,741.6589599453443,6.47503849776535
2017-06-04,Eno River,2017-06-04T15:44:00Z,6.6,8.032973548326042,0.3582333012963947,25.5,697.6632655185781,6.458046964540875
2017-06-04,Eno River,2017-06-04T15:59:00Z,6.6,8.025084194072386,0.3582333012963947,25.54,651.7269973270332,6.439192152037897
2017-06-04,Eno River,2017-06-04T16:14:00Z,6.63,8.029589840235902,0.3582333012963947,25.54,604.0468171339842,6.418725589729869
2017-06-04,Eno River,2017-06-04T16:29:00Z,6.6,8.034285900117059,0.3582333012963947,25.52,554.826852668149,6.396976932716573
2017-06-04,Eno River,2017-06-04T16:44:00Z,6.54,8.037005566868691,0.3582333012963947,25.48,504.27782369879185,6.373838247587462
2017-06-04,Eno River,2017-06-04T16:59:00Z,6.5,8.041374379113597,0.3582333012963947,25.46,452.6161399593975,6.349313037588375
2017-06-04,Eno River,2017-06-04T17:14:00Z,6.5,8.042235902708159,0.3582333012963947,25.44,400.0629745613829,6.323393595381377
2017-06-04,Eno River,2017-06-04T17:29:00Z,6.48,8.044769991978495,0.3582333012963947,25.42,346.843317207174,6.296062601764598
2017-06-04,Eno River,2017-06-04T17:44:00Z,6.49,8.046720308832255,0.3582333012963947,25.4,293.1850109117275,6.267408298062998
2017-06-04,Eno River,2017-06-04T17:59:00Z,6.43,8.054808868941985,0.3582333012963947,25.36,239.31777656525605,6.237639592525104
2017-06-04,Eno River,2017-06-04T18:14:00Z,6.32,8.06913929197604,0.3582333012963947,25.3,185.47222948437133,6.207150193109619
2017-06-04,Eno River,2017-06-04T18:29:00Z,6.31,8.075160019225265,0.3582333012963947,25.26,131.87889210649834,6.175923573714346
2017-06-04,Eno River,2017-06-04T18:44:00Z,6.29,8.082446678937057,0.3582333012963947,25.22,78.7672070259784,6.143829446972073
2017-06-04,Eno River,2017-06-04T18:59:00Z,6.24,8.087728458254992,0.3582333012963947,25.18,26.364554807962442,6.110929211656614
2017-06-04,Eno River,2017-06-04T19:14:00Z,6.2,8.092386917281338,0.3614746194616182,25.16,0,6.0786987507661046
2017-06-04,Eno River,2017-06-04T19:29:00Z,6.21,8.094655779915497,0.3614746194616182,25.12,0,6.04852902854453
2017-06-04,Eno River,2017-06-04T19:44:00Z,6.13,8.10138318589288,0.3614746194616182,25.08,0,6.020391452315072
2017-06-04,Eno River,2017-06-04T19:59:00Z,6.11,8.10584798011474,0.36419833053467726,25.04,0,5.994804784298482
2017-06-04,Eno River,2017-06-04T20:14:00Z,6.04,8.116429571237646,0.36419833053467726,24.98,0,5.971695819795132
2017-06-04,Eno River,2017-06-04T20:29:00Z,6.05,8.12445045848986,0.36419833053467726,24.94,0,5.950437081690051
2017-06-04,Eno River,2017-06-04T20:44:00Z,5.98,8.131554323604345,0.3673154511982556,24.9,0,5.931487421606499
2017-06-04,Eno River,2017-06-04T20:59:00Z,5.97,8.138751849605578,0.3673154511982556,24.86,0,5.9146758936696555
2017-06-04,Eno River,2017-06-04T21:14:00Z,5.96,8.145283344571434,0.36993755901287956,24.82,0,5.899737963796487
2017-06-04,Eno River,2017-06-04T21:29:00Z,5.93,8.152752739480338,0.36993755901287956,24.78,0,5.886564083441539
2017-06-04,Eno River,2017-06-04T21:44:00Z,5.96,8.156681116333386,0.36993755901287956,24.74,0,5.874422009113651
2017-06-04,Eno River,2017-06-04T21:59:00Z,5.95,8.162391176440282,0.36993755901287956,24.7,0,5.863192154260902
2017-06-04,Eno River,2017-06-04T22:14:00Z,5.87,8.16633094024672,0.36993755901287956,24.66,0,5.852817090742921
2017-06-04,Eno River,2017-06-04T22:29:00Z,5.78,8.176868525316523,0.36993755901287956,24.6,0,5.843357286094772
2017-06-04,Eno River,2017-06-04T22:44:00Z,5.83,8.18929304876272,0.3729413910794863,24.54,0,5.835591895636088
2017-06-04,Eno River,2017-06-04T22:59:00Z,5.92,8.202486667797768,0.381620745858403,24.42,0,5.831105065654593
2017-06-04,Eno River,2017-06-04T23:14:00Z,5.92,8.212676280302697,0.39877196891868144,24.36,0,5.832176664291231
2017-06-04,Eno River,2017-06-04T23:29:00Z,5.89,8.219905283878944,0.39877196891868144,24.3,0,5.83667355334031
2017-06-04,Eno River,2017-06-04T23:44:00Z,5.78,8.230049394774513,0.39877196891868144,24.22,0,5.841187923053682
2017-07-11,Arikaree River,NA,NA,NA,NA,NA,NA,NA
2017-07-18,Lower Knowton Fork Red Butte Creek,2017-07-18T00:13:00Z,9.14,11.565228394280652,0.08823253968,8.91,0,9.14
2017-07-18,Lower Knowton Fork Red Butte Creek,2017-07-18T00:28:00Z,9.14,11.563765182186234,0.08823253968,8.89,0,9.145809643765576
2017-07-18,Lower Knowton Fork Red Butte Creek,2017-07-18T00:43:00Z,9.15,11.57202478816239,0.08823253968,8.87,0,9.14962071212982
2017-07-18,Lower Knowton Fork Red Butte Creek,2017-07-18T00:58:00Z,9.16,11.58906882591093,0.08823253968,8.85,0,9.157419474499681
2017-07-18,Lower Knowton Fork Red Butte Creek,2017-07-18T01:13:00Z,9.16,11.58906882591093,0.08823253968,8.83,0,9.164888220905356
2017-07-18,Lower Knowton Fork Red Butte Creek,2017-07-18T01:28:00Z,9.16,11.587602783048704,0.08823253968,8.82,0,9.167460610005435
2017-07-18,Lower Knowton Fork Red Butte Creek,2017-07-18T01:43:00Z,9.17,11.59585230146687,0.08823253968,8.8,0,9.169932349614301
2017-07-18,Lower Knowton Fork Red Butte Creek,2017-07-18T01:58:00Z,9.17,11.600253004427579,0.08823253968,8.79,0,9.173915706722543
2017-07-18,Lower Knowton Fork Red Butte Creek,2017-07-18T02:13:00Z,9.18,11.608497723823977,0.08823253968,8.77,0,9.178604983715626
2017-07-18,Lower Knowton Fork Red Butte Creek,2017-07-18T02:28:00Z,9.18,11.60996585304161,0.08823253968,8.75,0,9.182668316535716
2017-07-18,Lower Knowton Fork Red Butte Creek,2017-07-18T02:43:00Z,9.19,11.621143146181083,0.08823253968,8.73,0,9.187214693272578
2017-07-18,Lower Knowton Fork Red Butte Creek,2017-07-18T02:58:00Z,9.19,11.6196737893539,0.08823253968,8.71,0,9.191209725097906
2017-07-18,Lower Knowton Fork Red Butte Creek,2017-07-18T03:13:00Z,9.19,11.6196737893539,0.08823253968,8.7,0,9.192160268475305
2017-07-18,Lower Knowton Fork Red Butte Creek,2017-07-18T03:28:00Z,9.2,11.633788568538188,0.08823253968,8.68,0,9.195811152191085
2017-07-18,Lower Knowton Fork Red Butte Creek,2017-07-18T03:43:00Z,9.2,11.635259896294421,0.08823253968,8.67,0,9.20112112483457
2017-07-18,Lower Knowton Fork Red Butte Creek,2017-07-18T03:58:00Z,9.2,11.630847029077117,0.08823253968,8.66,0,9.202480969765114
2017-07-18,Lower Knowton Fork Red Butte Creek,2017-07-18T04:13:00Z,9.21,11.640546006066735,0.08823253968,8.65,0,9.204162613587922
2017-07-18,Lower Knowton Fork Red Butte Creek,2017-07-18T04:28:00Z,9.21,11.642017444065226,0.08823253968,8.64,0,9.2075542508325
2017-07-18,Lower Knowton Fork Red Butte Creek,2017-07-18T04:43:00Z,9.22,11.650240080869347,0.08823253968,8.62,0,9.21117923415229
2017-07-18,Lower Knowton Fork Red Butte Creek,2017-07-18T04:58:00Z,9.22,11.647296614451745,0.08823253968,8.62,75.20825230271701,9.213790615857521
2017-07-18,Lower Knowton Fork Red Butte Creek,2017-07-18T05:13:00Z,9.22,11.648768161718257,0.08823253968,8.61,178.82017632508126,9.214131977898903
2017-07-18,Lower Knowton Fork Red Butte Creek,2017-07-18T05:28:00Z,9.23,11.658456486042693,0.08823253968,8.59,284.0352037590975,9.216334848741159
2017-07-18,Lower Knowton Fork Red Butte Creek,2017-07-18T05:43:00Z,9.23,11.658456486042693,0.08823253968,8.58,390.40284095622565,9.219020026811037
2017-07-18,Lower Knowton Fork Red Butte Creek,2017-07-18T05:58:00Z,9.23,11.656984086890628,0.08823253968,8.59,497.467659029251,9.219513923054551
2017-07-18,Lower Knowton Fork Red Butte Creek,2017-07-18T06:13:00Z,9.23,11.654040404040403,0.08823253968,8.59,604.7712439489592,9.218374429931112
2017-07-18,Lower Knowton Fork Red Butte Creek,2017-07-18T06:28:00Z,9.23,11.651098207523352,0.08823253968,8.6,711.8541591126697,9.216076482206276
2017-07-18,Lower Knowton Fork Red Butte Creek,2017-07-18T06:43:00Z,9.22,11.642884202550828,0.08823253968,8.62,818.2579126946478,9.212197267563553
2017-07-18,Lower Knowton Fork Red Butte Creek,2017-07-18T06:58:00Z,9.23,11.648157496214035,0.08823253968,8.63,923.5269206311123,9.209751252682706
2017-07-18,Lower Knowton Fork Red Butte Creek,2017-07-18T07:13:00Z,9.22,11.637006184526065,0.08823253968,8.65,1027.2104573044326,9.207206318648803
2017-07-18,Lower Knowton Fork Red Butte Creek,2017-07-18T07:28:00Z,9.22,11.632601564471361,0.08823253968,8.66,1128.8645854238077,9.202059915196722
2017-07-18,Lower Knowton Fork Red Butte Creek,2017-07-18T07:43:00Z,9.21,11.624384702764106,0.08823253968,8.69,1228.0540567075284,9.196651815628263
2017-07-18,Lower Knowton Fork Red Butte Creek,2017-07-18T07:58:00Z,9.21,11.61705348133199,0.08823253968,8.74,1324.3541756537186,9.191068753908828
2017-07-18,Lower Knowton Fork Red Butte Creek,2017-07-18T08:13:00Z,9.19,11.591826437941473,0.08823253968,8.79,1417.3526177626063,9.181252868300342
2017-07-18,Lower Knowton Fork Red Butte Creek,2017-07-18T08:28:00Z,9.19,11.585980837115482,0.08823253968,8.86,1506.6511951000082,9.17021269658496
2017-07-18,Lower Knowton Fork Red Butte Creek,2017-07-18T08:43:00Z,9.17,11.562224183583407,0.08823253968,8.94,1591.8675611116055,9.15952268177298
2017-07-18,Lower Knowton Fork Red Butte Creek,2017-07-18T08:58:00Z,9.14,11.522945032778619,0.08823253968,9.04,1672.6368477774788,9.140627781650066
2017-07-18,Lower Knowton Fork Red Butte Creek,2017-07-18T09:13:00Z,9.12,11.50208096859629,0.08823253968,9.15,1748.6132278563957,9.119203285591984
2017-07-18,Lower Knowton Fork Red Butte Creek,2017-07-18T09:28:00Z,9.09,11.459909228441756,0.08823253968,9.28,1819.4713955642922,9.09633650933506
2017-07-18,Lower Knowton Fork Red Butte Creek,2017-07-18T09:43:00Z,9.07,11.428931451612904,0.08823253968,9.41,1884.9079594369855,9.07045062139334
2017-07-18,Lower Knowton Fork Red Butte Creek,2017-07-18T09:58:00Z,9.04,11.388259007306626,0.08823253968,9.54,1944.6427414281463,9.043550801988225
2017-07-18,Lower Knowton Fork Red Butte Creek,2017-07-18T10:13:00Z,9.02,11.360201511335012,0.08823253968,9.68,1998.4199764281773,9.01715616267239
2017-07-18,Lower Knowton Fork Red Butte Creek,2017-07-18T10:28:00Z,8.99,11.323844312885754,0.08823253968,9.8,2046.0094074770059,8.9919811242228
2017-07-18,Lower Knowton Fork Red Butte Creek,2017-07-18T10:43:00Z,8.96,11.287477954144624,0.08823253968,9.94,2087.2072716408406,8.965124552315984
2017-07-18,Lower Knowton Fork Red Butte Creek,2017-07-18T10:58:00Z,8.93,11.246851385390427,0.08823253968,10.1,2121.837172409403,8.93702922693647
2017-07-18,Lower Knowton Fork Red Butte Creek,2017-07-18T11:13:00Z,8.89,11.197883864466558,0.08823253968,10.25,2149.7508350297,8.905095120618979
2017-07-18,Lower Knowton Fork Red Butte Creek,2017-07-18T11:28:00Z,8.86,11.157284976703187,0.08823253968,10.4,2170.8287413669464,8.871242033662615
2017-07-18,Lower Knowton Fork Red Butte Creek,2017-07-18T11:43:00Z,8.83,11.120906801007555,0.08823253968,10.56,2184.980641653993,8.840138595167733
2017-07-18,Lower Knowton Fork Red Butte Creek,2017-07-18T11:58:00Z,8.8,11.084519460889283,0.08823253968,10.71,2192.1459409231334,8.811442034530947
2017-07-18,Lower Knowton Fork Red Butte Creek,2017-07-18T12:13:00Z,8.77,11.050907258064516,0.08823253968,10.85,2192.293958465186,8.784255779688278
2017-07-18,Lower Knowton Fork Red Butte Creek,2017-07-18T12:28:00Z,8.73,11.006051437216339,0.08823253968,11,2185.4240592061483,8.755398056458828
2017-07-18,Lower Knowton Fork Red Butte Creek,2017-07-18T12:43:00Z,8.71,10.97945291818984,0.08823253968,11.1,2171.565656444234,8.727066080438277
2017-07-18,Lower Knowton Fork Red Butte Creek,2017-07-18T12:58:00Z,8.69,10.95562279374685,0.08823253968,11.19,2150.778085915854,8.703791713899074
2017-07-18,Lower Knowton Fork Red Butte Creek,2017-07-18T13:13:00Z,8.68,10.94577553593947,0.08823253968,11.24,2123.1503517681167,8.686598829175342
2017-07-18,Lower Knowton Fork Red Butte Creek,2017-07-18T13:28:00Z,8.67,10.934544078698448,0.08823253968,11.29,2088.8007454644176,8.674950267323988
2017-07-18,Lower Knowton Fork Red Butte Creek,2017-07-18T13:43:00Z,8.67,10.935923309788093,0.08823253968,11.29,2047.8763393292147,8.668050949674756
2017-07-18,Lower Knowton Fork Red Butte Creek,2017-07-18T13:58:00Z,8.69,10.962533114671377,0.08823253968,11.2,2000.552356855207,8.671398514100941
2017-07-18,Lower Knowton Fork Red Butte Creek,2017-07-18T14:13:00Z,8.69,10.966683493185261,0.08823253968,11.18,1947.0314224294732,8.679720459314817
2017-07-18,Lower Knowton Fork Red Butte Creek,2017-07-18T14:28:00Z,8.7,10.975148227576636,0.08823253968,11.12,1887.5426938088287,8.685719853081588
2017-07-18,Lower Knowton Fork Red Butte Creek,2017-07-18T14:43:00Z,8.71,11.014162873039961,0.08823253968,11,1822.340880943316,8.69864635681244
2017-07-18,Lower Knowton Fork Red Butte Creek,2017-07-18T14:58:00Z,8.73,11.035267349260524,0.08823253968,10.9,1751.7051554033642,8.71746496291877
2017-07-18,Lower Knowton Fork Red Butte Creek,2017-07-18T15:13:00Z,8.75,11.049374921075893,0.08823253968,10.84,1675.9379550911042,8.733048956339811
2017-07-18,Lower Knowton Fork Red Butte Creek,2017-07-18T15:28:00Z,8.75,11.059150657229525,0.08823253968,10.8,1595.3636892289007,8.745130873380505
2017-07-18,Lower Knowton Fork Red Butte Creek,2017-07-18T15:43:00Z,8.76,11.067593177511053,0.08823253968,10.75,1510.3273494754467,8.754277587495785
2017-07-18,Lower Knowton Fork Red Butte Creek,2017-07-18T15:58:00Z,8.77,11.0900354071826,0.08823253968,10.66,1421.193032715933,8.764742945335549
2017-07-18,Lower Knowton Fork Red Butte Creek,2017-07-18T16:13:00Z,8.78,11.11111111111111,0.08823253968,10.58,1328.342382118212,8.7787634731636075
2017-07-18,Lower Knowton Fork Red Butte Creek,2017-07-18T16:28:00Z,8.8,11.142061281337048,0.08823253968,10.5,1232.1729531466692,8.796890491443996
2017-07-18,Lower Knowton Fork Red Butte Creek,2017-07-18T16:43:00Z,8.81,11.1589613679544,0.08823253968,10.4,1133.0965112913289,8.815365448435433
2017-07-18,Lower Knowton Fork Red Butte Creek,2017-07-18T16:58:00Z,8.84,11.195542046605878,0.08823253968,10.3,1031.5372690534655,8.835174607350325
2017-07-18,Lower Knowton Fork Red Butte Creek,2017-07-18T17:13:00Z,8.86,11.215189873417721,0.08823253968,10.2,927.9300695832279,8.856346413599521
2017-07-18,Lower Knowton Fork Red Butte Creek,2017-07-18T17:28:00Z,8.87,11.230691314256772,0.08823253968,10.14,822.7185248809461,8.873077007504069
2017-07-18,Lower Knowton Fork Red Butte Creek,2017-07-18T17:43:00Z,8.88,11.239083660296165,0.08823253968,10.11,716.35311639944,8.885973859575572
2017-07-18,Lower Knowton Fork Red Butte Creek,2017-07-18T17:58:00Z,8.89,11.251740286039741,0.08823253968,10.08,609.2892661494114,8.896890601348305
2017-07-18,Lower Knowton Fork Red Butte Creek,2017-07-18T18:13:00Z,8.9,11.264396911783319,0.08823253968,10.04,501.9853868419137,8.907895589442049
2017-07-18,Lower Knowton Fork Red Butte Creek,2017-07-18T18:28:00Z,8.91,11.275626423690206,0.08823253968,9.98,394.9009189733602,8.918020531517003
2017-07-18,Lower Knowton Fork Red Butte Creek,2017-07-18T18:43:00Z,8.92,11.285425101214575,0.08823253968,9.93,288.4943638492695,8.926788039536808
2017-07-18,Lower Knowton Fork Red Butte Creek,2017-07-18T18:58:00Z,8.93,11.302366789014048,0.08823253968,9.89,183.22132022808358,8.936837599376721
2017-07-18,Lower Knowton Fork Red Butte Creek,2017-07-18T19:13:00Z,8.94,11.316455696202532,0.08823253968,9.84,79.53253370857918,8.948630767555246
2017-07-18,Lower Knowton Fork Red Butte Creek,2017-07-18T19:28:00Z,8.94,11.3193213471765,0.08823253968,9.8,0,8.957355666484291
2017-07-18,Lower Knowton Fork Red Butte Creek,2017-07-18T19:43:00Z,8.96,11.338901543912936,0.08823253968,9.74,0,8.965801038749143
2017-07-18,Lower Knowton Fork Red Butte Creek,2017-07-18T19:58:00Z,8.97,11.355867831371063,0.08823253968,9.69,0,8.977617894557337
2017-07-18,Lower Knowton Fork Red Butte Creek,2017-07-18T20:13:00Z,8.98,11.362773630266988,0.08823253968,9.63,0,8.987547608080394
2017-07-18,Lower Knowton Fork Red Butte Creek,2017-07-18T20:28:00Z,9,11.38663967611336,0.08823253968,9.57,0,8.998289520449289
2017-07-18,Lower Knowton Fork Red Butte Creek,2017-07-18T20:43:00Z,9.01,11.399291497975707,0.08823253968,9.5,0,9.010777412487247
2017-07-18,Lower Knowton Fork Red Butte Creek,2017-07-18T20:58:00Z,9.03,11.423149905123338,0.08823253968,9.45,0,9.02423277979973
2017-07-18,Lower Knowton Fork Red Butte Creek,2017-07-18T21:13:00Z,9.04,11.437246963562751,0.08823253968,9.39,0,9.038700252160279
2017-07-18,Lower Knowton Fork Red Butte Creek,2017-07-18T21:28:00Z,9.05,11.449898785425102,0.08823253968,9.35,0,9.050795294727214
2017-07-18,Lower Knowton Fork Red Butte Creek,2017-07-18T21:43:00Z,9.06,11.461100569259962,0.08823253968,9.31,0,9.061373286034673
2017-07-18,Lower Knowton Fork Red Butte Creek,2017-07-18T21:58:00Z,9.06,11.461100569259962,0.08823253968,9.27,0,9.067855872019509
2017-07-18,Lower Knowton Fork Red Butte Creek,2017-07-18T22:13:00Z,9.07,11.475202429149796,0.08823253968,9.24,0,9.073395617922591
2017-07-18,Lower Knowton Fork Red Butte Creek,2017-07-18T22:28:00Z,9.07,11.475202429149796,0.08823253968,9.22,0,9.07885686164855
2017-07-18,Lower Knowton Fork Red Butte Creek,2017-07-18T22:43:00Z,9.08,11.489307857775529,0.08823253968,9.2,0,9.084457674289832
2017-07-18,Lower Knowton Fork Red Butte Creek,2017-07-18T22:58:00Z,9.08,11.4922161751677,0.08823253968,9.19,0,9.09108131181339
2017-07-18,Lower Knowton Fork Red Butte Creek,2017-07-18T23:13:00Z,9.08,11.48494814065267,0.08823253968,9.18,0,9.092635574849137
2017-07-18,Lower Knowton Fork Red Butte Creek,2017-07-18T23:28:00Z,9.09,11.494688922610015,0.08823253968,9.17,0,9.093663688595235
2017-07-18,Lower Knowton Fork Red Butte Creek,2017-07-18T23:43:00Z,9.1,11.498610058124841,0.08823253968,9.17,0,9.097620267489013
2017-07-18,Lower Knowton Fork Red Butte Creek,2017-07-18T23:58:00Z,9.09,11.49032992036405,0.08823253968,9.2,0,9.09882463293756
2017-07-19,1300 E Red Butte Creek,2017-07-19T00:13:00Z,7.84,9.607843137254903,0.3084090909,17.16,0,7.84
2017-07-19,1300 E Red Butte Creek,2017-07-19T00:28:00Z,7.8,9.59409594095941,0.3084090909,17.25,0,7.832066615299872
2017-07-19,1300 E Red Butte Creek,2017-07-19T00:43:00Z,7.8,9.582309582309582,0.3084090909,17.28,0,7.823902882506043
2017-07-19,1300 E Red Butte Creek,2017-07-19T00:58:00Z,7.79,9.581795817958179,0.3084090909,17.29,0,7.816058642695972
2017-07-19,1300 E Red Butte Creek,2017-07-19T01:13:00Z,7.79,9.581795817958179,0.3084090909,17.28,0,7.80904432877404
2017-07-19,1300 E Red Butte Creek,2017-07-19T01:28:00Z,7.79,9.5935960591133,0.3084090909,17.26,0,7.803367395706927
2017-07-19,1300 E Red Butte Creek,2017-07-19T01:43:00Z,7.77,9.592592592592593,0.3084090909,17.22,0,7.798750491975247
2017-07-19,1300 E Red Butte Creek,2017-07-19T01:58:00Z,7.81,9.594594594594595,0.3084090909,17.22,0,7.794591653167625
2017-07-19,1300 E Red Butte Creek,2017-07-19T02:13:00Z,7.8,9.59409594095941,0.3084090909,17.24,0,7.791019880968986
2017-07-19,1300 E Red Butte Creek,2017-07-19T02:28:00Z,7.79,9.5935960591133,0.3084090909,17.24,0,7.787834497888299
2017-07-19,1300 E Red Butte Creek,2017-07-19T02:43:00Z,7.79,9.5935960591133,0.3084090909,17.24,0,7.784969889119915
2017-07-19,1300 E Red Butte Creek,2017-07-19T02:58:00Z,7.78,9.593094944512949,0.3084090909,17.24,0,7.7823909342724775
2017-07-19,1300 E Red Butte Creek,2017-07-19T03:13:00Z,7.75,9.603469640644361,0.3084090909,17.22,0,7.78058199150901
2017-07-19,1300 E Red Butte Creek,2017-07-19T03:28:00Z,7.77,9.604449938195302,0.3084090909,17.16,0,7.779385845171879
2017-07-19,1300 E Red Butte Creek,2017-07-19T03:43:00Z,7.8,9.617755856966708,0.3084090909,17.1,0,7.778790393370566
2017-07-19,1300 E Red Butte Creek,2017-07-19T03:58:00Z,7.81,9.630086313193589,0.3084090909,17.04,0,7.779345952585212
2017-07-19,1300 E Red Butte Creek,2017-07-19T04:13:00Z,7.82,9.630541871921181,0.3084090909,17.01,0,7.780303460209656
2017-07-19,1300 E Red Butte Creek,2017-07-19T04:28:00Z,7.84,9.63144963144963,0.3084090909,17.03,0,7.781204999919443
2017-07-19,1300 E Red Butte Creek,2017-07-19T04:43:00Z,7.82,9.61869618696187,0.3084090909,17.09,0,7.781571306515592
2017-07-19,1300 E Red Butte Creek,2017-07-19T04:58:00Z,7.83,9.607361963190185,0.3084090909,17.14,68.79360372702064,7.782127922460572
2017-07-19,1300 E Red Butte Creek,2017-07-19T05:13:00Z,7.81,9.60639606396064,0.3084090909,17.15,172.61059339587686,7.785262853502847
2017-07-19,1300 E Red Butte Creek,2017-07-19T05:28:00Z,7.83,9.619164619164618,0.3084090909,17.14,278.036425799793,7.792523651158257
2017-07-19,1300 E Red Butte Creek,2017-07-19T05:43:00Z,7.83,9.619164619164618,0.3084090909,17.09,384.6196992751076,7.803410624843178
2017-07-19,1300 E Red Butte Creek,2017-07-19T05:58:00Z,7.84,9.63144963144963,0.3084090909,17.02,491.90405622513686,7.817383547687757
2017-07-19,1300 E Red Butte Creek,2017-07-19T06:13:00Z,7.88,9.65686274509804,0.3084090909,16.93,599.4301370502723,7.8354047949477055
2017-07-19,1300 E Red Butte Creek,2017-07-19T06:28:00Z,7.89,9.669117647058824,0.3084090909,16.86,706.7375469855226,7.857035028753532
2017-07-19,1300 E Red Butte Creek,2017-07-19T06:43:00Z,7.95,9.659781287970839,0.3084090909,16.86,813.3668274615226,7.880214328658972
2017-07-19,1300 E Red Butte Creek,2017-07-19T06:58:00Z,7.97,9.66060606060606,0.3084090909,16.88,918.8614232558035,7.904350997424996
2017-07-19,1300 E Red Butte Creek,2017-07-19T07:13:00Z,8.01,9.662243667068758,0.3084090909,16.86,1022.7696374439295,7.929836477821694
2017-07-19,1300 E Red Butte Creek,2017-07-19T07:28:00Z,8.04,9.663461538461537,0.3084090909,16.85,1124.6465653462453,7.95640674364892
2017-07-19,1300 E Red Butte Creek,2017-07-19T07:43:00Z,8.06,9.675870348139256,0.3084090909,16.82,1224.055999514551,7.984423543856472
2017-07-19,1300 E Red Butte Creek,2017-07-19T07:58:00Z,8.13,9.667063020214034,0.3084090909,16.83,1320.5722974446862,8.013138726985897
2017-07-19,1300 E Red Butte Creek,2017-07-19T08:13:00Z,8.17,9.680094786729857,0.3084090909,16.8,1413.782204061026,8.042399790515958
2017-07-19,1300 E Red Butte Creek,2017-07-19T08:28:00Z,8.2,9.681227863046043,0.3084090909,16.79,1503.2866211565356,8.072512192211365
2017-07-19,1300 E Red Butte Creek,2017-07-19T08:43:00Z,8.24,9.682726204465336,0.3084090909,16.79,1588.702316223455,8.102687823400228
2017-07-19,1300 E Red Butte Creek,2017-07-19T08:58:00Z,8.24,9.694117647058823,0.3084090909,16.77,1669.6635633481974,8.13329723714241
2017-07-19,1300 E Red Butte Creek,2017-07-19T09:13:00Z,8.27,9.68384074941452,0.3084090909,16.76,1745.8237091732256,8.16346781453735
2017-07-19,1300 E Red Butte Creek,2017-07-19T09:28:00Z,8.37,9.687499999999998,0.3084090909,16.76,1816.8566570928976,8.192692349917513
2017-07-19,1300 E Red Butte Creek,2017-07-19T09:43:00Z,8.25,9.694477085781434,0.3084090909,16.74,1882.4582636697228,8.22179230663329
2017-07-19,1300 E Red Butte Creek,2017-07-19T09:58:00Z,8.26,9.694835680751174,0.3084090909,16.74,1942.3476406948253,8.250399912498635
2017-07-19,1300 E Red Butte Creek,2017-07-19T10:13:00Z,8.15,9.622195985832349,0.3084090909,17.09,1996.2683580748273,8.274760493628738
2017-07-19,1300 E Red Butte Creek,2017-07-19T10:28:00Z,8.26,9.683470105509965,0.3084090909,16.76,2043.9895416689433,8.297775421197255
2017-07-19,1300 E Red Butte Creek,2017-07-19T10:43:00Z,8.28,9.684210526315788,0.3084090909,16.75,2085.306861911591,8.322639172947964
2017-07-19,1300 E Red Butte Creek,2017-07-19T10:58:00Z,8.21,9.693034238488785,0.3084090909,16.74,2120.043408662954,8.346687142203793
2017-07-19,1300 E Red Butte Creek,2017-07-19T11:13:00Z,8.27,9.68384074941452,0.3084090909,16.75,2148.0504487082253,8.369265926228493
2017-07-19,1300 E Red Butte Creek,2017-07-19T11:28:00Z,8.4,9.67741935483871,0.3084090909,16.82,2169.2080626270563,8.389607821749738
2017-07-19,1300 E Red Butte Creek,2017-07-19T11:43:00Z,8.45,9.668192219679632,0.3084090909,16.86,2183.4256582394746,8.407749483891255
2017-07-19,1300 E Red Butte Creek,2017-07-19T11:58:00Z,8.57,9.640044994375703,0.3084090909,16.95,2190.6423585199036,8.422521435067164
2017-07-19,1300 E Red Butte Creek,2017-07-19T12:13:00Z,8.73,9.625137816979052,0.3084090909,17.08,2190.8272622679565,8.433866365571946
2017-07-19,1300 E Red Butte Creek,2017-07-19T12:28:00Z,8.78,9.60612691466083,0.3084090909,17.15,2183.9795764350706,8.442345145030913
2017-07-19,1300 E Red Butte Creek,2017-07-19T12:43:00Z,8.85,9.598698481561822,0.3084090909,17.21,2170.1286195243533,8.448293876373912
2017-07-19,1300 E Red Butte Creek,2017-07-19T12:58:00Z,8.89,9.59007551240561,0.3084090909,17.22,2149.3336960813267,8.452197657947847
2017-07-19,1300 E Red Butte Creek,2017-07-19T13:13:00Z,8.86,9.578378378378378,0.3084090909,17.3,2121.683842776714,8.45382279602035
2017-07-19,1300 E Red Butte Creek,2017-07-19T13:28:00Z,8.89,9.569429494079655,0.3084090909,17.32,2087.297447190408,8.45316631206544
2017-07-19,1300 E Red Butte Creek,2017-07-19T13:43:00Z,8.81,9.576086956521738,0.3084090909,17.32,2046.3217409222711,8.451110892176349
2017-07-19,1300 E Red Butte Creek,2017-07-19T13:58:00Z,8.57,9.586129753914989,0.3084090909,17.25,1998.9321691874782,8.448468060252392
2017-07-19,1300 E Red Butte Creek,2017-07-19T14:13:00Z,8.52,9.583802024746905,0.3084090909,17.24,1945.3316396586401,8.444563376487451
2017-07-19,1300 E Red Butte Creek,2017-07-19T14:28:00Z,8.47,9.581447963800906,0.3084090909,17.23,1885.7496536498634,8.438729169017623
2017-07-19,1300 E Red Butte Creek,2017-07-19T14:43:00Z,8.48,9.592760180995475,0.3084090909,17.26,1820.4413234605152,8.431772346767525
2017-07-19,1300 E Red Butte Creek,2017-07-19T14:58:00Z,8.41,9.58950969213227,0.3084090909,17.21,1749.6862801184045,8.423496632075484
2017-07-19,1300 E Red Butte Creek,2017-07-19T15:13:00Z,8.25,9.60419091967404,0.3084090909,17.18,1673.7874760183433,8.413936721710801
2017-07-19,1300 E Red Butte Creek,2017-07-19T15:28:00Z,8.14,9.61038961038961,0.3084090909,17.14,1593.0698878277085,8.40357980504183
2017-07-19,1300 E Red Butte Creek,2017-07-19T15:43:00Z,8.06,9.618138424821003,0.3084090909,17.11,1507.879125019362,8.391961226529249
2017-07-19,1300 E Red Butte Creek,2017-07-19T15:58:00Z,8.01,9.627403846153847,0.3084090909,17.07,1418.579950100636,8.379224704710605
2017-07-19,1300 E Red Butte Creek,2017-07-19T16:13:00Z,7.99,9.626506024096386,0.3084090909,17.05,1325.554716739357,8.364892569887324
2017-07-19,1300 E Red Butte Creek,2017-07-19T16:28:00Z,8.01,9.627403846153847,0.3084090909,17,1229.201732704632,8.348532894299597
2017-07-19,1300 E Red Butte Creek,2017-07-19T16:43:00Z,8.06,9.652694610778443,0.3084090909,16.97,1129.9335544376172,8.331652883259173
2017-07-19,1300 E Red Butte Creek,2017-07-19T16:58:00Z,8.11,9.643281807372176,0.3084090909,16.97,1028.1752204938948,8.313738365658102
2017-07-19,1300 E Red Butte Creek,2017-07-19T17:13:00Z,8.15,9.644970414201184,0.3084090909,16.96,924.3624318131039,8.293572321404309
2017-07-19,1300 E Red Butte Creek,2017-07-19T17:28:00Z,8.07,9.65311004784689,0.3084090909,16.92,818.9396860612131,8.272207060311333
2017-07-19,1300 E Red Butte Creek,2017-07-19T17:43:00Z,8.03,9.651442307692307,0.3084090909,16.91,712.3583744453128,8.249537806700014
2017-07-19,1300 E Red Butte Creek,2017-07-19T17:58:00Z,8.02,9.662650602409638,0.3084090909,16.9,605.0748489824585,8.22589346263153
2017-07-19,1300 E Red Butte Creek,2017-07-19T18:13:00Z,8.01,9.650602409638553,0.3084090909,16.89,497.5484684954249,8.200798685482518
2017-07-19,1300 E Red Butte Creek,2017-07-19T18:28:00Z,8,9.66183574879227,0.3084090909,16.91,390.2396318527638,8.174472374462528
2017-07-19,1300 E Red Butte Creek,2017-07-19T18:43:00Z,7.97,9.66060606060606,0.3084090909,16.88,283.60780657641004,8.147607634285881
2017-07-19,1300 E Red Butte Creek,2017-07-19T18:58:00Z,7.94,9.659367396593673,0.3084090909,16.87,178.10956152800497,8.119556609657746
2017-07-19,1300 E Red Butte Creek,2017-07-19T19:13:00Z,7.92,9.67032967032967,0.3084090909,16.86,74.19661208561124,8.091197691891274
2017-07-19,1300 E Red Butte Creek,2017-07-19T19:28:00Z,7.92,9.67032967032967,0.3084090909,16.84,0,8.063179388969367
2017-07-19,1300 E Red Butte Creek,2017-07-19T19:43:00Z,7.89,9.669117647058824,0.3084090909,16.84,0,8.036726597894434
2017-07-19,1300 E Red Butte Creek,2017-07-19T19:58:00Z,7.88,9.65686274509804,0.3084090909,16.85,0,8.01243075618433
2017-07-19,1300 E Red Butte Creek,2017-07-19T20:13:00Z,7.88,9.65686274509804,0.3084090909,16.9,0,7.990241108757269
2017-07-19,1300 E Red Butte Creek,2017-07-19T20:28:00Z,7.88,9.65686274509804,0.3084090909,16.94,0,7.970665989756556
2017-07-19,1300 E Red Butte Creek,2017-07-19T20:43:00Z,7.88,9.645042839657282,0.3084090909,16.98,0,7.952761654508542
2017-07-19,1300 E Red Butte Creek,2017-07-19T20:58:00Z,7.87,9.6328029375765,0.3084090909,17.02,0,7.93568504375924
2017-07-19,1300 E Red Butte Creek,2017-07-19T21:13:00Z,7.88,9.633251833740832,0.3084090909,17.05,0,7.9199908494972195
2017-07-19,1300 E Red Butte Creek,2017-07-19T21:28:00Z,7.86,9.620563035495715,0.3084090909,17.1,0,7.905529944540211
2017-07-19,1300 E Red Butte Creek,2017-07-19T21:43:00Z,7.87,9.609279609279609,0.3084090909,17.17,0,7.8916278042310015
2017-07-19,1300 E Red Butte Creek,2017-07-19T21:58:00Z,7.85,9.596577017114916,0.3084090909,17.19,0,7.878150935183288
2017-07-19,1300 E Red Butte Creek,2017-07-19T22:13:00Z,7.86,9.597069597069597,0.3084090909,17.19,0,7.865526950674293
2017-07-19,1300 E Red Butte Creek,2017-07-19T22:28:00Z,7.85,9.608323133414933,0.3084090909,17.13,0,7.854773919587201
2017-07-19,1300 E Red Butte Creek,2017-07-19T22:43:00Z,7.86,9.620563035495715,0.3084090909,17.09,0,7.846227266090697
2017-07-19,1300 E Red Butte Creek,2017-07-19T22:58:00Z,7.87,9.621026894865526,0.3084090909,17.1,0,7.839229218573289
2017-07-19,1300 E Red Butte Creek,2017-07-19T23:13:00Z,7.88,9.621489621489621,0.3084090909,17.09,0,7.833043544120931
2017-07-19,1300 E Red Butte Creek,2017-07-19T23:28:00Z,7.87,9.6328029375765,0.3084090909,17.08,0,7.82812205330621
2017-07-19,1300 E Red Butte Creek,2017-07-19T23:43:00Z,7.87,9.6328029375765,0.3084090909,17.05,0,7.824250707358537
2017-07-19,1300 E Red Butte Creek,2017-07-19T23:58:00Z,7.87,9.621026894865526,0.3084090909,17.06,0,7.820109268374141
2017-07-27,South Fork Mink Creek,2017-07-27T00:01:00Z,7.89,10.354330708661417,0.112053571,13.74,0,7.89
2017-07-27,South Fork Mink Creek,2017-07-27T00:06:00Z,7.9,10.35386631716907,0.112053571,13.7,0,7.894888189824237
2017-07-27,South Fork Mink Creek,2017-07-27T00:11:00Z,7.9,10.36745406824147,0.112053571,13.67,0,7.899766547271337
2017-07-27,South Fork Mink Creek,2017-07-27T00:16:00Z,7.9,10.36745406824147,0.112053571,13.66,0,7.904653963636103
2017-07-27,South Fork Mink Creek,2017-07-27T00:21:00Z,7.93,10.37958115183246,0.112053571,13.63,0,7.909539087352957
2017-07-27,South Fork Mink Creek,2017-07-27T00:26:00Z,7.92,10.38007863695937,0.112053571,13.62,0,7.914425781429422
2017-07-27,South Fork Mink Creek,2017-07-27T00:31:00Z,7.9,10.381077529566362,0.112053571,13.6,0,7.9192342956011474
2017-07-27,South Fork Mink Creek,2017-07-27T00:36:00Z,7.89,10.395256916996047,0.112053571,13.58,0,7.9240649443255515
2017-07-27,South Fork Mink Creek,2017-07-27T00:41:00Z,7.9,10.394736842105264,0.112053571,13.56,0,7.928905854754423
2017-07-27,South Fork Mink Creek,2017-07-27T00:46:00Z,7.9,10.394736842105264,0.112053571,13.53,0,7.933643978938036
2017-07-27,South Fork Mink Creek,2017-07-27T00:51:00Z,7.92,10.407358738501973,0.112053571,13.5,0,7.938375749712225
2017-07-27,South Fork Mink Creek,2017-07-27T00:56:00Z,7.93,10.406824146981627,0.112053571,13.48,0,7.943102292708267
2017-07-27,South Fork Mink Creek,2017-07-27T01:01:00Z,7.92,10.421052631578947,0.112053571,13.46,0,7.947840833989113
2017-07-27,South Fork Mink Creek,2017-07-27T01:06:00Z,7.91,10.421607378129117,0.112053571,13.45,0,7.952604520905387
2017-07-27,South Fork Mink Creek,2017-07-27T01:11:00Z,7.92,10.434782608695652,0.112053571,13.42,0,7.957379861679198
2017-07-27,South Fork Mink Creek,2017-07-27T01:16:00Z,7.92,10.434782608695652,0.112053571,13.39,0,7.962152422844367
2017-07-27,South Fork Mink Creek,2017-07-27T01:21:00Z,7.94,10.433639947437584,0.112053571,13.36,0,7.966813830822558
2017-07-27,South Fork Mink Creek,2017-07-27T01:26:00Z,7.93,10.43421052631579,0.112053571,13.35,0,7.971380251395859
2017-07-27,South Fork Mink Creek,2017-07-27T01:31:00Z,7.93,10.447957839262187,0.112053571,13.32,0,7.975965751531092
2017-07-27,South Fork Mink Creek,2017-07-27T01:36:00Z,7.93,10.447957839262187,0.112053571,13.31,0,7.9805657582080824
2017-07-27,South Fork Mink Creek,2017-07-27T01:41:00Z,7.91,10.449141347424042,0.112053571,13.31,0,7.985100172265996
2017-07-27,South Fork Mink Creek,2017-07-27T01:46:00Z,7.95,10.460526315789474,0.112053571,13.27,0,7.989640908002527
2017-07-27,South Fork Mink Creek,2017-07-27T01:51:00Z,7.99,10.458115183246074,0.112053571,13.22,0,7.994135716655197
2017-07-27,South Fork Mink Creek,2017-07-27T01:56:00Z,8.01,10.470588235294118,0.112053571,13.19,0,7.998598410152142
2017-07-27,South Fork Mink Creek,2017-07-27T02:01:00Z,8.01,10.484293193717278,0.112053571,13.17,0,8.003165915087168
2017-07-27,South Fork Mink Creek,2017-07-27T02:06:00Z,7.97,10.473061760841,0.112053571,13.16,0,8.007668235533739
2017-07-27,South Fork Mink Creek,2017-07-27T02:11:00Z,7.99,10.485564304461942,0.112053571,13.15,0,8.01210230758089
2017-07-27,South Fork Mink Creek,2017-07-27T02:16:00Z,8.02,10.497382198952879,0.112053571,13.11,0,8.01662746709573
2017-07-27,South Fork Mink Creek,2017-07-27T02:21:00Z,8.03,10.496732026143789,0.112053571,13.09,0,8.021138413150092
2017-07-27,South Fork Mink Creek,2017-07-27T02:26:00Z,8.03,10.51047120418848,0.112053571,13.07,0,8.025659761523189
2017-07-27,South Fork Mink Creek,2017-07-27T02:31:00Z,8.01,10.498034076015728,0.112053571,13.05,0,8.030102964277898
2017-07-27,South Fork Mink Creek,2017-07-27T02:36:00Z,8.03,10.524246395806028,0.112053571,13.03,0,8.034562678895245
2017-07-27,South Fork Mink Creek,2017-07-27T02:41:00Z,8.03,10.524246395806028,0.112053571,13,0,8.039126951808933
2017-07-27,South Fork Mink Creek,2017-07-27T02:46:00Z,8.04,10.523560209424083,0.112053571,12.99,0,8.04359754530509
2017-07-27,South Fork Mink Creek,2017-07-27T02:51:00Z,8.04,10.523560209424083,0.112053571,12.97,0,8.047980978046025
2017-07-27,South Fork Mink Creek,2017-07-27T02:56:00Z,8.04,10.537352555701178,0.112053571,12.95,0,8.052381934908995
2017-07-27,South Fork Mink Creek,2017-07-27T03:01:00Z,8.04,10.537352555701178,0.112053571,12.92,0,8.056795160344386
2017-07-27,South Fork Mink Creek,2017-07-27T03:06:00Z,8.06,10.5359477124183,0.112053571,12.9,0,8.06110681524149
2017-07-27,South Fork Mink Creek,2017-07-27T03:11:00Z,8.06,10.54973821989529,0.112053571,12.88,0,8.065426511487033
2017-07-27,South Fork Mink Creek,2017-07-27T03:16:00Z,8.07,10.549019607843137,0.112053571,12.85,0,8.069754282252376
2017-07-27,South Fork Mink Creek,2017-07-27T03:21:00Z,8.06,10.54973821989529,0.112053571,12.83,0,8.07399241609569
2017-07-27,South Fork Mink Creek,2017-07-27T03:26:00Z,8.07,10.56282722513089,0.112053571,12.8,0,8.078245256070305
2017-07-27,South Fork Mink Creek,2017-07-27T03:31:00Z,8.05,10.578186596583445,0.112053571,12.78,0,8.082621646645219
2017-07-27,South Fork Mink Creek,2017-07-27T03:36:00Z,8.04,10.578947368421051,0.112053571,12.76,0,8.087032834040757
2017-07-27,South Fork Mink Creek,2017-07-27T03:41:00Z,8.03,10.579710144927535,0.112053571,12.74,0,8.091369595301035
2017-07-27,South Fork Mink Creek,2017-07-27T03:46:00Z,8.05,10.578186596583445,0.112053571,12.72,0,8.095616117697151
2017-07-27,South Fork Mink Creek,2017-07-27T03:51:00Z,8.08,10.589777195281782,0.112053571,12.68,0,8.099844258867629
2017-07-27,South Fork Mink Creek,2017-07-27T03:56:00Z,8.1,10.602094240837696,0.112053571,12.65,0,8.10415208865337
2017-07-27,South Fork Mink Creek,2017-07-27T04:01:00Z,8.11,10.615183246073297,0.112053571,12.63,0,8.108559414045057
2017-07-27,South Fork Mink Creek,2017-07-27T04:06:00Z,8.11,10.615183246073297,0.112053571,12.62,0,8.112983363568564
2017-07-27,South Fork Mink Creek,2017-07-27T04:11:00Z,8.1,10.615989515072084,0.112053571,12.6,0,8.117332590448385
2017-07-27,South Fork Mink Creek,2017-07-27T04:16:00Z,8.09,10.616797900262467,0.112053571,12.59,0,8.121614237496436
2017-07-27,South Fork Mink Creek,2017-07-27T04:21:00Z,8.1,10.629921259842519,0.112053571,12.56,0,8.125915548228852
2017-07-27,South Fork Mink Creek,2017-07-27T04:26:00Z,8.11,10.629095674967234,0.112053571,12.54,0,8.130219140309062
2017-07-27,South Fork Mink Creek,2017-07-27T04:31:00Z,8.12,10.6282722513089,0.112053571,12.53,0,8.134431774563108
2017-07-27,South Fork Mink Creek,2017-07-27T04:36:00Z,8.13,10.641361256544503,0.112053571,12.5,0,8.138652733297068
2017-07-27,South Fork Mink Creek,2017-07-27T04:41:00Z,8.16,10.652741514360315,0.112053571,12.48,0,8.142967078857941
2017-07-27,South Fork Mink Creek,2017-07-27T04:46:00Z,8.15,10.65359477124183,0.112053571,12.47,0,8.147292989077185
2017-07-27,South Fork Mink Creek,2017-07-27T04:51:00Z,8.13,10.655307994757537,0.112053571,12.45,10.211323515657684,8.151551960312133
2017-07-27,South Fork Mink Creek,2017-07-27T04:56:00Z,8.11,10.657030223390276,0.112053571,12.44,43.58861198194231,8.155728806761811
2017-07-27,South Fork Mink Creek,2017-07-27T05:01:00Z,8.13,10.655307994757537,0.112053571,12.41,77.19694978255671,8.15977858434334
2017-07-27,South Fork Mink Creek,2017-07-27T05:06:00Z,8.15,10.667539267015707,0.112053571,12.39,111.02034119751505,8.163775362304513
2017-07-27,South Fork Mink Creek,2017-07-27T05:11:00Z,8.15,10.667539267015707,0.112053571,12.37,145.04268812369116,8.16773738319665
2017-07-27,South Fork Mink Creek,2017-07-27T05:16:00Z,8.15,10.667539267015707,0.112053571,12.36,179.24779779120047,8.171579772496756
2017-07-27,South Fork Mink Creek,2017-07-27T05:21:00Z,8.16,10.666666666666666,0.112053571,12.35,213.61939047018757,8.175302676953379
2017-07-27,South Fork Mink Creek,2017-07-27T05:26:00Z,8.21,10.690104166666668,0.112053571,12.32,248.14110713725285,8.179070130860605
2017-07-27,South Fork Mink Creek,2017-07-27T05:31:00Z,8.24,10.687418936446175,0.112053571,12.29,282.7965173438453,8.182857954578214
2017-07-27,South Fork Mink Creek,2017-07-27T05:36:00Z,8.26,10.699481865284973,0.112053571,12.28,317.5691270359679,8.186591884839018
2017-07-27,South Fork Mink Creek,2017-07-27T05:41:00Z,8.28,10.69767441860465,0.112053571,12.27,352.44238634965336,8.19028907839794
2017-07-27,South Fork Mink Creek,2017-07-27T05:46:00Z,8.29,10.696774193548386,0.112053571,12.27,387.39969745957626,8.193859709267036
2017-07-27,South Fork Mink Creek,2017-07-27T05:51:00Z,8.32,10.707850707850708,0.112053571,12.26,422.42442267274043,8.197400187010675
2017-07-27,South Fork Mink Creek,2017-07-27T05:56:00Z,8.32,10.694087403598973,0.112053571,12.25,457.4998920426059,8.200811436025203
2017-07-27,South Fork Mink Creek,2017-07-27T06:01:00Z,8.34,10.706033376123234,0.112053571,12.24,492.60941160790344,8.204101668989313
2017-07-27,South Fork Mink Creek,2017-07-27T06:06:00Z,8.35,10.691421254801536,0.112053571,12.24,527.7362711434054,8.207271445130285
2017-07-27,South Fork Mink Creek,2017-07-27T06:11:00Z,8.36,10.704225352112676,0.112053571,12.24,562.8637521416275,8.210333797789367
2017-07-27,South Fork Mink Creek,2017-07-27T06:16:00Z,8.38,10.702426564495532,0.112053571,12.24,597.9751358248868,8.213384366329349
2017-07-27,South Fork Mink Creek,2017-07-27T06:21:00Z,8.39,10.687898089171975,0.112053571,12.25,633.0537111027927,8.216227666819854
2017-07-27,South Fork Mink Creek,2017-07-27T06:26:00Z,8.42,10.698856416772554,0.112053571,12.28,668.0827824422416,8.218975314119632
2017-07-27,South Fork Mink Creek,2017-07-27T06:31:00Z,8.45,10.696202531645568,0.112053571,12.3,703.0456778969327,8.221720864121034
2017-07-27,South Fork Mink Creek,2017-07-27T06:36:00Z,8.48,10.680100755667507,0.112053571,12.32,737.9257570429526,8.224260542285457
2017-07-27,South Fork Mink Creek,2017-07-27T06:41:00Z,8.5,10.678391959798995,0.112053571,12.35,772.7064188422999,8.226609231559019
2017-07-27,South Fork Mink Creek,2017-07-27T06:46:00Z,8.52,10.67669172932331,0.112053571,12.36,807.3711095444572,8.228870806029814
2017-07-27,South Fork Mink Creek,2017-07-27T06:51:00Z,8.53,10.662499999999998,0.112053571,12.39,841.9033306212098,8.230954650499209
2017-07-27,South Fork Mink Creek,2017-07-27T06:56:00Z,8.54,10.66167290886392,0.112053571,12.41,876.2866466177169,8.232874808722578
2017-07-27,South Fork Mink Creek,2017-07-27T07:01:00Z,8.56,10.64676616915423,0.112053571,12.44,910.5046928932213,8.234628369594216
2017-07-27,South Fork Mink Creek,2017-07-27T07:06:00Z,8.58,10.658385093167702,0.112053571,12.47,944.5411834916839,8.23631468827726
2017-07-27,South Fork Mink Creek,2017-07-27T07:11:00Z,8.59,10.644361833952912,0.112053571,12.49,978.3799189202374,8.237936494418074
2017-07-27,South Fork Mink Creek,2017-07-27T07:16:00Z,8.6,10.630407911001235,0.112053571,12.53,1012.0047936693503,8.2393107684197755
2017-07-27,South Fork Mink Creek,2017-07-27T07:21:00Z,8.61,10.61652281134402,0.112053571,12.57,1045.3998041487578,8.240451741556534
2017-07-27,South Fork Mink Creek,2017-07-27T07:26:00Z,8.62,10.615763546798028,0.112053571,12.61,1078.5490560885767,8.241460555979605
2017-07-27,South Fork Mink Creek,2017-07-27T07:31:00Z,8.63,10.615006150061502,0.112053571,12.63,1111.436772238196,8.242427054078927
2017-07-27,South Fork Mink Creek,2017-07-27T07:36:00Z,8.63,10.601965601965603,0.112053571,12.67,1144.0472997693635,8.243261004097018
2017-07-27,South Fork Mink Creek,2017-07-27T07:41:00Z,8.64,10.601226993865032,0.112053571,12.7,1176.3651178307914,8.243969575277163
2017-07-27,South Fork Mink Creek,2017-07-27T07:46:00Z,8.63,10.575980392156865,0.112053571,12.75,1208.3748448317451,8.244468635869373
2017-07-27,South Fork Mink Creek,2017-07-27T07:51:00Z,8.64,10.56234718826406,0.112053571,12.8,1240.061245865213,8.244674882916733
2017-07-27,South Fork Mink Creek,2017-07-27T07:56:00Z,8.67,10.560292326431181,0.112053571,12.87,1271.4092398580917,8.244774663956333
2017-07-27,South Fork Mink Creek,2017-07-27T08:01:00Z,8.66,10.560975609756099,0.112053571,12.85,1302.403906824337,8.244843860846666
2017-07-27,South Fork Mink Creek,2017-07-27T08:06:00Z,8.64,10.56234718826406,0.112053571,12.86,1333.0304949647418,8.24488092235587
2017-07-27,South Fork Mink Creek,2017-07-27T08:11:00Z,8.65,10.535931790499392,0.112053571,12.95,1363.2744276395358,8.244735617144975
2017-07-27,South Fork Mink Creek,2017-07-27T08:16:00Z,8.68,10.508474576271187,0.112053571,13.05,1393.1213102833042,8.244236706014096
2017-07-27,South Fork Mink Creek,2017-07-27T08:21:00Z,8.68,10.495767835550181,0.112053571,13.11,1422.5569374220486,8.243477594567775
2017-07-27,South Fork Mink Creek,2017-07-27T08:26:00Z,8.7,10.481927710843372,0.112053571,13.17,1451.5672991744625,8.24254563280487
2017-07-27,South Fork Mink Creek,2017-07-27T08:31:00Z,8.67,10.4583835946924,0.112053571,13.26,1480.1385882000366,8.241375309750488
2017-07-27,South Fork Mink Creek,2017-07-27T08:36:00Z,8.7,10.456730769230768,0.112053571,13.27,1508.2572059950496,8.240039612211604
2017-07-27,South Fork Mink Creek,2017-07-27T08:41:00Z,8.69,10.46987951807229,0.112053571,13.24,1535.909769614406,8.23876392601656
2017-07-27,South Fork Mink Creek,2017-07-27T08:46:00Z,8.7,10.456730769230768,0.112053571,13.31,1563.083117882275,8.237488406567929
2017-07-27,South Fork Mink Creek,2017-07-27T08:51:00Z,8.71,10.431137724550899,0.112053571,13.41,1589.7643176817712,8.23597950652063
2017-07-27,South Fork Mink Creek,2017-07-27T08:56:00Z,8.71,10.40621266427718,0.112053571,13.49,1615.9406701520963,8.234155682216587
2017-07-27,South Fork Mink Creek,2017-07-27T09:01:00Z,8.72,10.39332538736591,0.112053571,13.6,1641.5997167319122,8.232121838167947
2017-07-27,South Fork Mink Creek,2017-07-27T09:06:00Z,8.71,10.381406436233611,0.112053571,13.63,1666.729245047351,8.229957748019805
2017-07-27,South Fork Mink Creek,2017-07-27T09:11:00Z,8.68,10.370370370370368,0.112053571,13.64,1691.3172947253388,8.227635704865566
2017-07-27,South Fork Mink Creek,2017-07-27T09:16:00Z,8.69,10.345238095238095,0.112053571,13.75,1715.3521631275164,8.22509266493544
2017-07-27,South Fork Mink Creek,2017-07-27T09:21:00Z,8.66,10.35885167464115,0.112053571,13.73,1738.8224109171167,8.222507810228658
2017-07-27,South Fork Mink Creek,2017-07-27T09:26:00Z,8.68,10.30878859857482,0.112053571,13.9,1761.7168674475918,8.219716814309706
2017-07-27,South Fork Mink Creek,2017-07-27T09:31:00Z,8.7,10.29585798816568,0.112053571,13.98,1784.0246361536235,8.216563419503888
2017-07-27,South Fork Mink Creek,2017-07-27T09:36:00Z,8.68,10.30878859857482,0.112053571,13.96,1805.7350996652196,8.21345446564586
2017-07-27,South Fork Mink Creek,2017-07-27T09:41:00Z,8.71,10.259128386336867,0.112053571,14.14,1826.8379249313284,8.210149452880522
2017-07-27,South Fork Mink Creek,2017-07-27T09:46:00Z,8.68,10.260047281323876,0.112053571,14.12,1847.3230680689646,8.206560149986153
2017-07-27,South Fork Mink Creek,2017-07-27T09:51:00Z,8.65,10.260972716488732,0.112053571,14.11,1867.1807791957624,8.20300045515641
2017-07-27,South Fork Mink Creek,2017-07-27T09:56:00Z,8.65,10.248815165876776,0.112053571,14.18,1886.4016070818236,8.199407927954589
2017-07-27,South Fork Mink Creek,2017-07-27T10:01:00Z,8.69,10.199530516431924,0.112053571,14.39,1904.9764035426226,8.19548714796853
2017-07-27,South Fork Mink Creek,2017-07-27T10:06:00Z,8.7,10.163551401869158,0.112053571,14.57,1922.8963279448956,8.191102485599876
2017-07-27,South Fork Mink Creek,2017-07-27T10:11:00Z,8.68,10.14018691588785,0.112053571,14.64,1940.1528513080236,8.186402251368959
2017-07-27,South Fork Mink Creek,2017-07-27T10:16:00Z,8.62,10.165094339622641,0.112053571,14.56,1956.7377603805471,8.181760452932448
2017-07-27,South Fork Mink Creek,2017-07-27T10:21:00Z,8.55,10.17857142857143,0.112053571,14.5,1972.6431615775875,8.177411457610322
2017-07-27,South Fork Mink Creek,2017-07-27T10:26:00Z,8.51,10.179425837320574,0.112053571,14.5,1987.861484735093,8.17319621884239
2017-07-27,South Fork Mink Creek,2017-07-27T10:31:00Z,8.47,10.180288461538462,0.112053571,14.52,2002.3854866868617,8.169048305527129
2017-07-27,South Fork Mink Creek,2017-07-27T10:36:00Z,8.43,10.16887816646562,0.112053571,14.54,2016.208254704893,8.164880279758194
2017-07-27,South Fork Mink Creek,2017-07-27T10:41:00Z,8.43,10.16887816646562,0.112053571,14.59,2029.3232098655835,8.160699235780962
2017-07-27,South Fork Mink Creek,2017-07-27T10:46:00Z,8.5,10.143198090692124,0.112053571,14.68,2041.7241100713957,8.156423587970854
2017-07-27,South Fork Mink Creek,2017-07-27T10:51:00Z,8.47,10.131578947368423,0.112053571,14.7,2053.4050530988407,8.151952259171216
2017-07-27,South Fork Mink Creek,2017-07-27T10:56:00Z,8.42,10.144578313253012,0.112053571,14.7,2064.3604793938694,8.147554785506193
2017-07-27,South Fork Mink Creek,2017-07-27T11:01:00Z,8.38,10.133010882708586,0.112053571,14.71,2074.5851746912954,8.14322727063114
2017-07-27,South Fork Mink Creek,2017-07-27T11:06:00Z,8.4,10.120481927710845,0.112053571,14.74,2084.074272531452,8.138781880326599
2017-07-27,South Fork Mink Creek,2017-07-27T11:11:00Z,8.45,10.095579450418159,0.112053571,14.87,2092.8232565505523,8.134165820005453
2017-07-27,South Fork Mink Creek,2017-07-27T11:16:00Z,8.51,10.035377358490566,0.112053571,15.16,2100.8279626274493,8.129110465705223
2017-07-27,South Fork Mink Creek,2017-07-27T11:21:00Z,8.54,9.999999999999998,0.112053571,15.33,2108.0845809092507,8.12355270774237
2017-07-27,South Fork Mink Creek,2017-07-27T11:26:00Z,8.5,10.023584905660378,0.112053571,15.26,2114.589657561829,8.11802025272311
2017-07-27,South Fork Mink Creek,2017-07-27T11:31:00Z,8.41,10.047789725209078,0.112053571,15.1,2120.3400964578855,8.112855111123634
2017-07-27,South Fork Mink Creek,2017-07-27T11:36:00Z,8.37,10.060096153846152,0.112053571,15.09,2125.333160641238,8.10798568368731
2017-07-27,South Fork Mink Creek,2017-07-27T11:41:00Z,8.38,10.035928143712576,0.112053571,15.14,2129.5664736173962,8.103109397034407
2017-07-27,South Fork Mink Creek,2017-07-27T11:46:00Z,8.42,10.023809523809524,0.112053571,15.24,2133.0380205003953,8.098078349853669
2017-07-27,South Fork Mink Creek,2017-07-27T11:51:00Z,8.45,10,0.112053571,15.31,2135.7461489585567,8.09290607027168
2017-07-27,South Fork Mink Creek,2017-07-27T11:56:00Z,8.44,9.988165680473372,0.112053571,15.35,2137.6895700118102,8.087573433166813
2017-07-27,South Fork Mink Creek,2017-07-27T12:01:00Z,8.41,9.98812351543943,0.112053571,15.36,2138.867358636814,8.082249071767587
2017-07-27,South Fork Mink Creek,2017-07-27T12:06:00Z,8.43,9.976331360946746,0.112053571,15.47,2139.278954213356,8.076962157849088
2017-07-27,South Fork Mink Creek,2017-07-27T12:11:00Z,8.46,9.90632318501171,0.112053571,15.74,2138.9241607875324,8.071254218325965
2017-07-27,South Fork Mink Creek,2017-07-27T12:16:00Z,8.45,9.883040935672515,0.112053571,15.88,2137.803147166374,8.065049897371702
2017-07-27,South Fork Mink Creek,2017-07-27T12:21:00Z,8.43,9.859649122807017,0.112053571,15.95,2135.916446838685,8.058651703420653
2017-07-27,South Fork Mink Creek,2017-07-27T12:26:00Z,8.41,9.847775175644028,0.112053571,16.02,2133.2649577176408,8.052128247465905
2017-07-27,South Fork Mink Creek,2017-07-27T12:31:00Z,8.4,9.83606557377049,0.112053571,16.1,2129.8499417164644,8.045580580111835
2017-07-27,South Fork Mink Creek,2017-07-27T12:36:00Z,8.38,9.824150058616649,0.112053571,16.19,2125.6730241545706,8.039017112965501
2017-07-27,South Fork Mink Creek,2017-07-27T12:41:00Z,8.36,9.789227166276344,0.112053571,16.29,2120.736192960451,8.032256750938739
2017-07-27,South Fork Mink Creek,2017-07-27T12:46:00Z,8.36,9.789227166276344,0.112053571,16.37,2115.0417977588227,8.02539679828808
2017-07-27,South Fork Mink Creek,2017-07-27T12:51:00Z,8.34,9.765807962529273,0.112053571,16.49,2108.592548729516,8.018540364403753
2017-07-27,South Fork Mink Creek,2017-07-27T12:56:00Z,8.33,9.742690058479532,0.112053571,16.57,2101.3915153174803,8.011498355246022
2017-07-27,South Fork Mink Creek,2017-07-27T13:01:00Z,8.32,9.7196261682243,0.112053571,16.67,2093.442124788958,8.004269009352294
2017-07-27,South Fork Mink Creek,2017-07-27T13:06:00Z,8.3,9.696261682242993,0.112053571,16.76,2084.7481605774333,7.996856941595924
2017-07-27,South Fork Mink Creek,2017-07-27T13:11:00Z,8.29,9.684579439252335,0.112053571,16.84,2075.313760500434,7.98935204914683
2017-07-27,South Fork Mink Creek,2017-07-27T13:16:00Z,8.25,9.671746776084408,0.112053571,16.85,2065.143414793238,7.9818144363851165
2017-07-27,South Fork Mink Creek,2017-07-27T13:21:00Z,8.26,9.649532710280374,0.112053571,17,2054.241963956579,7.974183144232826
2017-07-27,South Fork Mink Creek,2017-07-27T13:26:00Z,8.24,9.626168224299066,0.112053571,17.12,2042.614596450201,7.966412114073721
2017-07-27,South Fork Mink Creek,2017-07-27T13:31:00Z,8.24,9.603729603729604,0.112053571,17.22,2030.2668462407312,7.958483408855642
2017-07-27,South Fork Mink Creek,2017-07-27T13:36:00Z,8.2,9.601873536299763,0.112053571,17.23,2017.204590170841,7.9505406104350715
2017-07-27,South Fork Mink Creek,2017-07-27T13:41:00Z,8.2,9.5906432748538,0.112053571,17.33,2003.4340451422913,7.942678500572072
2017-07-27,South Fork Mink Creek,2017-07-27T13:46:00Z,8.17,9.577960140679954,0.112053571,17.36,1988.9617651545525,7.934813044188944
2017-07-27,South Fork Mink Creek,2017-07-27T13:51:00Z,8.13,9.575971731448764,0.112053571,17.4,1973.7946382072846,7.927001466200742
2017-07-27,South Fork Mink Creek,2017-07-27T13:56:00Z,8.14,9.542790152403283,0.112053571,17.57,1957.939883024967,7.919120429282199
2017-07-27,South Fork Mink Creek,2017-07-27T14:01:00Z,8.12,9.519343493552167,0.112053571,17.64,1941.4050455833337,7.911001247677757
2017-07-27,South Fork Mink Creek,2017-07-27T14:06:00Z,8.1,9.507042253521126,0.112053571,17.7,1924.1979955686484,7.902785349566319
2017-07-27,South Fork Mink Creek,2017-07-27T14:11:00Z,8.05,9.50413223140496,0.112053571,17.74,1906.326922579579,7.8946384022395675
2017-07-27,South Fork Mink Creek,2017-07-27T14:16:00Z,8.01,9.490521327014218,0.112053571,17.81,1887.8003322842142,7.886552435872606
2017-07-27,South Fork Mink Creek,2017-07-27T14:21:00Z,7.99,9.489311163895486,0.112053571,17.84,1868.6270423146727,7.878538393285729
2017-07-27,South Fork Mink Creek,2017-07-27T14:26:00Z,7.96,9.476190476190476,0.112053571,17.89,1848.8161781296758,7.870593046213342
2017-07-27,South Fork Mink Creek,2017-07-27T14:31:00Z,7.94,9.47494033412888,0.112053571,17.94,1828.3771686103462,7.862722884955893
2017-07-27,South Fork Mink Creek,2017-07-27T14:36:00Z,7.92,9.462365591397848,0.112053571,18,1807.3197416187043,7.854935547287961
2017-07-27,South Fork Mink Creek,2017-07-27T14:41:00Z,7.89,9.449101796407186,0.112053571,18.03,1785.6539193695417,7.84712100118525
2017-07-27,South Fork Mink Creek,2017-07-27T14:46:00Z,7.87,9.447779111644659,0.112053571,18.08,1763.3900136281748,7.839373086811474
2017-07-27,South Fork Mink Creek,2017-07-27T14:51:00Z,7.85,9.42376950780312,0.112053571,18.12,1740.5386207991924,7.831602873465014
2017-07-27,South Fork Mink Creek,2017-07-27T14:56:00Z,7.8,9.420289855072465,0.112053571,18.16,1717.1106169184939,7.823789599447398
2017-07-27,South Fork Mink Creek,2017-07-27T15:01:00Z,7.8,9.408926417370324,0.112053571,18.21,1693.1171524803653,7.816046365928421
2017-07-27,South Fork Mink Creek,2017-07-27T15:06:00Z,7.79,9.408212560386474,0.112053571,18.22,1668.5696470919067,7.808386127239252
2017-07-27,South Fork Mink Creek,2017-07-27T15:11:00Z,7.77,9.40677966101695,0.112053571,18.25,1643.4797840163442,7.800886540569403
2017-07-27,South Fork Mink Creek,2017-07-27T15:16:00Z,7.78,9.396135265700483,0.112053571,18.29,1617.8595047521285,7.793470824775852
2017-07-27,South Fork Mink Creek,2017-07-27T15:21:00Z,7.76,9.383313180169285,0.112053571,18.32,1591.721003128473,7.786040361675257
2017-07-27,South Fork Mink Creek,2017-07-27T15:26:00Z,7.76,9.394673123486683,0.112053571,18.34,1565.0767197472487,7.778778468166968
2017-07-27,South Fork Mink Creek,2017-07-27T15:31:00Z,7.71,9.390986601705238,0.112053571,18.28,1537.9393358115112,7.7717298587273245
2017-07-27,South Fork Mink Creek,2017-07-27T15:36:00Z,7.72,9.403166869671132,0.112053571,18.28,1510.3217673226684,7.764891361893876
2017-07-27,South Fork Mink Creek,2017-07-27T15:41:00Z,7.73,9.392466585662213,0.112053571,18.32,1482.2371587843902,7.758235128046174
2017-07-27,South Fork Mink Creek,2017-07-27T15:46:00Z,7.69,9.400977995110026,0.112053571,18.27,1453.6988769660484,7.751709250308674
2017-07-27,South Fork Mink Creek,2017-07-27T15:51:00Z,7.68,9.400244798041614,0.112053571,18.26,1424.7205045864478,7.745379891212538
2017-07-27,South Fork Mink Creek,2017-07-27T15:56:00Z,7.69,9.400977995110026,0.112053571,18.26,1395.3158338486069,7.739195222034612
2017-07-27,South Fork Mink Creek,2017-07-27T16:01:00Z,7.67,9.411042944785276,0.112053571,18.23,1365.498859808131,7.733238724421486
2017-07-27,South Fork Mink Creek,2017-07-27T16:06:00Z,7.65,9.421182266009852,0.112053571,18.19,1335.2837738035175,7.727572975867502
2017-07-27,South Fork Mink Creek,2017-07-27T16:11:00Z,7.63,9.431396786155748,0.112053571,18.15,1304.6849566093838,7.722190636912297
2017-07-27,South Fork Mink Creek,2017-07-27T16:16:00Z,7.59,9.428571428571427,0.112053571,18.11,1273.716971685187,7.716975856847817
2017-07-27,South Fork Mink Creek,2017-07-27T16:21:00Z,7.59,9.440298507462686,0.112053571,18.09,1242.3945581491434,7.711946301774155
2017-07-27,South Fork Mink Creek,2017-07-27T16:26:00Z,7.61,9.42998760842627,0.112053571,18.09,1210.732623860524,7.707050108499526
2017-07-27,South Fork Mink Creek,2017-07-27T16:31:00Z,7.64,9.432098765432098,0.112053571,18.08,1178.7462382243432,7.702206864243674
2017-07-27,South Fork Mink Creek,2017-07-27T16:36:00Z,7.59,9.45205479452055,0.112053571,18.03,1146.4506250949128,7.697655895424814
2017-07-27,South Fork Mink Creek,2017-07-27T16:41:00Z,7.57,9.450686641697878,0.112053571,18,1113.861155530038,7.693355104078686
2017-07-27,South Fork Mink Creek,2017-07-27T16:46:00Z,7.55,9.461152882205514,0.112053571,17.96,1080.9933403995433,7.6892228539605565
2017-07-27,South Fork Mink Creek,2017-07-27T16:51:00Z,7.54,9.472361809045227,0.112053571,17.91,1047.8628231045136,7.685355891296488
2017-07-27,South Fork Mink Creek,2017-07-27T16:56:00Z,7.56,9.485570890840652,0.112053571,17.86,1014.4853720285822,7.681768938637237
2017-07-27,South Fork Mink Creek,2017-07-27T17:01:00Z,7.56,9.485570890840652,0.112053571,17.81,980.8768731381964,7.6783616913875825
2017-07-27,South Fork Mink Creek,2017-07-27T17:06:00Z,7.54,9.496221662468514,0.112053571,17.77,947.0533223146648,7.675113085119413
2017-07-27,South Fork Mink Creek,2017-07-27T17:11:00Z,7.53,9.507575757575758,0.112053571,17.73,913.0308178224952,7.67212068881443
2017-07-27,South Fork Mink Creek,2017-07-27T17:16:00Z,7.52,9.518987341772151,0.112053571,17.68,878.825552646348,7.669382385228489
2017-07-27,South Fork Mink Creek,2017-07-27T17:21:00Z,7.49,9.54140127388535,0.112053571,17.61,844.4538067039917,7.666974974435131
2017-07-27,South Fork Mink Creek,2017-07-27T17:26:00Z,7.45,9.539052496798977,0.112053571,17.55,809.9319392053789,7.664772112791849
2017-07-27,South Fork Mink Creek,2017-07-27T17:31:00Z,7.44,9.550706033376123,0.112053571,17.5,775.2763807579515,7.662687034271406
2017-07-27,South Fork Mink Creek,2017-07-27T17:36:00Z,7.44,9.562982005141388,0.112053571,17.45,740.5036256572544,7.660844970134533
2017-07-27,South Fork Mink Creek,2017-07-27T17:41:00Z,7.44,9.575289575289576,0.112053571,17.42,705.6302239236481,7.659255183671854
2017-07-27,South Fork Mink Creek,2017-07-27T17:46:00Z,7.45,9.575835475578407,0.112053571,17.38,670.6727735110825,7.657818636620184
2017-07-27,South Fork Mink Creek,2017-07-27T17:51:00Z,7.46,9.588688946015424,0.112053571,17.33,635.6479124051281,7.656528798966057
2017-07-27,South Fork Mink Creek,2017-07-27T17:56:00Z,7.44,9.587628865979383,0.112053571,17.28,600.5723106230233,7.655365499740313
2017-07-27,South Fork Mink Creek,2017-07-27T18:01:00Z,7.43,9.61190168175938,0.112053571,17.23,565.4626623890761,7.654421830712144
2017-07-27,South Fork Mink Creek,2017-07-27T18:06:00Z,7.41,9.610894941634243,0.112053571,17.19,530.3356780777088,7.653698566850675
2017-07-27,South Fork Mink Creek,2017-07-27T18:11:00Z,7.41,9.623376623376624,0.112053571,17.13,495.2080763733607,7.653088590145149
2017-07-27,South Fork Mink Creek,2017-07-27T18:16:00Z,7.41,9.635890767230169,0.112053571,17.06,460.0965761997178,7.652689889788872
2017-07-27,South Fork Mink Creek,2017-07-27T18:21:00Z,7.38,9.659685863874346,0.112053571,16.99,425.0178888471863,7.652588085398493
2017-07-27,South Fork Mink Creek,2017-07-27T18:26:00Z,7.39,9.672774869109947,0.112053571,16.92,389.98871001907304,7.65278207303529
2017-07-27,South Fork Mink Creek,2017-07-27T18:31:00Z,7.38,9.68503937007874,0.112053571,16.87,355.025711800941,7.653178787625856
2017-07-27,South Fork Mink Creek,2017-07-27T18:36:00Z,7.36,9.696969696969697,0.112053571,16.81,320.1455348099501,7.653768901624576
2017-07-27,South Fork Mink Creek,2017-07-27T18:41:00Z,7.35,9.696569920844327,0.112053571,16.75,285.364780301752,7.654439478683439
2017-07-27,South Fork Mink Creek,2017-07-27T18:46:00Z,7.34,9.70899470899471,0.112053571,16.7,250.70000207585662,7.655197140522373
2017-07-27,South Fork Mink Creek,2017-07-27T18:51:00Z,7.34,9.72185430463576,0.112053571,16.65,216.16769887323963,7.656153951906818
2017-07-27,South Fork Mink Creek,2017-07-27T18:56:00Z,7.33,9.734395750332006,0.112053571,16.59,181.78430630233035,7.657302486188651
2017-07-27,South Fork Mink Creek,2017-07-27T19:01:00Z,7.32,9.74700399467377,0.112053571,16.54,147.56618915461527,7.6586368121486315
2017-07-27,South Fork Mink Creek,2017-07-27T19:06:00Z,7.33,9.760319573901466,0.112053571,16.48,113.52963350638088,7.66015947943834
2017-07-27,South Fork Mink Creek,2017-07-27T19:11:00Z,7.32,9.76,0.112053571,16.42,79.69083904946676,7.661756171474879
2017-07-27,South Fork Mink Creek,2017-07-27T19:16:00Z,7.35,9.786950732356859,0.112053571,16.35,46.065911379439946,7.663532095421431
2017-07-27,South Fork Mink Creek,2017-07-27T19:21:00Z,7.33,9.786381842456608,0.112053571,16.32,12.67085425076665,7.665495343988958
2017-07-27,South Fork Mink Creek,2017-07-27T19:26:00Z,7.31,9.785809906291833,0.112053571,16.28,0,7.667416720379306
2017-07-27,South Fork Mink Creek,2017-07-27T19:31:00Z,7.32,9.8123324396782845,0.112053571,16.23,0,7.669486379327934
2017-07-27,South Fork Mink Creek,2017-07-27T19:36:00Z,7.34,9.825970548862115,0.112053571,16.17,0,7.671799847140499
2017-07-27,South Fork Mink Creek,2017-07-27T19:41:00Z,7.38,9.84,0.112053571,16.09,0,7.674236799440121
2017-07-27,South Fork Mink Creek,2017-07-27T19:46:00Z,7.38,9.853137516688918,0.112053571,16.04,0,7.676795212529606
2017-07-27,South Fork Mink Creek,2017-07-27T19:51:00Z,7.38,9.853137516688918,0.112053571,16,0,7.679377278952324
2017-07-27,South Fork Mink Creek,2017-07-27T19:56:00Z,7.38,9.866310160427807,0.112053571,15.95,0,7.6819826413837875
2017-07-27,South Fork Mink Creek,2017-07-27T20:01:00Z,7.36,9.865951742627347,0.112053571,15.91,0,7.68460802733474
2017-07-27,South Fork Mink Creek,2017-07-27T20:06:00Z,7.37,9.89261744966443,0.112053571,15.86,0,7.6873618864081275
2017-07-27,South Fork Mink Creek,2017-07-27T20:11:00Z,7.37,9.89261744966443,0.112053571,15.82,0,7.6902449403004836
2017-07-27,South Fork Mink Creek,2017-07-27T20:16:00Z,7.39,9.906166219839141,0.112053571,15.76,0,7.693144035753964
2017-07-27,South Fork Mink Creek,2017-07-27T20:21:00Z,7.41,9.919678714859439,0.112053571,15.7,0,7.696158321975234
2017-07-27,South Fork Mink Creek,2017-07-27T20:26:00Z,7.43,9.933155080213904,0.112053571,15.65,0,7.699289593036301
2017-07-27,South Fork Mink Creek,2017-07-27T20:31:00Z,7.43,9.933155080213904,0.112053571,15.62,0,7.702441214388107
2017-07-27,South Fork Mink Creek,2017-07-27T20:36:00Z,7.44,9.946524064171124,0.112053571,15.57,0,7.705611774510282
2017-07-27,South Fork Mink Creek,2017-07-27T20:41:00Z,7.44,9.95983935742972,0.112053571,15.53,0,7.708902944950478
2017-07-27,South Fork Mink Creek,2017-07-27T20:46:00Z,7.43,9.959785522788204,0.112053571,15.48,0,7.712205029359795
2017-07-27,South Fork Mink Creek,2017-07-27T20:51:00Z,7.42,9.97311827956989,0.112053571,15.43,0,7.715513017158359
2017-07-27,South Fork Mink Creek,2017-07-27T20:56:00Z,7.45,9.986595174262735,0.112053571,15.37,0,7.718930048695647
2017-07-27,South Fork Mink Creek,2017-07-27T21:01:00Z,7.46,10,0.112053571,15.32,0,7.722454555175753
2017-07-27,South Fork Mink Creek,2017-07-27T21:06:00Z,7.46,10,0.112053571,15.27,0,7.72598196121174
2017-07-27,South Fork Mink Creek,2017-07-27T21:11:00Z,7.46,10.026881720430106,0.112053571,15.23,0,7.729623895759052
2017-07-27,South Fork Mink Creek,2017-07-27T21:16:00Z,7.46,10.026881720430106,0.112053571,15.18,0,7.733378432058194
2017-07-27,South Fork Mink Creek,2017-07-27T21:21:00Z,7.47,10.04032258064516,0.112053571,15.14,0,7.73713662592139
2017-07-27,South Fork Mink Creek,2017-07-27T21:26:00Z,7.45,10.040431266846362,0.112053571,15.11,0,7.74090895837067
2017-07-27,South Fork Mink Creek,2017-07-27T21:31:00Z,7.47,10.053835800807537,0.112053571,15.06,0,7.744689909349773
2017-07-27,South Fork Mink Creek,2017-07-27T21:36:00Z,7.46,10.067476383265857,0.112053571,15,0,7.748571818482942
2017-07-27,South Fork Mink Creek,2017-07-27T21:41:00Z,7.48,10.080862533692724,0.112053571,14.94,0,7.752547695440473
2017-07-27,South Fork Mink Creek,2017-07-27T21:46:00Z,7.5,10.09421265141319,0.112053571,14.89,0,7.756618222756211
2017-07-27,South Fork Mink Creek,2017-07-27T21:51:00Z,7.54,10.107238605898123,0.112053571,14.83,0,7.760778676776212
2017-07-27,South Fork Mink Creek,2017-07-27T21:56:00Z,7.56,10.120481927710843,0.112053571,14.78,0,7.765026444462864
2017-07-27,South Fork Mink Creek,2017-07-27T22:01:00Z,7.57,10.120320855614974,0.112053571,14.74,0,7.769266157587464
2017-07-27,South Fork Mink Creek,2017-07-27T22:06:00Z,7.57,10.133868808567604,0.112053571,14.7,0,7.773505063120564
2017-07-27,South Fork Mink Creek,2017-07-27T22:11:00Z,7.57,10.14745308310992,0.112053571,14.67,0,7.777855791994114
2017-07-27,South Fork Mink Creek,2017-07-27T22:16:00Z,7.57,10.14745308310992,0.112053571,14.64,0,7.782215248556061
2017-07-27,South Fork Mink Creek,2017-07-27T22:21:00Z,7.59,10.160642570281125,0.112053571,14.58,0,7.786565266146382
2017-07-27,South Fork Mink Creek,2017-07-27T22:26:00Z,7.59,10.17426273458445,0.112053571,14.54,0,7.791007453437346
2017-07-27,South Fork Mink Creek,2017-07-27T22:31:00Z,7.6,10.187667560321715,0.112053571,14.49,0,7.795546656376044
2017-07-27,South Fork Mink Creek,2017-07-27T22:36:00Z,7.6,10.201342281879194,0.112053571,14.45,0,7.800181495673901
2017-07-27,South Fork Mink Creek,2017-07-27T22:41:00Z,7.58,10.188172043010752,0.112053571,14.41,0,7.804708446814189
2017-07-27,South Fork Mink Creek,2017-07-27T22:46:00Z,7.61,10.21476510067114,0.112053571,14.36,0,7.809224529895423
2017-07-27,South Fork Mink Creek,2017-07-27T22:51:00Z,7.62,10.214477211796247,0.112053571,14.3,0,7.813820264768795
2017-07-27,South Fork Mink Creek,2017-07-27T22:56:00Z,7.63,10.227882037533512,0.112053571,14.26,0,7.818396611687165
2017-07-27,South Fork Mink Creek,2017-07-27T23:01:00Z,7.63,10.241610738255034,0.112053571,14.23,0,7.823077394632044
2017-07-27,South Fork Mink Creek,2017-07-27T23:06:00Z,7.63,10.241610738255034,0.112053571,14.2,0,7.827762067880421
2017-07-27,South Fork Mink Creek,2017-07-27T23:11:00Z,7.64,10.25503355704698,0.112053571,14.16,0,7.832443078612349
2017-07-27,South Fork Mink Creek,2017-07-27T23:16:00Z,7.66,10.26809651474531,0.112053571,14.11,0,7.837211369753515
2017-07-27,South Fork Mink Creek,2017-07-27T23:21:00Z,7.66,10.26809651474531,0.112053571,14.07,0,7.841961847338268
2017-07-27,South Fork Mink Creek,2017-07-27T23:26:00Z,7.66,10.281879194630873,0.112053571,14.03,0,7.846705191431172
2017-07-27,South Fork Mink Creek,2017-07-27T23:31:00Z,7.66,10.295698924731182,0.112053571,14.01,0,7.851557959189503
2017-07-27,South Fork Mink Creek,2017-07-27T23:36:00Z,7.66,10.295698924731182,0.112053571,13.96,0,7.856407238912161
2017-07-27,South Fork Mink Creek,2017-07-27T23:41:00Z,7.64,10.310391363022942,0.112053571,13.92,0,7.86124957560998
2017-07-27,South Fork Mink Creek,2017-07-27T23:46:00Z,7.66,10.323450134770889,0.112053571,13.88,0,7.8661903380383364
2017-07-27,South Fork Mink Creek,2017-07-27T23:51:00Z,7.68,10.336473755047106,0.112053571,13.83,0,7.87120988440655
2017-07-27,South Fork Mink Creek,2017-07-27T23:56:00Z,7.71,10.348993288590604,0.112053571,13.77,0,7.876292480867265
2017-08-08,Black Earth Creek,2017-08-07T23:47:00Z,6.5,10.295338437099183,0.38401546582374413,14.4,0,6.5
2017-08-08,Black Earth Creek,2017-08-08T00:02:00Z,6.5,10.295338437099183,0.38401546582374413,14.4,0,6.474654120723396
2017-08-08,Black Earth Creek,2017-08-08T00:17:00Z,6.5,10.310073337296297,0.38322126158352904,14.3333,0,6.451468146741802
2017-08-08,Black Earth Creek,2017-08-08T00:32:00Z,6.5,10.317315573654541,0.3812181949877327,14.3,0,6.4294888718164405
2017-08-08,Black Earth Creek,2017-08-08T00:47:00Z,6.5,10.339636087300287,0.3791893862709493,14.2,0,6.408194280227879
2017-08-08,Black Earth Creek,2017-08-08T01:02:00Z,6.5,10.339378817575014,0.37837060230269076,14.2,0,6.3878901845465705
2017-08-08,Black Earth Creek,2017-08-08T01:17:00Z,6.5,10.354486775476916,0.3812181949877327,14.1333,0,6.370611254342029
2017-08-08,Black Earth Creek,2017-08-08T01:32:00Z,6.5,10.362044243877179,0.3804097306527021,14.1,0,6.356287777730794
2017-08-08,Black Earth Creek,2017-08-08T01:47:00Z,6.46667,10.37721163845177,0.3824230850503627,14.0333,0,6.344262668228665
2017-08-08,Black Earth Creek,2017-08-08T02:02:00Z,6.4,10.384798860408711,0.38361892737633807,14,0,6.335266700759917
2017-08-08,Black Earth Creek,2017-08-08T02:17:00Z,6.43333,10.384798860408711,0.3795972629842917,14,0,6.3258903073963095
2017-08-08,Black Earth Creek,2017-08-08T02:32:00Z,6.4,10.40764314755205,0.3779595371303711,13.9,0,6.315177988701861
2017-08-08,Black Earth Creek,2017-08-08T02:47:00Z,6.4,10.40764314755205,0.38322126158352904,13.9,0,6.307574470869378
2017-08-08,Black Earth Creek,2017-08-08T03:02:00Z,6.4,10.4229303776611,0.3800040899773386,13.8333,0,6.301920063756889
2017-08-08,Black Earth Creek,2017-08-08T03:17:00Z,6.4,10.430837020277544,0.3804097306527021,13.8,0,6.295956531605624
2017-08-08,Black Earth Creek,2017-08-08T03:32:00Z,6.4,10.431096452040482,0.3800040899773386,13.8,0,6.290689802614164
2017-08-08,Black Earth Creek,2017-08-08T03:47:00Z,6.4,10.454382603286678,0.37837060230269076,13.7,0,6.28543575189575
2017-08-08,Black Earth Creek,2017-08-08T04:02:00Z,6.4,10.454642581265789,0.38081447801987933,13.7,0,6.281532156654936
2017-08-08,Black Earth Creek,2017-08-08T04:17:00Z,6.43333,10.470833435632672,0.3800040899773386,13.6333,0,6.279107983823607
2017-08-08,Black Earth Creek,2017-08-08T04:32:00Z,6.43333,10.479324143987816,0.3795972629842917,13.6,0,6.276886357416973
2017-08-08,Black Earth Creek,2017-08-08T04:47:00Z,6.5,10.480105723491542,0.3767200023479862,13.6,0,6.273530880588991
2017-08-08,Black Earth Creek,2017-08-08T05:02:00Z,6.5,10.488608241883494,0.3775473955676887,13.5667,4.934979042219037,6.271391438028073
2017-08-08,Black Earth Creek,2017-08-08T05:17:00Z,6.5,10.504887178679509,0.3771343168830961,13.5,53.852881147594154,6.288432793483256
2017-08-08,Black Earth Creek,2017-08-08T05:32:00Z,6.5,10.505670410702738,0.3791893862709493,13.5,103.45678046317717,6.3383893502838395
2017-08-08,Black Earth Creek,2017-08-08T05:47:00Z,6.56667,10.506453642725965,0.3771343168830961,13.5,153.53422905683092,6.417956921752227
2017-08-08,Black Earth Creek,2017-08-08T06:02:00Z,6.6,10.522778001587088,0.3800040899773386,13.4333,203.8707507442363,6.525292840106906
2017-08-08,Black Earth Creek,2017-08-08T06:17:00Z,6.7,10.532122092089569,0.3754705955190099,13.4,254.25075965080563,6.657917036683798
2017-08-08,Black Earth Creek,2017-08-08T06:32:00Z,6.8,10.53369187515218,0.3767200023479862,13.4,304.4584836240814,6.812847420804483
2017-08-08,Black Earth Creek,2017-08-08T06:47:00Z,6.93333,10.5196933558646,0.3795972629842917,13.4667,354.278888281266,6.989178863780691
2017-08-08,Black Earth Creek,2017-08-08T07:02:00Z,7.1,10.513502730935016,0.37630459070791555,13.5,403.49859798084725,7.183749044705626
2017-08-08,Black Earth Creek,2017-08-08T07:17:00Z,7.3,10.514024885617168,0.3767200023479862,13.5,451.90680976734325,7.394460169985488
2017-08-08,Black Earth Creek,2017-08-08T07:32:00Z,7.5,10.49903662880074,0.3800040899773386,13.5667,499.2961961399787,7.619638633139028
2017-08-08,Black Earth Creek,2017-08-08T07:47:00Z,7.73333,10.49182941604744,0.3771343168830961,13.6,545.4637930193936,7.85691601658515
2017-08-08,Black Earth Creek,2017-08-08T08:02:00Z,7.96667,10.47689984541125,0.3779595371303711,13.6667,590.2118690985242,8.1041593689453
2017-08-08,Black Earth Creek,2017-08-08T08:17:00Z,8.2,10.454071267560241,0.37630459070791555,13.7667,633.3487726212933,8.359150094250685
2017-08-08,Black Earth Creek,2017-08-08T08:32:00Z,8.5,10.431332540592358,0.3779595371303711,13.8667,674.6897522707974,8.619584128002208
2017-08-08,Black Earth Creek,2017-08-08T08:47:00Z,8.8,10.408683183664255,0.3754705955190099,13.9667,714.057748398971,8.883863651956007
2017-08-08,Black Earth Creek,2017-08-08T09:02:00Z,9.1,10.370974949954627,0.3750518503920548,14.1333,751.2841513833459,9.149914010613829
2017-08-08,Black Earth Creek,2017-08-08T09:17:00Z,9.43333,10.3327196655616,0.3742111244833613,14.3,786.2095238062669,9.41520561669943
2017-08-08,Black Earth Creek,2017-08-08T09:32:00Z,9.8,10.294713529939552,0.3742111244833613,14.4667,818.6842832181386,9.677899446299456
2017-08-08,Black Earth Creek,2017-08-08T09:47:00Z,10.1,10.249542729484359,0.3742111244833613,14.6667,848.5693428860018,9.935815352641871
2017-08-08,Black Earth Creek,2017-08-08T10:02:00Z,10.4,10.212098618092007,0.37037031294081635,14.8333,875.73670745152765,10.18856261818379
2017-08-08,Black Earth Creek,2017-08-08T10:17:00Z,10.6333,10.167568318502317,0.37378898048730347,15.0333,900.070021117911,10.43338901741747
2017-08-08,Black Earth Creek,2017-08-08T10:32:00Z,10.9,10.12338198590057,0.37251578077435443,15.2333,921.4650660180816,10.667717575187435
2017-08-08,Black Earth Creek,2017-08-08T10:47:00Z,11.1,10.08672927884982,0.37123204468298404,15.4,939.830208569556,10.892147088407244
2017-08-08,Black Earth Creek,2017-08-08T11:02:00Z,11.3,10.050311451219441,0.37080185602774185,15.5667,955.0867919376872,11.105355929701538
2017-08-08,Black Earth Creek,2017-08-08T11:17:00Z,11.4333,10.006028779760486,0.36993755901287956,15.7667,967.1694729232107,11.305489589127962
2017-08-08,Black Earth Creek,2017-08-08T11:32:00Z,11.6333,9.969151264551975,0.3686321036386972,15.9333,976.026501829246,11.491684420155188
2017-08-08,Black Earth Creek,2017-08-08T11:47:00Z,11.7,9.946534322342726,0.37037031294081635,16.0333,981.6199440992891,11.662859774778365
2017-08-08,Black Earth Creek,2017-08-08T12:02:00Z,11.8333,9.903040253825276,0.37037031294081635,16.2333,983.9258428089317,11.817046499459323
2017-08-08,Black Earth Creek,2017-08-08T12:17:00Z,11.9,9.874706398788769,0.3690685394650337,16.3667,982.9343212665387,11.954333338980547
2017-08-08,Black Earth Creek,2017-08-08T12:32:00Z,11.9,9.86036819873601,0.3720891504465974,16.4333,978.6496253265411,12.074247092746582
2017-08-08,Black Earth Creek,2017-08-08T12:47:00Z,11.9667,9.832249466029612,0.3677556455434245,16.5667,971.0901052143744,12.177274408287612
2017-08-08,Black Earth Creek,2017-08-08T13:02:00Z,12.0667,9.804293068543917,0.3695035860015143,16.7,960.2881369356776,12.26237754584567
2017-08-08,Black Earth Creek,2017-08-08T13:17:00Z,12.1,9.783046861995954,0.37037031294081635,16.8,946.2899836196121,12.32719044314683
2017-08-08,Black Earth Creek,2017-08-08T13:32:00Z,12.1,9.761880785093364,0.36993755901287956,16.9,929.155597400395,12.372643548102074
2017-08-08,Black Earth Creek,2017-08-08T13:47:00Z,12.2,9.734032966607334,0.37123204468298404,17.0333,908.9583626326327,12.397825884891905
2017-08-08,Black Earth Creek,2017-08-08T14:02:00Z,12.2,9.719787315256815,0.37037031294081635,17.1,885.7847816064733,12.403069599894048
2017-08-08,Black Earth Creek,2017-08-08T14:17:00Z,12.2,9.691907159357873,0.3695035860015143,17.2333,859.7341040956035,12.388910701541809
2017-08-08,Black Earth Creek,2017-08-08T14:32:00Z,12.2,9.684218300849418,0.3695035860015143,17.2667,830.9179022483518,12.355288985693294
2017-08-08,Black Earth Creek,2017-08-08T14:47:00Z,12.2,9.6565138589798991,0.36993755901287956,17.4,799.4595927640208,12.301765321993733
2017-08-08,Black Earth Creek,2017-08-08T15:02:00Z,12.2,9.64889116501172,0.3729413910794863,17.4333,765.4939083197022,12.2277939282245
2017-08-08,Black Earth Creek,2017-08-08T15:17:00Z,12.1333,9.641258042678746,0.3729413910794863,17.4667,729.1663204906099,12.135085470391621
2017-08-08,Black Earth Creek,2017-08-08T15:32:00Z,12.1,9.633654410241316,0.3733658381878098,17.5,690.632416777802,12.024522799182707
2017-08-08,Black Earth Creek,2017-08-08T15:47:00Z,11.9667,9.632691443406776,0.37251578077435443,17.5,650.0572341686743,11.896847370399769
2017-08-08,Black Earth Creek,2017-08-08T16:02:00Z,11.8333,9.63172847657223,0.36993755901287956,17.5,607.6145523939828,11.752958469297658
2017-08-08,Black Earth Creek,2017-08-08T16:17:00Z,11.7333,9.644552192794567,0.3720891504465974,17.4333,563.4861495305578,11.59365788168167
2017-08-08,Black Earth Creek,2017-08-08T16:32:00Z,11.5667,9.650724813021537,0.3742111244833613,17.4,517.8610235729636,11.419508428232605
2017-08-08,Black Earth Creek,2017-08-08T16:47:00Z,11.3667,9.670275490528505,0.37251578077435443,17.3,470.934582932818,11.231408702461536
2017-08-08,Black Earth Creek,2017-08-08T17:02:00Z,11.1667,9.683195318790018,0.3720891504465974,17.2333,422.90780949680493,11.030104207822866
2017-08-08,Black Earth Creek,2017-08-08T17:17:00Z,10.9667,9.696369568293793,0.3733658381878098,17.1667,373.98639787694907,10.815886388631883
2017-08-08,Black Earth Creek,2017-08-08T17:32:00Z,10.7667,9.716334353699654,0.37378898048730347,17.0667,324.3798744405833,10.589858175709566
2017-08-08,Black Earth Creek,2017-08-08T17:47:00Z,10.5,9.736374244352975,0.37251578077435443,16.9667,274.3006998878064,10.352564997410607
2017-08-08,Black Earth Creek,2017-08-08T18:02:00Z,10.2333,9.756489639209047,0.37251578077435443,16.8667,223.96335933858612,10.10456095651547
2017-08-08,Black Earth Creek,2017-08-08T18:17:00Z,9.96667,9.783523437746737,0.3720891504465974,16.7333,173.58344371278832,9.847022619962962
2017-08-08,Black Earth Creek,2017-08-08T18:32:00Z,9.7,9.810673101725175,0.3720891504465974,16.6,123.3767263291599,9.581016512100808
2017-08-08,Black Earth Creek,2017-08-08T18:47:00Z,9.4,9.83795999547462,0.3746321279993395,16.4667,73.55823880640276,9.308515873484156
2017-08-08,Black Earth Creek,2017-08-08T19:02:00Z,9.1,9.86540590444857,0.3733658381878098,16.3333,24.341350096583913,9.029805679728582
2017-08-08,Black Earth Creek,2017-08-08T19:17:00Z,8.8,9.89371124918924,0.37588822218688295,16.2,0,8.754200818848844
2017-08-08,Black Earth Creek,2017-08-08T19:32:00Z,8.5,9.922160725817262,0.3775473955676887,16.0667,0,8.499377149756524
2017-08-08,Black Earth Creek,2017-08-08T19:47:00Z,8.23333,9.943722386140513,0.3746321279993395,15.9667,0,8.26874293317978
2017-08-08,Black Earth Creek,2017-08-08T20:02:00Z,8,9.972448151448747,0.3750518503920548,15.8333,0,8.05939820291062
2017-08-08,Black Earth Creek,2017-08-08T20:17:00Z,7.7,9.994452335232243,0.3716611908846547,15.7333,0,7.869086845097347
2017-08-08,Black Earth Creek,2017-08-08T20:32:00Z,7.5,10.016541194054536,0.37378898048730347,15.6333,0,7.69661162712698
2017-08-08,Black Earth Creek,2017-08-08T20:47:00Z,7.3,10.0387151833874,0.3750518503920548,15.5333,0,7.542554567689483
2017-08-08,Black Earth Creek,2017-08-08T21:02:00Z,7.13333,10.060974761337086,0.37588822218688295,15.4333,0,7.40457018914557
2017-08-08,Black Earth Creek,2017-08-08T21:17:00Z,7,10.083571725770895,0.3750518503920548,15.3333,0,7.280167868872988
2017-08-08,Black Earth Creek,2017-08-08T21:32:00Z,6.86667,10.106256227572942,0.3733658381878098,15.2333,0,7.166882058882378
2017-08-08,Black Earth Creek,2017-08-08T21:47:00Z,6.8,10.121749830604754,0.37037031294081635,15.1667,0,7.062412507338076
2017-08-08,Black Earth Creek,2017-08-08T22:02:00Z,6.7,10.137305365851075,0.3775473955676887,15.1,0,6.9700276585728895
2017-08-08,Black Earth Creek,2017-08-08T22:17:00Z,6.63333,10.159944261495554,0.37630459070791555,15,0,6.889692950545726
2017-08-08,Black Earth Creek,2017-08-08T22:32:00Z,6.6,10.175346494408918,0.37588822218688295,14.9333,0,6.816639525549511
2017-08-08,Black Earth Creek,2017-08-08T22:47:00Z,6.6,10.183431963941628,0.3716611908846547,14.9,0,6.74836647880512
2017-08-08,Black Earth Creek,2017-08-08T23:02:00Z,6.5,10.206249079580038,0.37630459070791555,14.8,0,6.687068213506487
2017-08-08,Black Earth Creek,2017-08-08T23:17:00Z,6.5,10.214121441882877,0.3729413910794863,14.7667,0,6.632536539776354
2017-08-08,Black Earth Creek,2017-08-08T23:32:00Z,6.5,10.229409862764314,0.3750518503920548,14.7,0,6.582742276148801
2017-08-08,Black Earth Creek,2017-08-08T23:47:00Z,6.5,10.244738115120121,0.3716611908846547,14.6333,0,6.537418668098366
2017-08-11,Brewery Creek,2017-08-10T23:47:00Z,6.53333,10.028407062018228,0.23392622962022533,15.3,0,6.53333
2017-08-11,Brewery Creek,2017-08-11T00:02:00Z,6.53333,10.028407062018228,0.23392622962022533,15.3,0,6.519502452416302
2017-08-11,Brewery Creek,2017-08-11T00:17:00Z,6.43333,10.028658569478504,0.23405631957628564,15.3,0,6.506304809103948
2017-08-11,Brewery Creek,2017-08-11T00:32:00Z,6.36667,10.028910076938784,0.23353445190036975,15.3,0,6.493536757688511
2017-08-11,Brewery Creek,2017-08-11T00:47:00Z,6.3,10.029161584399061,0.23314155322080676,15.3,0,6.481000274112487
2017-08-11,Brewery Creek,2017-08-11T01:02:00Z,6.23333,10.029413091859336,0.23353445190036975,15.3,0,6.469000225194766
2017-08-11,Brewery Creek,2017-08-11T01:17:00Z,6.2,10.05074089342627,0.23314155322080676,15.2,0,6.4577574197048895
2017-08-11,Brewery Creek,2017-08-11T01:32:00Z,6.2,10.050488872976777,0.23261473595486543,15.2,0,6.446911237957194
2017-08-11,Brewery Creek,2017-08-11T01:47:00Z,6.2,10.05023685252728,0.2322180856900117,15.2,0,6.436188211324355
2017-08-11,Brewery Creek,2017-08-11T02:02:00Z,6.2,10.07164611589486,0.23195227614757946,15.1,0,6.4259246549028175
2017-08-11,Brewery Creek,2017-08-11T02:17:00Z,6.2,10.072151187048368,0.23128524155121624,15.1,0,6.4160210722097215
2017-08-11,Brewery Creek,2017-08-11T02:32:00Z,6.1,10.079888766392862,0.23141939576168374,15.0667,0,6.406448957658061
2017-08-11,Brewery Creek,2017-08-11T02:47:00Z,6.2,10.094909678330465,0.231017319179817,15,0,6.3974531335830145
2017-08-11,Brewery Creek,2017-08-11T03:02:00Z,6.2,10.09541578403603,0.231017319179817,15,0,6.388878622965526
2017-08-11,Brewery Creek,2017-08-11T03:17:00Z,6.2,10.110222931923577,0.23020856424585023,14.9333,0,6.380557245635439
2017-08-11,Brewery Creek,2017-08-11T03:32:00Z,6.2,10.117756741254437,0.2300731863577145,14.9,0,6.372507524661594
2017-08-11,Brewery Creek,2017-08-11T03:47:00Z,6.2,10.139930573150723,0.2299376169112193,14.8,0,6.3650366139739045
2017-08-11,Brewery Creek,2017-08-11T04:02:00Z,6.3,10.140184667045085,0.2296654199669133,14.8,0,6.357988572039254
2017-08-11,Brewery Creek,2017-08-11T04:17:00Z,6.3,10.162190794796397,0.2293929282419799,14.7,0,6.351290143945514
2017-08-11,Brewery Creek,2017-08-11T04:32:00Z,6.33333,10.16953785656738,0.22911965700046086,14.6667,0,6.345002248335692
2017-08-11,Brewery Creek,2017-08-11T04:47:00Z,6.4,10.184282727441857,0.22911965700046086,14.6,0,6.33912181338003
2017-08-11,Brewery Creek,2017-08-11T05:02:00Z,6.4,10.191658464432377,0.22884511593585316,14.5667,0,6.3336307073809195
2017-08-11,Brewery Creek,2017-08-11T05:17:00Z,6.46667,10.207483613384245,0.22857026796857408,14.5,43.60879054779289,6.333981509215667
2017-08-11,Brewery Creek,2017-08-11T05:32:00Z,6.5,10.215912278095963,0.22843254585620534,14.4667,93.43858097850588,6.346349462749361
2017-08-11,Brewery Creek,2017-08-11T05:47:00Z,6.56667,10.231800281106924,0.22815650188824582,14.4,143.73760788544098,6.37111863177146
2017-08-11,Brewery Creek,2017-08-11T06:02:00Z,6.6,10.232825090074543,0.22829462406310558,14.4,194.29043685954673,6.4078806254110905
2017-08-11,Brewery Creek,2017-08-11T06:17:00Z,6.63333,10.234362303525968,0.22774043544064693,14.4,244.88054634604757,6.455985029822678
2017-08-11,Brewery Creek,2017-08-11T06:32:00Z,6.7,10.258266554677483,0.22760150393038353,14.3,295.2912550487557,6.515163040259034
2017-08-11,Brewery Creek,2017-08-11T06:47:00Z,6.8,10.25980696386819,0.2271829893443602,14.3,345.30664999230277,6.5849643958937145
2017-08-11,Brewery Creek,2017-08-11T07:02:00Z,6.83333,10.261347373058896,0.2273230283386662,14.3,394.712511268017,6.6646383914212235
2017-08-11,Brewery Creek,2017-08-11T07:17:00Z,6.9,10.262374312519366,0.2273230283386662,14.3,443.29722955649993,6.75366654335004
2017-08-11,Brewery Creek,2017-08-11T07:32:00Z,6.96667,10.263401251979838,0.22760150393038353,14.3,490.85271249388353,6.851419894432944
2017-08-11,Brewery Creek,2017-08-11T07:47:00Z,7,10.271900131086754,0.2273230283386662,14.2667,537.1752759491069,6.957320743429034
2017-08-11,Brewery Creek,2017-08-11T08:02:00Z,7,10.287924872519797,0.22760150393038353,14.2,582.0665163846398,7.070872376075674
2017-08-11,Brewery Creek,2017-08-11T08:17:00Z,7.03333,10.273955432883298,0.22815650188824582,14.2667,625.3341606746208,7.191115477734579
2017-08-11,Brewery Creek,2017-08-11T08:32:00Z,7.16667,10.267509009821719,0.22815650188824582,14.3,666.7928896286527,7.317020040189297
2017-08-11,Brewery Creek,2017-08-11T08:47:00Z,7.3,10.26853594928219,0.22787916372307498,14.3,706.2651316982702,7.448047693204358
2017-08-11,Brewery Creek,2017-08-11T09:02:00Z,7.5,10.247172415621181,0.22774043544064693,14.4,743.5818235694068,7.5832591353794
2017-08-11,Brewery Creek,2017-08-11T09:17:00Z,7.66667,10.24024785017993,0.22774043544064693,14.4333,778.5831342757718,7.721787704124962
2017-08-11,Brewery Creek,2017-08-11T09:32:00Z,7.86667,10.225891986179464,0.22843254585620534,14.5,811.1191497456024,7.862891406904211
2017-08-11,Brewery Creek,2017-08-11T09:47:00Z,8.1,10.204183933027116,0.22815650188824582,14.6,841.0505149299269,8.00559859199556
2017-08-11,Brewery Creek,2017-08-11T10:02:00Z,8.3,10.197314017648782,0.22774043544064693,14.6333,868.2490306684659,8.149362482331178
2017-08-11,Brewery Creek,2017-08-11T10:17:00Z,8.46667,10.183833297740614,0.22774043544064693,14.7,892.5982027819375,8.293514789611379
2017-08-11,Brewery Creek,2017-08-11T10:32:00Z,8.56667,10.177753119405459,0.22815650188824582,14.7333,913.9937410340261,8.437193270512214
2017-08-11,Brewery Creek,2017-08-11T10:47:00Z,8.66667,10.164323587009779,0.22815650188824582,14.8,932.3440058256107,8.579628799148956
2017-08-11,Brewery Creek,2017-08-11T11:02:00Z,8.8,10.15826758702587,0.22815650188824582,14.8333,947.5704006831028,8.720131077022119
2017-08-11,Brewery Creek,2017-08-11T11:17:00Z,8.93333,10.136829834884514,0.22787916372307498,14.9333,959.6077089328104,8.857862373293962
2017-08-11,Brewery Creek,2017-08-11T11:32:00Z,9.03333,10.122745492136538,0.22787916372307498,15,968.4043730045445,8.991957709308775
2017-08-11,Brewery Creek,2017-08-11T11:47:00Z,9.16667,10.094202534695034,0.22774043544064693,15.1333,973.9227152885918,9.121554294497598
2017-08-11,Brewery Creek,2017-08-11T12:02:00Z,9.3,10.073012108466372,0.22774043544064693,15.2333,976.1390995059479,9.245840348809647
2017-08-11,Brewery Creek,2017-08-11T12:17:00Z,9.46667,10.043447376418648,0.22787916372307498,15.3667,975.0440319541607,9.364080512519331
2017-08-11,Brewery Creek,2017-08-11T12:32:00Z,9.56667,10.028367257605549,0.22774043544064693,15.4333,970.642202180392,9.475794192542711
2017-08-11,Brewery Creek,2017-08-11T12:47:00Z,9.7,10.006173725180796,0.22787916372307498,15.5333,962.9524628998009,9.580527788534157
2017-08-11,Brewery Creek,2017-08-11T13:02:00Z,9.73333,9.991168366608552,0.22815650188824582,15.6,952.0077492557166,9.67764991236075
2017-08-11,Brewery Creek,2017-08-11T13:17:00Z,9.8,9.976950434343895,0.22774043544064693,15.6667,937.8549377627846,9.766894628891867
2017-08-11,Brewery Creek,2017-08-11T13:32:00Z,9.9,9.962790076723483,0.22774043544064693,15.7333,920.5546455426556,9.847833494052551
2017-08-11,Brewery Creek,2017-08-11T13:47:00Z,9.96667,9.948644641248755,0.22774043544064693,15.8,900.1809706826452,9.919941060523103
2017-08-11,Brewery Creek,2017-08-11T14:02:00Z,10,9.948644641248755,0.22760150393038353,15.8,876.8211749145122,9.98312707763813
2017-08-11,Brewery Creek,2017-08-11T14:17:00Z,10.0333,9.927504652611091,0.22787916372307498,15.9,850.5753098094782,10.036828613110655
2017-08-11,Brewery Creek,2017-08-11T14:32:00Z,10.1,9.913449156728875,0.22787916372307498,15.9667,821.5557883201701,10.08040284439483
2017-08-11,Brewery Creek,2017-08-11T14:47:00Z,10.1,9.906445337547098,0.2274623684713798,16,789.8869032598225,10.113957113786213
2017-08-11,Brewery Creek,2017-08-11T15:02:00Z,10.1,9.906445337547098,0.22760150393038353,16,755.7042949766776,10.137547760033385
2017-08-11,Brewery Creek,2017-08-11T15:17:00Z,10.1,9.905701411006559,0.22774043544064693,16,719.154370403255,10.15106979186068
2017-08-11,Brewery Creek,2017-08-11T15:32:00Z,10.0667,9.897963556430467,0.22787916372307498,16.0333,680.3936759564381,10.154210473548632
2017-08-11,Brewery Creek,2017-08-11T15:47:00Z,10.0667,9.88323895403612,0.2274623684713798,16.1,639.5882270783635,10.146572147697727
2017-08-11,Brewery Creek,2017-08-11T16:02:00Z,10.1,9.882496516285524,0.22787916372307498,16.1,596.9127971391201,10.128278403844742
2017-08-11,Brewery Creek,2017-08-11T16:17:00Z,10.0667,9.882743995535725,0.22760150393038353,16.1,552.5501689123902,10.099649107711755
2017-08-11,Brewery Creek,2017-08-11T16:32:00Z,10,9.88299147478592,0.22815650188824582,16.1,506.69035165749057,10.06077668911624
2017-08-11,Brewery Creek,2017-08-11T16:47:00Z,10,9.88323895403612,0.22760150393038353,16.1,459.529767340292,10.011707079958452
2017-08-11,Brewery Creek,2017-08-11T17:02:00Z,10,9.883486433286318,0.22760150393038353,16.1,411.2704093063106,9.95252750719339
2017-08-11,Brewery Creek,2017-08-11T17:17:00Z,9.96667,9.882991474785923,0.22760150393038353,16.1,362.11897712309127,9.883444050256639
2017-08-11,Brewery Creek,2017-08-11T17:32:00Z,9.86667,9.882496516285524,0.2273230283386662,16.1,312.2859913059435,9.804611923022287
2017-08-11,Brewery Creek,2017-08-11T17:47:00Z,9.76667,9.888976392519304,0.2271829893443602,16.0667,261.9848915867884,9.716409855963182
2017-08-11,Brewery Creek,2017-08-11T18:02:00Z,9.7,9.902477729330894,0.2271829893443602,16,211.43112278282197,9.619474370364895
2017-08-11,Brewery Creek,2017-08-11T18:17:00Z,9.6,9.903221655871432,0.22704323694320122,16,160.84121198570625,9.514005072672141
2017-08-11,Brewery Creek,2017-08-11T18:32:00Z,9.53333,9.903965582411972,0.2271829893443602,16,110.43184116621515,9.400157072803918
2017-08-11,Brewery Creek,2017-08-11T18:47:00Z,9.36667,9.925765335791581,0.22676311077151529,15.9,60.41891908863184,9.278675109830811
2017-08-11,Brewery Creek,2017-08-11T19:02:00Z,9.23333,9.94764874439293,0.2266227355136415,15.8,11.016656603451699,9.150312371738124
2017-08-11,Brewery Creek,2017-08-11T19:17:00Z,9.06667,9.969616258011452,0.2269032776661065,15.7,0,9.020556696714607
2017-08-11,Brewery Creek,2017-08-11T19:32:00Z,8.93333,9.991668329037747,0.22619985341363597,15.6,0,8.895560692671825
2017-08-11,Brewery Creek,2017-08-11T19:47:00Z,8.76667,10.006674362999357,0.22634085902443551,15.5333,0,8.776328230073831
2017-08-11,Brewery Creek,2017-08-11T20:02:00Z,8.63333,10.02886891150911,0.22591720724846298,15.4333,0,8.662692310017738
2017-08-11,Brewery Creek,2017-08-11T20:17:00Z,8.53333,10.043698542898479,0.22577556515480143,15.3667,0,8.554288047356557
2017-08-11,Brewery Creek,2017-08-11T20:32:00Z,8.43333,10.0657845781786,0.22591720724846298,15.2667,0,8.451074771031452
2017-08-11,Brewery Creek,2017-08-11T20:47:00Z,8.33333,10.080731326916109,0.22563370935348184,15.2,0,8.352764992085381
2017-08-11,Brewery Creek,2017-08-11T21:02:00Z,8.2,10.10296052741244,0.2254911366673023,15.1,0,8.259027839228791
2017-08-11,Brewery Creek,2017-08-11T21:17:00Z,8.13333,10.124769914958796,0.2253488503415859,15,0,8.16981299059946
2017-08-11,Brewery Creek,2017-08-11T21:32:00Z,8.03333,10.139363825642699,0.2253488503415859,14.9333,0,8.084839465737401
2017-08-11,Brewery Creek,2017-08-11T21:47:00Z,7.96667,10.161314626520179,0.2254911366673023,14.8333,0,8.004018015742437
2017-08-11,Brewery Creek,2017-08-11T22:02:00Z,7.9,10.175981230969382,0.2253488503415859,14.7667,0,7.927109562246857
2017-08-11,Brewery Creek,2017-08-11T22:17:00Z,7.8,10.197819833936123,0.2252063479493083,14.6667,0,7.853825264597624
2017-08-11,Brewery Creek,2017-08-11T22:32:00Z,7.76667,10.212348530190296,0.2252063479493083,14.6,0,7.784050441662558
2017-08-11,Brewery Creek,2017-08-11T22:47:00Z,7.7,10.226915009850835,0.22492069178222193,14.5333,0,7.717465894315015
2017-08-11,Brewery Creek,2017-08-11T23:02:00Z,7.66667,10.248952712858763,0.22506362869591873,14.4333,0,7.654088545455001
2017-08-11,Brewery Creek,2017-08-11T23:17:00Z,7.6,10.264361134231606,0.22506362869591873,14.3667,0,7.593897114817758
2017-08-11,Brewery Creek,2017-08-11T23:32:00Z,7.56667,10.279832283347366,0.22492069178222193,14.3,0,7.536555012830626
2017-08-11,Brewery Creek,2017-08-11T23:47:00Z,7.5,10.30284651658581,0.22492069178222193,14.2,0,7.482039146662076
2018-05-27,New Hope Creek,2018-05-27T00:00:00Z,7.39,8.5680062715509,0.411987101960442,22.78,0,7.39
2018-05-27,New Hope Creek,2018-05-27T00:15:00Z,7.39,8.5680062715509,0.411987101960442,22.78,0,7.372644114188459
2018-05-27,New Hope Creek,2018-05-27T00:30:00Z,7.39,8.574536388833828,0.411987101960442,22.74,0,7.356274325995924
2018-05-27,New Hope Creek,2018-05-27T00:45:00Z,7.38,8.576929870620319,0.411987101960442,22.72,0,7.340886130107026
2018-05-27,New Hope Creek,2018-05-27T01:00:00Z,7.37,8.584348266001824,0.411987101960442,22.68,0,7.326451407904404
2018-05-27,New Hope Creek,2018-05-27T01:15:00Z,7.43,8.588499181372594,0.4133203031022571,22.66,0,7.313086892543713
2018-05-27,New Hope Creek,2018-05-27T01:30:00Z,7.43,8.595933112510126,0.4133203031022571,22.62,0,7.300738836373654
2018-05-27,New Hope Creek,2018-05-27T01:45:00Z,7.41,8.599215524665274,0.4146432567768181,22.6,0,7.289333412937773
2018-05-27,New Hope Creek,2018-05-27T02:00:00Z,7.45,8.60136002056341,0.4159561512685788,22.58,0,7.278827092981834
2018-05-27,New Hope Creek,2018-05-27T02:15:00Z,7.48,8.607935275440628,0.4172591694330644,22.54,0,7.269236890418347
2018-05-27,New Hope Creek,2018-05-27T02:30:00Z,7.49,8.61034831405227,0.4201557619925675,22.52,0,7.260662058655244
2018-05-27,New Hope Creek,2018-05-27T02:45:00Z,7.51,8.614256049291127,0.4239448182930663,22.5,0,7.253216106823798
2018-05-27,New Hope Creek,2018-05-27T03:00:00Z,7.51,8.616321460540833,0.42795990417968416,22.48,0,7.246921891922835
2018-05-27,New Hope Creek,2018-05-27T03:15:00Z,7.54,8.623797395522232,0.43158750411601904,22.44,0,7.241768371320022
2018-05-27,New Hope Creek,2018-05-27T03:30:00Z,7.52,8.628594608890081,0.43689537501632997,22.42,0,7.237859419388691
2018-05-27,New Hope Creek,2018-05-27T03:45:00Z,7.53,8.636086701397852,0.441770009616357,22.38,0,7.235220992934408
2018-05-27,New Hope Creek,2018-05-27T04:00:00Z,7.54,8.64001269556813,0.4481662306686177,22.36,0,7.23383395366598
2018-05-27,New Hope Creek,2018-05-27T04:15:00Z,7.52,8.643941392850595,0.45671624260251703,22.34,0,7.233822685291971
2018-05-27,New Hope Creek,2018-05-27T04:30:00Z,7.54,8.646991761935295,0.46539829112692904,22.32,0,7.235231208244748
2018-05-27,New Hope Creek,2018-05-27T04:45:00Z,7.53,8.656008227952638,0.4751385127634169,22.28,0,7.238132883624933
2018-05-27,New Hope Creek,2018-05-27T05:00:00Z,7.51,8.660212447676543,0.48801789249810235,22.26,25.78122091281611,7.2431389480178545
2018-05-27,New Hope Creek,2018-05-27T05:15:00Z,7.5,8.665037159514513,0.5005487844556186,22.24,78.93496213269476,7.251023319072714
2018-05-27,New Hope Creek,2018-05-27T05:30:00Z,7.52,8.670129984846072,0.5115742874017634,22.22,132.73830177411128,7.261870426876372
2018-05-27,New Hope Creek,2018-05-27T05:45:00Z,7.54,8.675226339411727,0.5224356115013591,22.2,186.96087971015487,7.275325364496653
2018-05-27,New Hope Creek,2018-05-27T06:00:00Z,7.53,8.680326227097591,0.5304217668200091,22.18,241.37054090226317,7.291003989106398
2018-05-27,New Hope Creek,2018-05-27T06:15:00Z,7.46,8.684016037252105,0.5383052921766909,22.16,295.7343293333105,7.308529626063878
2018-05-27,New Hope Creek,2018-05-27T06:30:00Z,7.52,8.688503832443082,0.5447263697593209,22.14,349.8194855000724,7.327655569185778
2018-05-27,New Hope Creek,2018-05-27T06:45:00Z,7.54,8.692994737066092,0.5499695990942386,22.12,403.3944429191142,7.348142882343572
2018-05-27,New Hope Creek,2018-05-27T07:00:00Z,7.49,8.694497758483513,0.5537835452982607,22.12,456.22981960992973,7.369704056222346
2018-05-27,New Hope Creek,2018-05-27T07:15:00Z,7.52,8.698107863343736,0.5570494938911745,22.1,508.09940015567895,7.392134688166939
2018-05-27,New Hope Creek,2018-05-27T07:30:00Z,7.51,8.701985888166982,0.5586653687365439,22.08,558.7811042880546,7.415303263145986
2018-05-27,New Hope Creek,2018-05-27T07:45:00Z,7.43,8.704109293883812,0.560270097570131,22.08,608.0579377258586,7.439043047450522
2018-05-27,New Hope Creek,2018-05-27T08:00:00Z,7.53,8.706840166960784,0.560270097570131,22.06,655.7189211964798,7.4631943599865345
2018-05-27,New Hope Creek,2018-05-27T08:15:00Z,7.49,8.707105686106246,0.560270097570131,22.06,701.5599937968917,7.487586556229987
2018-05-27,New Hope Creek,2018-05-27T08:30:00Z,7.51,8.702605214834392,0.5586653687365439,22.08,745.3848866306097,7.511957492545816
2018-05-27,New Hope Creek,2018-05-27T08:45:00Z,7.48,8.700481809117562,0.5570494938911745,22.08,787.0059631800555,7.536143330121561
2018-05-27,New Hope Creek,2018-05-27T09:00:00Z,7.57,8.698550083939338,0.5570494938911745,22.1,826.2450226360245,7.56019987460936
2018-05-27,New Hope Creek,2018-05-27T09:15:00Z,7.6,8.694320932434406,0.5550954649630485,22.12,862.9340628749819,7.584018617774294
2018-05-27,New Hope Creek,2018-05-27T09:30:00Z,7.55,8.693011312121598,0.5537835452982607,22.14,896.9159997492875,7.607515009579361
2018-05-27,New Hope Creek,2018-05-27T09:45:00Z,7.6,8.687019968153914,0.5513033825331274,22.16,928.0453396684928,7.630571422020302
2018-05-27,New Hope Creek,2018-05-27T10:00:00Z,7.62,8.67999393952499,0.5499695990942386,22.2,956.1888025050413,7.652999943830376
2018-05-27,New Hope Creek,2018-05-27T10:15:00Z,7.68,8.677278876257073,0.547447608508592,22.22,981.225892210946,7.674823971381677
2018-05-27,New Hope Creek,2018-05-27T10:30:00Z,7.67,8.67359517567251,0.5460910595151865,22.24,1003.049412762513,7.696050549282914
2018-05-27,New Hope Creek,2018-05-27T10:45:00Z,7.72,8.669737620763712,0.5435254947217163,22.26,1021.565927089809,7.716586534246217
2018-05-27,New Hope Creek,2018-05-27T11:00:00Z,7.75,8.66361690097078,0.5421452179340588,22.3,1036.696157115637,7.736318697938519
2018-05-27,New Hope Creek,2018-05-27T11:15:00Z,7.76,8.649464375787787,0.5395342139844197,22.38,1048.3753231966643,7.754965189131785
2018-05-27,New Hope Creek,2018-05-27T11:30:00Z,7.68,8.635965899495732,0.5368925097116769,22.46,1056.5534214662346,7.772283185840037
2018-05-27,New Hope Creek,2018-05-27T11:45:00Z,7.73,8.623030969210772,0.5356489599660175,22.54,1061.195437921098,7.788289899402563
2018-05-27,New Hope Creek,2018-05-27T12:00:00Z,7.8,8.605707292411184,0.5329606123948994,22.64,1062.2814983240512,7.802851696432351
2018-05-27,New Hope Creek,2018-05-27T12:15:00Z,7.9,8.593503512206247,0.5316948285654152,22.7,1059.8069532943764,7.815934009414393
2018-05-27,New Hope Creek,2018-05-27T12:30:00Z,7.89,8.586081257856868,0.5304217668200091,22.74,1053.7823982087943,7.827745960558446
2018-05-27,New Hope Creek,2018-05-27T12:45:00Z,7.9,8.57566582537947,0.5276687929822657,22.8,1044.2336278266891,7.838244465346289
2018-05-27,New Hope Creek,2018-05-27T13:00:00Z,7.88,8.56474798425852,0.5263721833624948,22.86,1031.201525847008,7.847304341012417
2018-05-27,New Hope Creek,2018-05-27T13:15:00Z,7.97,8.553765240505253,0.5237557058043834,22.92,1014.7418898583506,7.85487250053855
2018-05-27,New Hope Creek,2018-05-27T13:30:00Z,7.98,8.540259278555954,0.5224356115013591,23,994.9251924355692,7.860855071565826
2018-05-27,New Hope Creek,2018-05-27T13:45:00Z,7.91,8.517896697127554,0.5197711259662003,23.12,971.8362794121257,7.864958599172664
2018-05-27,New Hope Creek,2018-05-27T14:00:00Z,7.98,8.499526857911416,0.5182337164838072,23.24,945.5740065814177,7.867054530544793
2018-05-27,New Hope Creek,2018-05-27T14:15:00Z,7.94,8.478808296439915,0.5170734306586002,23.36,916.2508164763576,7.867216759893249
2018-05-27,New Hope Creek,2018-05-27T14:30:00Z,8.02,8.45938233737336,0.5143415073541886,23.48,883.9922569268628,7.865372934685357
2018-05-27,New Hope Creek,2018-05-27T14:45:00Z,7.95,8.44311190109981,0.5129623783126955,23.56,848.9364434919781,7.861612127367926
2018-05-27,New Hope Creek,2018-05-27T15:00:00Z,7.89,8.434189921047727,0.5101770925892752,23.62,811.2334681540796,7.856170592291042
2018-05-27,New Hope Creek,2018-05-27T15:15:00Z,8,8.420314358008696,0.5087706482391479,23.7,771.0447567020174,7.849100262052723
2018-05-27,New Hope Creek,2018-05-27T15:30:00Z,8.02,8.413476481780803,0.5075576495148914,23.74,728.5423775194803,7.840496957312819
2018-05-27,New Hope Creek,2018-05-27T15:45:00Z,7.97,8.405960426766505,0.5046999203329731,23.78,683.9083049423658,7.830448694638878
2018-05-27,New Hope Creek,2018-05-27T16:00:00Z,7.91,8.401373573809366,0.50325636499205,23.82,637.3336400773826,7.819000809728285
2018-05-27,New Hope Creek,2018-05-27T16:15:00Z,7.91,8.397623350562876,0.5020110691066597,23.84,589.0177926340185,7.806305271011358
2018-05-27,New Hope Creek,2018-05-27T16:30:00Z,7.81,8.391674283177712,0.49928718178203846,23.88,539.1676271500526,7.792272234788035
2018-05-27,New Hope Creek,2018-05-27T16:45:00Z,7.86,8.385647421857797,0.49780556961965233,23.92,487.9965772739414,7.7768511035101815
2018-05-27,New Hope Creek,2018-05-27T17:00:00Z,7.8,8.37791549350416,0.4950255656526315,23.96,435.72373193065505,7.760007588965217
2018-05-27,New Hope Creek,2018-05-27T17:15:00Z,7.74,8.377692473271141,0.4937297447598406,23.98,382.5728973728419,7.741917478211373
2018-05-27,New Hope Creek,2018-05-27T17:30:00Z,7.72,8.370829225989075,0.4922075572077965,24.02,328.7716388584076,7.72268947577801
2018-05-27,New Hope Creek,2018-05-27T17:45:00Z,7.69,8.364573677359523,0.48935026399421283,24.06,274.5503063687732,7.702122964078305
2018-05-27,New Hope Creek,2018-05-27T18:00:00Z,7.63,8.361705461357401,0.48801789249810235,24.08,220.1410484101035,7.680366237153727
2018-05-27,New Hope Creek,2018-05-27T18:15:00Z,7.48,8.36341508305776,0.48667672808353735,24.08,165.776817983351,7.657733890804336
2018-05-27,New Hope Creek,2018-05-27T18:30:00Z,7.49,8.362342691109525,0.4851007339555929,24.1,111.69037523932145,7.63429614218703
2018-05-27,New Hope Creek,2018-05-27T18:45:00Z,7.43,8.36430809420317,0.48237006772778845,24.1,58.11329096177936,7.610012867828874
2018-05-27,New Hope Creek,2018-05-27T19:00:00Z,7.49,8.36212522658249,0.4809907003016724,24.12,5.274954997801095,7.584918091522268
2018-05-27,New Hope Creek,2018-05-27T19:15:00Z,7.44,8.363235732786755,0.47960176784702724,24.12,0,7.5599183943318655
2018-05-27,New Hope Creek,2018-05-27T19:30:00Z,7.37,8.367555281923103,0.4782031084968779,24.1,0,7.53603853585424
2018-05-27,New Hope Creek,2018-05-27T19:45:00Z,7.36,8.366102592679974,0.47679455599577814,24.1,0,7.513242689942214
2018-05-27,New Hope Creek,2018-05-27T20:00:00Z,7.34,8.371792229389518,0.4751385127634169,24.08,0,7.491490926294759
2018-05-27,New Hope Creek,2018-05-27T20:15:00Z,7.3,8.37298896457977,0.4751385127634169,24.08,0,7.470892990667633
2018-05-27,New Hope Creek,2018-05-27T20:30:00Z,7.26,8.383011840845965,0.4737079328194231,24.04,0,7.451503029193114
2018-05-27,New Hope Creek,2018-05-27T20:45:00Z,7.31,8.38725819542354,0.4725078076927967,24.02,0,7.4332421249181335
2018-05-27,New Hope Creek,2018-05-27T21:00:00Z,7.31,8.392448945488049,0.4713003177493546,24,0,7.415954762730621
2018-05-27,New Hope Creek,2018-05-27T21:15:00Z,7.22,8.399072084652214,0.47008535281822617,23.96,0,7.399637001558646
2018-05-27,New Hope Creek,2018-05-27T21:30:00Z,7.24,8.404186310660183,0.47008535281822617,23.94,0,7.384320647294332
2018-05-27,New Hope Creek,2018-05-27T21:45:00Z,7.16,8.40970928534445,0.46910792316596184,23.9,0,7.3699418461560144
2018-05-27,New Hope Creek,2018-05-27T22:00:00Z,7.2,8.419423701988537,0.46910792316596184,23.84,0,7.356542987903042
2018-05-27,New Hope Creek,2018-05-27T22:15:00Z,7.2,8.424278954982553,0.46787921715275255,23.8,0,7.344037652119577
2018-05-27,New Hope Creek,2018-05-27T22:30:00Z,7.18,8.432664395357506,0.46787921715275255,23.76,0,7.332357722911991
2018-05-27,New Hope Creek,2018-05-27T22:45:00Z,7.22,8.44020106409675,0.46664271336252783,23.72,0,7.321526416337448
2018-05-27,New Hope Creek,2018-05-27T23:00:00Z,7.14,8.446801171356833,0.46664271336252783,23.68,0,7.311454428495437
2018-05-27,New Hope Creek,2018-05-27T23:15:00Z,7.12,8.452635047381653,0.46539829112692904,23.64,0,7.302058217021196
2018-05-27,New Hope Creek,2018-05-27T23:30:00Z,7.17,8.462779837995694,0.46539829112692904,23.58,0,7.293377446493291
2018-05-27,New Hope Creek,2018-05-27T23:45:00Z,7.18,8.468030347140301,0.46414582678859684,23.54,0,7.285358962253684
2018-05-31,Ichetucknee River,2018-05-31T00:00:00Z,3.13,8.801462661776313,0.7746127873596365,21.8,0,3.13
2018-05-31,Ichetucknee River,2018-05-31T00:15:00Z,3.13,8.801462661776313,0.7746127873596365,21.8,0,3.0909676090762335
2018-05-31,Ichetucknee River,2018-05-31T00:30:00Z,3.08,8.801462661776313,0.7716609618462609,21.8,0,3.053275108874508
2018-05-31,Ichetucknee River,2018-05-31T00:45:00Z,3.06,8.800795810584114,0.7709186220425629,21.8,0,3.0166820861282213
2018-05-31,Ichetucknee River,2018-05-31T01:00:00Z,3,8.800128959391918,0.7760788839459456,21.8,0,2.982816923966653
2018-05-31,Ichetucknee River,2018-05-31T01:15:00Z,2.77,8.799462108199721,0.77899103045301,21.8,0,2.952303007187372
2018-05-31,Ichetucknee River,2018-05-31T01:30:00Z,2.94,8.798795257007525,0.7804372250039945,21.8,0,2.924189121047724
2018-05-31,Ichetucknee River,2018-05-31T01:45:00Z,2.91,8.799017540738257,0.7753466677930786,21.8,0,2.89671865764336
2018-05-31,Ichetucknee River,2018-05-31T02:00:00Z,3,8.7992398244689891,0.77899103045301,21.8,0,2.8703398338125092
2018-05-31,Ichetucknee River,2018-05-31T02:15:00Z,2.89,8.799462108199721,0.7738774935011176,21.8,0,2.844989119948595
2018-05-31,Ichetucknee River,2018-05-31T02:30:00Z,3.01,8.799684391930455,0.7746127873596365,21.8,0,2.8200122815829816
2018-05-31,Ichetucknee River,2018-05-31T02:45:00Z,2.97,8.799684391930455,0.7782653807199296,21.8,0,2.7972078648664307
2018-05-31,Ichetucknee River,2018-05-31T03:00:00Z,3.05,8.799684391930455,0.7731402575106844,21.8,0,2.7752397233593236
2018-05-31,Ichetucknee River,2018-05-31T03:15:00Z,3.04,8.799684391930455,0.7716609618462609,21.8,0,2.7529955138096955
2018-05-31,Ichetucknee River,2018-05-31T03:30:00Z,2.95,8.799684391930455,0.7753466677930786,21.8,0,2.7323291135670584
2018-05-31,Ichetucknee River,2018-05-31T03:45:00Z,2.98,8.799684391930455,0.7818770126775018,21.8,0,2.7148225684997485
2018-05-31,Ichetucknee River,2018-05-31T04:00:00Z,2.97,8.799684391930455,0.7760788839459456,21.8,0,2.69834718796798
2018-05-31,Ichetucknee River,2018-05-31T04:15:00Z,2.99,8.799684391930455,0.7825946518423761,21.8,0,2.682845699849921
2018-05-31,Ichetucknee River,2018-05-31T04:30:00Z,3.06,8.799684391930455,0.7811580425354404,21.8,0,2.6691724860977275
2018-05-31,Ichetucknee River,2018-05-31T04:45:00Z,3.05,8.800351243122652,0.7753466677930786,21.8,0,2.6547048157700295
2018-05-31,Ichetucknee River,2018-05-31T05:00:00Z,3.02,8.801018094314848,0.7738774935011176,21.8,0,2.6394869401507535
2018-05-31,Ichetucknee River,2018-05-31T05:15:00Z,3,8.801684945507045,0.7753466677930786,21.8,38.179931114216906,2.631462420108756
2018-05-31,Ichetucknee River,2018-05-31T05:30:00Z,3.07,8.802351796699242,0.7854492726438137,21.8,95.49859594477941,2.6420533726142357
2018-05-31,Ichetucknee River,2018-05-31T05:45:00Z,3.09,8.804352350275833,0.7854492726438137,21.8,153.27363684211554,2.673210242512768
2018-05-31,Ichetucknee River,2018-05-31T06:00:00Z,3.03,8.80635290385242,0.7782653807199296,21.8,211.25769887352968,2.7208962823339156
2018-05-31,Ichetucknee River,2018-05-31T06:15:00Z,3.08,8.808353457429012,0.7724013294895409,21.8,269.20253223050486,2.783516668669665
2018-05-31,Ichetucknee River,2018-05-31T06:30:00Z,3.15,8.810354011005602,0.7738774935011176,21.8,326.86005514724707,2.861784442350161
2018-05-31,Ichetucknee River,2018-05-31T06:45:00Z,2.99,8.812132280851461,0.7738774935011176,21.8,383.9834159628726,2.9557074546546427
2018-05-31,Ichetucknee River,2018-05-31T07:00:00Z,3.04,8.81391055069732,0.7724013294895409,21.8,440.32805002472486,3.063882489670372
2018-05-31,Ichetucknee River,2018-05-31T07:15:00Z,3.15,8.815688820543176,0.7694290348521023,21.8,495.65272675082014,3.185005138708742
2018-05-31,Ichetucknee River,2018-05-31T07:30:00Z,3.37,8.800470066096167,0.7716609618462609,21.9,549.7205823901095,3.3183721821967773
2018-05-31,Ichetucknee River,2018-05-31T07:45:00Z,3.51,8.801357630265164,0.7716609618462609,21.9,602.3001341308186,3.463189864833387
2018-05-31,Ichetucknee River,2018-05-31T08:00:00Z,3.54,8.802245194434162,0.7701745617168523,21.9,653.1662711425738,3.6180772252075943
2018-05-31,Ichetucknee River,2018-05-31T08:15:00Z,3.61,8.803132758603157,0.7572542241381877,21.9,702.1012184034778,3.7811733447518585
2018-05-31,Ichetucknee River,2018-05-31T08:30:00Z,3.81,8.787075822730383,0.7626379671894532,22,748.8954689743197,3.9517594753380583
2018-05-31,Ichetucknee River,2018-05-31T08:45:00Z,4.02,8.78641132302936,0.7889826904604955,22,793.3486810579714,4.130460825611582
2018-05-31,Ichetucknee River,2018-05-31T09:00:00Z,4.12,8.768863158639816,0.7889826904604955,22.1,835.2705356862656,4.3154098653952175
2018-05-31,Ichetucknee River,2018-05-31T09:15:00Z,4.3,8.768199827746413,0.7882789462558661,22.1,874.4815515053692,4.504174333308652
2018-05-31,Ichetucknee River,2018-05-31T09:30:00Z,4.51,8.750713341205026,0.7917824568007196,22.2,910.8138532699833,4.695651667178624
2018-05-31,Ichetucknee River,2018-05-31T09:45:00Z,4.73,8.750713341205026,0.7760788839459456,22.2,944.1118905027196,4.888660738394396
2018-05-31,Ichetucknee River,2018-05-31T10:00:00Z,4.86,8.733948050733167,0.767932225384244,22.3,974.2331034627356,5.082136699574401
2018-05-31,Ichetucknee River,2018-05-31T10:15:00Z,5.1,8.717240320768552,0.7811580425354404,22.4,1001.0485335433125,5.274869476520235
2018-05-31,Ichetucknee River,2018-05-31T10:30:00Z,5.42,8.700589848211694,0.7716609618462609,22.5,1024.4433753022304,5.465803728654461
2018-05-31,Ichetucknee River,2018-05-31T10:45:00Z,5.54,8.682900405890331,0.7649179439108683,22.6,1044.3174680345162,5.653986447252879
2018-05-31,Ichetucknee River,2018-05-31T11:00:00Z,5.89,8.665271424596986,0.7694290348521023,22.7,1060.5857245762356,5.838140243381995
2018-05-31,Ichetucknee River,2018-05-31T11:15:00Z,5.98,8.647702583525612,0.7716609618462609,22.8,1073.1784955750331,6.017036702553478
2018-05-31,Ichetucknee River,2018-05-31T11:30:00Z,6.39,8.630193563534956,0.7746127873596365,22.9,1082.041867684327,6.189651359991444
2018-05-31,Ichetucknee River,2018-05-31T11:45:00Z,6.63,8.61274404713713,0.7775381025996019,23,1087.1378943786601,6.354969639075937
2018-05-31,Ichetucknee River,2018-05-31T12:00:00Z,6.75,8.595353718486415,0.7775381025996019,23.1,1088.4447584103416,6.512128640736711
2018-05-31,Ichetucknee River,2018-05-31T12:15:00Z,6.9,8.578022263367975,0.7768091872338211,23.2,1085.95686521072,6.660337309610572
2018-05-31,Ichetucknee River,2018-05-31T12:30:00Z,7.06,8.576937642128444,0.7738774935011176,23.2,1079.6848668369164,6.79914004137107
2018-05-31,Ichetucknee River,2018-05-31T12:45:00Z,7.2,8.55966660633485,0.7731402575106844,23.3,1069.6556163613268,6.9277296836068585
2018-05-31,Ichetucknee River,2018-05-31T13:00:00Z,7.05,8.542453813245666,0.7760788839459456,23.4,1055.9120528947853,7.044912041547013
2018-05-31,Ichetucknee River,2018-05-31T13:15:00Z,7.07,8.52529895350573,0.7818770126775018,23.5,1038.513017755366,7.1499156717356565
2018-05-31,Ichetucknee River,2018-05-31T13:30:00Z,7.46,8.508201719346669,0.7775381025996019,23.6,1017.5330025286063,7.242279947646272
2018-05-31,Ichetucknee River,2018-05-31T13:45:00Z,7.5,8.491161804576073,0.7724013294895409,23.7,993.0618301577098,7.32158908438915
2018-05-31,Ichetucknee River,2018-05-31T14:00:00Z,7.63,8.474178904566802,0.7811580425354404,23.8,965.204270362167,7.387259843531124
2018-05-31,Ichetucknee River,2018-05-31T14:15:00Z,7.72,8.457252716246366,0.7709186220425629,23.9,934.0795910654376,7.438805574189755
2018-05-31,Ichetucknee River,2018-05-31T14:30:00Z,7.8,8.44038293808635,0.7753466677930786,24,899.8210478131413,7.4759326799714385
2018-05-31,Ichetucknee River,2018-05-31T14:45:00Z,7.65,8.439312982894425,0.7731402575106844,24,862.5753132020093,7.4987065921110325
2018-05-31,Ichetucknee River,2018-05-31T15:00:00Z,7.58,8.438243027702496,0.7701745617168523,24,822.5018489536548,7.50712552955442
2018-05-31,Ichetucknee River,2018-05-31T15:15:00Z,7.69,8.421432962381507,0.7768091872338211,24.1,779.7722231940044,7.500939093884251
2018-05-31,Ichetucknee River,2018-05-31T15:30:00Z,7.73,8.420364808526264,0.7768091872338211,24.1,734.569375909631,7.480187212225151
2018-05-31,Ichetucknee River,2018-05-31T15:45:00Z,7.43,8.404038879081456,0.7768091872338211,24.2,687.086835717373,7.444656710900646
2018-05-31,Ichetucknee River,2018-05-31T16:00:00Z,7.42,8.40339906337908,0.7709186220425629,24.2,637.5278912885568,7.3939989355561835
2018-05-31,Ichetucknee River,2018-05-31T16:15:00Z,7.41,8.402759247676702,0.7818770126775018,24.2,586.1047210524117,7.329544324244893
2018-05-31,Ichetucknee River,2018-05-31T16:30:00Z,7.34,8.402119431974324,0.7782653807199296,24.2,533.0374846949916,7.2515817922883885
2018-05-31,Ichetucknee River,2018-05-31T16:45:00Z,7.17,8.418655762357877,0.7641597658887831,24.1,478.5533806598221,7.1583864245789375
2018-05-31,Ichetucknee River,2018-05-31T17:00:00Z,6.99,8.41951028544207,0.7768091872338211,24.1,422.885673424784,7.051985111237372
2018-05-31,Ichetucknee River,2018-05-31T17:15:00Z,6.74,8.436103117318643,0.7804372250039945,24,366.2726947887932,6.9346459352033865
2018-05-31,Ichetucknee River,2018-05-31T17:30:00Z,6.68,8.436959081472185,0.7716609618462609,24,308.956823477431,6.804123851682427
2018-05-31,Ichetucknee River,2018-05-31T17:45:00Z,6.57,8.453180014771448,0.7731402575106844,23.9,251.1834475307623,6.660585660819704
2018-05-31,Ichetucknee River,2018-05-31T18:00:00Z,6.35,8.469455157187912,0.7753466677930786,23.8,193.19991361011793,6.506401031114994
2018-05-31,Ichetucknee River,2018-05-31T18:15:00Z,6.24,8.48578479739883,0.7768091872338211,23.7,135.25446810248786,6.342140500216025
2018-05-31,Ichetucknee River,2018-05-31T18:30:00Z,5.87,8.502169225546806,0.77899103045301,23.6,77.59519421990409,6.168438470579979
2018-05-31,Ichetucknee River,2018-05-31T18:45:00Z,5.75,8.519471987476416,0.7847378903544773,23.5,20.46894996736368,5.986841163973496
2018-05-31,Ichetucknee River,2018-05-31T19:00:00Z,5.56,8.536833072348896,0.7825946518423761,23.4,0,5.803133061662494
2018-05-31,Ichetucknee River,2018-05-31T19:15:00Z,5.44,8.554252792075204,0.7811580425354404,23.3,0,5.6254480970978
2018-05-31,Ichetucknee River,2018-05-31T19:30:00Z,5.24,8.571731460178693,0.7825946518423761,23.2,0,5.457545011860278
2018-05-31,Ichetucknee River,2018-05-31T19:45:00Z,5.14,8.589052094424645,0.7753466677930786,23.1,0,5.297666489965809
2018-05-31,Ichetucknee River,2018-05-31T20:00:00Z,5.07,8.606431559783216,0.7882789462558661,23,0,5.147707530048258
2018-05-31,Ichetucknee River,2018-05-31T20:15:00Z,4.86,8.607519919671823,0.7825946518423761,23,0,5.007259414441599
2018-05-31,Ichetucknee River,2018-05-31T20:30:00Z,4.68,8.624960410490473,0.7797148052057331,22.9,0,4.872563095990655
2018-05-31,Ichetucknee River,2018-05-31T20:45:00Z,4.53,8.641368241541873,0.7797148052057331,22.8,0,4.744624423674905
2018-05-31,Ichetucknee River,2018-05-31T21:00:00Z,4.39,8.657832067824774,0.7833107142024723,22.7,0,4.62436481311208
2018-05-31,Ichetucknee River,2018-05-31T21:15:00Z,4.23,8.674352185964253,0.77899103045301,22.6,0,4.5104732014642295
2018-05-31,Ichetucknee River,2018-05-31T21:30:00Z,4.22,8.690928894110716,0.7709186220425629,22.5,0,4.400173049830493
2018-05-31,Ichetucknee River,2018-05-31T21:45:00Z,4.04,8.707782442605339,0.7709186220425629,22.4,0,4.294146171411872
2018-05-31,Ichetucknee River,2018-05-31T22:00:00Z,3.96,8.708002393260298,0.7709186220425629,22.4,0,4.193689194674966
2018-05-31,Ichetucknee River,2018-05-31T22:15:00Z,3.82,8.724914287762433,0.7649179439108683,22.3,0,4.097224705386663
2018-05-31,Ichetucknee River,2018-05-31T22:30:00Z,3.7,8.741884452106394,0.7694290348521023,22.2,0,4.005642093506327
2018-05-31,Ichetucknee River,2018-05-31T22:45:00Z,3.63,8.741222285423998,0.7731402575106844,22.2,0,3.9205736728090628
2018-05-31,Ichetucknee River,2018-05-31T23:00:00Z,3.5,8.757365423154203,0.7641597658887831,22.1,0,3.8387854278981948
2018-05-31,Ichetucknee River,2018-05-31T23:15:00Z,3.47,8.7567020922608,0.767932225384244,22.1,0,3.7601302320773082
2018-05-31,Ichetucknee River,2018-05-31T23:30:00Z,3.44,8.772899829108622,0.7731402575106844,22,0,3.687440002904308
2018-05-31,Ichetucknee River,2018-05-31T23:45:00Z,3.36,8.772456829307943,0.7746127873596365,22,0,3.6199171919480615
2018-06-02,Alexander Springs,NA,NA,NA,NA,NA,NA,NA
2018-06-09,Pringle Creek,2018-06-09T00:01:00Z,3.37,8.090254380958966,0.08735541414718076,26.904,0,3.37
2018-06-09,Pringle Creek,2018-06-09T00:16:00Z,3.21,8.101179799243338,0.08739481238635066,26.773,0,3.208798067425662
2018-06-09,Pringle Creek,2018-06-09T00:31:00Z,3.04,8.111759719189564,0.08772811260157476,26.647,0,3.051659089873498
2018-06-09,Pringle Creek,2018-06-09T00:46:00Z,2.9,8.12216702923381,0.08764994260735609,26.524,0,2.8982982233848618
2018-06-09,Pringle Creek,2018-06-09T01:01:00Z,2.75,8.131317483609628,0.08766949965277568,26.404,0,2.7481281188408726
2018-06-09,Pringle Creek,2018-06-09T01:16:00Z,2.63,8.141932730543108,0.08778663851603986,26.281,0,2.6013570194856777
2018-06-09,Pringle Creek,2018-06-09T01:31:00Z,2.5,8.15149804717547,0.0878645382275832,26.17,0,2.4579972748354963
2018-06-09,Pringle Creek,2018-06-09T01:46:00Z,2.39,8.16224751692655,0.08815530172960516,26.044,0,2.3182129730526038
2018-06-09,Pringle Creek,2018-06-09T02:01:00Z,2.25,8.175801250162836,0.08838638498168083,25.931,0,2.1821773510671503
2018-06-09,Pringle Creek,2018-06-09T02:16:00Z,2.18,8.185754328007512,0.08842476836097699,25.797,0,2.0493905570570736
2018-06-09,Pringle Creek,2018-06-09T02:31:00Z,2.05,8.19330917966313,0.08842476836097699,25.71,0,1.9193961899258398
2018-06-09,Pringle Creek,2018-06-09T02:46:00Z,1.9,8.2042086612913,0.08842476836097699,25.601,0,1.7921106096012087
2018-06-09,Pringle Creek,2018-06-09T03:01:00Z,1.85,8.21580205756351,0.08848227398973997,25.486,0,1.6675463927264575
2018-06-09,Pringle Creek,2018-06-09T03:16:00Z,1.8,8.2256851805317,0.08855881899809734,25.41,0,1.5457882326182952
2018-06-09,Pringle Creek,2018-06-09T03:31:00Z,1.72,8.234160007405494,0.08895828484442654,25.327,0,1.4272877403666417
2018-06-09,Pringle Creek,2018-06-09T03:46:00Z,1.72,8.24154632298161,0.08888250384665393,25.234,0,1.3116839283165178
2018-06-09,Pringle Creek,2018-06-09T04:01:00Z,1.65,8.254329019306619,0.08899612152055289,25.121,0,1.1984750082401354
2018-06-09,Pringle Creek,2018-06-09T04:16:00Z,1.6,8.268331716434554,0.08880657876444702,25.018,0,1.0874835767926279
2018-06-09,Pringle Creek,2018-06-09T04:31:00Z,1.61,8.279011728396272,0.08912826873212608,24.937,0,0.9789906958706657
2018-06-09,Pringle Creek,2018-06-09T04:46:00Z,1.56,8.290060708234535,0.08933505177137634,24.853,0,0.8735168311494994
2018-06-09,Pringle Creek,2018-06-09T05:01:00Z,1.54,8.299842956768774,0.08918476998534919,24.761,47.17994766939796,0.7758874789173894
2018-06-09,Pringle Creek,2018-06-09T05:16:00Z,1.45,8.310441129839331,0.08937253442317701,24.662,161.57241328508428,0.6994557545872032
2018-06-09,Pringle Creek,2018-06-09T05:31:00Z,1.49,8.320796185503882,0.08933505177137634,24.576,277.3906177804256,0.6521107088628069
2018-06-09,Pringle Creek,2018-06-09T05:46:00Z,1.48,8.332080096792831,0.08922239326992104,24.482,394.13873745778204,0.6331672980395507
2018-06-09,Pringle Creek,2018-06-09T06:01:00Z,1.54,8.339274714089791,0.08899612152055289,24.426,511.316967775105,0.6420967518665177
2018-06-09,Pringle Creek,2018-06-09T06:16:00Z,1.55,8.347050956010277,0.08821319892728574,24.355,628.4236628462742,0.6780248352816306
2018-06-09,Pringle Creek,2018-06-09T06:31:00Z,1.59,8.35166928923914,0.08757161713143892,24.313,744.9574831369438,0.7403343092231711
2018-06-09,Pringle Creek,2018-06-09T06:46:00Z,1.63,8.356430236815823,0.08645829842181192,24.283,860.4195416934675,0.8286744125123213
2018-06-09,Pringle Creek,2018-06-09T07:01:00Z,1.62,8.358165586553321,0.08609358138548806,24.264,974.3155399307335,0.9427207909398082
2018-06-09,Pringle Creek,2018-06-09T07:16:00Z,1.69,8.362463669144887,0.08438689814351209,24.235,1086.1578836570025,1.0820720242708561
2018-06-09,Pringle Creek,2018-06-09T07:31:00Z,1.77,8.365469074369365,0.08421622993905263,24.221,1195.4677706066718,1.2460773242308505
2018-06-09,Pringle Creek,2018-06-09T07:46:00Z,1.83,8.366991682316671,0.08359101122548651,24.204,1301.777240097151,1.4340430217777063
2018-06-09,Pringle Creek,2018-06-09T08:01:00Z,1.93,8.368063747050408,0.0825773936525718,24.214,1404.6311765286425,1.6452565012740479
2018-06-09,Pringle Creek,2018-06-09T08:16:00Z,1.94,8.355166785314415,0.08215052700945107,24.339,1503.5892575606351,1.8787058971221573
2018-06-09,Pringle Creek,2018-06-09T08:31:00Z,2.26,8.331230868443805,0.08165001071479594,24.55,1598.2278393410197,2.133042279385164
2018-06-09,Pringle Creek,2018-06-09T08:46:00Z,2.51,8.314622192089267,0.08244312471064397,24.694,1688.141770032346,2.4057290510238514
2018-06-09,Pringle Creek,2018-06-09T09:01:00Z,2.8,8.286422697782534,0.08194659240804861,24.944,1772.9461243096666,2.695151626327369
2018-06-09,Pringle Creek,2018-06-09T09:16:00Z,3.33,8.237944006216154,0.08185559110692474,25.389,1852.2778512395687,3.000392108179871
2018-06-09,Pringle Creek,2018-06-09T09:31:00Z,4.34,8.182788851786098,0.08097962177079408,25.948,1925.7973285319554,3.32035181289263
2018-06-09,Pringle Creek,2018-06-09T09:46:00Z,5.51,8.118854466748989,0.08185559110692474,26.594,1993.1898164153968,3.6517930010835284
2018-06-09,Pringle Creek,2018-06-09T10:01:00Z,6.47,8.070898375113755,0.08206002866148135,27.106,2054.166805123563,3.9911799928444696
2018-06-09,Pringle Creek,2018-06-09T10:16:00Z,7.61,8.013705660675317,0.08400180618556181,27.757,2108.4672499436156,4.334605130516598
2018-06-09,Pringle Creek,2018-06-09T10:31:00Z,8.68,7.965462222052346,0.08248793508783105,28.324,2155.858688817774,4.682664553808205
2018-06-09,Pringle Creek,2018-06-09T10:46:00Z,9.4,7.920185386901608,0.08244312471064397,28.873,2196.1382374714394,5.03632954576288
2018-06-09,Pringle Creek,2018-06-09T11:01:00Z,10.35,7.898539195007605,0.0818328055631212,29.144,2229.133457972411,5.392242626334762
2018-06-09,Pringle Creek,2018-06-09T11:16:00Z,9.29,7.88186725925018,0.08169579481261342,29.35,2254.703096972278,5.7486002993840355
2018-06-09,Pringle Creek,2018-06-09T11:31:00Z,8.97,7.858079653229096,0.08162709722154758,29.654,2272.7376903591976,6.102415795515481
2018-06-09,Pringle Creek,2018-06-09T11:46:00Z,9.01,7.8461457522870175,0.0814432717096375,29.791,2283.160031907579,6.451820404075511
2018-06-09,Pringle Creek,2018-06-09T12:01:00Z,9.26,7.819269472416132,0.08102625300034333,30.138,2285.925503793685,6.795475118820921
2018-06-09,Pringle Creek,2018-06-09T12:16:00Z,9.2,7.813087337624409,0.08095628372617618,30.211,2281.0222675809896,7.131286376647216
2018-06-09,Pringle Creek,2018-06-09T12:31:00Z,8.86,7.811432597772387,0.08102625300034333,30.204,2268.471314910191,7.456663051599463
2018-06-09,Pringle Creek,2018-06-09T12:46:00Z,8.26,7.781170654154165,0.08130479408406785,30.614,2248.3263776239164,7.768899740757551
2018-06-09,Pringle Creek,2018-06-09T13:01:00Z,8.28,7.772877938887728,0.08244312471064397,30.703,2220.6736977214136,8.064331280540562
2018-06-09,Pringle Creek,2018-06-09T13:16:00Z,7.99,7.762657777982821,0.08137409846160183,30.811,2185.631658157072,8.344028738657407
2018-06-09,Pringle Creek,2018-06-09T13:31:00Z,8.28,7.743495465247696,0.0814432717096375,31.085,2143.350276041234,8.608169275286233
2018-06-09,Pringle Creek,2018-06-09T13:46:00Z,8.64,7.739176265865967,0.0811657894939133,31.091,2094.0105603574057,8.853875046714856
2018-06-09,Pringle Creek,2018-06-09T14:01:00Z,8.99,7.718889476428047,0.0812816633796107,31.39,2037.8237371323594,9.079617036892778
2018-06-09,Pringle Creek,2018-06-09T14:16:00Z,9.22,7.7099958859401925,0.08176436406458708,31.498,1975.0303450574836,9.282868178395676
2018-06-09,Pringle Creek,2018-06-09T14:31:00Z,9.51,7.70321060246919,0.08086278146574619,31.57,1905.899205846521,9.464130267372836
2018-06-09,Pringle Creek,2018-06-09T14:46:00Z,9.61,7.690182717706619,0.0803441649328689,31.73,1830.7262732591557,9.62347611573155
2018-06-09,Pringle Creek,2018-06-09T15:01:00Z,10.03,7.685527752615993,0.08158122723685843,31.792,1749.8333662082332,9.757271311283555
2018-06-09,Pringle Creek,2018-06-09T15:16:00Z,10.03,7.674012245544264,0.08167290990453475,31.948,1663.5667910262293,9.864088812753357
2018-06-09,Pringle Creek,2018-06-09T15:31:00Z,10.24,7.6658280330189275,0.08302148369996577,32.068,1572.2958588650627,9.943634625722005
2018-06-09,Pringle Creek,2018-06-09T15:46:00Z,10.11,7.657780830140327,0.08246553667381347,32.187,1476.4113046501504,9.996023677807369
2018-06-09,Pringle Creek,2018-06-09T16:01:00Z,10.44,7.655623932118251,0.08158122723685843,32.221,1376.3236143717036,10.02244935060112
2018-06-09,Pringle Creek,2018-06-09T16:16:00Z,10.44,7.6549327831364256,0.08135101160242407,32.236,1272.4612677531766,10.022219540617513
2018-06-09,Pringle Creek,2018-06-09T16:31:00Z,6.82,7.65495219808076,0.08251031997274152,32.211,1165.2689039362376,9.994458253209427
2018-06-09,Pringle Creek,2018-06-09T16:46:00Z,9.52,7.648322983869028,0.08185559110692474,32.307,1055.2054178464805,9.938974210473303
2018-06-09,Pringle Creek,2018-06-09T17:01:00Z,10.98,7.648991801646132,0.08100294485436015,32.283,942.7419958143784,9.855799212717123
2018-06-09,Pringle Creek,2018-06-09T17:16:00Z,11.07,7.664368596075667,0.0821279232266743,32.02,828.3600982924431,9.745853873940133
2018-06-09,Pringle Creek,2018-06-09T17:31:00Z,10.46,7.671522967204785,0.08246553667381347,31.873,712.5493987307516,9.60998508554103
2018-06-09,Pringle Creek,2018-06-09T17:46:00Z,10.26,7.677705802722812,0.08199200883218911,31.744,595.8056872336316,9.447717100330332
2018-06-09,Pringle Creek,2018-06-09T18:01:00Z,5.72,7.689425581240137,0.0818328055631212,31.55,478.62874815464465,9.259198411335989
2018-06-09,Pringle Creek,2018-06-09T18:16:00Z,9.37,7.704717488391383,0.08174152187092255,31.317,361.520220378301,9.045302892669302
2018-06-09,Pringle Creek,2018-06-09T18:31:00Z,9.52,7.717588522778801,0.08146630042396735,31.107,244.98144990629575,8.806438081924801
2018-06-09,Pringle Creek,2018-06-09T18:46:00Z,9.14,7.730312490617839,0.0815582707014519,30.895,129.51134342505088,8.543503395161714
2018-06-09,Pringle Creek,2018-06-09T19:01:00Z,8.86,7.7467173806364045,0.0817871920634599,30.664,15.60423268164165,8.258138101455588
2018-06-09,Pringle Creek,2018-06-09T19:16:00Z,7.23,7.761272613272952,0.08185559110692474,30.449,0,7.963824745184762
2018-06-09,Pringle Creek,2018-06-09T19:31:00Z,8.03,7.777663251818874,0.08203736933122797,30.227,0,7.67543807599392
2018-06-09,Pringle Creek,2018-06-09T19:46:00Z,7.79,7.7970596682104505,0.08230836727094773,29.982,0,7.395185439081795
2018-06-09,Pringle Creek,2018-06-09T20:01:00Z,6.11,7.813078923893444,0.08264434628754062,29.759,0,7.123049078567563
2018-06-09,Pringle Creek,2018-06-09T20:16:00Z,7.06,7.8285549774354015,0.08275566647159438,29.562,0,6.858446286053563
2018-06-09,Pringle Creek,2018-06-09T20:31:00Z,6.74,7.845221115425461,0.0830435497793607,29.381,0,6.601065675454343
2018-06-09,Pringle Creek,2018-06-09T20:46:00Z,6.47,7.86139680979854,0.08324155981705006,29.195,0,6.3508352016335765
2018-06-09,Pringle Creek,2018-06-09T21:01:00Z,5.99,7.8784048456219855,0.08382938583199377,29.008,0,6.108027199679781
2018-06-09,Pringle Creek,2018-06-09T21:16:00Z,5.64,7.8947976081479005,0.0839372409163669,28.818,0,5.872261280421804
2018-06-09,Pringle Creek,2018-06-09T21:31:00Z,5.36,7.908298863702712,0.08436560661763219,28.647,0,5.643015673315525
2018-06-09,Pringle Creek,2018-06-09T21:46:00Z,5.04,7.920815709430131,0.08459915882744884,28.475,0,5.420260727784139
2018-06-09,Pringle Creek,2018-06-09T22:01:00Z,4.69,7.935607872178051,0.08459915882744884,28.295,0,5.2031086633544055
2018-06-09,Pringle Creek,2018-06-09T22:16:00Z,4.39,7.950842107730894,0.08499921965089552,28.136,0,4.9916966196198285
2018-06-09,Pringle Creek,2018-06-09T22:31:00Z,4.12,7.961941641402043,0.08425896915530236,27.977,0,4.78462544130926
2018-06-09,Pringle Creek,2018-06-09T22:46:00Z,3.92,7.972671070484856,0.08434430312490929,27.837,0,4.581218053872219
2018-06-09,Pringle Creek,2018-06-09T23:01:00Z,3.66,7.981254367809829,0.08408772176073898,27.711,0,4.382141352143831
2018-06-09,Pringle Creek,2018-06-09T23:16:00Z,3.49,7.990930818585168,0.08395877495343933,27.586,0,4.186918735942578
2018-06-09,Pringle Creek,2018-06-09T23:31:00Z,3.23,7.999112996021341,0.08432298764885628,27.467,0,3.996458902953587
2018-06-09,Pringle Creek,2018-06-09T23:46:00Z,3.12,8.007671835938856,0.08389413591423131,27.357,0,3.8101403541326397
2018-06-12,McDiffit Creek,2018-06-12T00:05:15Z,2.5549999999999997,7.881700769423536,0.193846154,25.2295,0,2.5549999999999997
2018-06-12,McDiffit Creek,2018-06-12T00:20:15Z,2.5305,7.890993290403216,0.193846154,25.170499999999997,0,2.492144935403284
2018-06-12,McDiffit Creek,2018-06-12T00:35:15Z,2.497,7.909205350832672,0.193846154,25.053,0,2.430069418544169
2018-06-12,McDiffit Creek,2018-06-12T00:50:15Z,2.4855,7.919174026864012,0.193846154,24.982,0,2.3687561714091863
2018-06-12,McDiffit Creek,2018-06-12T01:05:15Z,2.4,7.932111102611658,0.193846154,24.889499999999998,0,2.308180075461021
2018-06-12,McDiffit Creek,2018-06-12T01:20:15Z,2.3449999999999998,7.940953828429682,0.193846154,24.826500000000003,0,2.248329159818061
2018-06-12,McDiffit Creek,2018-06-12T01:35:14Z,2.246,7.953291463480999,0.193846154,24.738500000000002,0,2.1891917012041775
2018-06-12,McDiffit Creek,2018-06-12T01:50:14Z,2.1775,7.959297045036508,0.193846154,24.692,0,2.1307532740770356
2018-06-12,McDiffit Creek,2018-06-12T02:05:14Z,2.076,7.97347759640305,0.193846154,24.5875,0,2.073000344528752
2018-06-12,McDiffit Creek,2018-06-12T02:20:14Z,2.0095,7.977581278882332,0.193846154,24.554000000000002,0,2.015922201813504
2018-06-12,McDiffit Creek,2018-06-12T02:35:14Z,1.9455,7.9900365205955195,0.193846154,24.4615,0,1.959507646613824
2018-06-12,McDiffit Creek,2018-06-12T02:50:14Z,1.877,8.000415311805643,0.193846154,24.3945,0,1.9037561348242735
2018-06-12,McDiffit Creek,2018-06-12T03:05:14Z,1.7875,8.016026348743704,0.193846154,24.294,0,1.8486685807590693
2018-06-12,McDiffit Creek,2018-06-12T03:20:14Z,1.6895,8.020234014567684,0.193846154,24.268500000000003,0,1.7942338928477413
2018-06-12,McDiffit Creek,2018-06-12T03:35:13Z,1.5945,8.030796629510876,0.193846154,24.201999999999998,0,1.7404414003022124
2018-06-12,McDiffit Creek,2018-06-12T03:50:13Z,1.552,8.034352139464705,0.193846154,24.180999999999997,0,1.6872825935409583
2018-06-12,McDiffit Creek,2018-06-12T04:05:13Z,1.5434999999999999,8.048885505272187,0.193846154,24.0885,0,1.6347487017776239
2018-06-12,McDiffit Creek,2018-06-12T04:20:13Z,1.5735000000000001,8.058120290065574,0.193846154,24.03,0,1.582831224493435
2018-06-12,McDiffit Creek,2018-06-12T04:35:13Z,1.4925000000000002,8.072043917929184,0.193846154,23.942,0,1.5315206739397424
2018-06-12,McDiffit Creek,2018-06-12T04:50:13Z,1.4365,8.080510827439868,0.193846154,23.896,79.15993349218766,1.4830174695657505
2018-06-12,McDiffit Creek,2018-06-12T05:05:13Z,1.2955,8.095520388039986,0.193846154,23.811999999999998,183.93711363419476,1.4402122881172585
2018-06-12,McDiffit Creek,2018-06-12T05:20:13Z,1.2225,8.104023622690914,0.193846154,23.766,290.38054541346753,1.403797278880577
2018-06-12,McDiffit Creek,2018-06-12T05:35:12Z,1.126,8.115196622741411,0.193846154,23.707500000000003,398.0346701185905,1.373778160467313
2018-06-12,McDiffit Creek,2018-06-12T05:50:12Z,1.1055000000000001,8.119219982169087,0.193846154,23.686500000000002,506.438747654482,1.3501320124472924
2018-06-12,McDiffit Creek,2018-06-12T06:05:12Z,1.032,8.132622622300302,0.193846154,23.607,615.1288283708552,1.3328070480407403
2018-06-12,McDiffit Creek,2018-06-12T06:20:12Z,1.021,8.139194376525753,0.193846154,23.569499999999998,723.6397386231804,1.3217326266566123
2018-06-12,McDiffit Creek,2018-06-12T06:35:12Z,1.0074999999999998,8.143564563049157,0.193846154,23.549,831.5070717183627,1.3168160736785457
2018-06-12,McDiffit Creek,2018-06-12T06:50:12Z,0.9914999999999999,8.145688506698319,0.193846154,23.5445,938.2691754865623,1.3179428949870071
2018-06-12,McDiffit Creek,2018-06-12T07:05:12Z,0.923,8.15168555380637,0.193846154,23.5195,1043.4691279565366,1.3249747465695907
2018-06-12,McDiffit Creek,2018-06-12T07:20:12Z,0.9065000000000001,8.153117794824574,0.193846154,23.5195,1146.6566931440136,1.337744696398375
2018-06-12,McDiffit Creek,2018-06-12T07:35:11Z,0.9275,8.153956412936644,0.193846154,23.528,1247.390247642525,1.3560640212120927
2018-06-12,McDiffit Creek,2018-06-12T07:50:11Z,0.9575,8.155669352973671,0.193846154,23.528,1345.238670935599,1.3797221559671167
2018-06-12,McDiffit Creek,2018-06-12T08:05:11Z,0.994,8.156312432536861,0.193846154,23.5405,1439.7831903507831,1.4084881489625618
2018-06-12,McDiffit Creek,2018-06-12T08:20:11Z,1.0125,8.159335073087286,0.193846154,23.532,1530.619173502634,1.442108075789797
2018-06-12,McDiffit Creek,2018-06-12T08:35:11Z,1.022,8.154201186746256,0.193846154,23.582,1617.357859906809,1.4803096575307022
2018-06-12,McDiffit Creek,2018-06-12T08:50:11Z,1.0314999999999999,8.154728928592894,0.193846154,23.578000000000003,1699.6280247808504,1.5227916061238571
2018-06-12,McDiffit Creek,2018-06-12T09:05:11Z,1.1070000000000002,8.146214177293526,0.193846154,23.6325,1777.0775678819477,1.5692300338222478
2018-06-12,McDiffit Creek,2018-06-12T09:20:11Z,1.0955,8.144897028818033,0.193846154,23.640500000000003,1849.3750203993734,1.619301736634684
2018-06-12,McDiffit Creek,2018-06-12T09:35:11Z,1.1324999999999998,8.13893099576058,0.193846154,23.6785,1916.210963605686,1.6726685868850626
2018-06-12,McDiffit Creek,2018-06-12T09:50:10Z,1.2069999999999999,8.125938566033069,0.193846154,23.762,1977.299352996426,1.728978554496721
2018-06-12,McDiffit Creek,2018-06-12T10:05:10Z,1.428,8.117920716355131,0.193846154,23.8125,2032.3787426389206,1.7878678515847797
2018-06-12,McDiffit Creek,2018-06-12T10:20:10Z,1.4885000000000002,8.113905399787742,0.193846154,23.8375,2081.2134039879525,1.8489651965466587
2018-06-12,McDiffit Creek,2018-06-12T10:35:10Z,1.639,8.10979428383634,0.193846154,23.8625,2123.594334816614,1.911891310590019
2018-06-12,McDiffit Creek,2018-06-12T10:50:10Z,1.6960000000000002,8.106726304325283,0.193846154,23.883499999999998,2159.3401536979595,1.9762621104534843
2018-06-12,McDiffit Creek,2018-06-12T11:05:10Z,1.799,8.100530290291402,0.193846154,23.9255,2188.2978762160265,2.041688426970874
2018-06-12,McDiffit Creek,2018-06-12T11:20:10Z,1.8325,8.096252370305331,0.193846154,23.9545,2210.3435697710056,2.107775358590211
2018-06-12,McDiffit Creek,2018-06-12T11:35:10Z,1.9769999999999999,8.084381304103688,0.193846154,24.034,2225.3828839418147,2.1741237162537383
2018-06-12,McDiffit Creek,2018-06-12T11:50:09Z,2.02,8.082374065797248,0.193846154,24.0465,2233.351454276119,2.2403372328164055
2018-06-12,McDiffit Creek,2018-06-12T12:05:09Z,2.1035000000000004,8.065715177979552,0.193846154,24.1555,2234.215177764166,2.306015841704018
2018-06-12,McDiffit Creek,2018-06-12T12:20:09Z,1.6260000000000001,8.06560311033793,0.193846154,24.1555,2227.970358772952,2.3707702249435685
2018-06-12,McDiffit Creek,2018-06-12T12:35:09Z,1.2165,8.05781523313157,0.193846154,24.206000000000003,2214.643724858216,2.4342199022413533
2018-06-12,McDiffit Creek,2018-06-12T12:50:09Z,1.3645,8.050878091109771,0.193846154,24.248,2194.2923123665128,2.4959791403192266
2018-06-12,McDiffit Creek,2018-06-12T13:05:09Z,1.5305,8.043721146391986,0.193846154,24.2895,2167.003222321082,2.5556742779104615
2018-06-12,McDiffit Creek,2018-06-12T13:20:09Z,1.6595,8.041834550301825,0.193846154,24.298000000000002,2132.893247617754,2.612949728118703
2018-06-12,McDiffit Creek,2018-06-12T13:35:09Z,1.9545,8.03333943283,0.193846154,24.3485,2092.1083732051598,2.6674558447829155
2018-06-12,McDiffit Creek,2018-06-12T13:50:08Z,2.0119999999999996,8.030130485851597,0.193846154,24.365000000000002,2044.8231512891107,2.718855830893983
2018-06-12,McDiffit Creek,2018-06-12T14:05:08Z,2.1719999999999997,8.004586672669705,0.193846154,24.5285,1991.239954176467,2.7668097372505422
2018-06-12,McDiffit Creek,2018-06-12T14:20:08Z,2.2325,7.999458396592015,0.193846154,24.558,1931.588108303817,2.81101026377208
2018-06-12,McDiffit Creek,2018-06-12T14:35:08Z,2.2945,7.998955863345203,0.193846154,24.554000000000002,1866.1229126235355,2.851196021500052
2018-06-12,McDiffit Creek,2018-06-12T14:50:08Z,2.3895,7.9989125841703554,0.193846154,24.545499999999997,1795.1245460933021,2.8871011832758606
2018-06-12,McDiffit Creek,2018-06-12T15:05:08Z,2.517,7.992631673562522,0.193846154,24.5745,1718.8968684394154,2.9184656339694466
2018-06-12,McDiffit Creek,2018-06-12T15:20:08Z,2.548,7.981960520129548,0.193846154,24.6375,1637.7661197802954,2.9450476648018196
2018-06-12,McDiffit Creek,2018-06-12T15:35:08Z,2.7575,7.972510170048386,0.193846154,24.688000000000002,1552.0795242500124,2.9666357179198553
2018-06-12,McDiffit Creek,2018-06-12T15:50:07Z,2.7945,7.9611899462095685,0.193846154,24.759500000000003,1462.2038041128276,2.983046228234527
2018-06-12,McDiffit Creek,2018-06-12T16:05:07Z,2.875,7.9582361641788415,0.193846154,24.772,1368.5236102054034,2.994129476681456
2018-06-12,McDiffit Creek,2018-06-12T16:20:07Z,2.8579999999999997,7.958163419137985,0.193846154,24.7675,1271.439875522625,2.9997618511713915
2018-06-12,McDiffit Creek,2018-06-12T16:35:07Z,2.8655,7.942749249361067,0.193846154,24.8645,1171.3680995976283,2.9998136545799254
2018-06-12,McDiffit Creek,2018-06-12T16:50:07Z,2.918,7.937263713471567,0.193846154,24.8935,1068.7365700725945,2.9941871986282527
2018-06-12,McDiffit Creek,2018-06-12T17:05:07Z,3.037,7.925594909973011,0.193846154,24.9605,963.9845296487515,2.982821005353115
2018-06-12,McDiffit Creek,2018-06-12T17:20:07Z,3.0675,7.923719245801904,0.193846154,24.965,857.5602963193961,2.9656822804153804
2018-06-12,McDiffit Creek,2018-06-12T17:35:07Z,3.017,7.917571026880401,0.193846154,24.994500000000002,749.9193447160992,2.942766366455935
2018-06-12,McDiffit Creek,2018-06-12T17:50:06Z,3.0435,7.918136211634271,0.193846154,25.011000000000003,641.5223565689498,2.914109703132107
2018-06-12,McDiffit Creek,2018-06-12T18:05:06Z,2.9905,7.918287651501764,0.193846154,25.0405,532.8332492792541,2.8797889408405712
2018-06-12,McDiffit Creek,2018-06-12T18:20:06Z,3.016,7.921854869503387,0.193846154,25.0365,424.3171903021733,2.8398718033921906
2018-06-12,McDiffit Creek,2018-06-12T18:35:06Z,3.0255,7.927573153895731,0.193846154,25.028,316.4386064398434,2.7944538983071103
2018-06-12,McDiffit Creek,2018-06-12T18:50:06Z,2.987,7.9304500281140236,0.193846154,25.015500000000003,209.65919604399522,2.7436385004700083
2018-06-12,McDiffit Creek,2018-06-12T19:05:06Z,2.863,7.935097914488297,0.193846154,24.994500000000002,104.43595324334383,2.6875478404543967
2018-06-12,McDiffit Creek,2018-06-12T19:20:06Z,2.859,7.9324718897497615,0.193846154,25.0195,1.2192118756004269,2.6263379251687455
2018-06-12,McDiffit Creek,2018-06-12T19:35:06Z,2.7405,7.935872011210588,0.193846154,25.006999999999998,0,2.562961735231906
2018-06-12,McDiffit Creek,2018-06-12T19:50:05Z,2.687,7.9403440147096305,0.193846154,24.994500000000002,0,2.500331295854404
2018-06-12,McDiffit Creek,2018-06-12T20:05:05Z,2.6105,7.946209820438021,0.193846154,24.981499999999997,0,2.4384854657218415
2018-06-12,McDiffit Creek,2018-06-12T20:20:05Z,2.6100000000000003,7.946934879590555,0.193846154,24.9945,0,2.3774118494055494
2018-06-12,McDiffit Creek,2018-06-12T20:35:05Z,2.5090000000000003,7.953979547059995,0.193846154,24.9735,0,2.317101838594287
2018-06-12,McDiffit Creek,2018-06-12T20:50:05Z,2.4985,7.951260012930802,0.193846154,24.9735,0,2.257515937710351
2018-06-12,McDiffit Creek,2018-06-12T21:05:05Z,2.4135,7.947180711737011,0.193846154,24.9735,0,2.198595773569501
2018-06-12,McDiffit Creek,2018-06-12T21:20:05Z,2.322,7.942623513991574,0.193846154,24.985999999999997,0,2.1403325597606253
2018-06-12,McDiffit Creek,2018-06-12T21:35:05Z,2.2205000000000004,7.942292960757031,0.193846154,24.9605,0,2.0827202438686574
2018-06-12,McDiffit Creek,2018-06-12T21:50:04Z,2.234,7.942087600709605,0.193846154,24.9605,0,2.0257668051638027
2018-06-12,McDiffit Creek,2018-06-12T22:05:04Z,2.253,7.943544251690291,0.193846154,24.948500000000003,0,1.9694855297575087
2018-06-12,McDiffit Creek,2018-06-12T22:20:04Z,2.1929999999999996,7.944000771845057,0.193846154,24.944000000000003,0,1.9138685480412942
2018-06-12,McDiffit Creek,2018-06-12T22:35:04Z,2.1375,7.943104289257931,0.193846154,24.948,0,1.858907150881631
2018-06-12,McDiffit Creek,2018-06-12T22:50:04Z,2.0774999999999997,7.945831326224929,0.193846154,24.935499999999998,0,1.8046001839197494
2018-06-12,McDiffit Creek,2018-06-12T23:05:04Z,2.018,7.947163570823358,0.193846154,24.9355,0,1.750949678845174
2018-06-12,McDiffit Creek,2018-06-12T23:20:04Z,2.0095,7.94738942228613,0.193846154,24.94,0,1.6979473975515866
2018-06-12,McDiffit Creek,2018-06-12T23:35:04Z,1.8695,7.945043268371387,0.193846154,24.965,0,1.6455856039539967
2018-06-12,McDiffit Creek,2018-06-12T23:50:03Z,1.7930000000000001,7.946663457398545,0.193846154,24.961,0,1.5938578164977695
2018-06-12,McDiffit Creek,2018-06-12T00:06:00Z,3.96,8.37624978336225,0.06704510057848108,22.289,0,3.96
2018-06-12,McDiffit Creek,2018-06-12T00:21:00Z,3.73,8.378851186138482,0.06704510057848108,22.221,0,3.8739000537300794
2018-06-12,McDiffit Creek,2018-06-12T00:36:00Z,3.92,8.392954892042903,0.06704510057848108,22.128,0,3.7887689300671132
2018-06-12,McDiffit Creek,2018-06-12T00:51:00Z,3.67,8.412241336922884,0.06704510057848108,21.96,0,3.704622465080331
2018-06-12,McDiffit Creek,2018-06-12T01:06:00Z,3.5,8.426708953959297,0.06704510057848108,21.873,0,3.6214496625276023
2018-06-12,McDiffit Creek,2018-06-12T01:21:00Z,3.3,8.449656113861817,0.06704510057848108,21.721,0,3.5392628268858424
2018-06-12,McDiffit Creek,2018-06-12T01:36:00Z,3.13,8.459961837972642,0.06704510057848108,21.646,0,3.4580304731931477
2018-06-12,McDiffit Creek,2018-06-12T01:51:00Z,3.15,8.472807895337306,0.06704510057848108,21.569,0,3.3777302705923207
2018-06-12,McDiffit Creek,2018-06-12T02:06:00Z,3,8.481085470515161,0.06704510057848108,21.489,0,3.2983334637470065
2018-06-12,McDiffit Creek,2018-06-12T02:21:00Z,2.96,8.491438631733912,0.06704510057848108,21.419,0,3.219817423621703
2018-06-12,McDiffit Creek,2018-06-12T02:36:00Z,2.92,8.48162200566168,0.06704510057848108,21.468,0,3.14216119883006
2018-06-12,McDiffit Creek,2018-06-12T02:51:00Z,2.95,8.511770649647584,0.06704510057848108,21.241,0,3.065348510318091
2018-06-12,McDiffit Creek,2018-06-12T03:06:00Z,2.98,8.52734984804303,0.06704510057848108,21.125,0,2.989387386905311
2018-06-12,McDiffit Creek,2018-06-12T03:21:00Z,3.02,8.530452798814911,0.06704510057848108,21.102,0,2.9142633026205282
2018-06-12,McDiffit Creek,2018-06-12T03:36:00Z,2.91,8.548884318364165,0.06704510057848108,20.999,0,2.839988422623876
2018-06-12,McDiffit Creek,2018-06-12T03:51:00Z,2.77,8.552754918261556,0.06704510057848108,20.987,0,2.7665643298084137
2018-06-12,McDiffit Creek,2018-06-12T04:06:00Z,2.68,8.576125065734958,0.06704510057848108,20.857,0,2.6939838443233097
2018-06-12,McDiffit Creek,2018-06-12T04:21:00Z,2.52,8.583493142626624,0.06704510057848108,20.817,0,2.622232843708413
2018-06-12,McDiffit Creek,2018-06-12T04:36:00Z,2.53,8.603376009368473,0.06704510057848108,20.684,0,2.5512758352902427
2018-06-12,McDiffit Creek,2018-06-12T04:51:00Z,2.57,8.619535953279891,0.06704510057848108,20.552,81.49320428671263,2.485062242359657
2018-06-12,McDiffit Creek,2018-06-12T05:06:00Z,2.28,8.641065183586942,0.06704510057848108,20.399,186.61774552646636,2.4286718467113384
2018-06-12,McDiffit Creek,2018-06-12T05:21:00Z,2.34,8.66480737444628,0.06704510057848108,20.232,293.38915746783374,2.383241914096566
2018-06-12,McDiffit Creek,2018-06-12T05:36:00Z,2.43,8.672930146690627,0.06704510057848108,20.191,401.35035320948236,2.348809772631818
2018-06-12,McDiffit Creek,2018-06-12T05:51:00Z,2.31,8.679843018003345,0.06704510057848108,20.135,510.039152398773,2.32535063998034
2018-06-12,McDiffit Creek,2018-06-12T06:06:00Z,2.31,8.687479193667603,0.06704510057848108,20.082,618.9902598474454,2.3127815105868414
2018-06-12,McDiffit Creek,2018-06-12T06:21:00Z,2.21,8.695865504715867,0.06704510057848108,20.024,727.7372575101173,2.3109939694115904
2018-06-12,McDiffit Creek,2018-06-12T06:36:00Z,2.37,8.709377618747416,0.06704510057848108,19.931,835.8146012434916,2.3198270104581984
2018-06-12,McDiffit Creek,2018-06-12T06:51:00Z,2.38,8.69911377537449,0.06704510057848108,19.999,942.7596136195517,2.3390853340975992
2018-06-12,McDiffit Creek,2018-06-12T07:06:00Z,2.43,8.70315764209504,0.06704510057848108,19.988,1048.1144648402772,2.3685427971973394
2018-06-12,McDiffit Creek,2018-06-12T07:21:00Z,2.35,8.704696973659399,0.0667520127945373,19.98,1151.4281325589632,2.407860135384653
2018-06-12,McDiffit Creek,2018-06-12T07:36:00Z,2.45,8.67955924534688,0.0667520127945373,20.171,1252.2583328602634,2.4567426867597195
2018-06-12,McDiffit Creek,2018-06-12T07:51:00Z,2.65,8.665313280668194,0.0667520127945373,20.289,1350.1734134003711,2.5149129919072983
2018-06-12,McDiffit Creek,2018-06-12T08:06:00Z,2.6881210971758986,8.676503591564728,0.0667520127945373,20.222637256137258,1444.7542015707893,2.5819453142365023
2018-06-12,McDiffit Creek,2018-06-12T08:21:00Z,2.766045109297167,8.683569447491127,0.0667520127945373,20.179688641934437,1535.595798856514,2.6573800795416944
2018-06-12,McDiffit Creek,2018-06-12T08:36:00Z,2.9,8.692886905336673,0.0667520127945373,20.128,1622.3093141740726,2.740743811909958
2018-06-12,McDiffit Creek,2018-06-12T08:51:00Z,2.83,8.685606918030706,0.0667520127945373,20.159,1704.5235287095452,2.8315094576242466
2018-06-12,McDiffit Creek,2018-06-12T09:06:00Z,2.87,8.673683590099577,0.0667520127945373,20.233,1781.8864851440053,2.9291210450244662
2018-06-12,McDiffit Creek,2018-06-12T09:21:00Z,2.82,8.658854440436352,0.0667520127945373,20.341,1854.0669943857395,3.0330262359458535
2018-06-12,McDiffit Creek,2018-06-12T09:36:00Z,3.06,8.630399535377881,0.0667520127945373,20.548,1920.7560532648279,3.1426351787323568
2018-06-12,McDiffit Creek,2018-06-12T09:51:00Z,2.87,8.669886719879706,0.0667520127945373,20.278,1981.6681675044615,3.2573468526347575
2018-06-12,McDiffit Creek,2018-06-12T10:06:00Z,2.85,8.703077451322502,0.0667520127945373,20.047,2036.5425738482672,3.3765446482982844
2018-06-12,McDiffit Creek,2018-06-12T10:21:00Z,3.04,8.658209563556275,0.0667520127945373,20.372,2085.144356343069,3.499544996159
2018-06-12,McDiffit Creek,2018-06-12T10:36:00Z,3.03,8.677040628645951,0.0667520127945373,20.245,2127.265452103017,3.6256792488430936
2018-06-12,McDiffit Creek,2018-06-12T10:51:00Z,3.11,8.659293375715228,0.0667520127945373,20.367,2162.7255419243106,3.754266325475929
2018-06-12,McDiffit Creek,2018-06-12T11:06:00Z,3.42,8.65664272821468,0.0667520127945373,20.391,2191.3728222842346,3.8846018751186393
2018-06-12,McDiffit Creek,2018-06-12T11:21:00Z,3.21,8.653763754989573,0.0667520127945373,20.414,2213.084655166933,4.016003435922986
2018-06-12,McDiffit Creek,2018-06-12T11:36:00Z,3.45,8.64247896666292,0.0667520127945373,20.498,2227.768093100408,4.147760561351987
2018-06-12,McDiffit Creek,2018-06-12T11:51:00Z,3.46,8.629527287963985,0.0667520127945373,20.585,2235.360277035099,4.279155064759842
2018-06-12,McDiffit Creek,2018-06-12T12:06:00Z,3.9,8.631019187818131,0.0667520127945373,20.573,2235.8287054524244,4.409501344981681
2018-06-12,McDiffit Creek,2018-06-12T12:21:00Z,4.02,8.60643479364846,0.0667520127945373,20.751,2229.1713734889836,4.5380919057864215
2018-06-12,McDiffit Creek,2018-06-12T12:36:00Z,4.16,8.608497770395244,0.0667520127945373,20.728,2215.4167815157775,4.664241717487968
2018-06-12,McDiffit Creek,2018-06-12T12:51:00Z,4.31,8.576326653601829,0.0667520127945373,20.951,2194.623813137867,4.787254369488404
2018-06-12,McDiffit Creek,2018-06-12T13:06:00Z,4.53,8.573914163011606,0.0667520127945373,20.955,2166.8814830812794,4.90646296225945
2018-06-12,McDiffit Creek,2018-06-12T13:21:00Z,4.44,8.560291442527175,0.0667520127945373,21.04,2132.3085561520875,5.021256268887953
2018-06-12,McDiffit Creek,2018-06-12T13:36:00Z,4.76,8.51743541643122,0.0667520127945373,21.352,2091.053038769947,5.130934647840656
2018-06-12,McDiffit Creek,2018-06-12T13:51:00Z,5.07,8.489915077337644,0.0667520127945373,21.549,2043.291545388096,5.2348686872314385
2018-06-12,McDiffit Creek,2018-06-12T14:06:00Z,5.18,8.482716689256582,0.0667520127945373,21.594,1989.2285423622748,5.3325581775294015
2018-06-12,McDiffit Creek,2018-06-12T14:21:00Z,5.19,8.468539206264754,0.0667520127945373,21.687,1929.0954726812686,5.423486595290348
2018-06-12,McDiffit Creek,2018-06-12T14:36:00Z,5.3,8.468077017969188,0.0667520127945373,21.682,1863.1497650845088,5.507159969676308
2018-06-12,McDiffit Creek,2018-06-12T14:51:00Z,5.36,8.45154167917453,0.0667520127945373,21.801,1791.673732126827,5.583095256075341
2018-06-12,McDiffit Creek,2018-06-12T15:06:00Z,5.4,8.450727132849643,0.0667520127945373,21.803,1714.9733614827067,5.6508499761233875
2018-06-12,McDiffit Creek,2018-06-12T15:21:00Z,5.58,8.453642248937076,0.0667520127945373,21.779,1633.3770060616694,5.710070748081336
2018-06-12,McDiffit Creek,2018-06-12T15:36:00Z,5.71,8.474455647318823,0.0667520127945373,21.616,1547.233978405138,5.760449749484573
2018-06-12,McDiffit Creek,2018-06-12T15:51:00Z,6.03,8.468714734488827,0.0667520127945373,21.66,1456.91305512925,5.801634561582894
2018-06-12,McDiffit Creek,2018-06-12T16:06:00Z,6,8.471849759027569,0.0667520127945373,21.626,1362.800898329246,5.833285458811096
2018-06-12,McDiffit Creek,2018-06-12T16:21:00Z,6.21,8.470923000429513,0.0667520127945373,21.626,1265.3004002695293,5.855166776383766
2018-06-12,McDiffit Creek,2018-06-12T16:36:00Z,6.18,8.47451403808744,0.0667520127945373,21.59,1164.8289585577847,5.867076941903584
2018-06-12,McDiffit Creek,2018-06-12T16:51:00Z,6.06,8.480741511325078,0.0667520127945373,21.534,1061.8166892701738,5.868876329961496
2018-06-12,McDiffit Creek,2018-06-12T17:06:00Z,6.14,8.484730547226208,0.0667520127945373,21.498,956.7045856846782,5.8604515111954445
2018-06-12,McDiffit Creek,2018-06-12T17:21:00Z,6.12,8.482186659725865,0.0667520127945373,21.523,849.94263037454175,5.841711534240395
2018-06-12,McDiffit Creek,2018-06-12T17:36:00Z,6.03,8.492199757530091,0.0667520127945373,21.447,741.9878688390488,5.812650124082373
2018-06-12,McDiffit Creek,2018-06-12T17:51:00Z,5.93,8.495825845831233,0.0667520127945373,21.428,633.3024529048143,5.77330554184396
2018-06-12,McDiffit Creek,2018-06-12T18:06:00Z,5.86,8.503004998967494,0.0667520127945373,21.357,524.3516622330353,5.7237275219159285
2018-06-12,McDiffit Creek,2018-06-12T18:21:00Z,5.73,8.50877534587783,0.0667520127945373,21.329,415.6019125845922,5.66403378968553
2018-06-12,McDiffit Creek,2018-06-12T18:36:00Z,5.71,8.517924220504739,0.0667520127945373,21.312,307.51875890398486,5.594408852093741
2018-06-12,McDiffit Creek,2018-06-12T18:51:00Z,5.51,8.518190863380218,0.0667520127945373,21.31,200.56490246256857,5.515029846965694
2018-06-12,McDiffit Creek,2018-06-12T19:06:00Z,5.37,8.535145336739326,0.0667520127945373,21.2,95.19821001721925,5.426141904520646
2018-06-12,McDiffit Creek,2018-06-12T19:21:00Z,5.34,8.548619889267457,0.0667520127945373,21.1,0,5.328456972697747
2018-06-12,McDiffit Creek,2018-06-12T19:36:00Z,5.12,8.554510992607112,0.0667520127945373,21.073,0,5.227220563568288
2018-06-12,McDiffit Creek,2018-06-12T19:51:00Z,4.92,8.563241159806523,0.0667520127945373,20.984,0,5.1271249517996464
2018-06-12,McDiffit Creek,2018-06-12T20:06:00Z,4.87,8.566539558550415,0.0667520127945373,21.005,0,5.028163700729694
2018-06-12,McDiffit Creek,2018-06-12T20:21:00Z,4.88,8.566919846440221,0.0667520127945373,21.053,0,4.930341808664084
2018-06-12,McDiffit Creek,2018-06-12T20:36:00Z,4.81,8.563738321746419,0.0667520127945373,21.104,0,4.833627621458676
2018-06-12,McDiffit Creek,2018-06-12T20:51:00Z,4.73,8.567671765605917,0.0667520127945373,21.108,0,4.73800849872355
2018-06-12,McDiffit Creek,2018-06-12T21:06:00Z,4.59,8.5681134590772,0.0667520127945373,21.113,0,4.643470179506088
2018-06-12,McDiffit Creek,2018-06-12T21:21:00Z,4.63,8.574548301906223,0.0667520127945373,21.082,0,4.549995901662044
2018-06-12,McDiffit Creek,2018-06-12T21:36:00Z,4.52,8.573193285195616,0.0667520127945373,21.092,0,4.45756663732211
2018-06-12,McDiffit Creek,2018-06-12T21:51:00Z,4.52,8.57756637912313,0.0667520127945373,21.068,0,4.366162446407533
2018-06-12,McDiffit Creek,2018-06-12T22:06:00Z,4.4,8.580113091724398,0.0667520127945373,21.041,0,4.2757722754444005
2018-06-12,McDiffit Creek,2018-06-12T22:21:00Z,4.26,8.580689328748898,0.0667520127945373,21.045,0,4.186379356264659
2018-06-12,McDiffit Creek,2018-06-12T22:36:00Z,4.32,8.590278261215241,0.0667520127945373,20.991,0,4.097994233536209
2018-06-12,McDiffit Creek,2018-06-12T22:51:00Z,4.18,8.603862063901389,0.06704510057848108,20.889,0,4.010910395111996
2018-06-12,McDiffit Creek,2018-06-12T23:06:00Z,4.01,8.603023699092004,0.0667520127945373,20.906,0,3.9247988062779444
2018-06-12,McDiffit Creek,2018-06-12T23:21:00Z,4,8.604735108307093,0.0667520127945373,20.884,0,3.8393325310913555
2018-06-12,McDiffit Creek,2018-06-12T23:36:00Z,3.9,8.609635754821316,0.0667520127945373,20.847,0,3.7547999961675047
2018-06-12,McDiffit Creek,2018-06-12T23:51:00Z,3.76,8.623155857927914,0.0667520127945373,20.768,0,3.6712166465700755
2018-06-13,Kings Creek,NA,NA,NA,NA,NA,NA,NA
2018-06-21,Pilgrim River,2018-06-20T23:52:00Z,8.7815,10.024463274836844,0.3219662742855295,15.274,0,8.7815
2018-06-21,Pilgrim River,2018-06-21T00:07:00Z,8.7815,10.024463274836844,0.3219662742855295,15.274,0,8.802940697788161
2018-06-21,Pilgrim River,2018-06-21T00:22:00Z,8.789,10.041943308551247,0.3218151733381378,15.193,0,8.822053840759384
2018-06-21,Pilgrim River,2018-06-21T00:37:00Z,8.8115,10.067075755273462,0.3216636877479507,15.077,0,8.840920015743984
2018-06-21,Pilgrim River,2018-06-21T00:52:00Z,8.831,10.086853623545966,0.3215120306477326,14.986,0,8.859739385741118
2018-06-21,Pilgrim River,2018-06-21T01:07:00Z,8.878,10.114912146781299,0.3213602015675037,14.8575,0,8.878718975967487
2018-06-21,Pilgrim River,2018-06-21T01:22:00Z,8.894,10.137611175764567,0.32120820003523826,14.754,0,8.89803341646782
2018-06-21,Pilgrim River,2018-06-21T01:37:00Z,8.897,10.153784701418015,0.3210560255768521,14.6805,0,8.916812978415487
2018-06-21,Pilgrim River,2018-06-21T01:52:00Z,8.912,10.17553715007319,0.3209036777161905,14.582,0,8.935079898655424
2018-06-21,Pilgrim River,2018-06-21T02:07:00Z,8.9445,10.195695340836812,0.32075115597501586,14.491,0,8.953190147115393
2018-06-21,Pilgrim River,2018-06-21T02:22:00Z,8.967,10.219735132547695,0.32059845987299485,14.383,0,8.971324159768859
2018-06-21,Pilgrim River,2018-06-21T02:37:00Z,8.9985,10.242969590383664,0.3204455889276864,14.279,0,8.989686714906087
2018-06-21,Pilgrim River,2018-06-21T02:52:00Z,9.003,10.266298875530676,0.3202925426545284,14.175,0,9.008191428690067
2018-06-21,Pilgrim River,2018-06-21T03:07:00Z,9.049,10.29266239748854,0.32013932056682526,14.058,0,9.02702525038818
2018-06-21,Pilgrim River,2018-06-21T03:22:00Z,9.057,10.307354218139897,0.31998613896469186,13.993,0,9.04555396377017
2018-06-21,Pilgrim River,2018-06-21T03:37:00Z,9.0755,10.33198275479315,0.31983256402926985,13.8845,0,9.06370861863791
2018-06-21,Pilgrim River,2018-06-21T03:52:00Z,9.106,10.348715104623622,0.3196788118069835,13.811,0,9.081687322727367
2018-06-21,Pilgrim River,2018-06-21T04:07:00Z,9.1255,10.371666047242199,0.31952488180247607,13.7105,0,9.099404479753057
2018-06-21,Pilgrim River,2018-06-21T04:22:00Z,9.155,10.4007025444515,0.3193707735181921,13.584,31.648611672342298,9.118185060203567
2018-06-21,Pilgrim River,2018-06-21T04:37:00Z,9.1675,10.409806281652397,0.3192164864543636,13.5445,73.04692077301286,9.137545772281646
2018-06-21,Pilgrim River,2018-06-21T04:52:00Z,9.186,10.433004912121298,0.31906202010899687,13.444,115.50395956228489,9.157167097648475
2018-06-21,Pilgrim River,2018-06-21T05:07:00Z,9.216,10.447131799817718,0.3189073739778586,13.383,158.8379736127652,9.177375731794035
2018-06-21,Pilgrim River,2018-06-21T05:22:00Z,9.238,10.45920649064072,0.3187525475544624,13.331,202.86345422817283,9.197368546881929
2018-06-21,Pilgrim River,2018-06-21T05:37:00Z,9.2565,10.472480676284778,0.318597540330055,13.274,247.39193264634363,9.217145474281084
2018-06-21,Pilgrim River,2018-06-21T05:52:00Z,9.288,10.481567540544413,0.3185199687578633,13.235,292.23278677297486,9.236580183018255
2018-06-21,Pilgrim River,2018-06-21T06:07:00Z,9.307,10.49077956625637,0.318442351793602,13.1955,337.1940573106429,9.255488316289595
2018-06-21,Pilgrim River,2018-06-21T06:22:00Z,9.323,10.491832058663329,0.318364689373033,13.191,382.0832694349412,9.273421893117558
2018-06-21,Pilgrim River,2018-06-21T06:37:00Z,9.33,10.497913919356218,0.31828720100990615,13.165,426.7082568079496,9.290322425051155
2018-06-21,Pilgrim River,2018-06-21T06:52:00Z,9.347,10.497918274149873,0.3182094476122932,13.165,470.87798422299505,9.306271340391856
2018-06-21,Pilgrim River,2018-06-21T07:07:00Z,9.361,10.486694187564064,0.3181316485649739,13.213,514.403365372922,9.320243263045612
2018-06-21,Pilgrim River,2018-06-21T07:22:00Z,9.357,10.473401790451375,0.3180538038031308,13.27,557.0980723566167,9.331627181232788
2018-06-21,Pilgrim River,2018-06-21T07:37:00Z,9.3595,10.463282091068955,0.3179759132618003,13.3135,598.7793332956684,9.340864009327378
2018-06-21,Pilgrim River,2018-06-21T07:52:00Z,9.353,10.453164169329412,0.31789797687587223,13.357,639.2687147742819,9.348461922701704
2018-06-21,Pilgrim River,2018-06-21T08:07:00Z,9.368,10.440989129913858,0.3178199945800894,13.4095,678.3928856859831,9.35449291966032
2018-06-21,Pilgrim River,2018-06-21T08:22:00Z,9.357,10.422839574932608,0.3177419663090473,13.488,715.9843592875569,9.358604407849715
2018-06-21,Pilgrim River,2018-06-21T08:37:00Z,9.3855,10.411755504846173,0.31766389199719325,13.536,751.8822101221577,9.361115811522966
2018-06-21,Pilgrim River,2018-06-21T08:52:00Z,9.364,10.390590324012427,0.3175857715788264,13.628,785.9327630142067,9.362007825525268
2018-06-21,Pilgrim River,2018-06-21T09:07:00Z,9.372,10.369722887633673,0.31750760498809694,13.719,817.9902508341107,9.360795149704302
2018-06-21,Pilgrim River,2018-06-21T09:22:00Z,9.37,10.342779812483304,0.3174293921590059,13.837,847.9174386138067,9.357332301829222
2018-06-21,Pilgrim River,2018-06-21T09:37:00Z,9.373,10.317210467571178,0.31735113302540435,13.9495,875.5862109656192,9.351566928534744
2018-06-21,Pilgrim River,2018-06-21T09:52:00Z,9.365,10.291751652834435,0.3172728275209934,14.062,900.878120572906,9.3438812947224
2018-06-21,Pilgrim River,2018-06-21T10:07:00Z,9.3445,10.248803145547372,0.3171944755793231,14.253,923.684895227957,9.333264161527552
2018-06-21,Pilgrim River,2018-06-21T10:22:00Z,9.341,10.21594457295033,0.31711607713379275,14.4,943.9089013431009,9.319562288410028
2018-06-21,Pilgrim River,2018-06-21T10:37:00Z,9.331,10.17467377472655,0.3170376321176497,14.586,961.4635619104906,9.30327698733297
2018-06-21,Pilgrim River,2018-06-21T10:52:00Z,9.294,10.124436668892576,0.3169591404639892,14.814,976.2737271301406,9.28346557487313
2018-06-21,Pilgrim River,2018-06-21T11:07:00Z,9.2345,10.07651363212787,0.3168806021057542,15.0335,988.275996118793,9.26009591627087
2018-06-21,Pilgrim River,2018-06-21T11:22:00Z,9.202,10.030936533233337,0.3168020169757342,15.244,997.4189883251885,9.233962126068564
2018-06-21,Pilgrim River,2018-06-21T11:37:00Z,9.175,9.985861978517608,0.3167233850065654,15.454,1003.6635634763372,9.20560934697767
2018-06-21,Pilgrim River,2018-06-21T11:52:00Z,9.137,9.933886436010312,0.31656598028055555,15.698,1006.9829891487475,9.174794729465384
2018-06-21,Pilgrim River,2018-06-21T12:07:00Z,9.1265,9.888840611587925,0.3164086101075145,15.9115,1007.3630551909955,9.141797645308179
2018-06-21,Pilgrim River,2018-06-21T12:22:00Z,9.05,9.831858916626922,0.3162508287663042,16.184,1004.8021345680189,9.106487273221674
2018-06-21,Pilgrim River,2018-06-21T12:37:00Z,9.0485,9.785187636393523,0.3160928581655686,16.4095,999.3111903186557,9.069021404148721
2018-06-21,Pilgrim River,2018-06-21T12:52:00Z,9.008,9.73373775313607,0.31593469775580113,16.66,990.913728631957,9.03007181762626
2018-06-21,Pilgrim River,2018-06-21T13:07:00Z,8.9635,9.687903279847301,0.31577634698496043,16.8855,979.6456982080739,8.989857843157653
2018-06-21,Pilgrim River,2018-06-21T13:22:00Z,8.935,9.642790462756814,0.31561780529845407,17.109,965.5553363790158,8.948989881298377
2018-06-21,Pilgrim River,2018-06-21T13:37:00Z,8.9025,9.603787792159036,0.31545907213912217,17.304,948.7029626062607,8.908027737649727
2018-06-21,Pilgrim River,2018-06-21T13:52:00Z,8.852,9.566802805195815,0.3153796335823283,17.49,929.160720236726,8.867565298462068
2018-06-21,Pilgrim River,2018-06-21T14:07:00Z,8.829,9.53187060666486,0.3153001469472216,17.667,907.0122677125537,8.82778680329152
2018-06-21,Pilgrim River,2018-06-21T14:22:00Z,8.766,9.505385951633786,0.31522061216342784,17.802,882.3524203755093,8.789335591685719
2018-06-21,Pilgrim River,2018-06-21T14:37:00Z,8.773,9.483996229319633,0.3151410291604092,17.9115,855.2867446421819,8.752987946464481
2018-06-21,Pilgrim River,2018-06-21T14:52:00Z,8.748,9.465995779905858,0.31506139786746384,18.004,825.9311060062123,8.71899194942284
2018-06-21,Pilgrim River,2018-06-21T15:07:00Z,8.7155,9.450472713393312,0.3149817182137253,18.084,794.4111730981209,8.687347964926984
2018-06-21,Pilgrim River,2018-06-21T15:22:00Z,8.678,9.443119298001255,0.31490199012816206,18.122,760.8618796852635,8.658431430044557
2018-06-21,Pilgrim River,2018-06-21T15:37:00Z,8.6625,9.438289656615137,0.314822213539577,18.147,725.4268470037721,8.632555148278039
2018-06-21,Pilgrim River,2018-06-21T15:52:00Z,8.635,9.441378714638564,0.31474238837660673,18.131,688.2577689943319,8.6099536951949
2018-06-21,Pilgrim River,2018-06-21T16:07:00Z,8.6325,9.449607566253983,0.3146625145677213,18.0885,649.5137628398443,8.591020866904348
2018-06-21,Pilgrim River,2018-06-21T16:22:00Z,8.597,9.4578434532735,0.3145828178797555,18.046,609.3606878570936,8.575464223775656
2018-06-21,Pilgrim River,2018-06-21T16:37:00Z,8.5825,9.46269114195084,0.31450284670170514,18.021,567.9704354628144,8.56238721773492
2018-06-21,Pilgrim River,2018-06-21T16:52:00Z,8.558,9.475713363546074,0.3144228266623478,17.954,525.5201933008244,8.551682700055855
2018-06-21,Pilgrim River,2018-06-21T17:07:00Z,8.561,9.49628955862941,0.31434275768948183,17.8485,482.1916867182419,8.544100241223541
2018-06-21,Pilgrim River,2018-06-21T17:22:00Z,8.544,9.512040346013828,0.31426263971073637,17.768,438.1704008393687,8.539266026189699
2018-06-21,Pilgrim River,2018-06-21T17:37:00Z,8.5545,9.53677866579859,0.3141824726535703,17.642,393.64478651125467,8.536978684541824
2018-06-21,Pilgrim River,2018-06-21T17:52:00Z,8.533,9.556715348087089,0.31410225644527245,17.541,348.80545356358675,8.537083617285923
2018-06-21,Pilgrim River,2018-06-21T18:07:00Z,8.536,9.58524931642215,0.3140219910129602,17.397,303.844354827024,8.539421406745078
2018-06-21,Pilgrim River,2018-06-21T18:22:00Z,8.523,9.607158195166322,0.3139416762835796,17.287,258.9539644012839,8.54373567763537
2018-06-21,Pilgrim River,2018-06-21T18:37:00Z,8.524,9.63587384737472,0.3138613121839046,17.1435,214.32645369257352,8.5496825273248
2018-06-21,Pilgrim River,2018-06-21T18:52:00Z,8.54,9.661496898478484,0.3137808986405363,17.016,170.1528687348203,8.557248767673663
2018-06-21,Pilgrim River,2018-06-21T19:07:00Z,8.534,9.682806947476388,0.3137004355799029,16.9105,126.62231236351845,8.56561541039691
2018-06-21,Pilgrim River,2018-06-21T19:22:00Z,8.528,9.700951780763951,0.31361992292825835,16.821,83.92113468444485,8.574112352071284
2018-06-21,Pilgrim River,2018-06-21T19:37:00Z,8.5565,9.718138215288024,0.3135393606116825,16.7365,42.23213530357779,8.582437953509187
2018-06-21,Pilgrim River,2018-06-21T19:52:00Z,8.544,9.737218191639942,0.3134587485560804,16.643,1.733780770433559,8.590714985254428
2018-06-21,Pilgrim River,2018-06-21T20:07:00Z,8.574,9.756252979844588,0.31337808668718126,16.55,0,8.599669674681468
2018-06-21,Pilgrim River,2018-06-21T20:22:00Z,8.576,9.77556996611151,0.3132973749305385,16.456,0,8.609797897656357
2018-06-21,Pilgrim River,2018-06-21T20:37:00Z,8.5855,9.800955723036669,0.3132166132115288,16.333,0,8.621375933480357
2018-06-21,Pilgrim River,2018-06-21T20:52:00Z,8.595,9.81938949559527,0.31313580145535175,16.244,0,8.63409238677714
2018-06-21,Pilgrim River,2018-06-21T21:07:00Z,8.598,9.84155981511878,0.3130549395870289,16.1375,0,8.64752203408237
2018-06-21,Pilgrim River,2018-06-21T21:22:00Z,8.646,9.863782599767267,0.3129740275314037,16.031,0,8.661810847598995
2018-06-21,Pilgrim River,2018-06-21T21:37:00Z,8.6545,9.889805997762524,0.3128930652131406,15.907,0,8.677082507950093
2018-06-21,Pilgrim River,2018-06-21T21:52:00Z,8.673,9.914005461676247,0.31281205255672434,15.792,0,8.693307963560182
2018-06-21,Pilgrim River,2018-06-21T22:07:00Z,8.691,9.94110373589218,0.3127312185492596,15.664,0,8.710398461032241
2018-06-21,Pilgrim River,2018-06-21T22:22:00Z,8.72,9.964700733296842,0.31265010513200403,15.553,0,8.728165434174256
2018-06-21,Pilgrim River,2018-06-21T22:37:00Z,8.73,9.991301959348105,0.31256894114918204,15.4285,0,8.746458281597269
2018-06-21,Pilgrim River,2018-06-21T22:52:00Z,8.767,10.016074617299576,0.312487726524555,15.313,0,8.765269589323362
2018-06-21,Pilgrim River,2018-06-21T23:07:00Z,8.7885,10.042060447753519,0.31240646118170173,15.1925,0,8.784468641857156
2018-06-21,Pilgrim River,2018-06-21T23:22:00Z,8.788,10.071836906841238,0.3123251450440181,15.055,0,8.804333673679393
2018-06-21,Pilgrim River,2018-06-21T23:37:00Z,8.8175,10.091443874748215,0.3122437780347162,14.965,0,8.824316799133781
2018-06-21,Pilgrim River,2018-06-21T23:52:00Z,8.833,10.115017818371705,0.31216236007682385,14.857,0,8.843972295294028
2018-07-17,Pilgrim River,2018-07-16T23:52:00Z,7.979,9.390494639803505,0.512123,18.3955,0,7.979
2018-07-17,Pilgrim River,2018-07-17T00:07:00Z,7.979,9.390494639803505,0.512123,18.3955,0,8.003353461787542
2018-07-17,Pilgrim River,2018-07-17T00:22:00Z,8.003,9.407458258297794,0.513705,18.307,0,8.02539969626137
2018-07-17,Pilgrim River,2018-07-17T00:37:00Z,8.022,9.42844046401749,0.515288,18.198,0,8.047045101708695
2018-07-17,Pilgrim River,2018-07-17T00:52:00Z,8.036,9.446404935264619,0.51687,18.105,0,8.068411134463272
2018-07-17,Pilgrim River,2018-07-17T01:07:00Z,8.054,9.465127457213605,0.518452,18.0085,0,8.089402748553281
2018-07-17,Pilgrim River,2018-07-17T01:22:00Z,8.069,9.479023739262825,0.517011,17.937,0,8.109294875095253
2018-07-17,Pilgrim River,2018-07-17T01:37:00Z,8.097,9.497958355376369,0.515571,17.84,0,8.127727676165977
2018-07-17,Pilgrim River,2018-07-17T01:52:00Z,8.123,9.51361455279687,0.51413,17.76,0,8.145022594950744
2018-07-17,Pilgrim River,2018-07-17T02:07:00Z,8.1305,9.529318138931961,0.512689,17.68,0,8.161150770385518
2018-07-17,Pilgrim River,2018-07-17T02:22:00Z,8.18,9.546840205968993,0.511107,17.591,0,8.17636843048446
2018-07-17,Pilgrim River,2018-07-17T02:37:00Z,8.1695,9.562688017230279,0.509525,17.511,0,8.19079012246953
2018-07-17,Pilgrim River,2018-07-17T02:52:00Z,8.194,9.573548311718659,0.507943,17.456,0,8.204129571226467
2018-07-17,Pilgrim River,2018-07-17T03:07:00Z,8.1985,9.59291679196294,0.506361,17.3585,0,8.216751403262414
2018-07-17,Pilgrim River,2018-07-17T03:22:00Z,8.217,9.610548796605373,0.505602,17.27,0,8.229315171805752
2018-07-17,Pilgrim River,2018-07-17T03:37:00Z,8.248,9.623237645433628,0.504843,17.2065,0,8.241581380866718
2018-07-17,Pilgrim River,2018-07-17T03:52:00Z,8.254,9.635960554902443,0.504085,17.143,0,8.253300292309794
2018-07-17,Pilgrim River,2018-07-17T04:07:00Z,8.269,9.649529193064103,0.503326,17.0755,0,8.264603170531581
2018-07-17,Pilgrim River,2018-07-17T04:22:00Z,8.299,9.661503930261148,0.501898,17.016,0,8.27537846295893
2018-07-17,Pilgrim River,2018-07-17T04:37:00Z,8.3235,9.675124578780167,0.500471,16.9485,32.22538867476898,8.289128113706727
2018-07-17,Pilgrim River,2018-07-17T04:52:00Z,8.328,9.685342662027129,0.499043,16.898,74.97895053907084,8.310054162809637
2018-07-17,Pilgrim River,2018-07-17T05:07:00Z,8.375,9.699124473062492,0.497615,16.83,118.67661129161037,8.33845184327215
2018-07-17,Pilgrim River,2018-07-17T05:22:00Z,8.396,9.709490112995985,0.49939,16.779,163.13127519634705,8.374006326215758
2018-07-17,Pilgrim River,2018-07-17T05:37:00Z,8.4425,9.724153103148012,0.501165,16.707,208.15260534654394,8.416392445630057
2018-07-17,Pilgrim River,2018-07-17T05:52:00Z,8.461,9.72679668684221,0.50294,16.694,253.54783848071236,8.464212391084573
2018-07-17,Pilgrim River,2018-07-17T06:07:00Z,8.592,9.738040808647272,0.504715,16.639,299.1226104117816,8.51648633646766
2018-07-17,Pilgrim River,2018-07-17T06:22:00Z,8.674,9.740693617341444,0.505306,16.626,344.6817881684903,8.572398724489805
2018-07-17,Pilgrim River,2018-07-17T06:37:00Z,8.7405,9.747570216965826,0.505898,16.5925,390.03030548859886,8.63097320244077
2018-07-17,Pilgrim River,2018-07-17T06:52:00Z,8.789,9.745804059328648,0.50649,16.601,434.97399801533584,8.691473815470038
2018-07-17,Pilgrim River,2018-07-17T07:07:00Z,8.8785,9.745808758878912,0.507081,16.601,479.32043464420343,8.753074864876819
2018-07-17,Pilgrim River,2018-07-17T07:22:00Z,8.898,9.74928836111592,0.50847,16.584,522.8797413899031,8.815831305392368
2018-07-17,Pilgrim River,2018-07-17T07:37:00Z,9.0405,9.738024992163693,0.50986,16.639,565.4654144237468,8.878694223651497
2018-07-17,Pilgrim River,2018-07-17T07:52:00Z,9.088,9.730265644389197,0.511249,16.677,606.8951185742446,8.940644756935246
2018-07-17,Pilgrim River,2018-07-17T08:07:00Z,9.126,9.72679494326036,0.512638,16.694,646.9914679945344,9.001973985026503
2018-07-17,Pilgrim River,2018-07-17T08:22:00Z,9.15,9.71803880418205,0.514439,16.737,685.5827856944098,9.062350948245301
2018-07-17,Pilgrim River,2018-07-17T08:37:00Z,9.1755,9.715486753774805,0.51624,16.7495,722.5038385945061,9.121583555446556
2018-07-17,Pilgrim River,2018-07-17T08:52:00Z,9.18,9.712939264504074,0.51804,16.762,757.5965449706866,9.179802397943305
2018-07-17,Pilgrim River,2018-07-17T09:07:00Z,9.256,9.712945522086562,0.519841,16.762,790.7106513042967,9.236860317645966
2018-07-17,Pilgrim River,2018-07-17T09:22:00Z,9.251,9.718029039584344,0.518902,16.737,821.704375637614,9.292927338493639
2018-07-17,Pilgrim River,2018-07-17T09:37:00Z,9.261,9.7241516173844,0.517963,16.707,850.4450145980236,9.348063653244287
2018-07-17,Pilgrim River,2018-07-17T09:52:00Z,9.411,9.697503029503656,0.517024,16.838,876.8095116180207,9.399760007818445
2018-07-17,Pilgrim River,2018-07-17T10:07:00Z,9.412,9.676746096452854,0.516085,16.9405,900.684983795389,9.446139183902508
2018-07-17,Pilgrim River,2018-07-17T10:22:00Z,9.43,9.675019878421011,0.515558,16.949,921.9692052262958,9.48912586535284
2018-07-17,Pilgrim River,2018-07-17T10:37:00Z,9.544,9.646055264700532,0.515031,17.0925,940.5710447013151,9.52803590182647
2018-07-17,Pilgrim River,2018-07-17T10:52:00Z,9.553,9.618937818747515,0.514503,17.228,956.4108558986497,9.561049855813168
2018-07-17,Pilgrim River,2018-07-17T11:07:00Z,9.533,9.591218697493787,0.513976,17.367,969.4208184034168,9.588453860956498
2018-07-17,Pilgrim River,2018-07-17T11:22:00Z,9.604,9.55355721788954,0.515519,17.557,979.5452280934096,9.609575533956018
2018-07-17,Pilgrim River,2018-07-17T11:37:00Z,9.594,9.508706899114937,0.517063,17.785,986.7407356491897,9.623323623270851
2018-07-17,Pilgrim River,2018-07-17T11:52:00Z,9.592,9.459379499418159,0.518606,18.038,990.9765321575545,9.62918067763156
2018-07-17,Pilgrim River,2018-07-17T12:07:00Z,9.5705,9.413112754740734,0.52015,18.278,992.2344810399331,9.627470302188234
2018-07-17,Pilgrim River,2018-07-17T12:22:00Z,9.562,9.38002746713753,0.521128,18.45,990.5091957012995,9.619855109386354
2018-07-17,Pilgrim River,2018-07-17T12:37:00Z,9.5545,9.35038117886537,0.522105,18.6055,985.8080626045088,9.607827242877807
2018-07-17,Pilgrim River,2018-07-17T12:52:00Z,9.541,9.313017335623925,0.523082,18.803,978.15120964952,9.5910636399728
2018-07-17,Pilgrim River,2018-07-17T13:07:00Z,9.522,9.276000467599268,0.52406,19,967.5714199913147,9.569064501596003
2018-07-17,Pilgrim River,2018-07-17T13:22:00Z,9.496,9.23609625148326,0.521037,19.214,954.1139917006155,9.54186421974036
2018-07-17,Pilgrim River,2018-07-17T13:37:00Z,9.479,9.203538104531376,0.518014,19.39,937.8365437875816,9.51004542182954
2018-07-17,Pilgrim River,2018-07-17T13:52:00Z,9.475,9.168142277956788,0.514992,19.582,918.808769541605,9.474030540804637
2018-07-17,Pilgrim River,2018-07-17T14:07:00Z,9.4155,9.124519086336722,0.511969,19.821,897.112138105902,9.43295425848184
2018-07-17,Pilgrim River,2018-07-17T14:22:00Z,9.38,9.087386165471809,0.511558,20.026,872.8395456793131,9.386838065498903
2018-07-17,Pilgrim River,2018-07-17T14:37:00Z,9.295,9.049751728166683,0.511146,20.235,846.0949177709631,9.336369145193157
2018-07-17,Pilgrim River,2018-07-17T14:52:00Z,9.228,9.011102756647494,0.510734,20.452,816.9927642276248,9.28159073431895
2018-07-17,Pilgrim River,2018-07-17T15:07:00Z,9.226,8.981348078345858,0.510323,20.6195,785.6576889823143,9.223335411523575
2018-07-17,Pilgrim River,2018-07-17T15:22:00Z,9.196,8.952056461426137,0.512561,20.786,752.2238565053191,9.162524970661998
2018-07-17,Pilgrim River,2018-07-17T15:37:00Z,9.1625,8.935885932745572,0.514799,20.878,716.8344173874398,9.100350852939
2018-07-17,Pilgrim River,2018-07-17T15:52:00Z,9.112,8.935873924939443,0.517037,20.878,679.6408954482996,9.039082082442476
2018-07-17,Pilgrim River,2018-07-17T16:07:00Z,9.088,8.946819193132368,0.519275,20.8155,640.8025389447508,8.98045507341071
2018-07-17,Pilgrim River,2018-07-17T16:22:00Z,9.063,8.969626191348066,0.519854,20.686,600.4856387422685,8.925481912240352
2018-07-17,Pilgrim River,2018-07-17T16:37:00Z,8.934,8.988795698578533,0.520432,20.5775,558.8628163007785,8.87384331845874
2018-07-17,Pilgrim River,2018-07-17T16:52:00Z,8.893,9.006618492280113,0.521011,20.477,516.1122846547323,8.824330510269068
2018-07-17,Pilgrim River,2018-07-17T17:07:00Z,8.827,9.038676771307244,0.52159,20.297,472.4170852522192,8.777325186273181
2018-07-17,Pilgrim River,2018-07-17T17:22:00Z,8.773,9.06324123738605,0.526414,20.16,427.9643043666058,8.73308498535292
2018-07-17,Pilgrim River,2018-07-17T17:37:00Z,8.7185,9.090397241549011,0.531237,20.009,382.9442719851292,8.691046946519952
2018-07-17,Pilgrim River,2018-07-17T17:52:00Z,8.674,9.119228072167429,0.536061,19.85,337.5497468873314,8.651163565315636
2018-07-17,Pilgrim River,2018-07-17T18:07:00Z,8.619,9.14663265111205,0.540884,19.6995,291.9750913971103,8.613137936787169
2018-07-17,Pilgrim River,2018-07-17T18:22:00Z,8.577,9.178788939222226,0.536794,19.524,246.4154391128343,8.575939017802437
2018-07-17,Pilgrim River,2018-07-17T18:37:00Z,8.502,9.20965117714984,0.532704,19.3565,201.0658594544314,8.53858871824654
2018-07-17,Pilgrim River,2018-07-17T18:52:00Z,8.461,9.240733055197571,0.528613,19.189,156.12052248486512,8.500854552104752
2018-07-17,Pilgrim River,2018-07-17T19:07:00Z,8.4215,9.27280875320554,0.524523,19.017,111.7718674733132,8.462736456386159
2018-07-17,Pilgrim River,2018-07-17T19:22:00Z,8.374,9.300414264929643,0.522066,18.87,68.20977897850793,8.424222647132545
2018-07-17,Pilgrim River,2018-07-17T19:37:00Z,8.332,9.321036545801954,0.51961,18.7605,25.620773854278465,8.384858986982634
2018-07-17,Pilgrim River,2018-07-17T19:52:00Z,8.299,9.348057735154509,0.517153,18.618,0,8.346484374890107
2018-07-17,Pilgrim River,2018-07-17T20:07:00Z,8.263,9.367153181238486,0.514696,18.5175,0,8.31326606888175
2018-07-17,Pilgrim River,2018-07-17T20:22:00Z,8.198,9.386370870420452,0.516214,18.417,0,8.287301274727112
2018-07-17,Pilgrim River,2018-07-17T20:37:00Z,8.203,9.406592297671686,0.517731,18.3115,0,8.268256429665362
2018-07-17,Pilgrim River,2018-07-17T20:52:00Z,8.186,9.42362329451528,0.519249,18.223,0,8.254933916952082
2018-07-17,Pilgrim River,2018-07-17T21:07:00Z,8.184,9.44719371941696,0.520767,18.101,0,8.246667149990424
2018-07-17,Pilgrim River,2018-07-17T21:22:00Z,8.181,9.464247909848439,0.518284,18.013,0,8.241984442793514
2018-07-17,Pilgrim River,2018-07-17T21:37:00Z,8.184,9.488090614511538,0.515802,17.8905,0,8.239643826656394
2018-07-17,Pilgrim River,2018-07-17T21:52:00Z,8.176,9.516947406527072,0.513319,17.743,0,8.240000857960684
2018-07-17,Pilgrim River,2018-07-17T22:07:00Z,8.2165,9.535221074619937,0.510837,17.65,0,8.242292056153648
2018-07-17,Pilgrim River,2018-07-17T22:22:00Z,8.202,9.560075669362648,0.511262,17.524,0,8.24649685514783
2018-07-17,Pilgrim River,2018-07-17T22:37:00Z,8.2345,9.580993691402297,0.511686,17.4185,0,8.253014143308858
2018-07-17,Pilgrim River,2018-07-17T22:52:00Z,8.249,9.602166045651321,0.51211,17.312,0,8.26127351039666
2018-07-17,Pilgrim River,2018-07-17T23:07:00Z,8.247,9.624058395523475,0.512535,17.2025,0,8.27107274214671
2018-07-17,Pilgrim River,2018-07-17T23:22:00Z,8.273,9.644394290537232,0.512818,17.101,0,8.282106570342028
2018-07-17,Pilgrim River,2018-07-17T23:37:00Z,8.295,9.669071792420938,0.513101,16.9785,0,8.294330164193704
2018-07-17,Pilgrim River,2018-07-17T23:52:00Z,8.316,9.692228618181437,0.513384,16.864,0,8.307734392604939
2018-08-07,Hubbard Brook,NA,NA,NA,NA,NA,NA,NA
2018-08-09,Wednesday Hill Brook,2018-08-09T00:00:00Z,8.64,9.191978530807454,0.11030720220287657,19.375,0,8.64
2018-08-09,Wednesday Hill Brook,2018-08-09T00:15:00Z,8.64,9.191978530807454,0.11030720220287657,19.375,0,8.645654748694835
2018-08-09,Wednesday Hill Brook,2018-08-09T00:30:00Z,8.64,9.191489465725322,0.11084212115472206,19.38,0,8.65056297820094
2018-08-09,Wednesday Hill Brook,2018-08-09T00:45:00Z,8.64,9.19197832272786,0.11038066308435213,19.384999999999998,0,8.654716410256635
2018-08-09,Wednesday Hill Brook,2018-08-09T01:00:00Z,8.645,9.194851443930604,0.11204381522757223,19.39,0,8.65892694382503
2018-08-09,Wednesday Hill Brook,2018-08-09T01:15:00Z,8.645,9.192408198486238,0.11370837130717037,19.395,0,8.663724176548758
2018-08-09,Wednesday Hill Brook,2018-08-09T01:30:00Z,8.645,9.190941490684683,0.11273771666132673,19.4,0,8.66769328177066
2018-08-09,Wednesday Hill Brook,2018-08-09T01:45:00Z,8.65,9.19528011055597,0.11180490253549255,19.395,0,8.670562587537638
2018-08-09,Wednesday Hill Brook,2018-08-09T02:00:00Z,8.65,9.194791415822202,0.11246382179026504,19.39,0,8.673169050717313
2018-08-09,Wednesday Hill Brook,2018-08-09T02:15:00Z,8.65,9.193814130232813,0.11257989447558647,19.384999999999998,0,8.675508766009164
2018-08-09,Wednesday Hill Brook,2018-08-09T02:30:00Z,8.65,9.193814130232813,0.11265772221554934,19.375,0,8.677446018109666
2018-08-09,Wednesday Hill Brook,2018-08-09T02:45:00Z,8.655000000000001,9.199128191238234,0.11366999625051118,19.365000000000002,0,8.679871339384087
2018-08-09,Wednesday Hill Brook,2018-08-09T03:00:00Z,8.655000000000001,9.20059458720651,0.11374790863688038,19.35,0,8.682818665581205
2018-08-09,Wednesday Hill Brook,2018-08-09T03:15:00Z,8.655000000000001,9.199616587667524,0.11335725818076955,19.335,0,8.685186106067514
2018-08-09,Wednesday Hill Brook,2018-08-09T03:30:00Z,8.66,9.201997662310063,0.11382603810923851,19.325,0,8.68728625826147
2018-08-09,Wednesday Hill Brook,2018-08-09T03:45:00Z,8.66,9.207871902758395,0.11425584687886145,19.310000000000002,0,8.690007576379312
2018-08-09,Wednesday Hill Brook,2018-08-09T04:00:00Z,8.66,9.212766061710798,0.11374809697676484,19.295,0,8.693099670654467
2018-08-09,Wednesday Hill Brook,2018-08-09T04:15:00Z,8.66,9.213256258888027,0.11281289875432521,19.28,0,8.695579810933081
2018-08-09,Wednesday Hill Brook,2018-08-09T04:30:00Z,8.66,9.21668836990897,0.11289083988679888,19.265,0,8.697637039305022
2018-08-09,Wednesday Hill Brook,2018-08-09T04:45:00Z,8.655000000000001,9.218725079813236,0.11131518235044305,19.25,0,8.699222220220623
2018-08-09,Wednesday Hill Brook,2018-08-09T05:00:00Z,8.66,9.22208352837628,0.10976905431311601,19.229999999999997,41.485839980936326,8.699772840689144
2018-08-09,Wednesday Hill Brook,2018-08-09T05:15:00Z,8.665,9.223972154590252,0.1113834887643178,19.21,135.3341768726632,8.70059063276735
2018-08-09,Wednesday Hill Brook,2018-08-09T05:30:00Z,8.67,9.22732774550721,0.11192163665407835,19.195,240.60999098836444,8.70239681308881
2018-08-09,Wednesday Hill Brook,2018-08-09T05:45:00Z,8.684999999999999,9.233467408408593,0.11199923794411573,19.185000000000002,343.20613416969286,8.7048012903705
2018-08-09,Wednesday Hill Brook,2018-08-09T06:00:00Z,8.684999999999999,9.233958424166556,0.11207638435637804,19.175,449.7773403242411,8.70731112604317
2018-08-09,Wednesday Hill Brook,2018-08-09T06:15:00Z,8.684999999999999,9.236904465171108,0.110995957386375,19.16,559.8671699468666,8.709213128904645
2018-08-09,Wednesday Hill Brook,2018-08-09T06:30:00Z,8.69,9.237802576604977,0.110995957386375,19.145,665.9099650711212,8.710603984360084
2018-08-09,Wednesday Hill Brook,2018-08-09T06:45:00Z,8.695,9.23722435955892,0.11091926756698438,19.134999999999998,767.5453215869269,8.711664187104542
2018-08-09,Wednesday Hill Brook,2018-08-09T07:00:00Z,8.7,9.238611126797995,0.1112672061866279,19.125,871.244944219251,8.712623407786428
2018-08-09,Wednesday Hill Brook,2018-08-09T07:15:00Z,8.705,9.238524380536264,0.1112672061866279,19.12,976.5646916667547,8.713570388612004
2018-08-09,Wednesday Hill Brook,2018-08-09T07:30:00Z,8.715,9.240801025412189,0.11165539001711045,19.130000000000003,1076.1464788409999,8.714615886080994
2018-08-09,Wednesday Hill Brook,2018-08-09T07:45:00Z,8.72,9.24022506268881,0.11238651515673906,19.145,1169.8934729182765,8.716001785337895
2018-08-09,Wednesday Hill Brook,2018-08-09T08:00:00Z,8.715,9.23786283446519,0.11215340668576353,19.155,1263.6532308706155,8.7170711122271
2018-08-09,Wednesday Hill Brook,2018-08-09T08:15:00Z,8.71,9.233054520562114,0.11092546075704256,19.18,1357.0241827946822,8.716812578292991
2018-08-09,Wednesday Hill Brook,2018-08-09T08:30:00Z,8.71,9.218892630722925,0.11077038539753555,19.235,1443.3573517864281,8.714565191438643
2018-08-09,Wednesday Hill Brook,2018-08-09T08:45:00Z,8.71,9.203786064334185,0.1127743630651089,19.305,1522.8260769434619,8.711077665153011
2018-08-09,Wednesday Hill Brook,2018-08-09T09:00:00Z,8.71,9.19698032680611,0.11223368610806224,19.365000000000002,1600.2551909588967,8.70700715961795
2018-08-09,Wednesday Hill Brook,2018-08-09T09:15:00Z,8.705,9.181534216315894,0.11122612382957345,19.450000000000003,1675.3130668628319,8.701305117683573
2018-08-09,Wednesday Hill Brook,2018-08-09T09:30:00Z,8.695,9.158419686158762,0.11161199963810832,19.560000000000002,1742.5130383693754,8.69330713965236
2018-08-09,Wednesday Hill Brook,2018-08-09T09:45:00Z,8.675,9.125835017522249,0.11273653086086736,19.735,1802.2868019468533,8.682866827986496
2018-08-09,Wednesday Hill Brook,2018-08-09T10:00:00Z,8.645,9.090426099117732,0.11281390498176459,19.935000000000002,1858.1075989743335,8.669326506539512
2018-08-09,Wednesday Hill Brook,2018-08-09T10:15:00Z,8.620000000000001,9.067480723506446,0.11281390498176459,20.07,1909.7363496683352,8.653507854488323
2018-08-09,Wednesday Hill Brook,2018-08-09T10:30:00Z,8.6,9.047867729202254,0.11242769368770501,20.18,1953.222677068968,8.63682209409115
2018-08-09,Wednesday Hill Brook,2018-08-09T10:45:00Z,8.59,9.032128008060713,0.11172807232342975,20.275,1989.2272105005882,8.619712735229008
2018-08-09,Wednesday Hill Brook,2018-08-09T11:00:00Z,8.58,9.017338623238055,0.1120755881940913,20.355,2019.634858615053,8.602899277177263
2018-08-09,Wednesday Hill Brook,2018-08-09T11:15:00Z,8.565000000000001,9.007729210733672,0.11297050322585245,20.41,2044.3153849810399,8.587403426425736
2018-08-09,Wednesday Hill Brook,2018-08-09T11:30:00Z,8.555,9.006211448586415,0.11468868011109427,20.42,2061.1239659083008,8.574543681524574
2018-08-09,Wednesday Hill Brook,2018-08-09T11:45:00Z,8.555,9.006211448586415,0.11418177914040711,20.42,2070.9051346657575,8.564125939463366
2018-08-09,Wednesday Hill Brook,2018-08-09T12:00:00Z,8.555,8.99957986603852,0.11153988184765323,20.47,2073.8269881779233,8.553771450672976
2018-08-09,Wednesday Hill Brook,2018-08-09T12:15:00Z,8.545,8.989531769785792,0.110074210560553,20.520000000000003,2069.8770106807383,8.542310769658737
2018-08-09,Wednesday Hill Brook,2018-08-09T12:30:00Z,8.535,8.979957164136541,0.11068896838717181,20.57,2058.8621273404783,8.530897579768544
2018-08-09,Wednesday Hill Brook,2018-08-09T12:45:00Z,8.524999999999999,8.972266815716566,0.11192163665407835,20.615000000000002,2041.7532112369424,8.520745887334513
2018-08-09,Wednesday Hill Brook,2018-08-09T13:00:00Z,8.515,8.965988804808461,0.1118445618044075,20.65,2016.990088484843,8.511646949312325
2018-08-09,Wednesday Hill Brook,2018-08-09T13:15:00Z,8.515,8.956564230802524,0.11019203697873325,20.705,1984.6788173224654,8.502203541105432
2018-08-09,Wednesday Hill Brook,2018-08-09T13:30:00Z,8.51,8.951298855907833,0.11061676983269536,20.73,1946.5912338775956,8.492745817234894
2018-08-09,Wednesday Hill Brook,2018-08-09T13:45:00Z,8.495000000000001,8.955779742282822,0.11145845161991513,20.689999999999998,1903.758375299935,8.48529640207305
2018-08-09,Wednesday Hill Brook,2018-08-09T14:00:00Z,8.49,8.9665776005006,0.11103371876595303,20.63,1852.9981390186417,8.480456667541945
2018-08-09,Wednesday Hill Brook,2018-08-09T14:15:00Z,8.485,8.97218962492731,0.11084173612444181,20.6,1794.527928446736,8.477505971973143
2018-08-09,Wednesday Hill Brook,2018-08-09T14:30:00Z,8.485,8.975511101990339,0.10965547326040095,20.585,1731.963721849571,8.475259481527194
2018-08-09,Wednesday Hill Brook,2018-08-09T14:45:00Z,8.485,8.97931103685372,0.10873964391510976,20.56,1666.3264437015132,8.47317072918857
2018-08-09,Wednesday Hill Brook,2018-08-09T15:00:00Z,8.48,8.97877073827857,0.10915877299578383,20.549999999999997,1593.0289579045354,8.47152233093833
2018-08-09,Wednesday Hill Brook,2018-08-09T15:15:00Z,8.475000000000001,8.97965771734061,0.1094629935698389,20.549999999999997,1509.6191292908773,8.470508656697724
2018-08-09,Wednesday Hill Brook,2018-08-09T15:30:00Z,8.47,8.981020040292654,0.10923413536127052,20.54,1466.5647257469288,8.469916747732759
2018-08-09,Wednesday Hill Brook,2018-08-09T15:45:00Z,8.47,8.991507430997878,0.10892965201431147,20.51,1381.3080709387827,8.470204381143432
2018-08-09,Wednesday Hill Brook,2018-08-09T16:00:00Z,8.475000000000001,8.989657881210867,0.10813583146001894,20.5,1248.6272669498971,8.470768706990146
2018-08-09,Wednesday Hill Brook,2018-08-09T16:15:00Z,8.48,8.989716951129015,0.10915795461232558,20.5,1199.1453530167348,8.471238482494241
2018-08-09,Wednesday Hill Brook,2018-08-09T16:30:00Z,8.48,8.994484514212983,0.10598831447726834,20.48,1103.0194874173005,8.471194492045196
2018-08-09,Wednesday Hill Brook,2018-08-09T16:45:00Z,8.48,8.999257136792954,0.10554019916155424,20.43,1004.0749448235431,8.47048996440316
2018-08-09,Wednesday Hill Brook,2018-08-09T17:00:00Z,8.48,9.015044037655922,0.10542867459807286,20.380000000000003,854.4962569740139,8.471360113547886
2018-08-09,Wednesday Hill Brook,2018-08-09T17:15:00Z,8.48,9.01839838349463,0.1050932496751681,20.37,799.4351939982963,8.473497568840457
2018-08-09,Wednesday Hill Brook,2018-08-09T17:30:00Z,8.48,9.026077700904736,0.10749048118252973,20.33,694.6164532108772,8.477042718251242
2018-08-09,Wednesday Hill Brook,2018-08-09T17:45:00Z,8.48,9.028960817717206,0.10568942726370098,20.29,588.7282164363468,8.481116635706677
2018-08-09,Wednesday Hill Brook,2018-08-09T18:00:00Z,8.49,9.042018119231402,0.10520492003093476,20.22,432.4471354215841,8.48487676970955
2018-08-09,Wednesday Hill Brook,2018-08-09T18:15:00Z,8.49,9.047314578005114,0.10531659038670142,20.2,375.55996267602995,8.489357420238477
2018-08-09,Wednesday Hill Brook,2018-08-09T18:30:00Z,8.5,9.057005860415558,0.1067377520684352,20.13,269.19294195963295,8.494925495020004
2018-08-09,Wednesday Hill Brook,2018-08-09T18:45:00Z,8.51,9.068627450980392,0.1071137083077123,20.07,163.57850727856797,8.501999313219391
2018-08-09,Wednesday Hill Brook,2018-08-09T19:00:00Z,8.524999999999999,9.084616027537763,0.10557769512118709,19.98,33.0415757029904,8.509622459219397
2018-08-09,Wednesday Hill Brook,2018-08-09T19:15:00Z,8.53,9.093816631130062,0.10583879985567277,19.95,0,8.517467150541721
2018-08-09,Wednesday Hill Brook,2018-08-09T19:30:00Z,8.54,9.096719216020452,0.10405494474894258,19.89,0,8.5242882959977
2018-08-09,Wednesday Hill Brook,2018-08-09T19:45:00Z,8.55,9.10931174089069,0.10427689981056185,19.83,0,8.530468868675172
2018-08-09,Wednesday Hill Brook,2018-08-09T20:00:00Z,8.56,9.125797097351054,0.104907404209576,19.755000000000003,0,8.538215551437844
2018-08-09,Wednesday Hill Brook,2018-08-09T20:15:00Z,8.57,9.133539379729298,0.10501887413314656,19.73,0,8.546868834601094
2018-08-09,Wednesday Hill Brook,2018-08-09T20:30:00Z,8.59,9.14413455397062,0.10531659038670142,19.67,0,8.555675544664169
2018-08-09,Wednesday Hill Brook,2018-08-09T20:45:00Z,8.58,9.148096812026868,0.10576409952097761,19.61,0,8.564400607047142
2018-08-09,Wednesday Hill Brook,2018-08-09T21:00:00Z,8.6,9.16893248035482,0.10431569985214617,19.53,0,8.573135291471088
2018-08-09,Wednesday Hill Brook,2018-08-09T21:15:00Z,8.6,9.170398805715504,0.10353815002912424,19.5,0,8.581195194707131
2018-08-09,Wednesday Hill Brook,2018-08-09T21:30:00Z,8.62,9.177046736931755,0.10606309739321013,19.45,0,8.589238515500789
2018-08-09,Wednesday Hill Brook,2018-08-09T21:45:00Z,8.62,9.18780643785973,0.1073396751562877,19.4,0,8.598846288015784
2018-08-09,Wednesday Hill Brook,2018-08-09T22:00:00Z,8.65,9.205553165815989,0.10591379431486533,19.314999999999998,0,8.608982535299104
2018-08-09,Wednesday Hill Brook,2018-08-09T22:15:00Z,8.66,9.207868155236577,0.10621280527699718,19.29,0,8.618515374719998
2018-08-09,Wednesday Hill Brook,2018-08-09T22:30:00Z,8.66,9.21865020225676,0.10741505227684431,19.23,0,8.628073568487842
2018-08-09,Wednesday Hill Brook,2018-08-09T22:45:00Z,8.68,9.23404255319149,0.1056147833527335,19.17,0,8.637811150257276
2018-08-09,Wednesday Hill Brook,2018-08-09T23:00:00Z,8.684999999999999,9.24280348070834,0.10640059898183626,19.095,0,8.64735441144498
2018-08-09,Wednesday Hill Brook,2018-08-09T23:15:00Z,8.69,9.248616432524479,0.10598831447726834,19.07,0,8.656569302214477
2018-08-09,Wednesday Hill Brook,2018-08-09T23:30:00Z,8.7,9.25925925925926,0.10531659038670142,19.02,0,8.665089819470962
2018-08-09,Wednesday Hill Brook,2018-08-09T23:45:00Z,8.72,9.275608977768323,0.10839804099817356,18.96,0,8.67524359049808
2018-08-10,Dowst Cate Forest,2018-08-10T00:00:00Z,7.785,8.423500630337497,0.30380750961533654,23.665,0,7.785
2018-08-10,Dowst Cate Forest,2018-08-10T00:15:00Z,7.785,8.423500630337497,0.30380750961533654,23.665,0,7.795773585243169
2018-08-10,Dowst Cate Forest,2018-08-10T00:30:00Z,7.795,8.430671948062448,0.30389398946704377,23.595,0,7.806360389404984
2018-08-10,Dowst Cate Forest,2018-08-10T00:45:00Z,7.805,8.440119268083954,0.3022051854186333,23.525,0,7.816854158679397
2018-08-10,Dowst Cate Forest,2018-08-10T01:00:00Z,7.8149999999999995,8.451389639883207,0.30073860336083336,23.46,0,7.827295562078164
2018-08-10,Dowst Cate Forest,2018-08-10T01:15:00Z,7.825,8.46495288492621,0.29918859487208804,23.395,0,7.8377374383798974
2018-08-10,Dowst Cate Forest,2018-08-10T01:30:00Z,7.83,8.474484773386411,0.2974301855461097,23.33,0,7.848156073451323
2018-08-10,Dowst Cate Forest,2018-08-10T01:45:00Z,7.835,8.48173238819011,0.296401583522537,23.27,0,7.8584806556757245
2018-08-10,Dowst Cate Forest,2018-08-10T02:00:00Z,7.845,8.49209737029987,0.2954199997163922,23.215,0,7.868731570391923
2018-08-10,Dowst Cate Forest,2018-08-10T02:15:00Z,7.855,8.499701587662294,0.2931194921726006,23.16,0,7.878905136232899
2018-08-10,Dowst Cate Forest,2018-08-10T02:30:00Z,7.865,8.507300758450706,0.29192921346520384,23.104999999999997,0,7.888968080538034
2018-08-10,Dowst Cate Forest,2018-08-10T02:45:00Z,7.88,8.521220422026438,0.2936314527398799,23.055,0,7.8990335017074536
2018-08-10,Dowst Cate Forest,2018-08-10T03:00:00Z,7.89,8.532959040468851,0.29316525169474383,23.005000000000003,0,7.90915804313026
2018-08-10,Dowst Cate Forest,2018-08-10T03:15:00Z,7.895,8.538826830907993,0.2909543900717461,22.955,0,7.919210575790578
2018-08-10,Dowst Cate Forest,2018-08-10T03:30:00Z,7.9,8.548400052081089,0.2904467139266292,22.905,0,7.9291665045470525
2018-08-10,Dowst Cate Forest,2018-08-10T03:45:00Z,7.905,8.55612005303945,0.28825361231639823,22.86,0,7.939051124476961
2018-08-10,Dowst Cate Forest,2018-08-10T04:00:00Z,7.91,8.5596800892856,0.2870306324408824,22.82,0,7.948789837534951
2018-08-10,Dowst Cate Forest,2018-08-10T04:15:00Z,7.915,8.56694447451023,0.28863153792319474,22.775,0,7.958413828898519
2018-08-10,Dowst Cate Forest,2018-08-10T04:30:00Z,7.925,8.578232715072765,0.2863689693942153,22.725,0,7.968007261424522
2018-08-10,Dowst Cate Forest,2018-08-10T04:45:00Z,7.9350000000000005,8.58348251099821,0.2825093918731476,22.68,0,7.977498428127872
2018-08-10,Dowst Cate Forest,2018-08-10T05:00:00Z,7.95,8.591341523311222,0.28200919487227194,22.634999999999998,37.87998743480654,7.986719872973072
2018-08-10,Dowst Cate Forest,2018-08-10T05:15:00Z,7.965,8.603369293118607,0.28084555707695597,22.585,128.1959604473754,7.995433235282045
2018-08-10,Dowst Cate Forest,2018-08-10T05:30:00Z,7.97,8.606911447084233,0.280304742703131,22.54,233.61736314787666,8.003336511814847
2018-08-10,Dowst Cate Forest,2018-08-10T05:45:00Z,7.975,8.611845746217853,0.2813850933421341,22.5,336.3513711853817,8.010344094700004
2018-08-10,Dowst Cate Forest,2018-08-10T06:00:00Z,7.98,8.620505012408795,0.2802240235842751,22.465,443.06137007875725,8.016524424211264
2018-08-10,Dowst Cate Forest,2018-08-10T06:15:00Z,7.985,8.627301855146754,0.27823298859232515,22.43,553.2903193528126,8.021842242570399
2018-08-10,Dowst Cate Forest,2018-08-10T06:30:00Z,7.99,8.632238950998307,0.27604930612431156,22.395,659.4627100908945,8.026248163030937
2018-08-10,Dowst Cate Forest,2018-08-10T06:45:00Z,7.99,8.634570728187011,0.2746892221888688,22.369999999999997,761.2182625768894,8.029745460981372
2018-08-10,Dowst Cate Forest,2018-08-10T07:00:00Z,7.995,8.64044093807414,0.2743202337283629,22.345,865.036039952907,8.032404993132715
2018-08-10,Dowst Cate Forest,2018-08-10T07:15:00Z,8,8.644443470925498,0.2719877809298857,22.32,970.4713885324295,8.034221498956992
2018-08-10,Dowst Cate Forest,2018-08-10T07:30:00Z,8.004999999999999,8.646575171134106,0.2728495778078849,22.299999999999997,1070.1578422233174,8.03521392651452
2018-08-10,Dowst Cate Forest,2018-08-10T07:45:00Z,8.01,8.651042330093826,0.27370642958281644,22.285,1163.999072211333,8.035530799203752
2018-08-10,Dowst Cate Forest,2018-08-10T08:00:00Z,8.015,8.654104902141489,0.27296756948216816,22.275,1257.8481929161055,8.035183780206951
2018-08-10,Dowst Cate Forest,2018-08-10T08:15:00Z,8.02,8.653898660500392,0.2727632963854273,22.27,1351.3032459511587,8.034108094427278
2018-08-10,Dowst Cate Forest,2018-08-10T08:30:00Z,8.024999999999999,8.654623063122788,0.2711289720142226,22.27,1437.7089217290666,8.032293576446072
2018-08-10,Dowst Cate Forest,2018-08-10T08:45:00Z,8.024999999999999,8.652291105121293,0.27047639333603196,22.28,1517.2394087726377,8.029773211711653
2018-08-10,Dowst Cate Forest,2018-08-10T09:00:00Z,8.024999999999999,8.647163251290381,0.2696631537468227,22.29,1594.7229117274965,8.026552296117792
2018-08-10,Dowst Cate Forest,2018-08-10T09:15:00Z,8.03,8.646029835219029,0.2699484501523474,22.295,1669.827565928596,8.022707587421984
2018-08-10,Dowst Cate Forest,2018-08-10T09:30:00Z,8.03,8.643237941256574,0.270883901814866,22.314999999999998,1737.0628588467112,8.01838416251869
2018-08-10,Dowst Cate Forest,2018-08-10T09:45:00Z,8.03,8.640912614853143,0.26921743012007054,22.345,1796.8616236728722,8.013575296359438
2018-08-10,Dowst Cate Forest,2018-08-10T10:00:00Z,8.03,8.636267461958543,0.26771426557390954,22.38,1852.6980537582053,8.008228136049226
2018-08-10,Dowst Cate Forest,2018-08-10T10:15:00Z,8.03,8.629306470349944,0.2673903803874569,22.424999999999997,1904.332998954092,8.002381884777813
2018-08-10,Dowst Cate Forest,2018-08-10T10:30:00Z,8.03,8.621432589763586,0.2660169798324463,22.48,1947.814989922626,7.996064384711839
2018-08-10,Dowst Cate Forest,2018-08-10T10:45:00Z,8.03,8.60665719389355,0.26472562196271554,22.555,1983.8060021247322,7.989221632311399
2018-08-10,Dowst Cate Forest,2018-08-10T11:00:00Z,8.024999999999999,8.58977897742021,0.2649674374822618,22.65,2014.1894079713443,7.981882303097373
2018-08-10,Dowst Cate Forest,2018-08-10T11:15:00Z,8.015,8.575862868623279,0.2638029154337127,22.75,2038.8350730128482,7.974121540165896
2018-08-10,Dowst Cate Forest,2018-08-10T11:30:00Z,8.004999999999999,8.558756506621094,0.2617549639157324,22.85,2055.5999133267446,7.965904581813976
2018-08-10,Dowst Cate Forest,2018-08-10T11:45:00Z,8,8.541994693711619,0.26119474443286544,22.945,2065.329925325017,7.957291680924735
2018-08-10,Dowst Cate Forest,2018-08-10T12:00:00Z,7.995,8.527547225998672,0.26059563532943797,23.04,2068.1892843882597,7.948440711198762
2018-08-10,Dowst Cate Forest,2018-08-10T12:15:00Z,7.98,8.508823965256731,0.2606356085540177,23.145,2064.1657422479284,7.939417537728109
2018-08-10,Dowst Cate Forest,2018-08-10T12:30:00Z,7.965,8.492376585989977,0.261194732615724,23.25,2053.0706794624766,7.930311237490932
2018-08-10,Dowst Cate Forest,2018-08-10T12:45:00Z,7.955,8.476749600681558,0.26031682723999877,23.365000000000002,2035.8764487182439,7.921176740191438
2018-08-10,Dowst Cate Forest,2018-08-10T13:00:00Z,7.9399999999999995,8.453556799806844,0.26127829759822907,23.494999999999997,2011.0168364194856,7.912010078845689
2018-08-10,Dowst Cate Forest,2018-08-10T13:15:00Z,7.92,8.42956793635193,0.26044324023300724,23.625,1978.5983155945478,7.902777206809566
2018-08-10,Dowst Cate Forest,2018-08-10T13:30:00Z,7.9,8.407386318822347,0.2578479448774994,23.75,1940.39958987145,7.893394568350608
2018-08-10,Dowst Cate Forest,2018-08-10T13:45:00Z,7.89,8.391833898527922,0.258523723475985,23.86,1897.4530906748591,7.884073264743096
2018-08-10,Dowst Cate Forest,2018-08-10T14:00:00Z,7.885,8.378052588145689,0.25872238394028957,23.965,1846.5689707689094,7.875081777677024
2018-08-10,Dowst Cate Forest,2018-08-10T14:15:00Z,7.87,8.361662953201671,0.2569771826692394,24.064999999999998,1787.9651672649002,7.86636653769787
2018-08-10,Dowst Cate Forest,2018-08-10T14:30:00Z,7.85,8.34440551760196,0.25618351919932475,24.155,1725.2664682066547,7.857886909897543
2018-08-10,Dowst Cate Forest,2018-08-10T14:45:00Z,7.84,8.33156301472383,0.2567374422318767,24.240000000000002,1659.4950109860893,7.84980152957392
2018-08-10,Dowst Cate Forest,2018-08-10T15:00:00Z,7.835,8.323595028152555,0.25456829969521044,24.315,1586.054740833939,7.842208362538454
2018-08-10,Dowst Cate Forest,2018-08-10T15:15:00Z,7.825,8.310325390134407,0.2531858861468802,24.39,1505.2602040767924,7.835082163621299
2018-08-10,Dowst Cate Forest,2018-08-10T15:30:00Z,7.8149999999999995,8.298820527338302,0.2542482765620615,24.46,1422.3352009033936,7.828529788734228
2018-08-10,Dowst Cate Forest,2018-08-10T15:45:00Z,7.805,8.293485585840443,0.2534226559585001,24.505,1338.2219034147986,7.822668105724873
2018-08-10,Dowst Cate Forest,2018-08-10T16:00:00Z,7.795,8.28770336596045,0.2507170843074614,24.545,1247.2313261889394,7.817455252392236
2018-08-10,Dowst Cate Forest,2018-08-10T16:15:00Z,7.779999999999999,8.276152710257538,0.24954260313811327,24.59,1149.7531847005848,7.812851388782101
2018-08-10,Dowst Cate Forest,2018-08-10T16:30:00Z,7.77,8.270797328481542,0.250871913311011,24.619999999999997,1052.2542261959134,7.809007231787197
2018-08-10,Dowst Cate Forest,2018-08-10T16:45:00Z,7.77,8.270797328481542,0.25091096927369094,24.645,955.5324366658378,7.8060792573217945
2018-08-10,Dowst Cate Forest,2018-08-10T17:00:00Z,7.765,8.265473648754115,0.24981569663181652,24.67,853.1936741125387,7.80399461208951
2018-08-10,Dowst Cate Forest,2018-08-10T17:15:00Z,7.755,8.260104610732085,0.2492695171365144,24.68,745.6762593825028,7.802697378215172
2018-08-10,Dowst Cate Forest,2018-08-10T17:30:00Z,7.755,8.260984520310036,0.2497382943008403,24.675,640.249098838393,7.802296904291258
2018-08-10,Dowst Cate Forest,2018-08-10T17:45:00Z,7.76,8.2649910406097,0.24919338992379728,24.66,537.5115995083299,7.802865744697801
2018-08-10,Dowst Cate Forest,2018-08-10T18:00:00Z,7.76,8.27027837954516,0.24798429746357015,24.634999999999998,430.8003026291095,7.80440369298032
2018-08-10,Dowst Cate Forest,2018-08-10T18:15:00Z,7.76,8.276009383663894,0.24829551566928765,24.595,320.5722574950892,7.806957255671458
2018-08-10,Dowst Cate Forest,2018-08-10T18:30:00Z,7.765,8.282666666666668,0.24720879833999232,24.545,214.40306381138606,7.81052034707877
2018-08-10,Dowst Cate Forest,2018-08-10T18:45:00Z,7.775,8.29421871332551,0.24411532373295014,24.485,112.65269228551564,7.81505289022968
2018-08-10,Dowst Cate Forest,2018-08-10T19:00:00Z,7.785,8.304885379992175,0.24314934557250542,24.42,31.902505306487665,7.820478124861591
2018-08-10,Dowst Cate Forest,2018-08-10T19:15:00Z,7.795,8.315998292787025,0.2438032318303996,24.355,0,7.826515594197004
2018-08-10,Dowst Cate Forest,2018-08-10T19:30:00Z,7.8,8.327108169593975,0.24422776129110357,24.285,0,7.832814451267427
2018-08-10,Dowst Cate Forest,2018-08-10T19:45:00Z,7.805,8.337785090482164,0.24411223334546642,24.205,0,7.8392091136097255
2018-08-10,Dowst Cate Forest,2018-08-10T20:00:00Z,7.81,8.348925864368692,0.2434949947518466,24.119999999999997,0,7.845682377401974
2018-08-10,Dowst Cate Forest,2018-08-10T20:15:00Z,7.824999999999999,8.364951505394334,0.2438031990236893,24.034999999999997,0,7.852302015248838
2018-08-10,Dowst Cate Forest,2018-08-10T20:30:00Z,7.84,8.38009920781817,0.24364914857480446,23.939999999999998,0,7.85911712791691
2018-08-10,Dowst Cate Forest,2018-08-10T20:45:00Z,7.845,8.39397059734527,0.24295627320979885,23.845,0,7.866081963391653
2018-08-10,Dowst Cate Forest,2018-08-10T21:00:00Z,7.855,8.410064909395533,0.2417276111814481,23.75,0,7.873190306214752
2018-08-10,Dowst Cate Forest,2018-08-10T21:15:00Z,7.865,8.425285041833172,0.2395093137136321,23.65,0,7.880434249805138
2018-08-10,Dowst Cate Forest,2018-08-10T21:30:00Z,7.88,8.442704116168594,0.2392031840537726,23.545,0,7.887835349863865
2018-08-10,Dowst Cate Forest,2018-08-10T21:45:00Z,7.895,8.460141013373782,0.23981294777011927,23.439999999999998,0,7.895450337942703
2018-08-10,Dowst Cate Forest,2018-08-10T22:00:00Z,7.905,8.478124838963772,0.2389351433432366,23.34,0,7.903273309405899
2018-08-10,Dowst Cate Forest,2018-08-10T22:15:00Z,7.915,8.494313627208347,0.2395848378066619,23.240000000000002,0,7.9112844347173334
2018-08-10,Dowst Cate Forest,2018-08-10T22:30:00Z,7.93,8.511322333418212,0.2396991389607137,23.14,0,7.919478941207301
2018-08-10,Dowst Cate Forest,2018-08-10T22:45:00Z,7.95,8.530957204063942,0.2392403385250504,23.04,0,7.92787883541108
2018-08-10,Dowst Cate Forest,2018-08-10T23:00:00Z,7.96,8.544441248912289,0.23870743098258868,22.939999999999998,0,7.936427794226355
2018-08-10,Dowst Cate Forest,2018-08-10T23:15:00Z,7.970000000000001,8.56069013537481,0.23817334059296053,22.845,0,7.94508064319819
2018-08-10,Dowst Cate Forest,2018-08-10T23:30:00Z,7.985,8.580948814816427,0.23813532317572558,22.75,0,7.953922170872765
2018-08-10,Dowst Cate Forest,2018-08-10T23:45:00Z,8,8.595215724115157,0.2370709571970906,22.655,0,7.9629165965509925
2018-08-15,Hop Brook,2018-08-15T00:07:00Z,8.85,9.122175886832093,0.2706333333,18.575,0,8.85
2018-08-15,Hop Brook,2018-08-15T00:22:00Z,8.86,9.1265289779447,0.2706333333,18.548,0,8.857676174128526
2018-08-15,Hop Brook,2018-08-15T00:37:00Z,8.86,9.129744761538708,0.2706333333,18.521,0,8.86527255619324
2018-08-15,Hop Brook,2018-08-15T00:52:00Z,8.86,9.132805434174458,0.2706333333,18.495,0,8.872778231003238
2018-08-15,Hop Brook,2018-08-15T01:07:00Z,8.87,9.137838925812868,0.2706333333,18.471,0,8.88021304089605
2018-08-15,Hop Brook,2018-08-15T01:22:00Z,8.88,9.141408484286837,0.2706333333,18.449,0,8.887583690366357
2018-08-15,Hop Brook,2018-08-15T01:37:00Z,8.89,9.144162228467353,0.2706333333,18.425,0,8.894869244846662
2018-08-15,Hop Brook,2018-08-15T01:52:00Z,8.89,9.147904741412429,0.2706333333,18.402,0,8.902073080289426
2018-08-15,Hop Brook,2018-08-15T02:07:00Z,8.9,9.151326577394332,0.2706333333,18.381,0,8.909203583652682
2018-08-15,Hop Brook,2018-08-15T02:22:00Z,8.9,9.15437144734333,0.2706333333,18.36,0,8.916255582665245
2018-08-15,Hop Brook,2018-08-15T02:37:00Z,8.9,9.157064697143372,0.2706333333,18.34,0,8.923223647153527
2018-08-15,Hop Brook,2018-08-15T02:52:00Z,8.9,9.161128327837194,0.2706333333,18.321,0,8.93011952680699
2018-08-15,Hop Brook,2018-08-15T03:07:00Z,8.9,9.16358400186091,0.2706333333,18.299,0,8.93694227956373
2018-08-15,Hop Brook,2018-08-15T03:22:00Z,8.91,9.16752027835231,0.2706333333,18.275,0,8.943691875990062
2018-08-15,Hop Brook,2018-08-15T03:37:00Z,8.91,9.169657995787743,0.2706333333,18.248,0,8.950366466642187
2018-08-15,Hop Brook,2018-08-15T03:52:00Z,8.93,9.175085422594398,0.2706333333,18.222,0,8.956981961847587
2018-08-15,Hop Brook,2018-08-15T04:07:00Z,8.92,9.177072485125217,0.2706333333,18.196,0,8.963538197478254
2018-08-15,Hop Brook,2018-08-15T04:22:00Z,8.93,9.182346826085839,0.2706333333,18.171,0,8.970034943553316
2018-08-15,Hop Brook,2018-08-15T04:37:00Z,8.94,9.184835097391527,0.2706333333,18.149,0,8.976478511789617
2018-08-15,Hop Brook,2018-08-15T04:52:00Z,8.94,9.189294036529853,0.2706333333,18.129,0,8.982862334546168
2018-08-15,Hop Brook,2018-08-15T05:07:00Z,8.95,9.196546881579996,0.2706333333,18.113,0,8.989234083952473
2018-08-15,Hop Brook,2018-08-15T05:22:00Z,8.94,9.199024190801973,0.2706333333,18.105,86.01677324010085,8.99508406631789
2018-08-15,Hop Brook,2018-08-15T05:37:00Z,8.95,9.203612198478945,0.2706333333,18.097,193.5088021860066,8.99978294654203
2018-08-15,Hop Brook,2018-08-15T05:52:00Z,8.96,9.206283391937623,0.2706333333,18.089,301.8474947210962,9.003227389304575
2018-08-15,Hop Brook,2018-08-15T06:07:00Z,8.96,9.207293883289072,0.2706333333,18.076,410.56880266798805,9.005399785135491
2018-08-15,Hop Brook,2018-08-15T06:22:00Z,8.99,9.210261515253181,0.2706333333,18.072,519.2070386806815,9.0063261094964009
2018-08-15,Hop Brook,2018-08-15T06:37:00Z,8.98,9.211794908012832,0.2706333333,18.072,627.2968712465521,9.006039789795635
2018-08-15,Hop Brook,2018-08-15T06:52:00Z,8.99,9.210412942277928,0.2706333333,18.078,734.3753175294311,9.004531622673714
2018-08-15,Hop Brook,2018-08-15T07:07:00Z,8.99,9.212049911615098,0.2706333333,18.082,839.9837267028721,9.001840640283442
2018-08-15,Hop Brook,2018-08-15T07:22:00Z,8.99,9.210553692972475,0.2706333333,18.091,943.6697443553089,8.998008175534078
2018-08-15,Hop Brook,2018-08-15T07:37:00Z,9.01,9.205395543615257,0.2706333333,18.129,1044.989250181494,8.9930168497871
2018-08-15,Hop Brook,2018-08-15T07:52:00Z,9.01,9.20555062613926,0.2706333333,18.135,1143.5082601848412,8.986934511893638
2018-08-15,Hop Brook,2018-08-15T08:07:00Z,9.03,9.194356003123595,0.2706333333,18.205,1238.8047856799117,8.9797599315812
2018-08-15,Hop Brook,2018-08-15T08:22:00Z,9.01,9.183264241629356,0.2706333333,18.284,1330.4706407068586,8.971448210017016
2018-08-15,Hop Brook,2018-08-15T08:37:00Z,9.01,9.185232304508716,0.2706333333,18.279,1418.1131905045238,8.962189086837686
2018-08-15,Hop Brook,2018-08-15T08:52:00Z,9.015306630800087,9.178363454710714,0.2706333333,18.324886873195297,1501.3570332947384,8.952088549899347
2018-08-15,Hop Brook,2018-08-15T09:07:00Z,9.015064532410994,9.17283238092651,0.2706333333,18.36270995613118,1579.8456081877005,8.941144811818656
2018-08-15,Hop Brook,2018-08-15T09:22:00Z,9.013919090833042,9.166147800557514,0.2706333333,18.406324336394636,1653.2427225261995,8.929432403459744
2018-08-15,Hop Brook,2018-08-15T09:37:00Z,9.011159222942082,9.157827933665025,0.2706333333,18.458981964381625,1721.2339918917548,8.917000156151445
2018-08-15,Hop Brook,2018-08-15T09:52:00Z,9.006073845613964,9.14739100031034,0.2706333333,18.523934790488106,1783.5281867248802,8.903890377832322
2018-08-15,Hop Brook,2018-08-15T10:07:00Z,8.997951875724544,9.135167480873456,0.2706333333,18.608,1839.8584797803378,8.890146820421428
2018-08-15,Hop Brook,2018-08-15T10:22:00Z,8.99,9.118238814459552,0.2706333333,18.681,1889.983588988002,8.875788336604973
2018-08-15,Hop Brook,2018-08-15T10:37:00Z,8.97,9.099240803258787,0.2706333333,18.84,1933.6888110549626,8.860836931532718
2018-08-15,Hop Brook,2018-08-15T10:52:00Z,8.95,9.07914078843679,0.2706333333,18.96,1970.7869410154972,8.845349862128144
2018-08-15,Hop Brook,2018-08-15T11:07:00Z,8.93,9.056580237369705,0.2706333333,19.104,2001.119074189984,8.829377318892162
2018-08-15,Hop Brook,2018-08-15T11:22:00Z,8.9,9.026341541011293,0.2706333333,19.277,2024.555286790592,8.812908241375775
2018-08-15,Hop Brook,2018-08-15T11:37:00Z,8.87,9.004391289674281,0.2706333333,19.42,2040.9951924538339,8.796036728965303
2018-08-15,Hop Brook,2018-08-15T11:52:00Z,8.85,8.994669213109104,0.2706333333,19.485,2050.368372242506,8.77904963981418
2018-08-15,Hop Brook,2018-08-15T12:07:00Z,8.83,8.962594715023055,0.2706333333,19.701,2052.634676287986,8.761931912072164
2018-08-15,Hop Brook,2018-08-15T12:22:00Z,8.81,8.949056586101038,0.2706333333,19.794,2047.784395782794,8.744730720338957
2018-08-15,Hop Brook,2018-08-15T12:37:00Z,8.79,8.924919882147176,0.2706333333,19.949,2035.83830457498,8.72760473474316
2018-08-15,Hop Brook,2018-08-15T12:52:00Z,8.76,8.911128404816415,0.2706333333,20.035,2016.847570205203,8.7106304002171
2018-08-15,Hop Brook,2018-08-15T13:07:00Z,8.74,8.896447722495418,0.2706333333,20.143,1990.8935347620202,8.693978072861722
2018-08-15,Hop Brook,2018-08-15T13:22:00Z,8.72,8.881330809054015,0.2706333333,20.247,1958.0873664716528,8.677707728070308
2018-08-15,Hop Brook,2018-08-15T13:37:00Z,8.7,8.881185948021965,0.2706333333,20.248,1918.5695835328552,8.662032092403694
2018-08-15,Hop Brook,2018-08-15T13:52:00Z,8.69,8.859562884064756,0.2706333333,20.398,1872.5094522634972,8.646950995716136
2018-08-15,Hop Brook,2018-08-15T14:07:00Z,8.66,8.845834285645731,0.2706333333,20.494,1820.104262113668,8.632392321213256
2018-08-15,Hop Brook,2018-08-15T14:22:00Z,8.65,8.8356226399559,0.2706333333,20.55,1761.5784805257147,8.618528354950225
2018-08-15,Hop Brook,2018-08-15T14:37:00Z,8.63,8.822887416749634,0.2706333333,20.632,1697.182791635202,8.605422844970636
2018-08-15,Hop Brook,2018-08-15T14:52:00Z,8.6,8.813303424524648,0.2706333333,20.7,1627.193022353442,8.593132915147693
2018-08-15,Hop Brook,2018-08-15T15:07:00Z,8.59,8.804041905096538,0.2706333333,20.766,1551.908961050656,8.58173896808971
2018-08-15,Hop Brook,2018-08-15T15:22:00Z,8.58,8.799287754849091,0.2706333333,20.808,1471.6530734059947,8.571329753056373
2018-08-15,Hop Brook,2018-08-15T15:37:00Z,8.56,8.7953811345654,0.2706333333,20.836,1386.7691212071902,8.561993116536113
2018-08-15,Hop Brook,2018-08-15T15:52:00Z,8.55,8.79175996013042,0.2706333333,20.862,1297.6206898898904,8.55376858310083
2018-08-15,Hop Brook,2018-08-15T16:07:00Z,8.54,8.785777121484466,0.2706333333,20.897,1204.5896312832117,8.546658629878076
2018-08-15,Hop Brook,2018-08-15T16:22:00Z,8.53,8.78286371326655,0.2706333333,20.918,1108.0744278530453,8.540689321601297
2018-08-15,Hop Brook,2018-08-15T16:37:00Z,8.52,8.780231223321664,0.2706333333,20.937,1008.4884860432228,8.535908244649146
2018-08-15,Hop Brook,2018-08-15T16:52:00Z,8.51,8.78051803878636,0.2706333333,20.943,906.2583654545917,8.532355695770004
2018-08-15,Hop Brook,2018-08-15T17:07:00Z,8.5,8.783306770244813,0.2706333333,20.939,801.8219516941987,8.530088726356304
2018-08-15,Hop Brook,2018-08-15T17:22:00Z,8.49,8.783733051373877,0.2706333333,20.944,695.6265808215667,8.529104669557197
2018-08-15,Hop Brook,2018-08-15T17:37:00Z,8.49,8.786459663031536,0.2706333333,20.927,588.1271233459461,8.529392870869236
2018-08-15,Hop Brook,2018-08-15T17:52:00Z,8.5,8.79011820475223,0.2706333333,20.906,479.7840356977971,8.530971024619072
2018-08-15,Hop Brook,2018-08-15T18:07:00Z,8.49,8.794760052946545,0.2706333333,20.886,371.06138807905694,8.533838979450753
2018-08-15,Hop Brook,2018-08-15T18:22:00Z,8.49,8.80042972146034,0.2706333333,20.864,262.4248765816535,8.537992410185057
2018-08-15,Hop Brook,2018-08-15T18:37:00Z,8.5,8.808803263428413,0.2706333333,20.828,154.33982853687215,8.5434385925915
2018-08-15,Hop Brook,2018-08-15T18:52:00Z,8.49,8.818031653799114,0.2706333333,20.782,47.26920933176612,8.550176988287634
2018-08-15,Hop Brook,2018-08-15T19:07:00Z,8.5,8.82667785531911,0.2706333333,20.731,0,8.557835396184148
2018-08-15,Hop Brook,2018-08-15T19:22:00Z,8.51,8.835444436581202,0.2706333333,20.678,0,8.565778239843896
2018-08-15,Hop Brook,2018-08-15T19:37:00Z,8.52,8.84433420374968,0.2706333333,20.623,0,8.573731992664076
2018-08-15,Hop Brook,2018-08-15T19:52:00Z,8.53,8.85465948505149,0.2706333333,20.566,0,8.581712153154816
2018-08-15,Hop Brook,2018-08-15T20:07:00Z,8.54,8.866137911878244,0.2706333333,20.509,0,8.589744573409549
2018-08-15,Hop Brook,2018-08-15T20:22:00Z,8.55,8.875406357640914,0.2706333333,20.452,0,8.597817189543495
2018-08-15,Hop Brook,2018-08-15T20:37:00Z,8.56,8.884560324084712,0.2706333333,20.396,0,8.60590526665969
2018-08-15,Hop Brook,2018-08-15T20:52:00Z,8.57,8.893602790691927,0.2706333333,20.341,0,8.61400625442912
2018-08-15,Hop Brook,2018-08-15T21:07:00Z,8.58,8.901838999382868,0.2706333333,20.284,0,8.622110385109673
2018-08-15,Hop Brook,2018-08-15T21:22:00Z,8.6,8.911708836206904,0.2706333333,20.225,0,8.63022571831978
2018-08-15,Hop Brook,2018-08-15T21:37:00Z,8.61,8.91815174742599,0.2706333333,20.164,0,8.638333442534684
2018-08-15,Hop Brook,2018-08-15T21:52:00Z,8.61,8.926382643775437,0.2706333333,20.1,0,8.646416634765478
2018-08-15,Hop Brook,2018-08-15T22:07:00Z,8.62,8.935776733791327,0.2706333333,20.036,0,8.654505642946292
2018-08-15,Hop Brook,2018-08-15T22:22:00Z,8.63,8.944914428785909,0.2706333333,19.974,0,8.662609665305492
2018-08-15,Hop Brook,2018-08-15T22:37:00Z,8.65,8.95536418883851,0.2706333333,19.911,0,8.670739086448389
2018-08-15,Hop Brook,2018-08-15T22:52:00Z,8.66,8.966686713000893,0.2706333333,19.85,0,8.678915477950024
2018-08-15,Hop Brook,2018-08-15T23:07:00Z,8.67,8.979026646030784,0.2706333333,19.79,0,8.687157041471492
2018-08-15,Hop Brook,2018-08-15T23:22:00Z,8.69,8.9880145987809,0.2706333333,19.73,0,8.695438798381394
2018-08-15,Hop Brook,2018-08-15T23:37:00Z,8.7,8.995755795603555,0.2706333333,19.671,0,8.70371352555755
2018-08-15,Hop Brook,2018-08-15T23:52:00Z,8.71,9.004509779622778,0.2706333333,19.613,0,8.711979140221569
2019-02-21,Rio Guillarte,2019-02-21T00:04:00Z,8.18,8.511705429153526,0.1661128693535093,20.279,0,8.18
2019-02-21,Rio Guillarte,2019-02-21T00:19:00Z,8.18,8.51779171144659,0.16626517630999138,20.228,0,8.180828753589791
2019-02-21,Rio Guillarte,2019-02-21T00:34:00Z,8.19,8.523616333745087,0.16593168177922213,20.179,0,8.182857141204945
2019-02-21,Rio Guillarte,2019-02-21T00:49:00Z,8.19,8.52875067542538,0.16621760703589172,20.135,0,8.185682584372797
2019-02-21,Rio Guillarte,2019-02-21T01:04:00Z,8.2,8.53616705210235,0.1661128693535093,20.083,0,8.189359882190347
2019-02-21,Rio Guillarte,2019-02-21T01:19:00Z,8.23,8.540477731785558,0.16659748586560705,20.045,0,8.193613248553266
2019-02-21,Rio Guillarte,2019-02-21T01:34:00Z,8.23,8.543962856029145,0.16641723563303573,20.005,0,8.197765201928565
2019-02-21,Rio Guillarte,2019-02-21T01:49:00Z,8.23,8.54818031444895,0.1665500852130801,19.96,0,8.201729438372016
2019-02-21,Rio Guillarte,2019-02-21T02:04:00Z,8.26,8.551549698506488,0.166474194246444,19.921,0,8.205569019540347
2019-02-21,Rio Guillarte,2019-02-21T02:19:00Z,8.26,8.556604334331455,0.1664552118918222,19.886,0,8.209397962898429
2019-02-21,Rio Guillarte,2019-02-21T02:34:00Z,8.27,8.559706703413658,0.16706074888501884,19.849,0,8.213365474543167
2019-02-21,Rio Guillarte,2019-02-21T02:49:00Z,8.27,8.565398629156707,0.16710789235872678,19.802,0,8.21752227463827
2019-02-21,Rio Guillarte,2019-02-21T03:04:00Z,8.28,8.571072956222205,0.16705131735172787,19.763,0,8.22197974304777
2019-02-21,Rio Guillarte,2019-02-21T03:19:00Z,8.28,8.57870297981525,0.16709846555554073,19.712,0,8.226907521386469
2019-02-21,Rio Guillarte,2019-02-21T03:34:00Z,8.3,8.583635148572023,0.16717385352645506,19.677,0,8.232123805712277
2019-02-21,Rio Guillarte,2019-02-21T03:49:00Z,8.29,8.586612155155267,0.16720210843958358,19.649,0,8.236965238690969
2019-02-21,Rio Guillarte,2019-02-21T04:04:00Z,8.29,8.592047050087427,0.16705131735172787,19.612,0,8.241534258051509
2019-02-21,Rio Guillarte,2019-02-21T04:19:00Z,8.31,8.599706774654962,0.16732444842199085,19.56,0,8.24655040561163
2019-02-21,Rio Guillarte,2019-02-21T04:34:00Z,8.32,8.607472465978557,0.1669286211758453,19.51,0,8.252121153638905
2019-02-21,Rio Guillarte,2019-02-21T04:49:00Z,8.31,8.616176036620224,0.16716443333521422,19.464,0,8.258233667218207
2019-02-21,Rio Guillarte,2019-02-21T05:04:00Z,8.31,8.621973235892002,0.16707960911232161,19.425,0,8.264583804818962
2019-02-21,Rio Guillarte,2019-02-21T05:19:00Z,8.33,8.626670488744393,0.16750296747898855,19.396,0,8.270656608270459
2019-02-21,Rio Guillarte,2019-02-21T05:34:00Z,8.34,8.631343898821857,0.16723035486690346,19.371,0,8.27634565056069
2019-02-21,Rio Guillarte,2019-02-21T05:49:00Z,8.35,8.637156065848144,0.16742784280280062,19.346,0,8.28184139339177
2019-02-21,Rio Guillarte,2019-02-21T06:04:00Z,8.36,8.64459142155573,0.16753112379556293,19.314,0,8.287642905901398
2019-02-21,Rio Guillarte,2019-02-21T06:19:00Z,8.37,8.650346612040973,0.1671173182166211,19.292,0,8.293506863394132
2019-02-21,Rio Guillarte,2019-02-21T06:34:00Z,8.39,8.656182111547068,0.16671114971787934,19.267,36.14093374410564,8.304697655207708
2019-02-21,Rio Guillarte,2019-02-21T06:49:00Z,8.45,8.662738245015158,0.16698527009601652,19.236,176.64756134556595,8.34189221176851
2019-02-21,Rio Guillarte,2019-02-21T07:04:00Z,8.52,8.667190780133875,0.16668274667189437,19.214,315.7557779529605,8.414260814873233
2019-02-21,Rio Guillarte,2019-02-21T07:19:00Z,8.61,8.668851927329635,0.1664647035501557,19.203,452.86982516810923,8.511574636482548
2019-02-21,Rio Guillarte,2019-02-21T07:34:00Z,8.66,8.672744176975472,0.16623663764949717,19.186,587.4024846160323,8.62673533743958
2019-02-21,Rio Guillarte,2019-02-21T07:49:00Z,8.7,8.673614461028206,0.1661414458181368,19.194,718.777593083252,8.754200059981049
2019-02-21,Rio Guillarte,2019-02-21T08:04:00Z,8.88,8.66953923420744,0.16595077072055217,19.236,846.4325098783753,8.88873206300418
2019-02-21,Rio Guillarte,2019-02-21T08:19:00Z,9.03,8.664959858020126,0.165826622748365,19.289,969.8205266311111,9.026543291556601
2019-02-21,Rio Guillarte,2019-02-21T08:34:00Z,9.26,8.65319611243043,0.16591258893307512,19.375,1088.4132084244882,9.164086725235094
2019-02-21,Rio Guillarte,2019-02-21T08:49:00Z,9.43,8.637991622146263,0.16610334192291262,19.477,1201.7026572899056,9.298014287865302
2019-02-21,Rio Guillarte,2019-02-21T09:04:00Z,9.65,8.616989430809554,0.16574057726258198,19.642,1309.203687045624,9.426338253506499
2019-02-21,Rio Guillarte,2019-02-21T09:19:00Z,9.72,8.605649416557267,0.16574057726258198,19.727,1410.4559014386164,9.549161429685334
2019-02-21,Rio Guillarte,2019-02-21T09:34:00Z,9.73,8.605419310908221,0.1656735980502831,19.744,1505.0256658590483,9.668645010318388
2019-02-21,Rio Guillarte,2019-02-21T09:49:00Z,9.79,8.592120292312888,0.16528993284479324,19.812,1592.507964407917,9.783691750560457
2019-02-21,Rio Guillarte,2019-02-21T10:04:00Z,9.81,8.5671122681088,0.1653475835619426,19.977,1672.5281345567425,9.889142042738577
2019-02-21,Rio Guillarte,2019-02-21T10:19:00Z,9.97,8.54276799367424,0.16593168177922213,20.147,1744.743471724637,9.98180018758419
2019-02-21,Rio Guillarte,2019-02-21T10:34:00Z,9.96,8.499791695293988,0.16565445228800163,20.445,1808.8446969252852,10.059669125145922
2019-02-21,Rio Guillarte,2019-02-21T10:49:00Z,10.3,8.475424872313413,0.1652610940763016,20.619,1864.5572814659681,10.125157009719281
2019-02-21,Rio Guillarte,2019-02-21T11:04:00Z,10.2,8.452474725410259,0.16501078243748635,20.771,1911.6426225697492,10.18208591385165
2019-02-21,Rio Guillarte,2019-02-21T11:19:00Z,10.19,8.436260156788014,0.16548196311796542,20.879,1949.899065332637,10.230027936668602
2019-02-21,Rio Guillarte,2019-02-21T11:34:00Z,10.2,8.41209081177243,0.16531876267097292,21.051,1979.1627663563586,10.268068363055669
2019-02-21,Rio Guillarte,2019-02-21T11:49:00Z,10.29,8.383032260231655,0.1656735980502831,21.252,1999.3083954641481,10.293795166878416
2019-02-21,Rio Guillarte,2019-02-21T12:04:00Z,10.33,8.336884058638613,0.16630321431606976,21.584,2010.2496724762893,10.302262433368954
2019-02-21,Rio Guillarte,2019-02-21T12:19:00Z,10.31,8.301680839645671,0.1658552869452489,21.849,2011.9397367461431,10.295179651954577
2019-02-21,Rio Guillarte,2019-02-21T12:34:00Z,10.302476582257842,8.271611844841168,0.1656238407485398,22.071380252942166,2004.3713478772715,10.278090269599646
2019-02-21,Rio Guillarte,2019-02-21T12:49:00Z,10.28,8.247028689122015,0.16545318383100543,22.251,1987.5769167505823,10.252401632953571
2019-02-21,Rio Guillarte,2019-02-21T13:04:00Z,10.23,8.22702252872517,0.16507824042267658,22.395,1961.6283667412,10.219750892557458
2019-02-21,Rio Guillarte,2019-02-21T13:19:00Z,10.03,8.220395176442093,0.16480811374181603,22.431,1926.63682572677,10.182823532939945
2019-02-21,Rio Guillarte,2019-02-21T13:34:00Z,9.99,8.211699665705,0.16475979393548168,22.484,1882.7521501551219,10.141668647747123
2019-02-21,Rio Guillarte,2019-02-21T13:49:00Z,9.85,8.196219680551122,0.16470177689305607,22.593,1830.162283311823,10.09270761232819
2019-02-21,Rio Guillarte,2019-02-21T14:04:00Z,9.98,8.187717255615942,0.1645468868862807,22.645,1769.0924503886367,10.035643839582448
2019-02-21,Rio Guillarte,2019-02-21T14:19:00Z,9.98,8.183234960898753,0.1646340443909568,22.673,1699.804193985832,9.971990795489765
2019-02-21,Rio Guillarte,2019-02-21T14:34:00Z,10.01,8.178396831536173,0.16412933036380023,22.704,1622.5942539775529,9.902158185372633
2019-02-21,Rio Guillarte,2019-02-21T14:49:00Z,10.07,8.173023558747731,0.16462436427439092,22.738,1537.7932966693033,9.824816530791534
2019-02-21,Rio Guillarte,2019-02-21T15:04:00Z,9.76,8.17729713097872,0.16406117707508247,22.704,1445.764498733714,9.741374794687305
2019-02-21,Rio Guillarte,2019-02-21T15:19:00Z,9.72,8.178863723336093,0.16412933036380023,22.691,1346.9019917839523,9.653071037963786
2019-02-21,Rio Guillarte,2019-02-21T15:34:00Z,9.65,8.186223129083219,0.16408065457884624,22.621,1241.6291744560497,9.559133151476944
2019-02-21,Rio Guillarte,2019-02-21T15:49:00Z,9.56,8.19582020100126,0.16403195310915322,22.551,1130.3968990985702,9.460631441466738
2019-02-21,Rio Guillarte,2019-02-21T16:04:00Z,9.39,8.20228305436467,0.16386617552174926,22.507,1013.6815410330677,9.356786443182664
2019-02-21,Rio Guillarte,2019-02-21T16:19:00Z,9.26,8.215690661755001,0.16365119623397834,22.408,891.9829582099243,9.2480416807861
2019-02-21,Rio Guillarte,2019-02-21T16:34:00Z,9.14,8.229729098180323,0.16379782742408738,22.309,765.8223505853313,9.135175794853073
2019-02-21,Rio Guillarte,2019-02-21T16:49:00Z,8.95,8.242996186210053,0.16361205511296248,22.208,635.7400279507398,9.01776638794747
2019-02-21,Rio Guillarte,2019-02-21T17:04:00Z,8.73,8.257543088658403,0.16359247830841275,22.096,502.29309594639096,8.895918000287955
2019-02-21,Rio Guillarte,2019-02-21T17:19:00Z,8.6,8.270125108177984,0.16342590704908427,21.996,366.0530701411677,8.7695317242172
2019-02-21,Rio Guillarte,2019-02-21T17:34:00Z,8.48,8.283984882479677,0.1634160993369449,21.904,227.6034284342039,8.63872167327751
2019-02-21,Rio Guillarte,2019-02-21T17:49:00Z,8.42,8.290530716597564,0.16345532390899892,21.854,87.53711207624065,8.503025119913396
2019-02-21,Rio Guillarte,2019-02-21T18:04:00Z,8.25,8.305407838705705,0.16338666992001794,21.742,0,8.371753167924817
2019-02-21,Rio Guillarte,2019-02-21T18:19:00Z,8.17,8.31614943335106,0.16323938127873222,21.67,0,8.266116739176967
2019-02-21,Rio Guillarte,2019-02-21T18:34:00Z,8.11,8.32934431412471,0.16312138003153756,21.578,0,8.192481270701993
2019-02-21,Rio Guillarte,2019-02-21T18:49:00Z,8.06,8.340874577043593,0.1630721680278141,21.505,0,8.142164536406382
2019-02-21,Rio Guillarte,2019-02-21T19:04:00Z,8.04,8.354218636519292,0.1628750554853444,21.403,0,8.108734308874924
2019-02-21,Rio Guillarte,2019-02-21T19:19:00Z,8.02,8.365649274361246,0.16315089456902176,21.333,0,8.087630817435668
2019-02-21,Rio Guillarte,2019-02-21T19:34:00Z,8.02,8.378558125377687,0.1630623224582699,21.248,0,8.075455300181925
2019-02-21,Rio Guillarte,2019-02-21T19:49:00Z,8.01,8.39144330106128,0.16298351982747264,21.172,0,8.069859204947447
2019-02-21,Rio Guillarte,2019-02-21T20:04:00Z,8.02,8.403113637449081,0.1626874049514612,21.093,0,8.068825803046584
2019-02-21,Rio Guillarte,2019-02-21T20:19:00Z,8.02,8.412685758404058,0.1625983834014169,21.03,0,8.070675306574902
2019-02-21,Rio Guillarte,2019-02-21T20:34:00Z,8.01,8.422732495594028,0.16231094510527194,20.961,0,8.074416716307633
2019-02-21,Rio Guillarte,2019-02-21T20:49:00Z,8.02,8.432413210507294,0.16242999477281728,20.895,0,8.079604320541788
2019-02-21,Rio Guillarte,2019-02-21T21:04:00Z,8.03,8.438349796118914,0.16252908446693695,20.865,0,8.085445938650746
2019-02-21,Rio Guillarte,2019-02-21T21:19:00Z,8.02,8.443413666645101,0.16242007989133164,20.836,0,8.091125039594813
2019-02-21,Rio Guillarte,2019-02-21T21:34:00Z,8.05,8.448051597431244,0.16258848676826926,20.802,0,8.096525707294663
2019-02-21,Rio Guillarte,2019-02-21T21:49:00Z,8.03,8.451719563896184,0.1623605679934557,20.767,0,8.101496146914403
2019-02-21,Rio Guillarte,2019-02-21T22:04:00Z,8.04,8.456053813633226,0.1623307974966963,20.734,0,8.106057724722348
2019-02-21,Rio Guillarte,2019-02-21T22:19:00Z,8.06,8.460496335626337,0.16229108839617434,20.703,0,8.110480368132146
2019-02-21,Rio Guillarte,2019-02-21T22:34:00Z,8.07,8.465862366824664,0.16232087184054292,20.664,0,8.114948764032624
2019-02-21,Rio Guillarte,2019-02-21T22:49:00Z,8.07,8.46917121102281,0.16223149233875983,20.64,0,8.119293504297778
2019-02-21,Rio Guillarte,2019-02-21T23:04:00Z,8.08,8.4753890183993,0.16238040960121386,20.595,0,8.123687175376546
2019-02-21,Rio Guillarte,2019-02-21T23:19:00Z,8.08,8.478691673455574,0.1622116183348763,20.555,0,8.128075767774375
2019-02-21,Rio Guillarte,2019-02-21T23:34:00Z,8.1,8.483963114708235,0.16223149233875983,20.509,0,8.13229715651331
2019-02-21,Rio Guillarte,2019-02-21T23:49:00Z,8.09,8.488549763699252,0.16199271799691428,20.46,0,8.13653714968979
2019-02-23,Rio Cupeyes,2019-02-23T00:04:00Z,8.07,8.786571867272261,0.04111188568039587,21.949,0,8.07
2019-02-23,Rio Cupeyes,2019-02-23T00:19:00Z,8.08,8.791017994212627,0.04130019821900278,21.915,0,8.076403434948986
2019-02-23,Rio Cupeyes,2019-02-23T00:34:00Z,8.09,8.794234355586404,0.04228676537549438,21.882,0,8.082948533398334
2019-02-23,Rio Cupeyes,2019-02-23T00:49:00Z,8.09,8.796090008520983,0.04141284924904253,21.851,0,8.089364662882769
2019-02-23,Rio Cupeyes,2019-02-23T01:04:00Z,8.1,8.79971991784263,0.041224957664117774,21.815,0,8.095415234255926
2019-02-23,Rio Cupeyes,2019-02-23T01:19:00Z,8.1,8.801591905761583,0.04107413843981557,21.784,0,8.101263140125573
2019-02-23,Rio Cupeyes,2019-02-23T01:34:00Z,8.11,8.803602467845034,0.04169338625711319,21.752,0,8.107062086158694
2019-02-23,Rio Cupeyes,2019-02-23T01:49:00Z,8.11,8.806200941997595,0.041064697194244514,21.724,0,8.112725046359397
2019-02-23,Rio Cupeyes,2019-02-23T02:04:00Z,8.12,8.807193365680396,0.04130019821900278,21.697,0,8.118159536590458
2019-02-23,Rio Cupeyes,2019-02-23T02:19:00Z,8.12,8.808666352742048,0.041581357298290184,21.672,0,8.12354982479589
2019-02-23,Rio Cupeyes,2019-02-23T02:34:00Z,8.12,8.809950163272768,0.04195383445720222,21.654,0,8.128932260502143
2019-02-23,Rio Cupeyes,2019-02-23T02:49:00Z,8.12,8.811548027445658,0.04170271088688955,21.642,0,8.134200357255786
2019-02-23,Rio Cupeyes,2019-02-23T03:04:00Z,8.13,8.812303948968896,0.04200947281212219,21.628,0,8.139336242466475
2019-02-23,Rio Cupeyes,2019-02-23T03:19:00Z,8.13,8.814016734815134,0.04173067454682282,21.611,0,8.14433929950929
2019-02-23,Rio Cupeyes,2019-02-23T03:34:00Z,8.13,8.817685047108352,0.04165607066218621,21.596,0,8.14918253233186
2019-02-23,Rio Cupeyes,2019-02-23T03:49:00Z,8.14,8.8204929996321,0.04160938767222909,21.575,0,8.15393692326618
2019-02-23,Rio Cupeyes,2019-02-23T04:04:00Z,8.14,8.821390599848241,0.04144097284883018,21.56,0,8.158539225707754
2019-02-23,Rio Cupeyes,2019-02-23T04:19:00Z,8.14,8.822959213765323,0.040761633514857655,21.54,0,8.162836759832933
2019-02-23,Rio Cupeyes,2019-02-23T04:34:00Z,8.14,8.825374462834114,0.04091339495019759,21.522,0,8.166933362818039
2019-02-23,Rio Cupeyes,2019-02-23T04:49:00Z,8.14,8.830688038729853,0.04060940836717876,21.499,0,8.170977646089938
2019-02-23,Rio Cupeyes,2019-02-23T05:04:00Z,8.15,8.83503064423508,0.040998558677845305,21.475,0,8.175054142083011
2019-02-23,Rio Cupeyes,2019-02-23T05:19:00Z,8.15,8.838702076916993,0.04130019821900278,21.456,0,8.179267771032444
2019-02-23,Rio Cupeyes,2019-02-23T05:34:00Z,8.16,8.841264242546163,0.0413377764689424,21.448,0,8.183511066183064
2019-02-23,Rio Cupeyes,2019-02-23T05:49:00Z,8.16,8.84392723686584,0.04091339495019759,21.442,0,8.187612573777509
2019-02-23,Rio Cupeyes,2019-02-23T06:04:00Z,8.16,8.846254641797772,0.041055254172352264,21.433,0,8.191595734496236
2019-02-23,Rio Cupeyes,2019-02-23T06:19:00Z,8.16,8.849185280624049,0.04051403013165483,21.436,0,8.195444038516413
2019-02-23,Rio Cupeyes,2019-02-23T06:34:00Z,8.18,8.851204105498907,0.041036362795293706,21.443,47.792048736518886,8.199185749032985
2019-02-23,Rio Cupeyes,2019-02-23T06:49:00Z,8.2,8.850930179372003,0.041581357298290184,21.456,188.6901182486654,8.20283772246426
2019-02-23,Rio Cupeyes,2019-02-23T07:04:00Z,8.22,8.848097353905995,0.04196311170761915,21.477,328.1774902644361,8.206182772134586
2019-02-23,Rio Cupeyes,2019-02-23T07:19:00Z,8.24,8.846818666407195,0.041572010404221,21.503,465.6567633682596,8.209018140559634
2019-02-23,Rio Cupeyes,2019-02-23T07:34:00Z,8.27,8.843090022958647,0.04108357791014165,21.539,600.5391363619345,8.211157799908827
2019-02-23,Rio Cupeyes,2019-02-23T07:49:00Z,8.27,8.841689882611465,0.04093233275082355,21.566,732.2469297881504,8.212677707075143
2019-02-23,Rio Cupeyes,2019-02-23T08:04:00Z,8.29,8.838421474059597,0.04110245152935832,21.607,860.2160601888293,8.213768237649473
2019-02-23,Rio Cupeyes,2019-02-23T08:19:00Z,8.33,8.83587624114417,0.04181447369648672,21.651,983.8984559529686,8.214647605185464
2019-02-23,Rio Cupeyes,2019-02-23T08:34:00Z,8.34,8.832798169268193,0.042092817487039726,21.688,1102.764404595119,8.215364616183736
2019-02-23,Rio Cupeyes,2019-02-23T08:49:00Z,8.35,8.827589518509468,0.0430463075839155,21.73,1216.3048215338856,8.215948171101239
2019-02-23,Rio Cupeyes,2019-02-23T09:04:00Z,8.39,8.82194439023777,0.042580913650803985,21.781,1324.03343033188,8.216203289140015
2019-02-23,Rio Cupeyes,2019-02-23T09:19:00Z,8.38,8.813973572293067,0.04404527029102674,21.833,1425.4888453853991,8.216230095205079
2019-02-23,Rio Cupeyes,2019-02-23T09:34:00Z,8.42,8.79765219020208,0.043146147693468404,21.932,1520.2365479548575,8.215785776687389
2019-02-23,Rio Cupeyes,2019-02-23T09:49:00Z,8.4,8.785976663578575,0.043191467122944555,22.013,1607.8707472301335,8.214515653870981
2019-02-23,Rio Cupeyes,2019-02-23T10:04:00Z,8.39,8.779215541630958,0.04291896366221482,22.048,1688.016118204414,8.212750802173655
2019-02-23,Rio Cupeyes,2019-02-23T10:19:00Z,8.41,8.767754441374015,0.042727365964720494,22.128,1760.3294091405655,8.210469488083444
2019-02-23,Rio Cupeyes,2019-02-23T10:34:00Z,8.37,8.769634670446798,0.040236388209864325,22.122,1824.5009117993004,8.20724459918461
2019-02-23,Rio Cupeyes,2019-02-23T10:49:00Z,8.38,8.735450364497533,0.04141284924904253,22.363,1880.2557877644267,8.203147043215171
2019-02-23,Rio Cupeyes,2019-02-23T11:04:00Z,8.38,8.717936960864886,0.04166540212430683,22.484,1927.3552455744,8.198656382733477
2019-02-23,Rio Cupeyes,2019-02-23T11:19:00Z,8.39,8.699179119253463,0.04200947281212219,22.616,1965.597563526822,8.193808868087306
2019-02-23,Rio Cupeyes,2019-02-23T11:34:00Z,8.38,8.68402507518333,0.04114017751208417,22.729,1994.818953549181,8.188372179100968
2019-02-23,Rio Cupeyes,2019-02-23T11:49:00Z,8.37,8.698348573859587,0.04069509234036383,22.605,2014.8942627516597,8.182684430286157
2019-02-23,Rio Cupeyes,2019-02-23T12:04:00Z,8.32,8.706782788669038,0.040666547428962634,22.523,2025.737509446123,8.177365959802112
2019-02-23,Rio Cupeyes,2019-02-23T12:19:00Z,8.28,8.708958097758822,0.04085653846462226,22.494,2027.3022514148054,8.172416337363604
2019-02-23,Rio Cupeyes,2019-02-23T12:34:00Z,8.2,8.711944604574095,0.04003435473957799,22.463,2019.5817848410688,8.167535823844714
2019-02-23,Rio Cupeyes,2019-02-23T12:49:00Z,8.16,8.712204545405328,0.0401595211412669,22.442,2002.6091730328653,8.16269726819385
2019-02-23,Rio Cupeyes,2019-02-23T13:04:00Z,8.19,8.709492760933163,0.038625805890101235,22.446,1976.457104860753,8.157607535685422
2019-02-23,Rio Cupeyes,2019-02-23T13:19:00Z,8.16,8.70993895638247,0.03866549797763054,22.425,1941.2375834396355,8.152279041992346
2019-02-23,Rio Cupeyes,2019-02-23T13:34:00Z,8.14,8.711744552340331,0.0379357812807996,22.402,1897.1014464743114,8.147047030339266
2019-02-23,Rio Cupeyes,2019-02-23T13:49:00Z,8.2,8.709501608187317,0.03812680697185554,22.411,1844.23772027812,8.14194222365737
2019-02-23,Rio Cupeyes,2019-02-23T14:04:00Z,8.18,8.708835643955833,0.0369479978690673,22.409,1782.8728101820952,8.136794697966048
2019-02-23,Rio Cupeyes,2019-02-23T14:19:00Z,8.17,8.709124254926946,0.037693354743777545,22.398,1713.269530951906,8.131851299207442
2019-02-23,Rio Cupeyes,2019-02-23T14:34:00Z,8.24,8.704894149402136,0.038207004932056476,22.43,1635.7259811465672,8.127618165044366
2019-02-23,Rio Cupeyes,2019-02-23T14:49:00Z,8.27,8.697769766720164,0.03758181530040437,22.469,1550.5742664996894,8.123537679206084
2019-02-23,Rio Cupeyes,2019-02-23T15:04:00Z,8.21,8.699071450001862,0.037754080758686845,22.447,1458.17907752219,8.119599777228638
2019-02-23,Rio Cupeyes,2019-02-23T15:19:00Z,8.12,8.704296381416123,0.03796599550201662,22.426,1358.9361276215955,8.116274360647628
2019-02-23,Rio Cupeyes,2019-02-23T15:34:00Z,8.09,8.704675386661634,0.03724555931415635,22.423,1253.270458307377,8.113273206440516
2019-02-23,Rio Cupeyes,2019-02-23T15:49:00Z,8.1,8.70539940236134,0.0383570061086248,22.426,1141.6346188995665,8.110798964786765
2019-02-23,Rio Cupeyes,2019-02-23T16:04:00Z,8.11,8.704894149402136,0.037102152746044656,22.43,1024.5067282922043,8.108684323756966
2019-02-23,Rio Cupeyes,2019-02-23T16:19:00Z,8.08,8.706250866425524,0.037602115331904024,22.428,902.3884271525715,8.106759153589278
2019-02-23,Rio Cupeyes,2019-02-23T16:34:00Z,8.07,8.707916001041921,0.03809669713301025,22.425,775.8027296651906,8.105577233445086
2019-02-23,Rio Cupeyes,2019-02-23T16:49:00Z,8.1,8.709215055961938,0.038247052303815865,22.422,645.2917834598115,8.105012352334583
2019-02-23,Rio Cupeyes,2019-02-23T17:04:00Z,8.1,8.710088008516353,0.0381167725212024,22.418,511.4145476078416,8.10486147394219
2019-02-23,Rio Cupeyes,2019-02-23T17:19:00Z,8.06,8.713987235262614,0.038645656103203495,22.393,374.7443987888303,8.10525459613104
2019-02-23,Rio Cupeyes,2019-02-23T17:34:00Z,8.03,8.718728780224126,0.03826706312916083,22.373,235.8666755733706,8.106177985696675
2019-02-23,Rio Cupeyes,2019-02-23T17:49:00Z,8.02,8.721229123615274,0.03850652886455248,22.362,95.37617154339193,8.107519563755222
2019-02-23,Rio Cupeyes,2019-02-23T18:04:00Z,8.01,8.724786730566484,0.03845674080064851,22.334,0,8.109270458434285
2019-02-23,Rio Cupeyes,2019-02-23T18:19:00Z,8.01,8.728988292574705,0.03850652886455248,22.301,0,8.11120477397407
2019-02-23,Rio Cupeyes,2019-02-23T18:34:00Z,8.02,8.734686873016685,0.03773384763835991,22.265,0,8.113041676721194
2019-02-23,Rio Cupeyes,2019-02-23T18:49:00Z,8.02,8.739676921778514,0.0380062505543747,22.226,0,8.114853404196468
2019-02-23,Rio Cupeyes,2019-02-23T19:04:00Z,8.03,8.744372544824296,0.038774479735792906,22.198,0,8.117011284824232
2019-02-23,Rio Cupeyes,2019-02-23T19:19:00Z,8.03,8.751158188084268,0.03872497368149805,22.171,0,8.119455248675647
2019-02-23,Rio Cupeyes,2019-02-23T19:34:00Z,8.04,8.758466047160312,0.0387645826634203,22.14,0,8.12203763910022
2019-02-23,Rio Cupeyes,2019-02-23T19:49:00Z,8.05,8.765138958238262,0.03839692541937373,22.114,0,8.12467355759864
2019-02-23,Rio Cupeyes,2019-02-23T20:04:00Z,8.05,8.76908873365929,0.0385761438014054,22.092,0,8.127341287241627
2019-02-23,Rio Cupeyes,2019-02-23T20:19:00Z,8.06,8.770371896687681,0.03847666235145564,22.065,0,8.130014337867498
2019-02-23,Rio Cupeyes,2019-02-23T20:34:00Z,8.06,8.774653275216242,0.039354796171673534,22.032,0,8.132863302756174
2019-02-23,Rio Cupeyes,2019-02-23T20:49:00Z,8.07,8.781917593649416,0.03897198906580611,21.996,0,8.135913850258062
2019-02-23,Rio Cupeyes,2019-02-23T21:04:00Z,8.07,8.787349458539753,0.03837697001073516,21.96,0,8.138819588079107
2019-02-23,Rio Cupeyes,2019-02-23T21:19:00Z,8.08,8.790947336699839,0.03809669713301025,21.924,0,8.141544719394023
2019-02-23,Rio Cupeyes,2019-02-23T21:34:00Z,8.09,8.794483424509984,0.03883381882298476,21.897,0,8.144393884503783
2019-02-23,Rio Cupeyes,2019-02-23T21:49:00Z,8.09,8.798292120149856,0.038932552796626815,21.875,0,8.147464226709353
2019-02-23,Rio Cupeyes,2019-02-23T22:04:00Z,8.1,8.800973158013548,0.03950122062871382,21.856,0,8.150688994599058
2019-02-23,Rio Cupeyes,2019-02-23T22:19:00Z,8.09,8.801706430664831,0.038546321424501866,21.842,0,8.153759882897779
2019-02-23,Rio Cupeyes,2019-02-23T22:34:00Z,8.1,8.80283628149196,0.038317052777324015,21.825,0,8.156464308791625
2019-02-23,Rio Cupeyes,2019-02-23T22:49:00Z,8.09,8.802649192678071,0.03897198906580611,21.818,0,8.159191315363097
2019-02-23,Rio Cupeyes,2019-02-23T23:04:00Z,8.1,8.804549274717292,0.038784374741707144,21.812,0,8.161967354167508
2019-02-23,Rio Cupeyes,2019-02-23T23:19:00Z,8.1,8.806844376647865,0.03891282240101729,21.803,0,8.164702452381496
2019-02-23,Rio Cupeyes,2019-02-23T23:34:00Z,8.11,8.808904353610712,0.03896213306035743,21.779,0,8.167453380025906
2019-02-23,Rio Cupeyes,2019-02-23T23:49:00Z,8.11,8.813715902050198,0.039889532921619446,21.751,0,8.170444218158481
2019-03-03,Quebrada Prieta,2019-03-02T23:52:00Z,8.52,8.402366863905325,0.07613662954649357,21.9,0,8.52
2019-03-03,Quebrada Prieta,2019-03-03T00:07:00Z,8.52,8.402366863905325,0.07613662954649357,21.9,0,8.506290780037261
2019-03-03,Quebrada Prieta,2019-03-03T00:22:00Z,8.53,8.403940886699505,0.07726806821752062,21.9,0,8.493344103315694
2019-03-03,Quebrada Prieta,2019-03-03T00:37:00Z,8.49,8.405940594059405,0.0764588384190427,21.88,0,8.481130675997534
2019-03-03,Quebrada Prieta,2019-03-03T00:52:00Z,8.51,8.392504930966469,0.07726806821752062,21.96,0,8.469230004195287
2019-03-03,Quebrada Prieta,2019-03-03T01:07:00Z,8.49,8.389328063241107,0.07710581324591995,22,0,8.457532433087906
2019-03-03,Quebrada Prieta,2019-03-03T01:22:00Z,8.47,8.369565217391305,0.07565487153858287,22.06,0,8.445757476573013
2019-03-03,Quebrada Prieta,2019-03-03T01:37:00Z,8.46,8.367952522255194,0.07759327086498854,22.08,0,8.43405714899189
2019-03-03,Quebrada Prieta,2019-03-03T01:52:00Z,8.43,8.37140019860973,0.0779192293844369,22.06,0,8.423088817158357
2019-03-03,Quebrada Prieta,2019-03-03T02:07:00Z,8.42,8.369781312127236,0.07678189239264677,22.04,0,8.412659550769705
2019-03-03,Quebrada Prieta,2019-03-03T02:22:00Z,8.42,8.378109452736318,0.0764588384190427,21.98,0,8.402828746592915
2019-03-03,Quebrada Prieta,2019-03-03T02:37:00Z,8.43,8.37972166998012,0.07662030451321802,21.96,0,8.393711397342601
2019-03-03,Quebrada Prieta,2019-03-03T02:52:00Z,8.41,8.368159203980099,0.07743055605467057,22.02,0,8.384845161492978
2019-03-03,Quebrada Prieta,2019-03-03T03:07:00Z,8.36,8.368368368368367,0.07743055605467057,22.04,0,8.376175250984232
2019-03-03,Quebrada Prieta,2019-03-03T03:22:00Z,8.35,8.375125376128384,0.0764588384190427,22,0,8.36804716004274
2019-03-03,Quebrada Prieta,2019-03-03T03:37:00Z,8.36,8.376753507014028,0.07694373069223243,21.98,0,8.360493936410872
2019-03-03,Quebrada Prieta,2019-03-03T03:52:00Z,8.33,8.38872104733132,0.07775614206955066,21.92,0,8.353704081517051
2019-03-03,Quebrada Prieta,2019-03-03T04:07:00Z,8.29,8.39068825910931,0.0764588384190427,21.88,0,8.347555980147128
2019-03-03,Quebrada Prieta,2019-03-03T04:22:00Z,8.29,8.39918946301925,0.07662030451321802,21.86,0,8.341900866779831
2019-03-03,Quebrada Prieta,2019-03-03T04:37:00Z,8.28,8.406091370558375,0.07678189239264677,21.8,0,8.336907623875826
2019-03-03,Quebrada Prieta,2019-03-03T04:52:00Z,8.25,8.418367346938776,0.07775614206955066,21.76,0,8.33267492284584
2019-03-03,Quebrada Prieta,2019-03-03T05:07:00Z,8.16,8.429752066115704,0.07710581324591995,21.7,0,8.329231271409247
2019-03-03,Quebrada Prieta,2019-03-03T05:22:00Z,8.24,8.433981576253839,0.07613662954649357,21.66,0,8.326242643566111
2019-03-03,Quebrada Prieta,2019-03-03T05:37:00Z,8.23,8.441025641025641,0.0764588384190427,21.62,0,8.32363205154059
2019-03-03,Quebrada Prieta,2019-03-03T05:52:00Z,8.22,8.448098663926002,0.07597583057933048,21.58,0,8.321474024019745
2019-03-03,Quebrada Prieta,2019-03-03T06:07:00Z,8.2,8.45360824742268,0.07678189239264677,21.54,0,8.319734152954114
2019-03-03,Quebrada Prieta,2019-03-03T06:22:00Z,8.18,8.459152016546017,0.07597583057933048,21.5,0,8.318337969052317
2019-03-03,Quebrada Prieta,2019-03-03T06:37:00Z,8.17,8.466321243523316,0.07533473278468578,21.48,61.136779433329224,8.31701498522346
2019-03-03,Quebrada Prieta,2019-03-03T06:52:00Z,8.16,8.473520249221185,0.07453805025486665,21.44,128.1112210112971,8.315555183420699
2019-03-03,Quebrada Prieta,2019-03-03T07:07:00Z,8.17,8.483904465212877,0.07533473278468578,21.4,194.32331258706014,8.314103899455711
2019-03-03,Quebrada Prieta,2019-03-03T07:22:00Z,8.17,8.492723492723492,0.07358897581618017,21.38,259.48944604427186,8.312637437620431
2019-03-03,Quebrada Prieta,2019-03-03T07:37:00Z,8.18,8.49428868120457,0.07501545943449454,21.36,323.3304934028739,8.311002567164707
2019-03-03,Quebrada Prieta,2019-03-03T07:52:00Z,8.2,8.49740932642487,0.07533473278468578,21.34,385.5730022972108,8.309220917914617
2019-03-03,Quebrada Prieta,2019-03-03T08:07:00Z,8.2,8.50622406639004,0.07311725263631552,21.3,445.9503673685136,8.307216302159839
2019-03-03,Quebrada Prieta,2019-03-03T08:22:00Z,8.2,8.50622406639004,0.07581524268336384,21.28,504.20397222152434,8.305124550533714
2019-03-03,Quebrada Prieta,2019-03-03T08:37:00Z,8.2,8.515057113187954,0.07469702672222651,21.26,560.084297059368,8.30305046317417
2019-03-03,Quebrada Prieta,2019-03-03T08:52:00Z,8.21,8.516597510373444,0.07485611742488618,21.24,613.3519876174363,8.300851358960985
2019-03-03,Quebrada Prieta,2019-03-03T09:07:00Z,8.21,8.516597510373444,0.07613662954649357,21.22,663.7788802928408,8.29853738456542
2019-03-03,Quebrada Prieta,2019-03-03T09:22:00Z,8.22,8.518134715025907,0.07549472291524778,21.2,711.1489794571429,8.29606952314662
2019-03-03,Quebrada Prieta,2019-03-03T09:37:00Z,8.22,8.526970954356846,0.07406257685829705,21.18,755.2593827188476,8.293451249948234
2019-03-03,Quebrada Prieta,2019-03-03T09:52:00Z,8.23,8.528497409326425,0.07485611742488618,21.18,795.9211499380748,8.290841419172043
2019-03-03,Quebrada Prieta,2019-03-03T10:07:00Z,8.22,8.526970954356846,0.07485611742488618,21.16,832.9601125774658,8.288146325109164
2019-03-03,Quebrada Prieta,2019-03-03T10:22:00Z,8.21,8.516597510373444,0.07437940843400474,21.16,866.2176197093706,8.284993900816605
2019-03-03,Quebrada Prieta,2019-03-03T10:37:00Z,8.22,8.526970954356846,0.07501545943449454,21.14,895.5512176123715,8.281779147863412
2019-03-03,Quebrada Prieta,2019-03-03T10:52:00Z,8.22,8.526970954356846,0.07549472291524778,21.12,920.835259896615,8.27887141571171
2019-03-03,Quebrada Prieta,2019-03-03T11:07:00Z,8.22,8.526970954356846,0.07517497627719448,21.12,941.9614457539756,8.275948477807747
2019-03-03,Quebrada Prieta,2019-03-03T11:22:00Z,8.24,8.530020703933747,0.07501545943449454,21.1,958.8392838189375,8.273051256721123
2019-03-03,Quebrada Prieta,2019-03-03T11:37:00Z,8.23,8.528497409326425,0.07597583057933048,21.1,971.3964798039233,8.27029942593831
2019-03-03,Quebrada Prieta,2019-03-03T11:52:00Z,8.22,8.526970954356846,0.07485611742488618,21.1,979.5792461508537,8.267515391681203
2019-03-03,Quebrada Prieta,2019-03-03T12:07:00Z,8.23,8.528497409326425,0.07533473278468578,21.08,983.352532442786,8.264754738484402
2019-03-03,Quebrada Prieta,2019-03-03T12:22:00Z,8.23,8.537344398340249,0.07469702672222651,21.08,982.7001755396246,8.26234218676021
2019-03-03,Quebrada Prieta,2019-03-03T12:37:00Z,8.23,8.537344398340249,0.07533473278468578,21.08,977.6249688190779,8.26027575133204
2019-03-03,Quebrada Prieta,2019-03-03T12:52:00Z,8.22,8.53582554517134,0.07501545943449454,21.08,968.1486502229606,8.258356233685602
2019-03-03,Quebrada Prieta,2019-03-03T13:07:00Z,8.22,8.526970954356846,0.07565487153858287,21.08,954.3118091534271,8.256396081613838
2019-03-03,Quebrada Prieta,2019-03-03T13:22:00Z,8.23,8.528497409326425,0.07517497627719448,21.08,936.1737126290463,8.254485439543146
2019-03-03,Quebrada Prieta,2019-03-03T13:37:00Z,8.23,8.519668737060043,0.07469702672222651,21.08,913.8120514123177,8.25254284129507
2019-03-03,Quebrada Prieta,2019-03-03T13:52:00Z,8.23,8.528497409326425,0.07533473278468578,21.06,887.3226072787257,8.250880092626252
2019-03-03,Quebrada Prieta,2019-03-03T14:07:00Z,8.23,8.528497409326425,0.07549472291524778,21.04,856.8188427204764,8.24978181238779
2019-03-03,Quebrada Prieta,2019-03-03T14:22:00Z,8.23,8.528497409326425,0.07485611742488618,21.04,822.4314149884392,8.248920145064357
2019-03-03,Quebrada Prieta,2019-03-03T14:37:00Z,8.22,8.526970954356846,0.07517497627719448,21.02,784.3076164181055,8.24828981566721
2019-03-03,Quebrada Prieta,2019-03-03T14:52:00Z,8.23,8.528497409326425,0.07565487153858287,21.02,742.6107435702688,8.248044918615726
2019-03-03,Quebrada Prieta,2019-03-03T15:07:00Z,8.24,8.530020703933747,0.07597583057933048,21,697.5193977550788,8.248261275567796
2019-03-03,Quebrada Prieta,2019-03-03T15:22:00Z,8.23,8.528497409326425,0.07501545943449454,21,649.226720024165,8.248742860170843
2019-03-03,Quebrada Prieta,2019-03-03T15:37:00Z,8.22,8.53582554517134,0.07501545943449454,21,597.9395639252622,8.249614430315257
2019-03-03,Quebrada Prieta,2019-03-03T15:52:00Z,8.22,8.53582554517134,0.07453805025486665,21,543.8776094475808,8.250958877835345
2019-03-03,Quebrada Prieta,2019-03-03T16:07:00Z,8.21,8.534303534303534,0.07453805025486665,20.98,487.27242208901225,8.252560496499404
2019-03-03,Quebrada Prieta,2019-03-03T16:22:00Z,8.22,8.53582554517134,0.07485611742488618,20.98,428.3664609258698,8.254524481669558
2019-03-03,Quebrada Prieta,2019-03-03T16:37:00Z,8.23,8.537344398340249,0.07485611742488618,20.98,367.4120401883242,8.256923959828791
2019-03-03,Quebrada Prieta,2019-03-03T16:52:00Z,8.21,8.534303534303534,0.07437940843400474,20.98,304.67024840733217,8.259585677560914
2019-03-03,Quebrada Prieta,2019-03-03T17:07:00Z,8.21,8.534303534303534,0.07437940843400474,20.98,240.40983014824818,8.26247447697546
2019-03-03,Quebrada Prieta,2019-03-03T17:22:00Z,8.22,8.53582554517134,0.07453805025486665,20.98,174.9060348893142,8.265742615952679
2019-03-03,Quebrada Prieta,2019-03-03T17:37:00Z,8.22,8.53582554517134,0.07453805025486665,20.96,108.43943798357455,8.269376466366882
2019-03-03,Quebrada Prieta,2019-03-03T17:52:00Z,8.23,8.537344398340249,0.07422089157172274,20.94,41.29473892784197,8.273332811535656
2019-03-03,Quebrada Prieta,2019-03-03T18:07:00Z,8.23,8.546209761163032,0.07581524268336384,20.94,0,8.277805833325447
2019-03-03,Quebrada Prieta,2019-03-03T18:22:00Z,8.22,8.544698544698544,0.07422089157172274,20.92,0,8.282388044366657
2019-03-03,Quebrada Prieta,2019-03-03T18:37:00Z,8.22,8.553590010405829,0.07613662954649357,20.9,0,8.286938687632052
2019-03-03,Quebrada Prieta,2019-03-03T18:52:00Z,8.23,8.555093555093555,0.07581524268336384,20.9,0,8.291603274900876
2019-03-03,Quebrada Prieta,2019-03-03T19:07:00Z,8.25,8.558091286307054,0.07565487153858287,20.9,0,8.296127896011514
2019-03-03,Quebrada Prieta,2019-03-03T19:22:00Z,8.27,8.561076604554865,0.07533473278468578,20.9,0,8.300554178805754
2019-03-03,Quebrada Prieta,2019-03-03T19:37:00Z,8.28,8.562564632885211,0.07565487153858287,20.9,0,8.304876610577052
2019-03-03,Quebrada Prieta,2019-03-03T19:52:00Z,8.29,8.555211558307532,0.07533473278468578,20.9,0,8.30885494698091
2019-03-03,Quebrada Prieta,2019-03-03T20:07:00Z,8.3,8.565531475748195,0.07597583057933048,20.9,0,8.31273195996236
2019-03-03,Quebrada Prieta,2019-03-03T20:22:00Z,8.3,8.565531475748195,0.07406257685829705,20.9,0,8.316600373646185
2019-03-03,Quebrada Prieta,2019-03-03T20:37:00Z,8.34,8.562628336755646,0.07565487153858287,20.92,0,8.32020226460108
2019-03-03,Quebrada Prieta,2019-03-03T20:52:00Z,8.37,8.558282208588956,0.07597583057933048,20.96,0,8.323573127408277
2019-03-03,Quebrada Prieta,2019-03-03T21:07:00Z,8.41,8.555442522889114,0.07501545943449454,21,0,8.326589835109223
2019-03-03,Quebrada Prieta,2019-03-03T21:22:00Z,8.42,8.548223350253807,0.07581524268336384,21.02,0,8.329223497576312
2019-03-03,Quebrada Prieta,2019-03-03T21:37:00Z,8.44,8.54251012145749,0.07565487153858287,21.08,0,8.331468633888942
2019-03-03,Quebrada Prieta,2019-03-03T21:52:00Z,8.44,8.533872598584427,0.07437940843400474,21.12,0,8.33319977082355
2019-03-03,Quebrada Prieta,2019-03-03T22:07:00Z,8.45,8.51814516129032,0.07549472291524778,21.22,0,8.334274561353297
2019-03-03,Quebrada Prieta,2019-03-03T22:22:00Z,8.45,8.509566968781469,0.07613662954649357,21.28,0,8.334829417511603
2019-03-03,Quebrada Prieta,2019-03-03T22:37:00Z,8.47,8.478478478478479,0.07485611742488618,21.44,0,8.334393906734991
2019-03-03,Quebrada Prieta,2019-03-03T22:52:00Z,8.44,8.44,0.07485611742488618,21.66,0,8.332269933168487
2019-03-03,Quebrada Prieta,2019-03-03T23:07:00Z,8.46,8.417910447761194,0.07501545943449454,21.8,0,8.328820460878786
2019-03-03,Quebrada Prieta,2019-03-03T23:22:00Z,8.44,8.414755732801595,0.07597583057933048,21.8,0,8.32499530513043
2019-03-03,Quebrada Prieta,2019-03-03T23:37:00Z,8.44,8.406374501992032,0.07406257685829705,21.84,0,8.321025799825623
2019-03-03,Quebrada Prieta,2019-03-03T23:52:00Z,8.45,8.391261171797417,0.07549472291524778,21.9,0,8.316658281518276
2019-03-05,Quebrada Sonadora,2019-03-05T00:15:00Z,8.815000000000001,8.959556834147536,0.2502051282,20.485,0,8.815000000000001
2019-03-05,Quebrada Sonadora,2019-03-05T00:30:00Z,8.81,8.957225459670799,0.2502051282,20.48,0,8.81120522372598
2019-03-05,Quebrada Sonadora,2019-03-05T00:45:00Z,8.805,8.955612757746355,0.2502051282,20.47,0,8.807696902359343
2019-03-05,Quebrada Sonadora,2019-03-05T01:00:00Z,8.81,8.957194739499984,0.2502051282,20.455,0,8.804738322539643
2019-03-05,Quebrada Sonadora,2019-03-05T01:15:00Z,8.81,8.958116164593669,0.2502051282,20.445,0,8.802443604806607
2019-03-05,Quebrada Sonadora,2019-03-05T01:30:00Z,8.805,8.956073041121725,0.2502051282,20.44,0,8.800420749871556
2019-03-05,Quebrada Sonadora,2019-03-05T01:45:00Z,8.8,8.954865334019434,0.2502051282,20.43,0,8.798456651072357
2019-03-05,Quebrada Sonadora,2019-03-05T02:00:00Z,8.8,8.95662458180621,0.2502051282,20.415,0,8.796841717688523
2019-03-05,Quebrada Sonadora,2019-03-05T02:15:00Z,8.8,8.9582130715712,0.2502051282,20.4,0,8.795741287328838
2019-03-05,Quebrada Sonadora,2019-03-05T02:30:00Z,8.805,8.95839005239998,0.2502051282,20.39,0,8.79494875309723
2019-03-05,Quebrada Sonadora,2019-03-05T02:45:00Z,8.81,8.957730056790172,0.2502051282,20.384999999999998,0,8.794239160558783
2019-03-05,Quebrada Sonadora,2019-03-05T03:00:00Z,8.805,8.95779282385889,0.2502051282,20.375,0,8.793590173818615
2019-03-05,Quebrada Sonadora,2019-03-05T03:15:00Z,8.805,8.958547559518323,0.2502051282,20.365000000000002,0,8.793103081662688
2019-03-05,Quebrada Sonadora,2019-03-05T03:30:00Z,8.81,8.961261930376848,0.2502051282,20.355,0,8.792962964050005
2019-03-05,Quebrada Sonadora,2019-03-05T03:45:00Z,8.81,8.96397748284957,0.2502051282,20.345,0,8.793270431804741
2019-03-05,Quebrada Sonadora,2019-03-05T04:00:00Z,8.805,8.965681425366695,0.2502051282,20.34,0,8.793875456434733
2019-03-05,Quebrada Sonadora,2019-03-05T04:15:00Z,8.805,8.966257630206186,0.2502051282,20.34,0,8.794563893370533
2019-03-05,Quebrada Sonadora,2019-03-05T04:30:00Z,8.815000000000001,8.968168280772959,0.2502051282,20.33,0,8.795337202120455
2019-03-05,Quebrada Sonadora,2019-03-05T04:45:00Z,8.81,8.97134785237458,0.2502051282,20.32,0,8.796385413024712
2019-03-05,Quebrada Sonadora,2019-03-05T05:00:00Z,8.8,8.972212321983454,0.2502051282,20.32,0,8.797585025646368
2019-03-05,Quebrada Sonadora,2019-03-05T05:15:00Z,8.8,8.973364948128614,0.2502051282,20.32,0,8.798754269247027
2019-03-05,Quebrada Sonadora,2019-03-05T05:30:00Z,8.8,8.975935083766485,0.2502051282,20.314999999999998,0,8.80003180469921
2019-03-05,Quebrada Sonadora,2019-03-05T05:45:00Z,8.805,8.978563266342762,0.2502051282,20.31,0,8.801515943427104
2019-03-05,Quebrada Sonadora,2019-03-05T06:00:00Z,8.805,8.978643882559943,0.2502051282,20.314999999999998,0,8.802979462913951
2019-03-05,Quebrada Sonadora,2019-03-05T06:15:00Z,8.8,8.977042668228231,0.2502051282,20.33,0,8.804096362566652
2019-03-05,Quebrada Sonadora,2019-03-05T06:30:00Z,8.8,8.978357931835479,0.2502051282,20.34,72.23077040833167,8.804938762909432
2019-03-05,Quebrada Sonadora,2019-03-05T06:45:00Z,8.805,8.980144166837897,0.2502051282,20.34,214.6402837604065,8.805651292283255
2019-03-05,Quebrada Sonadora,2019-03-05T07:00:00Z,8.805,8.98072037167739,0.2502051282,20.34,355.71997452561163,8.806113582023833
2019-03-05,Quebrada Sonadora,2019-03-05T07:15:00Z,8.805,8.98181516087242,0.2502051282,20.34,494.86553725983833,8.806314187782728
2019-03-05,Quebrada Sonadora,2019-03-05T07:30:00Z,8.81,8.984004739262481,0.2502051282,20.34,631.480950814821,8.806428114387563
2019-03-05,Quebrada Sonadora,2019-03-05T07:45:00Z,8.81,8.986943383943883,0.2502051282,20.34,764.9810317631631,8.806622216327796
2019-03-05,Quebrada Sonadora,2019-03-05T08:00:00Z,8.82,8.98878723943025,0.2502051282,20.34,894.7939407075726,8.806864049193182
2019-03-05,Quebrada Sonadora,2019-03-05T08:15:00Z,8.825,8.989709167173434,0.2502051282,20.34,1020.363631866764,8.806994760656039
2019-03-05,Quebrada Sonadora,2019-03-05T08:30:00Z,8.825,8.990596898095339,0.2502051282,20.345,1141.1522348326032,8.806968135510042
2019-03-05,Quebrada Sonadora,2019-03-05T08:45:00Z,8.83,8.990380120626702,0.2502051282,20.36,1256.642358481802,8.80673559425569
2019-03-05,Quebrada Sonadora,2019-03-05T09:00:00Z,8.835,8.988000782579375,0.2502051282,20.380000000000003,1366.3393073169373,8.806088083334412
2019-03-05,Quebrada Sonadora,2019-03-05T09:15:00Z,8.835,8.986226558194025,0.2502051282,20.405,1469.77320026359,8.804984998319082
2019-03-05,Quebrada Sonadora,2019-03-05T09:30:00Z,8.83,8.984630099065456,0.2502051282,20.43,1566.5009835940189,8.80357767364907
2019-03-05,Quebrada Sonadora,2019-03-05T09:45:00Z,8.83,8.98064888394243,0.2502051282,20.46,1656.1083285914533,8.80175616662119
2019-03-05,Quebrada Sonadora,2019-03-05T10:00:00Z,8.83,8.976532451765728,0.2502051282,20.495,1738.211406416428,8.799405625979729
2019-03-05,Quebrada Sonadora,2019-03-05T10:15:00Z,8.835,8.967981353997816,0.2502051282,20.555,1812.4585321330105,8.796272847096215
2019-03-05,Quebrada Sonadora,2019-03-05T10:30:00Z,8.83,8.954592445905467,0.2502051282,20.65,1878.5316712300234,8.791778203688201
2019-03-05,Quebrada Sonadora,2019-03-05T10:45:00Z,8.81,8.938973242125108,0.2502051282,20.75,1936.147801825451,8.785601160068063
2019-03-05,Quebrada Sonadora,2019-03-05T11:00:00Z,8.785,8.923592384437034,0.2502051282,20.84,1985.0601271058715,8.777863565979912
2019-03-05,Quebrada Sonadora,2019-03-05T11:15:00Z,8.77,8.913229660449678,0.2502051282,20.9,2025.0591323600133,8.769242601464779
2019-03-05,Quebrada Sonadora,2019-03-05T11:30:00Z,8.765,8.905425176395003,0.2502051282,20.93,2055.9734825424957,8.760491709836057
2019-03-05,Quebrada Sonadora,2019-03-05T11:45:00Z,8.76,8.894952824531567,0.2502051282,20.985,2077.670756109682,8.751642155548721
2019-03-05,Quebrada Sonadora,2019-03-05T12:00:00Z,8.735,8.878166411735762,0.2502051282,21.09,2090.058012319997,8.742026195489677
2019-03-05,Quebrada Sonadora,2019-03-05T12:15:00Z,8.71,8.863256852898248,0.2502051282,21.18,2093.0821893224947,8.731437688777637
2019-03-05,Quebrada Sonadora,2019-03-05T12:30:00Z,8.696666666666667,8.858666331009442,0.2502051282,21.21,2086.7303314739615,8.72102112033488
2019-03-05,Quebrada Sonadora,2019-03-05T12:45:00Z,8.69,8.859769474653694,0.2502051282,21.19666666666667,2071.0296448528734,8.71204007944606
2019-03-05,Quebrada Sonadora,2019-03-05T13:00:00Z,8.684999999999999,8.8623995198823,0.2502051282,21.17,2046.0473807287922,8.704852209760613
2019-03-05,Quebrada Sonadora,2019-03-05T13:15:00Z,8.673333333333334,8.864427370375846,0.2502051282,21.136666666666667,2011.8905475210117,8.699255251609191
2019-03-05,Quebrada Sonadora,2019-03-05T13:30:00Z,8.684999999999999,8.862978604956394,0.2502051282,21.134999999999998,1968.7054524760983,8.694688859541882
2019-03-05,Quebrada Sonadora,2019-03-05T13:45:00Z,8.695,8.860517163049774,0.2502051282,21.14,1916.6770749193054,8.690655244376742
2019-03-05,Quebrada Sonadora,2019-03-05T14:00:00Z,8.675,8.860176901485836,0.2502051282,21.130000000000003,1856.0282740139485,8.687175024810927
2019-03-05,Quebrada Sonadora,2019-03-05T14:15:00Z,8.675,8.861043216701812,0.2502051282,21.11,1787.0188340813027,8.68443873786746
2019-03-05,Quebrada Sonadora,2019-03-05T14:30:00Z,8.69,8.860307098475376,0.2502051282,21.095,1709.9443518758915,8.682310746495258
2019-03-05,Quebrada Sonadora,2019-03-05T14:45:00Z,8.675,8.859972960278355,0.2502051282,21.08,1625.1349704986746,8.680615063830345
2019-03-05,Quebrada Sonadora,2019-03-05T15:00:00Z,8.67,8.861476054121589,0.2502051282,21.060000000000002,1532.953965163785,8.679478110617543
2019-03-05,Quebrada Sonadora,2019-03-05T15:15:00Z,8.686666666666666,8.865753096103582,0.2502051282,21.03666666666667,1433.796187149182,8.679195261507465
2019-03-05,Quebrada Sonadora,2019-03-05T15:30:00Z,8.684999999999999,8.866318871397624,0.2502051282,21.025,1328.0863725334677,8.679570976436791
2019-03-05,Quebrada Sonadora,2019-03-05T15:45:00Z,8.68,8.869657769660849,0.2502051282,21.009999999999998,1216.2773228828655,8.680440294774836
2019-03-05,Quebrada Sonadora,2019-03-05T16:00:00Z,8.684999999999999,8.875633905653741,0.2502051282,20.994999999999997,1098.8479656525185,8.682172223322404
2019-03-05,Quebrada Sonadora,2019-03-05T16:15:00Z,8.69,8.879558431800632,0.2502051282,20.975,976.301302727903,8.684684865345343
2019-03-05,Quebrada Sonadora,2019-03-05T16:30:00Z,8.68,8.882922656913738,0.2502051282,20.950000000000003,849.1622559827712,8.687648546818423
2019-03-05,Quebrada Sonadora,2019-03-05T16:45:00Z,8.68,8.885241929492194,0.2502051282,20.935000000000002,717.9754185793144,8.690872847233953
2019-03-05,Quebrada Sonadora,2019-03-05T17:00:00Z,8.684999999999999,8.889350248181339,0.2502051282,20.915,583.3027224708898,8.694386248971071
2019-03-05,Quebrada Sonadora,2019-03-05T17:15:00Z,8.69,8.895090483683791,0.2502051282,20.884999999999998,445.72103130271364,8.698419243461789
2019-03-05,Quebrada Sonadora,2019-03-05T17:30:00Z,8.7,8.900897178732572,0.2502051282,20.855,305.8196693733707,8.703026817763286
2019-03-05,Quebrada Sonadora,2019-03-05T17:45:00Z,8.7,8.904475779078904,0.2502051282,20.825,164.19789740427157,8.707947095166295
2019-03-05,Quebrada Sonadora,2019-03-05T18:00:00Z,8.7,8.906670305352314,0.2502051282,20.799999999999997,21.462345639760485,8.712844693170535
2019-03-05,Quebrada Sonadora,2019-03-05T18:15:00Z,8.7,8.909527454113823,0.2502051282,20.785,0,8.717533835416287
2019-03-05,Quebrada Sonadora,2019-03-05T18:30:00Z,8.705,8.913592151504494,0.2502051282,20.770000000000003,0,8.722038912018398
2019-03-05,Quebrada Sonadora,2019-03-05T18:45:00Z,8.715,8.918669386185744,0.2502051282,20.745,0,8.726539484215662
2019-03-05,Quebrada Sonadora,2019-03-05T19:00:00Z,8.72,8.924040211824687,0.2502051282,20.72,0,8.731137289042728
2019-03-05,Quebrada Sonadora,2019-03-05T19:15:00Z,8.73,8.928575230986466,0.2502051282,20.705,0,8.735776947199021
2019-03-05,Quebrada Sonadora,2019-03-05T19:30:00Z,8.745000000000001,8.932806182447043,0.2502051282,20.695,0,8.740365996891237
2019-03-05,Quebrada Sonadora,2019-03-05T19:45:00Z,8.75,8.93805560820086,0.2502051282,20.675,0,8.744967913621364
2019-03-05,Quebrada Sonadora,2019-03-05T20:00:00Z,8.754999999999999,8.943733296122899,0.2502051282,20.65,0,8.74969081959401
2019-03-05,Quebrada Sonadora,2019-03-05T20:15:00Z,8.754999999999999,8.947936169186812,0.2502051282,20.634999999999998,0,8.754433372026801
2019-03-05,Quebrada Sonadora,2019-03-05T20:30:00Z,8.754999999999999,8.952222242843936,0.2502051282,20.615000000000002,0,8.7590829064191
2019-03-05,Quebrada Sonadora,2019-03-05T20:45:00Z,8.76,8.956512580665478,0.2502051282,20.595,0,8.763659471639379
2019-03-05,Quebrada Sonadora,2019-03-05T21:00:00Z,8.765,8.958343156098492,0.2502051282,20.585,0,8.767982247256946
2019-03-05,Quebrada Sonadora,2019-03-05T21:15:00Z,8.77,8.959887266143355,0.2502051282,20.575,0,8.771876146049152
2019-03-05,Quebrada Sonadora,2019-03-05T21:30:00Z,8.77,8.961029831608856,0.2502051282,20.564999999999998,0,8.775354926401045
2019-03-05,Quebrada Sonadora,2019-03-05T21:45:00Z,8.774999999999999,8.963892726877408,0.2502051282,20.545,0,8.778586840661367
2019-03-05,Quebrada Sonadora,2019-03-05T22:00:00Z,8.774999999999999,8.965493902623223,0.2502051282,20.525,0,8.78164453200643
2019-03-05,Quebrada Sonadora,2019-03-05T22:15:00Z,8.765,8.964167232437681,0.2502051282,20.515,0,8.784225083339955
2019-03-05,Quebrada Sonadora,2019-03-05T22:30:00Z,8.754999999999999,8.964912149134308,0.2502051282,20.505000000000003,0,8.786340112286492
2019-03-05,Quebrada Sonadora,2019-03-05T22:45:00Z,8.765,8.968044950555816,0.2502051282,20.490000000000002,0,8.78841821747327
2019-03-05,Quebrada Sonadora,2019-03-05T23:00:00Z,8.78,8.970921250266171,0.2502051282,20.47,0,8.790631833711545
2019-03-05,Quebrada Sonadora,2019-03-05T23:15:00Z,8.785,8.971296626090316,0.2502051282,20.455,0,8.792739423214524
2019-03-05,Quebrada Sonadora,2019-03-05T23:30:00Z,8.785,8.972507179514709,0.2502051282,20.445,0,8.794628637695528
2019-03-05,Quebrada Sonadora,2019-03-05T23:45:00Z,8.78,8.973833771524246,0.2502051282,20.435000000000002,0,8.796411952326627
2019-03-05,Quebrada Sonadora,2019-03-06T00:00:00Z,8.78,8.973461115663273,0.2502051282,20.43,0,8.797981885084777
2019-05-10,Kings Creek,NA,NA,NA,NA,NA,NA,NA
2019-05-14,Sycamore Creek,2019-05-14T00:09:00Z,5.03,8.491972601905069,0.05823346353625567,19.086,0,5.03
2019-05-14,Sycamore Creek,2019-05-14T00:24:00Z,5,8.49942294908602,0.05823346353625567,19.044,0,5.044375062290081
2019-05-14,Sycamore Creek,2019-05-14T00:39:00Z,5.01,8.503529683320673,0.05823346353625567,19.018,0,5.058510308937219
2019-05-14,Sycamore Creek,2019-05-14T00:54:00Z,5.03,8.507866978242944,0.05823346353625567,18.988,0,5.072389505719039
2019-05-14,Sycamore Creek,2019-05-14T01:09:00Z,4.97,8.512172600852676,0.05823346353625567,18.952,0,5.086011393765908
2019-05-14,Sycamore Creek,2019-05-14T01:24:00Z,5.02,8.51679525163046,0.05823346353625567,18.929,0,5.09939081319231
2019-05-14,Sycamore Creek,2019-05-14T01:39:00Z,5.01,8.521879941351187,0.05823346353625567,18.888,0,5.112536739987541
2019-05-14,Sycamore Creek,2019-05-14T01:54:00Z,5.02,8.52613906245543,0.05823346353625567,18.86,0,5.125446081029323
2019-05-14,Sycamore Creek,2019-05-14T02:09:00Z,5.03,8.52918583227778,0.05823346353625567,18.84,0,5.1381215418474815
2019-05-14,Sycamore Creek,2019-05-14T02:24:00Z,5.02,8.533834200745531,0.05823346353625567,18.817,0,5.150576624273926
2019-05-14,Sycamore Creek,2019-05-14T02:39:00Z,5.06,8.534068545201878,0.05823346353625567,18.808,0,5.162796692735272
2019-05-14,Sycamore Creek,2019-05-14T02:54:00Z,5.07,8.537959573509845,0.05823346353625567,18.79,0,5.174783343206496
2019-05-14,Sycamore Creek,2019-05-14T03:09:00Z,5.09,8.54178553585677,0.060311021415106816,18.765,0,5.187557753850813
2019-05-14,Sycamore Creek,2019-05-14T03:24:00Z,5.08,8.546144743565176,0.060311021415106816,18.744,0,5.201106078012035
2019-05-14,Sycamore Creek,2019-05-14T03:39:00Z,5.11,8.549740882284503,0.060311021415106816,18.728,0,5.21442490338293
2019-05-14,Sycamore Creek,2019-05-14T03:54:00Z,5.11,8.555031132684539,0.060311021415106816,18.701,0,5.227523560643418
2019-05-14,Sycamore Creek,2019-05-14T04:09:00Z,5.13,8.555889891257326,0.060311021415106816,18.688,0,5.240381174247965
2019-05-14,Sycamore Creek,2019-05-14T04:24:00Z,5.14,8.560420140688407,0.06008644408254491,18.666,0,5.252895362873525
2019-05-14,Sycamore Creek,2019-05-14T04:39:00Z,5.14,8.563875272055256,0.06008644408254491,18.651,0,5.265098365430094
2019-05-14,Sycamore Creek,2019-05-14T04:54:00Z,5.17,8.568414328068815,0.06008644408254491,18.629,0,5.277100895840055
2019-05-14,Sycamore Creek,2019-05-14T05:09:00Z,5.21,8.572018969631024,0.06226858126496775,18.618,23.664130289612945,5.290414170786615
2019-05-14,Sycamore Creek,2019-05-14T05:24:00Z,5.26,8.575553184638613,0.062056461326541565,18.605,142.19838260337818,5.307546066575285
2019-05-14,Sycamore Creek,2019-05-14T05:39:00Z,5.4,8.578149073538171,0.062056461326541565,18.603,261.8369036358973,5.329565669292552
2019-05-14,Sycamore Creek,2019-05-14T05:54:00Z,5.5,8.575518335278904,0.062056461326541565,18.62,382.06737647771973,5.356462476428216
2019-05-14,Sycamore Creek,2019-05-14T06:09:00Z,5.7,8.569864044377606,0.062056461326541565,18.664,502.3749494441425,5.388104224246563
2019-05-14,Sycamore Creek,2019-05-14T06:24:00Z,5.92,8.559462410079254,0.062056461326541565,18.739,622.2444409999063,5.424351718113952
2019-05-14,Sycamore Creek,2019-05-14T06:39:00Z,6.24,8.544299103855932,0.062056461326541565,18.853,741.1625456473804,5.4650349536516005
2019-05-14,Sycamore Creek,2019-05-14T06:54:00Z,6.56,8.521761346591061,0.06412244619963475,19.009,858.6200321313272,5.510200659501561
2019-05-14,Sycamore Creek,2019-05-14T07:09:00Z,6.9,8.492727997587792,0.06412244619963475,19.21,974.1139240684992,5.559512064721006
2019-05-14,Sycamore Creek,2019-05-14T07:24:00Z,7.36,8.463330643658876,0.06412244619963475,19.416,1087.149653696274,5.612398919047513
2019-05-14,Sycamore Creek,2019-05-14T07:39:00Z,7.67,8.425089134071625,0.06412244619963475,19.67,1197.2431798028078,5.668595215179324
2019-05-14,Sycamore Creek,2019-05-14T07:54:00Z,8.11,8.388127316745422,0.06412244619963475,19.935,1303.9230604776797,5.727836771920895
2019-05-14,Sycamore Creek,2019-05-14T08:09:00Z,8.28,8.344364558970028,0.06607641376102864,20.245,1406.7324718304806,5.789738248065547
2019-05-14,Sycamore Creek,2019-05-14T08:24:00Z,8.74,8.301336686484065,0.06607641376102864,20.564,1505.2311642802838,5.85394648274533
2019-05-14,Sycamore Creek,2019-05-14T08:39:00Z,9.21,8.257263626508587,0.06607641376102864,20.889,1598.9973477802648,5.920248336596006
2019-05-14,Sycamore Creek,2019-05-14T08:54:00Z,9.4,8.212316299553695,0.06607641376102864,21.236,1687.629497919894,5.988352825754085
2019-05-14,Sycamore Creek,2019-05-14T09:09:00Z,9.73,8.168722207304587,0.06607641376102864,21.563,1770.7480754228347,6.057967340164241
2019-05-14,Sycamore Creek,2019-05-14T09:24:00Z,9.96,8.126495513689385,0.06607641376102864,21.895,1847.9971513031096,6.128803831662398
2019-05-14,Sycamore Creek,2019-05-14T09:39:00Z,10.11,8.089850118763229,0.06607641376102864,22.189,1919.04593108125,6.2006064914962655
2019-05-14,Sycamore Creek,2019-05-14T09:54:00Z,10.31,8.052682117451926,0.06607641376102864,22.49,1983.5901712917646,6.273093938659559
2019-05-14,Sycamore Creek,2019-05-14T10:09:00Z,10.43,8.018683185909257,0.06607641376102864,22.758,2041.3534822615156,6.345958940350261
2019-05-14,Sycamore Creek,2019-05-14T10:24:00Z,10.56,7.984396387051393,0.06607641376102864,23.049,2092.088511658988,6.418900859152851
2019-05-14,Sycamore Creek,2019-05-14T10:39:00Z,10.69,7.944132332081731,0.06607641376102864,23.374,2135.578003732577,6.491540563890929
2019-05-14,Sycamore Creek,2019-05-14T10:54:00Z,10.78,7.907896468173209,0.06588562437934942,23.68,2171.635729573324,6.563585584151561
2019-05-14,Sycamore Creek,2019-05-14T11:09:00Z,10.77,7.8766489904756005,0.06588562437934942,23.942,2200.1072846137868,6.634785291047253
2019-05-14,Sycamore Creek,2019-05-14T11:24:00Z,10.73,7.847135919141567,0.06588562437934942,24.191,2220.8707497642467,6.704813119750087
2019-05-14,Sycamore Creek,2019-05-14T11:39:00Z,10.82,7.825902749735912,0.06588562437934942,24.37,2233.837213508059,6.773439497543998
2019-05-14,Sycamore Creek,2019-05-14T11:54:00Z,10.73,7.803363866363942,0.06392115383699995,24.555,2238.9511525999233,6.841065425753889
2019-05-14,Sycamore Creek,2019-05-14T12:09:00Z,10.71,7.783213254431077,0.06392115383699995,24.716,2236.190669821037,6.9073759548727125
2019-05-14,Sycamore Creek,2019-05-14T12:24:00Z,10.66,7.7670752243627295,0.06392115383699995,24.847,2225.5675877295866,6.971462272020497
2019-05-14,Sycamore Creek,2019-05-14T12:39:00Z,10.47,7.753001603619891,0.06392115383699995,24.952,2207.1273980147994,7.033088017951172
2019-05-14,Sycamore Creek,2019-05-14T12:54:00Z,10.42,7.748092927176127,0.06392115383699995,24.984,2180.949066687013,7.092083761154001
2019-05-14,Sycamore Creek,2019-05-14T13:09:00Z,10.26,7.743702757364245,0.06392115383699995,25.011,2147.1446958842216,7.148278785463177
2019-05-14,Sycamore Creek,2019-05-14T13:24:00Z,10.14,7.742514957091004,0.06392115383699995,25.012,2105.859043867042,7.201453381681654
2019-05-14,Sycamore Creek,2019-05-14T13:39:00Z,9.9,7.74765834513539,0.06392115383699995,24.93,2057.268905077042,7.251460077648129
2019-05-14,Sycamore Creek,2019-05-14T13:54:00Z,9.67,7.752693638063945,0.06392115383699995,24.86,2001.5823530352382,7.298131772470909
2019-05-14,Sycamore Creek,2019-05-14T14:09:00Z,9.4,7.763949034854063,0.06392115383699995,24.72,1939.0378494037002,7.341317939228022
2019-05-14,Sycamore Creek,2019-05-14T14:24:00Z,9.03,7.787266912866201,0.06184304449227698,24.467,1869.9032227164028,7.381481726875683
2019-05-14,Sycamore Creek,2019-05-14T14:39:00Z,8.54,7.814433069775946,0.06184304449227698,24.201,1794.4745216056965,7.418542257686112
2019-05-14,Sycamore Creek,2019-05-14T14:54:00Z,8.11,7.838195451721739,0.06184304449227698,23.974,1713.0747469301123,7.4517930658687614
2019-05-14,Sycamore Creek,2019-05-14T15:09:00Z,7.77,7.8685274938773055,0.06184304449227698,23.693,1626.05246868449,7.481103248638846
2019-05-14,Sycamore Creek,2019-05-14T15:24:00Z,7.38,7.901581553718082,0.06184304449227698,23.398,1533.7803333541644,7.506424318030151
2019-05-14,Sycamore Creek,2019-05-14T15:39:00Z,7.05,7.934477761701368,0.05986036453006879,23.11,1436.6534680643647,7.527810276271574
2019-05-14,Sycamore Creek,2019-05-14T15:54:00Z,6.85,7.954681828581821,0.05986036453006879,22.918,1335.0877887094186,7.544932090853594
2019-05-14,Sycamore Creek,2019-05-14T16:09:00Z,6.69,7.983051183605078,0.05986036453006879,22.669,1229.5182188203617,7.557412667360114
2019-05-14,Sycamore Creek,2019-05-14T16:24:00Z,6.57,8.008212022190042,0.05986036453006879,22.455,1120.3968271562144,7.565235378022804
2019-05-14,Sycamore Creek,2019-05-14T16:39:00Z,6.44,8.031281083204348,0.05986036453006879,22.27,1008.1908918892386,7.568296777819917
2019-05-14,Sycamore Creek,2019-05-14T16:54:00Z,6.33,8.056199893281766,0.05986036453006879,22.05,893.3808995063179,7.5665652666118515
2019-05-14,Sycamore Creek,2019-05-14T17:09:00Z,6.22,8.081071750710004,0.057753499085503014,21.851,776.4584874529091,7.559680976109473
2019-05-14,Sycamore Creek,2019-05-14T17:24:00Z,6.12,8.106646239814934,0.057753499085503014,21.649,657.9243387313052,7.54757672171982
2019-05-14,Sycamore Creek,2019-05-14T17:39:00Z,6.02,8.131964291451547,0.057753499085503014,21.453,538.2860379112382,7.530575248520015
2019-05-14,Sycamore Creek,2019-05-14T17:54:00Z,5.9,8.156020494896945,0.057753499085503014,21.262,418.0558975600438,7.50872060759982
2019-05-14,Sycamore Creek,2019-05-14T18:09:00Z,5.81,8.18273642095613,0.057753499085503014,21.063,297.7487643956155,7.482108650788818
2019-05-14,Sycamore Creek,2019-05-14T18:24:00Z,5.71,8.20965353618936,0.057753499085503014,20.865,177.87981474945587,7.450871317772108
2019-05-14,Sycamore Creek,2019-05-14T18:39:00Z,5.59,8.234600793122059,0.057753499085503014,20.684,58.96234826812235,7.41511510279559
2019-05-14,Sycamore Creek,2019-05-14T18:54:00Z,5.48,8.258746875945365,0.057753499085503014,20.515,0,7.376352354497366
2019-05-14,Sycamore Creek,2019-05-14T19:09:00Z,5.36,8.280377202945283,0.057753499085503014,20.366,0,7.337439860841281
2019-05-14,Sycamore Creek,2019-05-14T19:24:00Z,5.27,8.300257520599486,0.057753499085503014,20.239,0,7.299739539264154
2019-05-14,Sycamore Creek,2019-05-14T19:39:00Z,5.2,8.315648942887643,0.057753499085503014,20.137,0,7.263163137590823
2019-05-14,Sycamore Creek,2019-05-14T19:54:00Z,5.16,8.328028051859016,0.057753499085503014,20.057,0,7.227613502031504
2019-05-14,Sycamore Creek,2019-05-14T20:09:00Z,5.14,8.339617423263737,0.05575873550557807,19.983,0,7.1919921220801895
2019-05-14,Sycamore Creek,2019-05-14T20:24:00Z,5.13,8.350207884634619,0.055500324246112114,19.919,0,7.156142507542149
2019-05-14,Sycamore Creek,2019-05-14T20:39:00Z,5.12,8.361499272811855,0.055500324246112114,19.853,0,7.121105107933014
2019-05-14,Sycamore Creek,2019-05-14T20:54:00Z,5.11,8.371075072984178,0.055500324246112114,19.794,0,7.086990722200106
2019-05-14,Sycamore Creek,2019-05-14T21:09:00Z,5.09,8.3808286237420635,0.055500324246112114,19.734,0,7.053762640014146
2019-05-14,Sycamore Creek,2019-05-14T21:24:00Z,5.09,8.388473527107102,0.055500324246112114,19.681,0,7.021381258559691
2019-05-14,Sycamore Creek,2019-05-14T21:39:00Z,5.09,8.397854079012395,0.055500324246112114,19.624,0,6.9898233572063235
2019-05-14,Sycamore Creek,2019-05-14T21:54:00Z,5.09,8.406536693375722,0.055500324246112114,19.572,0,6.959080645897102
2019-05-14,Sycamore Creek,2019-05-14T22:09:00Z,5.08,8.412990328604979,0.055500324246112114,19.529,0,6.929108328579512
2019-05-14,Sycamore Creek,2019-05-14T22:24:00Z,5.07,8.41791300004933,0.055500324246112114,19.494,0,6.89985551586443
2019-05-14,Sycamore Creek,2019-05-14T22:39:00Z,5.07,8.421172274639163,0.055500324246112114,19.464,0,6.871277342854074
2019-05-14,Sycamore Creek,2019-05-14T22:54:00Z,5.06,8.424144512391512,0.055500324246112114,19.436,0,6.843340926760129
2019-05-14,Sycamore Creek,2019-05-14T23:09:00Z,5.05,8.430123907668742,0.055500324246112114,19.403,0,6.816059088293496
2019-05-14,Sycamore Creek,2019-05-14T23:24:00Z,5.05,8.434833498207675,0.055500324246112114,19.371,0,6.789433634733624
2019-05-14,Sycamore Creek,2019-05-14T23:39:00Z,5.05,8.43990636848553,0.055500324246112114,19.343,0,6.763442424236308
2019-05-14,Sycamore Creek,2019-05-14T23:54:00Z,5.06,8.443837248892134,0.055500324246112114,19.31,0,6.738062601669249
2019-05-16,Wet Beaver Creek,2019-05-15T23:49:00Z,7.5,8.152173913043478,0.2553138106594715,18.28,0,7.5
2019-05-16,Wet Beaver Creek,2019-05-16T00:04:00Z,7.5,8.152173913043478,0.2553138106594715,18.28,0,7.50911856002641
2019-05-16,Wet Beaver Creek,2019-05-16T00:19:00Z,7.51,8.154180238870794,0.2553138106594715,18.21,0,7.5155946903149315
2019-05-16,Wet Beaver Creek,2019-05-16T00:34:00Z,7.53,8.175895765472314,0.2553138106594715,18.14,0,7.5233572188308
2019-05-16,Wet Beaver Creek,2019-05-16T00:49:00Z,7.54,8.177874186550977,0.2553138106594715,18.07,0,7.532012296489992
2019-05-16,Wet Beaver Creek,2019-05-16T01:04:00Z,7.56,8.199566160520607,0.2553138106594715,18,0,7.541277122706461
2019-05-16,Wet Beaver Creek,2019-05-16T01:19:00Z,7.56,8.199566160520607,0.2553138106594715,17.94,0,7.550696037650348
2019-05-16,Wet Beaver Creek,2019-05-16T01:34:00Z,7.57,8.210412147505423,0.2553138106594715,17.88,0,7.558604940561057
2019-05-16,Wet Beaver Creek,2019-05-16T01:49:00Z,7.58,8.221258134490238,0.2553138106594715,17.82,0,7.567099070304524
2019-05-16,Wet Beaver Creek,2019-05-16T02:04:00Z,7.59,8.232104121475054,0.2553138106594715,17.76,0,7.575999931864626
2019-05-16,Wet Beaver Creek,2019-05-16T02:19:00Z,7.61,8.253796095444686,0.2553138106594715,17.7,0,7.5868133145740195
2019-05-16,Wet Beaver Creek,2019-05-16T02:34:00Z,7.62,8.255687973997833,0.2553138106594715,17.64,0,7.597617660229595
2019-05-16,Wet Beaver Creek,2019-05-16T02:49:00Z,7.63,8.257575757575758,0.2553138106594715,17.6,0,7.605492157630631
2019-05-16,Wet Beaver Creek,2019-05-16T03:04:00Z,7.64,8.277356446370531,0.2553138106594715,17.55,0,7.6140257664992
2019-05-16,Wet Beaver Creek,2019-05-16T03:19:00Z,7.65,8.28819068255688,0.2553138106594715,17.49,0,7.624310506383015
2019-05-16,Wet Beaver Creek,2019-05-16T03:34:00Z,7.66,8.29004329004329,0.2553138106594715,17.44,0,7.633137224985379
2019-05-16,Wet Beaver Creek,2019-05-16T03:49:00Z,7.67,8.3008658008658,0.2553138106594715,17.38,0,7.6409407859807175
2019-05-16,Wet Beaver Creek,2019-05-16T04:04:00Z,7.68,8.311688311688311,0.2553138106594715,17.33,0,7.649367237940309
2019-05-16,Wet Beaver Creek,2019-05-16T04:19:00Z,7.68,8.311688311688311,0.2553138106594715,17.29,0,7.65666780799868
2019-05-16,Wet Beaver Creek,2019-05-16T04:34:00Z,7.69,8.322510822510823,0.2553138106594715,17.25,0,7.663203010114813
2019-05-16,Wet Beaver Creek,2019-05-16T04:49:00Z,7.7,8.324324324324325,0.2553138106594715,17.2,0,7.669447778961813
2019-05-16,Wet Beaver Creek,2019-05-16T05:04:00Z,7.71,8.344155844155845,0.2553138106594715,17.16,6.811875201997162,7.677444882541754
2019-05-16,Wet Beaver Creek,2019-05-16T05:19:00Z,7.73,8.356756756756758,0.2553138106594715,17.11,61.898955821278314,7.693288802630627
2019-05-16,Wet Beaver Creek,2019-05-16T05:34:00Z,7.75,8.351293103448276,0.2553138106594715,17.07,117.57325919865853,7.715346781107461
2019-05-16,Wet Beaver Creek,2019-05-16T05:49:00Z,7.81,8.370846730975348,0.2553138106594715,17.03,173.59638276705763,7.742924510285992
2019-05-16,Wet Beaver Creek,2019-05-16T06:04:00Z,7.83,8.374331550802138,0.2553138106594715,16.98,229.72843034658172,7.775745357166356
2019-05-16,Wet Beaver Creek,2019-05-16T06:19:00Z,7.88,8.374070138150904,0.2553138106594715,16.96,285.72903940265877,7.809380528311708
2019-05-16,Wet Beaver Creek,2019-05-16T06:34:00Z,7.93,8.373812038014783,0.2553138106594715,16.97,341.3584103296354,7.843132557242541
2019-05-16,Wet Beaver Creek,2019-05-16T06:49:00Z,7.96,8.361344537815125,0.2553138106594715,17,396.3783332934638,7.875172550183302
2019-05-16,Wet Beaver Creek,2019-05-16T07:04:00Z,8.02,8.37160751565762,0.2553138106594715,16.99,450.55320823722235,7.907388641862289
2019-05-16,Wet Beaver Creek,2019-05-16T07:19:00Z,8.04,8.366285119667014,0.2553138106594715,17.03,503.6510537409792,7.94061684861944
2019-05-16,Wet Beaver Creek,2019-05-16T07:34:00Z,7.98,8.364779874213836,0.2553138106594715,17,555.4445004268301,7.972568051408467
2019-05-16,Wet Beaver Creek,2019-05-16T07:49:00Z,7.96,8.370136698212407,0.2553138106594715,17,605.7117645291761,8.004876376864093
2019-05-16,Wet Beaver Creek,2019-05-16T08:04:00Z,7.98,8.364779874213836,0.2553138106594715,17.01,654.2375975916539,8.036629951810307
2019-05-16,Wet Beaver Creek,2019-05-16T08:19:00Z,8.01,8.36116910229645,0.2553138106594715,17.04,700.81420821406,8.0663623212352409
2019-05-16,Wet Beaver Creek,2019-05-16T08:34:00Z,8.03,8.355879292403745,0.2553138106594715,17.04,745.2421517907974,8.0942908967509
2019-05-16,Wet Beaver Creek,2019-05-16T08:49:00Z,8.07,8.354037267080745,0.2553138106594715,17.1,787.3311845471696,8.120819382068653
2019-05-16,Wet Beaver Creek,2019-05-16T09:04:00Z,8.14,8.34871794871795,0.2553138106594715,17.1,826.9010782192761,8.145908920445823
2019-05-16,Wet Beaver Creek,2019-05-16T09:19:00Z,8.2,8.350305498981669,0.2553138106594715,17.14,863.7823917250721,8.16998860144001
2019-05-16,Wet Beaver Creek,2019-05-16T09:34:00Z,8.24,8.34008097165992,0.2525324954669461,17.15,897.8171967948119,8.191979846297592
2019-05-16,Wet Beaver Creek,2019-05-16T09:49:00Z,8.25,8.350202429149798,0.2525324954669461,17.14,928.8597541850545,8.21323261291887
2019-05-16,Wet Beaver Creek,2019-05-16T10:04:00Z,8.25,8.333333333333334,0.2525324954669461,17.21,956.7771377506449,8.23261987160464
2019-05-16,Wet Beaver Creek,2019-05-16T10:19:00Z,8.22,8.311425682507583,0.25802384875252427,17.3,981.4498036391142,8.245498203817034
2019-05-16,Wet Beaver Creek,2019-05-16T10:34:00Z,8.25,8.299798792756539,0.2525324954669461,17.38,1002.7721021808404,8.25382197321718
2019-05-16,Wet Beaver Creek,2019-05-16T10:49:00Z,8.26,8.284854563691074,0.2525324954669461,17.46,1020.6527302824195,8.259203563272704
2019-05-16,Wet Beaver Creek,2019-05-16T11:04:00Z,8.26,8.276553106212425,0.2525324954669461,17.52,1035.015122387083,8.262481379793135
2019-05-16,Wet Beaver Creek,2019-05-16T11:19:00Z,8.24,8.256513026052104,0.2525324954669461,17.63,1045.7977783247823,8.26284887005628
2019-05-16,Wet Beaver Creek,2019-05-16T11:34:00Z,8.25,8.25,0.2525324954669461,17.68,1052.954526664092,8.260773167486569
2019-05-16,Wet Beaver Creek,2019-05-16T11:49:00Z,8.24,8.223552894211577,0.2498984091018522,17.81,1056.4547223972672,8.255342525475003
2019-05-16,Wet Beaver Creek,2019-05-16T12:04:00Z,8.23,8.205383848454638,0.2525324954669461,17.91,1056.2833781689471,8.24511197739462
2019-05-16,Wet Beaver Creek,2019-05-16T12:19:00Z,8.2,8.183632734530937,0.2525324954669461,18.06,1052.4412284434661,8.23152463313617
2019-05-16,Wet Beaver Creek,2019-05-16T12:34:00Z,8.18,8.163672654690618,0.2473098673438629,18.17,1044.9447263495388,8.21465143016133
2019-05-16,Wet Beaver Creek,2019-05-16T12:49:00Z,8.19,8.141153081510934,0.2473098673438629,18.32,1033.8259732272118,8.194673486601173
2019-05-16,Wet Beaver Creek,2019-05-16T13:04:00Z,8.19,8.125,0.2473098673438629,18.42,1019.1325811444206,8.172429046194782
2019-05-16,Wet Beaver Creek,2019-05-16T13:19:00Z,8.18,8.115079365079366,0.2473098673438629,18.48,1000.9274690237547,8.14989093495484
2019-05-16,Wet Beaver Creek,2019-05-16T13:34:00Z,8.18,8.099009900990099,0.2473098673438629,18.57,979.2885932212523,8.126525015907028
2019-05-16,Wet Beaver Creek,2019-05-16T13:49:00Z,8.16,8.07920792079208,0.24465457669338112,18.67,954.3086136708695,8.100353961413335
2019-05-16,Wet Beaver Creek,2019-05-16T14:04:00Z,8.12,8.055555555555555,0.24465457669338112,18.79,926.0944971387532,8.070440359387776
2019-05-16,Wet Beaver Creek,2019-05-16T14:19:00Z,8.09,8.049751243781094,0.2473098673438629,18.88,894.7670591461106,8.039726098532384
2019-05-16,Wet Beaver Creek,2019-05-16T14:34:00Z,8.05,8.0259222333001,0.24465457669338112,19.02,860.4604466520103,8.007725765245292
2019-05-16,Wet Beaver Creek,2019-05-16T14:49:00Z,8.02,8.003992015968063,0.24465457669338112,19.13,823.321563597084,7.971676465291612
2019-05-16,Wet Beaver Creek,2019-05-16T15:04:00Z,8,7.992007992007993,0.24465457669338112,19.22,783.5094418409108,7.934319915743536
2019-05-16,Wet Beaver Creek,2019-05-16T15:19:00Z,7.93,7.993951612903225,0.24465457669338112,19.21,741.1945601904782,7.899274421974679
2019-05-16,Wet Beaver Creek,2019-05-16T15:34:00Z,7.84,8,0.24465457669338112,19.17,696.5581144085332,7.86813426835846
2019-05-16,Wet Beaver Creek,2019-05-16T15:49:00Z,7.79,7.99794661190965,0.24465457669338112,19.2,649.791241232009,7.83866373084731
2019-05-16,Wet Beaver Creek,2019-05-16T16:04:00Z,7.81,7.993858751279426,0.2473098673438629,19.22,601.0942000260292,7.808871436325773
2019-05-16,Wet Beaver Creek,2019-05-16T16:19:00Z,7.74,7.9958677685950414,0.2473098673438629,19.21,550.6755151721343,7.779173306092591
2019-05-16,Wet Beaver Creek,2019-05-16T16:34:00Z,7.7,8.004158004158004,0.2473098673438629,19.13,498.75108314478956,7.750668759474229
2019-05-16,Wet Beaver Creek,2019-05-16T16:49:00Z,7.7,8.012486992715921,0.2473098673438629,19.11,445.54324810716577,7.723682091684421
2019-05-16,Wet Beaver Creek,2019-05-16T17:04:00Z,7.59,8.023255813953488,0.24465457669338112,19.06,391.2798497348617,7.697248604200001
2019-05-16,Wet Beaver Creek,2019-05-16T17:19:00Z,7.57,8.010582010582011,0.2473098673438629,19.09,336.19324760124346,7.668486463817508
2019-05-16,Wet Beaver Creek,2019-05-16T17:34:00Z,7.57,8.002114164904864,0.2473098673438629,19.12,280.51932622489534,7.635771480204554
2019-05-16,Wet Beaver Creek,2019-05-16T17:49:00Z,7.59,8.014783526927138,0.2473098673438629,19.13,224.49648498277654,7.60348589401968
2019-05-16,Wet Beaver Creek,2019-05-16T18:04:00Z,7.53,8.01063829787234,0.2473098673438629,19.11,168.36461726626197,7.572050805051856
2019-05-16,Wet Beaver Creek,2019-05-16T18:19:00Z,7.47,8.006430868167202,0.2473098673438629,19.08,112.36408325847603,7.538518489516382
2019-05-16,Wet Beaver Creek,2019-05-16T18:34:00Z,7.44,8.008611410118407,0.2473098673438629,19.09,56.73468065120626,7.504612622325449
2019-05-16,Wet Beaver Creek,2019-05-16T18:49:00Z,7.42,8.012958963282937,0.2473098673438629,19.07,1.7146178620596353,7.471875073463563
2019-05-16,Wet Beaver Creek,2019-05-16T19:04:00Z,7.39,8.032608695652174,0.2473098673438629,19,0,7.447495716190904
2019-05-16,Wet Beaver Creek,2019-05-16T19:19:00Z,7.38,8.030467899891185,0.2473098673438629,18.93,0,7.432887742575543
2019-05-16,Wet Beaver Creek,2019-05-16T19:34:00Z,7.38,8.047982551799345,0.2473098673438629,18.88,0,7.4248804589284
2019-05-16,Wet Beaver Creek,2019-05-16T19:49:00Z,7.37,8.045851528384281,0.2473098673438629,18.87,0,7.421572821788006
2019-05-16,Wet Beaver Creek,2019-05-16T20:04:00Z,7.38,8.056768558951966,0.2473098673438629,18.84,0,7.42054049469679
2019-05-16,Wet Beaver Creek,2019-05-16T20:19:00Z,7.38,8.056768558951966,0.2473098673438629,18.8,0,7.42133636903658
2019-05-16,Wet Beaver Creek,2019-05-16T20:34:00Z,7.39,8.067685589519652,0.2473098673438629,18.73,0,7.42329384698313
2019-05-16,Wet Beaver Creek,2019-05-16T20:49:00Z,7.4,8.087431693989071,0.2473098673438629,18.67,0,7.429035847463321
2019-05-16,Wet Beaver Creek,2019-05-16T21:04:00Z,7.4,8.087431693989071,0.2473098673438629,18.63,0,7.435795059944895
2019-05-16,Wet Beaver Creek,2019-05-16T21:19:00Z,7.41,8.089519650655022,0.2473098673438629,18.58,0,7.440574248093964
2019-05-16,Wet Beaver Creek,2019-05-16T21:34:00Z,7.43,8.111353711790393,0.2473098673438629,18.5,0,7.447221748533235
2019-05-16,Wet Beaver Creek,2019-05-16T21:49:00Z,7.44,8.131147540983607,0.2473098673438629,18.42,0,7.457792131098531
2019-05-16,Wet Beaver Creek,2019-05-16T22:04:00Z,7.46,8.14410480349345,0.2473098673438629,18.33,0,7.469694729510466
2019-05-16,Wet Beaver Creek,2019-05-16T22:19:00Z,7.47,8.155021834061136,0.2473098673438629,18.24,0,7.481139535581347
2019-05-16,Wet Beaver Creek,2019-05-16T22:34:00Z,7.48,8.157033805888767,0.2473098673438629,18.18,0,7.490681226235575
2019-05-16,Wet Beaver Creek,2019-05-16T22:49:00Z,7.5,8.187772925764193,0.2473098673438629,18.09,0,7.501904215971513
2019-05-16,Wet Beaver Creek,2019-05-16T23:04:00Z,7.51,8.189749182115595,0.2473098673438629,17.98,0,7.514165842340623
2019-05-16,Wet Beaver Creek,2019-05-16T23:19:00Z,7.52,8.209606986899564,0.2473098673438629,17.89,0,7.525492950487061
2019-05-16,Wet Beaver Creek,2019-05-16T23:34:00Z,7.54,8.22246455834242,0.2473098673438629,17.83,0,7.53794598314671
2019-05-16,Wet Beaver Creek,2019-05-16T23:49:00Z,7.56,8.235294117647058,0.2473098673438629,17.74,0,7.550121520022462
2019-05-24,Arikaree River,2019-05-24T00:00:00Z,7.17,9.412728731709977,0.12359533370804482,10.572,0,7.17
2019-05-24,Arikaree River,2019-05-24T00:15:00Z,7.16,9.420181225822649,0.12345853693752447,10.528,0,7.134780018698014
2019-05-24,Arikaree River,2019-05-24T00:30:00Z,7.14,9.429989861662023,0.12332317730403755,10.467,0,7.102978373658937
2019-05-24,Arikaree River,2019-05-24T00:45:00Z,7.14,9.4487614544575,0.1232655666554313,10.376,0,7.074725603471022
2019-05-24,Arikaree River,2019-05-24T01:00:00Z,7.14,9.462736984034724,0.12300791547909237,10.291,0,7.0496834528073675
2019-05-24,Arikaree River,2019-05-24T01:15:00Z,7.13,9.482689375066846,0.12319160167162695,10.204,0,7.027844521112696
2019-05-24,Arikaree River,2019-05-24T01:30:00Z,7.12,9.508898173841693,0.12360215106842815,10.106,0,7.010064703857446
2019-05-24,Arikaree River,2019-05-24T01:45:00Z,7.13,9.529039297999947,0.1235156399574605,10.005,0,6.995663911790097
2019-05-24,Arikaree River,2019-05-24T02:00:00Z,7.14,9.555494867508495,0.123947043541824,9.901,0,6.984331213301948
2019-05-24,Arikaree River,2019-05-24T02:15:00Z,7.15,9.585663988246239,0.12439202905142854,9.795,0,6.976718644909376
2019-05-24,Arikaree River,2019-05-24T02:30:00Z,7.16,9.615455838651634,0.1249139459535934,9.686,0,6.972689870934133
2019-05-24,Arikaree River,2019-05-24T02:45:00Z,7.18,9.641798671010358,0.1251438804745179,9.581,0,6.971534065622405
2019-05-24,Arikaree River,2019-05-24T03:00:00Z,7.19,9.665216069029949,0.1253756377788918,9.483,0,6.972458164853179
2019-05-24,Arikaree River,2019-05-24T03:15:00Z,7.21,9.687803801750839,0.1255738564254125,9.394,0,6.975123373915428
2019-05-24,Arikaree River,2019-05-24T03:30:00Z,7.23,9.712900245845347,0.12608514418818986,9.306,0,6.979734350111938
2019-05-24,Arikaree River,2019-05-24T03:45:00Z,7.24,9.737096948127547,0.12644157275445111,9.222,0,6.986344859066356
2019-05-24,Arikaree River,2019-05-24T04:00:00Z,7.26,9.758756647011861,0.1266127178720016,9.138,0,6.994315687321952
2019-05-24,Arikaree River,2019-05-24T04:15:00Z,7.27,9.776827316367571,0.12661073533021894,9.058,0,7.00293516551534
2019-05-24,Arikaree River,2019-05-24T04:30:00Z,7.28,9.79741886245278,0.12691790610388398,8.984,0,7.012254672067662
2019-05-24,Arikaree River,2019-05-24T04:45:00Z,7.3,9.817836574375265,0.12717456896197837,8.911,1.399183494055409,7.022678886877349
2019-05-24,Arikaree River,2019-05-24T05:00:00Z,7.33,9.837189651750508,0.1274608036709108,8.839,106.84682686337118,7.041953282014818
2019-05-24,Arikaree River,2019-05-24T05:15:00Z,7.36,9.85655636363432,0.12785438608455882,8.774,214.05011727381267,7.077303260004878
2019-05-24,Arikaree River,2019-05-24T05:30:00Z,7.4,9.87379184134698,0.12814327874456927,8.719,322.55004601093253,7.127453481858929
2019-05-24,Arikaree River,2019-05-24T05:45:00Z,7.45,9.88576124018711,0.12836076144127334,8.684,431.88205261707805,7.1908575136576065
2019-05-24,Arikaree River,2019-05-24T06:00:00Z,7.52,9.888165221276621,0.12844315266728887,8.68,541.5780142130105,7.265798083880099
2019-05-24,Arikaree River,2019-05-24T06:15:00Z,7.62,9.875421247299041,0.12839741675496577,8.728,651.1682496426483,7.350304576993927
2019-05-24,Arikaree River,2019-05-24T06:30:00Z,7.74,9.857197960685328,0.128452288784915,8.807,760.1835306335735,7.44281715595124
2019-05-24,Arikaree River,2019-05-24T06:45:00Z,7.85,9.81833363826777,0.1283130206814592,8.96,868.1570907580272,7.541614840833157
2019-05-24,Arikaree River,2019-05-24T07:00:00Z,7.98,9.758663654345407,0.12801326841110877,9.194,974.6266240538142,7.644373117879308
2019-05-24,Arikaree River,2019-05-24T07:15:00Z,8.12,9.69413777840986,0.1274798841550321,9.44,1079.1362644575102,7.749394937974323
2019-05-24,Arikaree River,2019-05-24T07:30:00Z,8.23,9.628508698945309,0.12694526767002076,9.702,1181.2385375834272,7.8558012409161675
2019-05-24,Arikaree River,2019-05-24T07:45:00Z,8.34,9.54691047006566,0.12621871736292747,10.034,1280.4962767613806,7.962372138063626
2019-05-24,Arikaree River,2019-05-24T08:00:00Z,8.44,9.451457259844858,0.12531477355942477,10.425,1376.484494748077,8.067369902622152
2019-05-24,Arikaree River,2019-05-24T08:15:00Z,8.53,9.3496023220548,0.1242182104077141,10.85,1468.7922034015746,8.169461717783056
2019-05-24,Arikaree River,2019-05-24T08:30:00Z,8.59,9.249595162025324,0.12299623732727101,11.278,1557.0241733614826,8.267981855671835
2019-05-24,Arikaree River,2019-05-24T08:45:00Z,8.66,9.164252018637391,0.12149945022466532,11.639,1640.8026263499205,8.363160465574294
2019-05-24,Arikaree River,2019-05-24T09:00:00Z,8.7,9.113956209285128,0.12059148822615584,11.85,1719.7688525883823,8.456602297208367
2019-05-24,Arikaree River,2019-05-24T09:15:00Z,8.75,9.013315997462024,0.11928759119914957,12.306,1793.584746768514,8.546991607211194
2019-05-24,Arikaree River,2019-05-24T09:30:00Z,8.81,8.90493479356823,0.11769761847520284,12.816,1861.9342555686874,8.631240279095922
2019-05-24,Arikaree River,2019-05-24T09:45:00Z,8.85,8.827116965047969,0.11654786778574472,13.207,1924.524730960471,8.709912255049465
2019-05-24,Arikaree River,2019-05-24T10:00:00Z,8.89,8.755748593161071,0.11715075714059826,13.55,1981.0881831950082,8.78358034161118
2019-05-24,Arikaree River,2019-05-24T10:15:00Z,8.93,8.67112519560358,0.11624127843984011,13.981,2031.3824282323221,8.851120922179135
2019-05-24,Arikaree River,2019-05-24T10:30:00Z,8.98,8.579666632534357,0.11519837166440206,14.451,2075.1921246783545,8.91134135798891
2019-05-24,Arikaree River,2019-05-24T10:45:00Z,8.99,8.490986827256053,0.11537705287762222,14.914,2112.3296957908296,8.963006861695986
2019-05-24,Arikaree River,2019-05-24T11:00:00Z,9.01,8.404833148118398,0.11400946658905324,15.385,2142.6361326128053,9.00600543884728
2019-05-24,Arikaree River,2019-05-24T11:15:00Z,9.02,8.32159389610626,0.11386530204492273,15.846,2165.9816747566965,9.040196057751931
2019-05-24,Arikaree River,2019-05-24T11:30:00Z,9.02,8.245380221513482,0.11335241252662512,16.282,2182.2663660094636,9.065262293024185
2019-05-24,Arikaree River,2019-05-24T11:45:00Z,9.01,8.163526012893046,0.11345973723571029,16.751,2191.4204822882784,9.080661411362016
2019-05-24,Arikaree River,2019-05-24T12:00:00Z,9,8.0913539141632,0.11228534197440555,17.172,2193.404830153171,9.086556837479247
2019-05-24,Arikaree River,2019-05-24T12:15:00Z,8.98,8.027179823412478,0.11287549330921755,17.564,2188.2109146162966,9.083385552724408
2019-05-24,Arikaree River,2019-05-24T12:30:00Z,8.96,7.96093614454273,0.1110785862444021,17.959,2175.860975498371,9.071420798767054
2019-05-24,Arikaree River,2019-05-24T12:45:00Z,8.94,7.9101624275993005,0.10997846936571837,18.291,2156.407892198098,9.05191848888267
2019-05-24,Arikaree River,2019-05-24T13:00:00Z,8.91,7.863410798455913,0.11016255517653153,18.592,2129.934957255132,9.024681268848692
2019-05-24,Arikaree River,2019-05-24T13:15:00Z,8.88,7.818224302242485,0.1092012117486053,18.897,2096.5555197188264,8.989569497702671
2019-05-24,Arikaree River,2019-05-24T13:30:00Z,8.84,7.7767810140973115,0.10946529264385146,19.184,2056.4124998127086,8.946543051335086
2019-05-24,Arikaree River,2019-05-24T13:45:00Z,8.8,7.741094390911937,0.10851995893985278,19.424,2009.677777001167,8.895897136990257
2019-05-24,Arikaree River,2019-05-24T14:00:00Z,8.76,7.712713858370992,0.10771969091712302,19.631,1956.5514539989263,8.838601138279442
2019-05-24,Arikaree River,2019-05-24T14:15:00Z,8.71,7.68806472400353,0.10859107563614363,19.805,1897.2610000646837,8.774421413416711
2019-05-24,Arikaree River,2019-05-24T14:30:00Z,8.66,7.672148861211865,0.10792170332060723,19.915,1832.060277017475,8.703888892730854
2019-05-24,Arikaree River,2019-05-24T14:45:00Z,8.6,7.656127415978556,0.1073848795839153,20.014,1761.2284522191696,8.627714734613741
2019-05-24,Arikaree River,2019-05-24T15:00:00Z,8.54,7.64394363545802,0.10799995958408044,20.099,1685.0688033737931,8.545585679655494
2019-05-24,Arikaree River,2019-05-24T15:15:00Z,8.47,7.635371386533169,0.10765518752924115,20.149,1603.9074199215966,8.457737895302426
2019-05-24,Arikaree River,2019-05-24T15:30:00Z,8.39,7.6266922768253815,0.10699264444425577,20.207,1518.0918068241285,8.364318465675849
2019-05-24,Arikaree River,2019-05-24T15:45:00Z,8.3,7.62356545801632,0.10670740404843938,20.215,1427.9893967558553,8.265451945276007
2019-05-24,Arikaree River,2019-05-24T16:00:00Z,8.22,7.621490360753978,0.10653943653428216,20.232,1333.9859766924037,8.16140305180963
2019-05-24,Arikaree River,2019-05-24T16:15:00Z,8.13,7.622783006572622,0.10643899131261815,20.204,1236.4840363676171,8.052369087254274
2019-05-24,Arikaree River,2019-05-24T16:30:00Z,8.04,7.630468265320952,0.10662360771910608,20.131,1135.9010446768787,7.939023997362828
2019-05-24,Arikaree River,2019-05-24T16:45:00Z,7.94,7.644433243071225,0.10692561227428093,20.02,1032.6676623948542,7.8222468869844315
2019-05-24,Arikaree River,2019-05-24T17:00:00Z,7.84,7.664886546432441,0.10722285919249594,19.873,927.2258982132894,7.702812660201449
2019-05-24,Arikaree River,2019-05-24T17:15:00Z,7.73,7.685572857552959,0.10768994732584562,19.716,820.0272161330712,7.581163683531183
2019-05-24,Arikaree River,2019-05-24T17:30:00Z,7.59,7.706334119253576,0.10812159541612365,19.564,711.5306025338755,7.457387877159581
2019-05-24,Arikaree River,2019-05-24T17:45:00Z,7.45,7.733646037065124,0.10870902017743478,19.376,602.2006009322503,7.33201926454937
2019-05-24,Arikaree River,2019-05-24T18:00:00Z,7.31,7.760504404511053,0.10941548523048635,19.192,492.5053230008748,7.205707897111816
2019-05-24,Arikaree River,2019-05-24T18:15:00Z,7.16,7.78269921060909,0.10998287270236613,19.04,382.9144441944767,7.078309372479178
2019-05-24,Arikaree River,2019-05-24T18:30:00Z,7.01,7.804501821007598,0.11066636900000207,18.9,273.8971928572495,6.949816585245941
2019-05-24,Arikaree River,2019-05-24T18:45:00Z,6.85,7.832435261461311,0.11140059086297423,18.723,165.92034112898313,6.821014468166073
2019-05-24,Arikaree River,2019-05-24T19:00:00Z,6.69,7.859569452443563,0.1121596605810015,18.543,59.446206369160436,6.692554477717276
2019-05-24,Arikaree River,2019-05-24T19:15:00Z,6.54,7.886714811178966,0.11301939232739552,18.37,0,6.568631362256612
2019-05-24,Arikaree River,2019-05-24T19:30:00Z,6.38,7.905257852946971,0.11351502506227526,18.251,0,6.456982831660267
2019-05-24,Arikaree River,2019-05-24T19:45:00Z,6.24,7.9220367910888045,0.11395192474597195,18.142,0,6.360210722176485
2019-05-24,Arikaree River,2019-05-24T20:00:00Z,6.12,7.940602755728025,0.1144604662595418,18.027,0,6.276615946302619
2019-05-24,Arikaree River,2019-05-24T20:15:00Z,6.03,7.9588341062650505,0.11498391342346882,17.915,0,6.204847501803727
2019-05-24,Arikaree River,2019-05-24T20:30:00Z,5.92,7.9805670948047265,0.11572318198461073,17.796,0,6.143956615631762
2019-05-24,Arikaree River,2019-05-24T20:45:00Z,5.86,7.999976554393574,0.11619295751604673,17.678,0,6.0926808710457845
2019-05-24,Arikaree River,2019-05-24T21:00:00Z,5.81,8.0241770893021709,0.1169465642756826,17.545,0,6.050018533498377
2019-05-24,Arikaree River,2019-05-24T21:15:00Z,5.77,8.046291187322165,0.11750482770910309,17.419,0,6.015198179695963
2019-05-24,Arikaree River,2019-05-24T21:30:00Z,5.74,8.069929781561845,0.11823921562378639,17.299,0,5.987297333942581
2019-05-24,Arikaree River,2019-05-24T21:45:00Z,5.7,8.093249179264106,0.11876426063705453,17.165,0,5.965528200649656
2019-05-24,Arikaree River,2019-05-24T22:00:00Z,5.67,8.115712975541982,0.11932091124769031,17.035,0,5.948908195798361
2019-05-24,Arikaree River,2019-05-24T22:15:00Z,5.64,8.136883990807927,0.1197547829313777,16.908,0,5.936659857416851
2019-05-24,Arikaree River,2019-05-24T22:30:00Z,5.62,8.159873081027508,0.1203391641170767,16.778,0,5.928338432151933
2019-05-24,Arikaree River,2019-05-24T22:45:00Z,5.59,8.181588978484449,0.12092590621090679,16.665,0,5.923723481715616
2019-05-24,Arikaree River,2019-05-24T23:00:00Z,5.57,8.203910576307745,0.12146937981823748,16.548,0,5.922356338790475
2019-05-24,Arikaree River,2019-05-24T23:15:00Z,5.55,8.226432186552342,0.12200675232851727,16.426,0,5.923833371101533
2019-05-24,Arikaree River,2019-05-24T23:30:00Z,5.53,8.245423261481244,0.12254535543670014,16.327,0,5.927708853105243
2019-05-24,Arikaree River,2019-05-24T23:45:00Z,5.51,8.261816305373056,0.12292369218273608,16.237,0,5.933336333349284
2019-06-13,Pilgrim River,2019-06-12T23:52:00Z,8.348,10.52275981687272,0.5903560606,13.059,0,8.348
2019-06-13,Pilgrim River,2019-06-13T00:07:00Z,8.348,10.52275981687272,0.5903560606,13.059,0,8.362996364668588
2019-06-13,Pilgrim River,2019-06-13T00:22:00Z,8.3885,10.546425140937506,0.5903560606,12.9585,0,8.376922917461574
2019-06-13,Pilgrim River,2019-06-13T00:37:00Z,8.436,10.566145498679232,0.5903560606,12.875,0,8.391264757729854
2019-06-13,Pilgrim River,2019-06-13T00:52:00Z,8.45,10.596421795272114,0.5903560606,12.7475,0,8.406379376010342
2019-06-13,Pilgrim River,2019-06-13T01:07:00Z,8.464,10.614151030942057,0.5903560606,12.673,0,8.422001303020302
2019-06-13,Pilgrim River,2019-06-13T01:22:00Z,8.4895,10.64045793011477,0.5903560606,12.563,0,8.437779985562686
2019-06-13,Pilgrim River,2019-06-13T01:37:00Z,8.48,10.654363891757692,0.5903560606,12.505,0,8.453441468138783
2019-06-13,Pilgrim River,2019-06-13T01:52:00Z,8.5125,10.685209034697273,0.5903560606,12.377,0,8.469299064335194
2019-06-13,Pilgrim River,2019-06-13T02:07:00Z,8.551,10.70331989420599,0.5903560606,12.302,0,8.485592610023048
2019-06-13,Pilgrim River,2019-06-13T02:22:00Z,8.575,10.73123847877968,0.5903560606,12.187,0,8.50205458949842
2019-06-13,Pilgrim River,2019-06-13T02:37:00Z,8.614,10.75268817204301,0.5903560606,12.099,0,8.518872534871802
2019-06-13,Pilgrim River,2019-06-13T02:52:00Z,8.6275,10.77346686479939,0.5903560606,12.014,0,8.535525436815286
2019-06-13,Pilgrim River,2019-06-13T03:07:00Z,8.694,10.796298411973037,0.5903560606,11.921,0,8.552130948069705
2019-06-13,Pilgrim River,2019-06-13T03:22:00Z,8.7005,10.814885897080522,0.5903560606,11.8455,0,8.568558191621037
2019-06-13,Pilgrim River,2019-06-13T03:37:00Z,8.74,10.835780889104338,0.5903560606,11.761,0,8.584714849602822
2019-06-13,Pilgrim River,2019-06-13T03:52:00Z,8.7525,10.855733166636897,0.5903560606,11.6805,0,8.600735470852753
2019-06-13,Pilgrim River,2019-06-13T04:07:00Z,8.79,10.87575165177798,0.5903560606,11.6,0,8.616587816082342
2019-06-13,Pilgrim River,2019-06-13T04:22:00Z,8.8055,10.895724985491752,0.5903560606,11.52,30.942794590814035,8.639684469836151
2019-06-13,Pilgrim River,2019-06-13T04:37:00Z,8.823,10.91574475245026,0.5903560606,11.44,72.57497937422202,8.678741798850655
2019-06-13,Pilgrim River,2019-06-13T04:52:00Z,8.8895,10.932701685255765,0.5903560606,11.3725,115.24876695298494,8.733695002663296
2019-06-13,Pilgrim River,2019-06-13T05:07:00Z,8.936,10.949692193075323,0.5903560606,11.305,158.78147215521213,8.802158225894866
2019-06-13,Pilgrim River,2019-06-13T05:22:00Z,8.9905,10.97218662663689,0.5903560606,11.216,202.98673281767725,8.882622064075486
2019-06-13,Pilgrim River,2019-06-13T05:37:00Z,9.062,10.983576752924066,0.5903560606,11.171,247.67530759633155,8.973029845880722
2019-06-13,Pilgrim River,2019-06-13T05:52:00Z,9.1265,10.99616733596716,0.5903560606,11.1215,292.65588613701436,9.07130310897284
2019-06-13,Pilgrim River,2019-06-13T06:07:00Z,9.212,11.006433960798837,0.5903560606,11.081,337.7359080352376,9.176183248643646
2019-06-13,Pilgrim River,2019-06-13T06:22:00Z,9.2975,11.015590659584777,0.5903560606,11.045,382.72238719177506,9.286376916835597
2019-06-13,Pilgrim River,2019-06-13T06:37:00Z,9.37,11.015611131292681,0.5903560606,11.045,427.4227379802081,9.400240503661523
2019-06-13,Pilgrim River,2019-06-13T06:52:00Z,9.4515,11.009857209088855,0.5903560606,11.0675,471.64559971153614,9.51596527703008
2019-06-13,Pilgrim River,2019-06-13T07:07:00Z,9.861,10.997283299653388,0.5903560606,11.117,515.201655795342,9.632066476315083
2019-06-13,Pilgrim River,2019-06-13T07:22:00Z,10.086,10.973277252045932,0.5903560606,11.2115,557.9044442906415,9.746763524058238
2019-06-13,Pilgrim River,2019-06-13T07:37:00Z,10.201,10.956258739981912,0.5903560606,11.279,599.5711560162024,9.859441383147967
2019-06-13,Pilgrim River,2019-06-13T07:52:00Z,10.189,10.929377918988092,0.5903560606,11.386,640.023417275381,9.969579497217255
2019-06-13,Pilgrim River,2019-06-13T08:07:00Z,10.157,10.920260701468434,0.5903560606,11.422,679.0880533971919,10.07749583753964
2019-06-13,Pilgrim River,2019-06-13T08:22:00Z,10.2645,10.913608704943952,0.5903560606,11.4485,716.5978300634912,10.184327043528759
2019-06-13,Pilgrim River,2019-06-13T08:37:00Z,10.541,10.888979105267019,0.5903560606,11.547,752.3921693330484,10.288219667321002
2019-06-13,Pilgrim River,2019-06-13T08:52:00Z,10.685,10.85570597648015,0.5903560606,11.6805,786.317836968472,10.386636005848377
2019-06-13,Pilgrim River,2019-06-13T09:07:00Z,10.569,10.84023348195192,0.5903560606,11.743,818.2295984759128,10.48019957621055
2019-06-13,Pilgrim River,2019-06-13T09:22:00Z,10.802,10.805068639493616,0.5903560606,11.8855,847.9908408379019,10.568453933786564
2019-06-13,Pilgrim River,2019-06-13T09:37:00Z,10.873,10.770038432584492,0.5903560606,12.028,875.4741573475891,10.649519012497258
2019-06-13,Pilgrim River,2019-06-13T09:52:00Z,10.882,10.722555598253964,0.5903560606,12.2225,900.5618930373998,10.722297612656778
2019-06-13,Pilgrim River,2019-06-13T10:07:00Z,10.967,10.677740022782814,0.5903560606,12.408,923.1466483342208,10.786027629001545
2019-06-13,Pilgrim River,2019-06-13T10:22:00Z,10.8915,10.636334339202532,0.5903560606,12.5805,943.1317388580165,10.841388571806926
2019-06-13,Pilgrim River,2019-06-13T10:37:00Z,10.876,10.584914841849146,0.5903560606,12.796,960.4316093033165,10.887802597793504
2019-06-13,Pilgrim River,2019-06-13T10:52:00Z,10.6785,10.548541963015646,0.5903560606,12.9495,974.9721997003267,10.925828305817543
2019-06-13,Pilgrim River,2019-06-13T11:07:00Z,10.651,10.524911559516987,0.5903560606,13.05,986.6912624759417,10.957997986949252
2019-06-13,Pilgrim River,2019-06-13T11:22:00Z,10.751,10.488780487804878,0.5903560606,13.204,995.5386289068219,10.983916649744
2019-06-13,Pilgrim River,2019-06-13T11:37:00Z,10.854,10.44919806688873,0.5903560606,13.374,1001.4764239117209,11.001753395019968
2019-06-13,Pilgrim River,2019-06-13T11:52:00Z,10.8705,10.39175198600476,0.5903560606,13.6225,1004.4792281788284,11.009432325345045
2019-06-13,Pilgrim River,2019-06-13T12:07:00Z,10.901,10.333191146499834,0.5903560606,13.879,1004.5341869839799,11.005429064733285
2019-06-13,Pilgrim River,2019-06-13T12:22:00Z,10.947,10.27038691034638,0.5903560606,14.157,1001.641065223818,10.989761047245784
2019-06-13,Pilgrim River,2019-06-13T12:37:00Z,10.945,10.202559728553185,0.5903560606,14.46,995.8122484166618,10.962086161134662
2019-06-13,Pilgrim River,2019-06-13T12:52:00Z,10.9205,10.135975496565807,0.5903560606,14.7615,987.0726896803908,10.922693169568593
2019-06-13,Pilgrim River,2019-06-13T13:07:00Z,10.884,10.062683752149553,0.5903560606,15.097,975.4598029111909,10.871689619139943
2019-06-13,Pilgrim River,2019-06-13T13:22:00Z,10.846,9.999078086106758,0.5903560606,15.3925,961.0233026056201,10.810086399027403
2019-06-13,Pilgrim River,2019-06-13T13:37:00Z,10.818,9.935982806285992,0.5903560606,15.688,943.8249910403132,10.739517201995257
2019-06-13,Pilgrim River,2019-06-13T13:52:00Z,10.718,9.879524735682617,0.5903560606,15.956,923.9384936951767,10.661102922125766
2019-06-13,Pilgrim River,2019-06-13T14:07:00Z,10.599,9.828722980053229,0.5903560606,16.199,901.4489440640706,10.576367574993407
2019-06-13,Pilgrim River,2019-06-13T14:22:00Z,10.549,9.777732463295267,0.5903560606,16.4455,876.4526191998034,10.485927618439032
2019-06-13,Pilgrim River,2019-06-13T14:37:00Z,10.458,9.742691583909373,0.5903560606,16.616,849.0565275545043,10.391423383119836
2019-06-13,Pilgrim River,2019-06-13T14:52:00Z,10.2935,9.717724805286759,0.5903560606,16.7385,819.3779508707798,10.29530718784481
2019-06-13,Pilgrim River,2019-06-13T15:07:00Z,10.142,9.692648801559692,0.5903560606,16.862,787.5439421249944,10.197957834539638
2019-06-13,Pilgrim River,2019-06-13T15:22:00Z,10.0425,9.6824111300726,0.5903560606,16.9125,753.6907815859603,10.100209179690413
2019-06-13,Pilgrim River,2019-06-13T15:37:00Z,10.013,9.660302360806938,0.5903560606,17.022,717.9633934271119,10.00159950251642
2019-06-13,Pilgrim River,2019-06-13T15:52:00Z,9.9865,9.646555388122561,0.5903560606,17.0905,680.5147253130319,9.901153959681274
2019-06-13,Pilgrim River,2019-06-13T16:07:00Z,9.982,9.64481719100255,0.5903560606,17.099,641.5050936058753,9.800543751117882
2019-06-13,Pilgrim River,2019-06-13T16:22:00Z,9.9115,9.65252281292911,0.5903560606,17.0605,601.1014970853375,9.701240612440593
2019-06-13,Pilgrim River,2019-06-13T16:37:00Z,9.749,9.6669277831213,0.5903560606,16.989,559.4769020118133,9.603918451637277
2019-06-13,Pilgrim River,2019-06-13T16:52:00Z,9.4295,9.684900511385756,0.5903560606,16.9,516.8095017086191,9.508578369843683
2019-06-13,Pilgrim River,2019-06-13T17:07:00Z,9.321,9.699534014447842,0.5903560606,16.828,473.2819536452425,9.414328924658198
2019-06-13,Pilgrim River,2019-06-13T17:22:00Z,9.25,9.718632457080417,0.5903560606,16.734,429.08059756489064,9.320608396985573
2019-06-13,Pilgrim River,2019-06-13T17:37:00Z,9.138,9.73578706135421,0.5903560606,16.65,384.3946577154803,9.227184135785247
2019-06-13,Pilgrim River,2019-06-13T17:52:00Z,9.0325,9.755805149596213,0.5903560606,16.552,339.4154328337254,9.133796149127253
2019-06-13,Pilgrim River,2019-06-13T18:07:00Z,8.92,9.774132080082136,0.5903560606,16.463,294.33547715571984,9.040350841265282
2019-06-13,Pilgrim River,2019-06-13T18:22:00Z,8.828,9.805783724042941,0.5903560606,16.3095,249.34777613577526,8.94773648540215
2019-06-13,Pilgrim River,2019-06-13T18:37:00Z,8.713,9.835817593165386,0.5903560606,16.165,204.64492028355593,8.856739403742614
2019-06-13,Pilgrim River,2019-06-13T18:52:00Z,8.592,9.8615571435458,0.5903560606,16.0415,160.4182806446275,8.766576440986121
2019-06-13,Pilgrim River,2019-06-13T19:07:00Z,8.488,9.891044689156907,0.5903560606,15.901,116.8571896313671,8.677158212930246
2019-06-13,Pilgrim River,2019-06-13T19:22:00Z,8.387,9.910817999945642,0.5903560606,15.807,74.14813040642609,8.588095827337204
2019-06-13,Pilgrim River,2019-06-13T19:37:00Z,8.271,9.932402978640111,0.5903560606,15.705,32.47393863676971,8.499020634677597
2019-06-13,Pilgrim River,2019-06-13T19:52:00Z,8.217,9.956922405801844,0.5903560606,15.5895,0,8.41261173529851
2019-06-13,Pilgrim River,2019-06-13T20:07:00Z,8.186,9.979847681142282,0.5903560606,15.482,0,8.3382106861688
2019-06-13,Pilgrim River,2019-06-13T20:22:00Z,8.1045,9.996213415363666,0.5903560606,15.4055,0,8.28055838214149
2019-06-13,Pilgrim River,2019-06-13T20:37:00Z,8.054,10.023833674555219,0.5903560606,15.277,0,8.236811139571154
2019-06-13,Pilgrim River,2019-06-13T20:52:00Z,8.0465,10.047010494640304,0.5903560606,15.1695,0,8.204828477870613
2019-06-13,Pilgrim River,2019-06-13T21:07:00Z,8.016,10.07400928226454,0.5903560606,15.045,0,8.182329704654745
2019-06-13,Pilgrim River,2019-06-13T21:22:00Z,8.002,10.100245122169797,0.5903560606,14.9245,0,8.167737911454207
2019-06-13,Pilgrim River,2019-06-13T21:37:00Z,7.99,10.126627199436255,0.5903560606,14.804,0,8.159515638087994
2019-06-13,Pilgrim River,2019-06-13T21:52:00Z,7.987,10.150136106119566,0.5903560606,14.697,0,8.15627453554718
2019-06-13,Pilgrim River,2019-06-13T22:07:00Z,7.994,10.181727403799616,0.5903560606,14.554,0,8.157437333589883
2019-06-13,Pilgrim River,2019-06-13T22:22:00Z,8.0015,10.21040985834436,0.5903560606,14.425,0,8.162536915364717
2019-06-13,Pilgrim River,2019-06-13T22:37:00Z,8.005,10.237371457364322,0.5903560606,14.304,0,8.170518605541325
2019-06-13,Pilgrim River,2019-06-13T22:52:00Z,8.05,10.265513358557167,0.5903560606,14.1785,0,8.180807426172459
2019-06-13,Pilgrim River,2019-06-13T23:07:00Z,8.085,10.289951356593587,0.5903560606,14.07,0,8.192805968784159
2019-06-13,Pilgrim River,2019-06-13T23:22:00Z,8.1065,10.321413383651258,0.5903560606,13.931,0,8.206420110504766
2019-06-13,Pilgrim River,2019-06-13T23:37:00Z,8.132,10.34505569436034,0.5903560606,13.827,0,8.22130025971349
2019-06-13,Pilgrim River,2019-06-13T23:52:00Z,8.1355,10.365952328469005,0.5903560606,13.7355,0,8.236506550114811
2019-07-09,Caribou Creek,2019-07-09T00:07:00Z,10.94,12.42653793077512,0.2068550225376922,5.347,0,10.94
2019-07-09,Caribou Creek,2019-07-09T00:22:00Z,10.96,12.45751302383041,0.2065109268592766,5.262,0,10.967619653039792
2019-07-09,Caribou Creek,2019-07-09T00:37:00Z,10.98,12.487675607988892,0.20450825561739142,5.179,0,10.995318622614299
2019-07-09,Caribou Creek,2019-07-09T00:52:00Z,11.01,12.517761671122104,0.2046759239561868,5.094,0,11.023074102689673
2019-07-09,Caribou Creek,2019-07-09T01:07:00Z,11.03,12.549935150642124,0.20267318662295383,5.011,0,11.050895499545856
2019-07-09,Caribou Creek,2019-07-09T01:22:00Z,11.06,12.578608971291109,0.2073884211813305,4.93,0,11.0786131667099
2019-07-09,Caribou Creek,2019-07-09T01:37:00Z,11.08,12.609639537398694,0.2079875560547715,4.847,0,11.106128955528716
2019-07-09,Caribou Creek,2019-07-09T01:52:00Z,11.1,12.641541218503317,0.20511614886187396,4.766,5.237447112135606,11.133636174275459
2019-07-09,Caribou Creek,2019-07-09T02:07:00Z,11.12,12.669774301178649,0.20579625211127994,4.688,33.59542344813193,11.160614554904464
2019-07-09,Caribou Creek,2019-07-09T02:22:00Z,11.15,12.698366348228253,0.20497364855029102,4.612,65.27970504952653,11.186506541308443
2019-07-09,Caribou Creek,2019-07-09T02:37:00Z,11.18,12.725810075236485,0.2005545579105933,4.54,100.15464414440648,11.211347441431865
2019-07-09,Caribou Creek,2019-07-09T02:52:00Z,11.2,12.752933975889377,0.20763318336565778,4.473,138.07093294603675,11.234816660358904
2019-07-09,Caribou Creek,2019-07-09T03:07:00Z,11.22,12.776765434744181,0.2055924670023709,4.411,178.86624286496968,11.256733320870653
2019-07-09,Caribou Creek,2019-07-09T03:22:00Z,11.24,12.796298597811695,0.20281110298489785,4.361,222.36591948579076,11.277216302615717
2019-07-09,Caribou Creek,2019-07-09T03:37:00Z,11.27,12.81191017679304,0.2033305472888511,4.32,268.38373027999756,11.296087495254643
2019-07-09,Caribou Creek,2019-07-09T03:52:00Z,11.29,12.827809549935004,0.2070329810138198,4.279,316.7226619201252,11.313173494385431
2019-07-09,Caribou Creek,2019-07-09T04:07:00Z,11.3,12.839151586198557,0.20671991318836505,4.246,367.1757637251214,11.328418990807798
2019-07-09,Caribou Creek,2019-07-09T04:22:00Z,11.32,12.849664482142186,0.20113696798866426,4.219,419.5270337053713,11.34178941904995
2019-07-09,Caribou Creek,2019-07-09T04:37:00Z,11.33,12.85746317677937,0.2049240590484517,4.199,473.5523432786974,11.35321607464484
2019-07-09,Caribou Creek,2019-07-09T04:52:00Z,11.34,12.863709106041757,0.20513472826329357,4.183,529.0203968456784,11.362641182538836
2019-07-09,Caribou Creek,2019-07-09T05:07:00Z,11.35,12.866516537951858,0.20523997847248504,4.172,585.6937219629301,11.370014827292406
2019-07-09,Caribou Creek,2019-07-09T05:22:00Z,11.36,12.867689025079398,0.20382367843208185,4.169,643.3296861236104,11.375267026075955
2019-07-09,Caribou Creek,2019-07-09T05:37:00Z,11.37,12.863464960172173,0.20509137360157806,4.176,701.681535406369,11.378383142075686
2019-07-09,Caribou Creek,2019-07-09T05:52:00Z,11.37,12.860023568876029,0.2060676393229768,4.181,760.4994510272629,11.37939956192703
2019-07-09,Caribou Creek,2019-07-09T06:07:00Z,11.38,12.852998540264027,0.20484965136822617,4.199,819.5316187216758,11.378247856613607
2019-07-09,Caribou Creek,2019-07-09T06:22:00Z,11.38,12.843254565876316,0.20533279967398899,4.224,878.5253069315959,11.374908911292357
2019-07-09,Caribou Creek,2019-07-09T06:37:00Z,11.38,12.831193011945826,0.20584562294026934,4.255,937.2279487983111,11.36945086306054
2019-07-09,Caribou Creek,2019-07-09T06:52:00Z,11.38,12.818058188082206,0.20971376509344591,4.285,995.3882234329737,11.362070413071397
2019-07-09,Caribou Creek,2019-07-09T07:07:00Z,11.38,12.803720595938069,0.20910156621378853,4.322,1052.757131886375,11.352764118012614
2019-07-09,Caribou Creek,2019-07-09T07:22:00Z,11.37,12.780154656945625,0.2280793150353377,4.383,1109.0890632377902,11.342384808549722
2019-07-09,Caribou Creek,2019-07-09T07:37:00Z,11.36,12.755909439511438,0.21366935786951932,4.446,1164.1428460130023,11.330237999560355
2019-07-09,Caribou Creek,2019-07-09T07:52:00Z,11.35,12.725693774317255,0.2109446472054066,4.521,1217.682780820862,11.31518363485265
2019-07-09,Caribou Creek,2019-07-09T08:07:00Z,11.34,12.699373070479252,0.21930209866596329,4.59,1269.479649329009,11.29860907710328
2019-07-09,Caribou Creek,2019-07-09T08:22:00Z,11.33,12.669040505524912,0.21278900206812573,4.666,1319.3116957195973,11.280325928995135
2019-07-09,Caribou Creek,2019-07-09T08:37:00Z,11.31,12.632028445544737,0.21507720201208808,4.764,1366.9655759890163,11.259993318087366
2019-07-09,Caribou Creek,2019-07-09T08:52:00Z,11.29,12.59078580171706,0.2152245285682101,4.87,1412.2372713976142,11.238124997708898
2019-07-09,Caribou Creek,2019-07-09T09:07:00Z,11.27,12.553497934472244,0.2129439334654205,4.97,1454.932961878525,11.214460398571772
2019-07-09,Caribou Creek,2019-07-09T09:22:00Z,11.25,12.509444717338365,0.21362186760511082,5.085,1494.8698558826195,11.189135384229285
2019-07-09,Caribou Creek,2019-07-09T09:37:00Z,11.22,12.46167362485604,0.2148471626143694,5.211,1531.8769729141106,11.16251537510324
2019-07-09,Caribou Creek,2019-07-09T09:52:00Z,11.19,12.413180673868274,0.2114913126937062,5.34,1565.7958755883983,11.134330247240044
2019-07-09,Caribou Creek,2019-07-09T10:07:00Z,11.16,12.359667657581058,0.2115452986151671,5.484,1596.481347915587,11.104569079376835
2019-07-09,Caribou Creek,2019-07-09T10:22:00Z,11.12,12.31841669238844,0.20725980059726473,5.599,1623.8020170231691,11.07325728468152
2019-07-09,Caribou Creek,2019-07-09T10:37:00Z,11.08,12.268222642079198,0.21153330298300885,5.736,1647.640915601343,11.040968351820627
2019-07-09,Caribou Creek,2019-07-09T10:52:00Z,11.04,12.212828297362773,0.20832301958292182,5.889,1667.8959826752553,11.007875528332361
2019-07-09,Caribou Creek,2019-07-09T11:07:00Z,11,12.159688985868321,0.2078471041955978,6.037,1684.4805005590379,10.97360965834397
2019-07-09,Caribou Creek,2019-07-09T11:22:00Z,10.96,12.109441259033863,0.2112632138324632,6.178,1697.3234661216943,10.939028872718403
2019-07-09,Caribou Creek,2019-07-09T11:37:00Z,10.92,12.05381566202562,0.2087126707357386,6.336,1706.3698947769842,10.904036705655862
2019-07-09,Caribou Creek,2019-07-09T11:52:00Z,10.88,11.995215380739111,0.20804859129933212,6.503,1711.5810558840387,10.86829712147472
2019-07-09,Caribou Creek,2019-07-09T12:07:00Z,10.84,11.945503182396878,0.20627093585834702,6.648,1712.934638578177,10.832050495073624
2019-07-09,Caribou Creek,2019-07-09T12:22:00Z,10.8,11.895031684631018,0.20215198403717557,6.791,1710.4248472892502,10.795071560051163
2019-07-09,Caribou Creek,2019-07-09T12:37:00Z,10.76,11.849639465807845,0.20354917652684096,6.922,1704.062426560712,10.757882262234322
2019-07-09,Caribou Creek,2019-07-09T12:52:00Z,10.72,11.79873061541335,0.20213311919563295,7.071,1693.8746150573465,10.72093079229605
2019-07-09,Caribou Creek,2019-07-09T13:07:00Z,10.67,11.752204736765227,0.20729655781132558,7.21,1679.9050289438123,10.684761305572428
2019-07-09,Caribou Creek,2019-07-09T13:22:00Z,10.64,11.710379108895726,0.2003769529297234,7.337,1662.2134751788608,10.648931153346625
2019-07-09,Caribou Creek,2019-07-09T13:37:00Z,10.6,11.671140819355035,0.20378003341761067,7.454,1640.8756954418002,10.61340676978807
2019-07-09,Caribou Creek,2019-07-09T13:52:00Z,10.57,11.626840636656581,0.20435909688986378,7.585,1615.9830419048856,10.579135794041246
2019-07-09,Caribou Creek,2019-07-09T14:07:00Z,10.54,11.588215748687796,0.2031179300573948,7.699,1587.642086090326,10.545721873420725
2019-07-09,Caribou Creek,2019-07-09T14:22:00Z,10.5,11.559753163372118,0.20384861407358934,7.79,1555.9741626582756,10.513361199954039
2019-07-09,Caribou Creek,2019-07-09T14:37:00Z,10.47,11.53617157971072,0.20126334677007018,7.857,1521.1148499200174,10.48209849877216
2019-07-09,Caribou Creek,2019-07-09T14:52:00Z,10.44,11.50434045910944,0.20437774792705768,7.951,1483.2133893917594,10.452251305059647
2019-07-09,Caribou Creek,2019-07-09T15:07:00Z,10.41,11.478941069894038,0.2035366900119864,8.032,1442.432046886098,10.424085054590615
2019-07-09,Caribou Creek,2019-07-09T15:22:00Z,10.39,11.459507348259246,0.19934614783744278,8.088,1398.945417785081,10.39705761196658
2019-07-09,Caribou Creek,2019-07-09T15:37:00Z,10.36,11.443174317165289,0.1999385825531335,8.137,1352.9396795382775,10.37143906492815
2019-07-09,Caribou Creek,2019-07-09T15:52:00Z,10.34,11.428107270692479,0.20109271588508457,8.182,1304.61179466413,10.347806810266686
2019-07-09,Caribou Creek,2019-07-09T16:07:00Z,10.32,11.414980408665183,0.1962328729855518,8.22,1254.1686674201515,10.325797377437873
2019-07-09,Caribou Creek,2019-07-09T16:22:00Z,10.31,11.404910637050099,0.19910993780209857,8.248,1201.8262580426176,10.305628118990002
2019-07-09,Caribou Creek,2019-07-09T16:37:00Z,10.29,11.398113696961238,0.19721610587415814,8.263,1147.8086581531809,10.287633967594365
2019-07-09,Caribou Creek,2019-07-09T16:52:00Z,10.28,11.392668493629786,0.20108639332858402,8.281,1092.347131365059,10.271898335157433
2019-07-09,Caribou Creek,2019-07-09T17:07:00Z,10.27,11.39041219947633,0.19684152802176322,8.284,1035.6791231845582,10.258342963007223
2019-07-09,Caribou Creek,2019-07-09T17:22:00Z,10.26,11.394040658051127,0.19987496758859205,8.272,978.0472444285158,10.246944463473316
2019-07-09,Caribou Creek,2019-07-09T17:37:00Z,10.25,11.398741022404536,0.1969255496077004,8.252,919.6982326054772,10.23785481603257
2019-07-09,Caribou Creek,2019-07-09T17:52:00Z,10.25,11.40323207914643,0.196951394897782,8.229,860.8818954444249,10.23091710063944
2019-07-09,Caribou Creek,2019-07-09T18:07:00Z,10.24,11.4118078805769,0.19551811256727686,8.2,801.8500415705188,10.226242848442297
2019-07-09,Caribou Creek,2019-07-09T18:22:00Z,10.24,11.419494526792814,0.19847647740688268,8.171,742.8554022597981,10.22392752737662
2019-07-09,Caribou Creek,2019-07-09T18:37:00Z,10.24,11.433114220024834,0.19855977904619157,8.13,684.1505495987407,10.224011489417455
2019-07-09,Caribou Creek,2019-07-09T18:52:00Z,10.24,11.447471069538835,0.1999131390956379,8.083,625.9868150451201,10.22640227277504
2019-07-09,Caribou Creek,2019-07-09T19:07:00Z,10.25,11.463578320512239,0.197847336245659,8.026,568.6132134113333,10.231022726146021
2019-07-09,Caribou Creek,2019-07-09T19:22:00Z,10.25,11.483260911093017,0.19906521659977452,7.962,512.2753768388436,10.237828436006707
2019-07-09,Caribou Creek,2019-07-09T19:37:00Z,10.26,11.502711232481833,0.1987262732976605,7.899,457.2145031327857,10.2468037732534
2019-07-09,Caribou Creek,2019-07-09T19:52:00Z,10.27,11.525259818874279,0.19665396060591903,7.827,403.66632308331555,10.257874287972117
2019-07-09,Caribou Creek,2019-07-09T20:07:00Z,10.28,11.550691757991705,0.19651801960304302,7.749,351.8600913240073,10.270999346297224
2019-07-09,Caribou Creek,2019-07-09T20:22:00Z,10.29,11.57866611086402,0.20051017201566793,7.664,302.0176047684956,10.28608180874022
2019-07-09,Caribou Creek,2019-07-09T20:37:00Z,10.31,11.607732245639815,0.1999067777046165,7.576,254.3522530503415,10.303031747003665
2019-07-09,Caribou Creek,2019-07-09T20:52:00Z,10.32,11.63684800922838,0.20030713469995257,7.484,209.0681049280329,10.321769520139224
2019-07-09,Caribou Creek,2019-07-09T21:07:00Z,10.34,11.668145234223624,0.19702245125058818,7.39,166.35903464432772,10.342263874203203
2019-07-09,Caribou Creek,2019-07-09T21:22:00Z,10.36,11.701223794104912,0.19566128206785693,7.291,126.40789184596595,10.36447250542332
2019-07-09,Caribou Creek,2019-07-09T21:37:00Z,10.38,11.732059770833478,0.19921850293547477,7.191,89.38571878594563,10.388104891453418
2019-07-09,Caribou Creek,2019-07-09T21:52:00Z,10.4,11.766749039423809,0.2007510012409566,7.084,55.45101803676374,10.412947304441515
2019-07-09,Caribou Creek,2019-07-09T22:07:00Z,10.43,11.802321167602875,0.2011306468800045,6.975,24.749073865635182,10.438969871710448
2019-07-09,Caribou Creek,2019-07-09T22:22:00Z,10.46,11.839524157222936,0.19956294915625458,6.866,0,10.46610810615417
2019-07-09,Caribou Creek,2019-07-09T22:37:00Z,10.49,11.877640791219113,0.1985661853580471,6.755,0,10.49385237702607
2019-07-09,Caribou Creek,2019-07-09T22:52:00Z,10.52,11.914947032025696,0.2002753907663919,6.643,0,10.521620666401665
2019-07-09,Caribou Creek,2019-07-09T23:07:00Z,10.54,11.95183736929446,0.1983739023311727,6.533,0,10.549441363242195
2019-07-09,Caribou Creek,2019-07-09T23:22:00Z,10.57,11.990255720329303,0.19757062626610455,6.422,0,10.577414772876649
2019-07-09,Caribou Creek,2019-07-09T23:37:00Z,10.6,12.027781321664769,0.20077633419598012,6.313,0,10.605347423752978
2019-07-09,Caribou Creek,2019-07-09T23:52:00Z,10.63,12.064743414121306,0.19854055881972207,6.205,0,10.633287173477123
2019-07-10,Poker Creek,2019-07-10T00:13:00Z,11.23,11.48261759,0.30294529,9.275636364,0,11.23
2019-07-10,Poker Creek,2019-07-10T00:28:00Z,11.26181818,11.50338936,0.302749087,9.187363636,0,11.248073114429394
2019-07-10,Poker Creek,2019-07-10T00:43:00Z,11.29545455,11.52597403,0.303726185,9.097636364,0,11.266498464930688
2019-07-10,Poker Creek,2019-07-10T00:58:00Z,11.31,11.5526047,0.302749087,9.007272727,0,11.285549268258768
2019-07-10,Poker Creek,2019-07-10T01:13:00Z,11.32,11.57464213,0.302164396,8.917,0,11.305091085739997
2019-07-10,Poker Creek,2019-07-10T01:28:00Z,11.32727273,11.60581222,0.303922387,8.828272727,0,11.325374064983178
2019-07-10,Poker Creek,2019-07-10T01:43:00Z,11.32272727,11.62497667,0.304310877,8.735909091,0,11.346169828364662
2019-07-10,Poker Creek,2019-07-10T01:58:00Z,11.34,11.65467626,0.306457358,8.644272727,13.2351298,11.367567879632226
2019-07-10,Poker Creek,2019-07-10T02:13:00Z,11.38181818,11.67910448,0.304310877,8.557545455,43.14152944,11.390267594325657
2019-07-10,Poker Creek,2019-07-10T02:28:00Z,11.42,11.70081967,0.303529982,8.473454545,76.31715924,11.41397410647833
2019-07-10,Poker Creek,2019-07-10T02:43:00Z,11.44727273,11.72439479,0.303141493,8.397454545,112.6199853,11.438679636746363
2019-07-10,Poker Creek,2019-07-10T02:58:00Z,11.47909091,11.74932539,0.301579704,8.321,151.8945855,11.464559157291559
2019-07-10,Poker Creek,2019-07-10T03:13:00Z,11.50363636,11.76240937,0.303529982,8.253,193.9728143,11.491033030066843
2019-07-10,Poker Creek,2019-07-10T03:28:00Z,11.52909091,11.78405501,0.304507079,8.193545455,238.6745233,11.517979079340305
2019-07-10,Poker Creek,2019-07-10T03:43:00Z,11.55363636,11.79818047,0.305091771,8.139,285.8083321,11.545478500318836
2019-07-10,Poker Creek,2019-07-10T03:58:00Z,11.58545455,11.81422082,0.305091771,8.089181818,335.1724476,11.573239051422124
2019-07-10,Poker Creek,2019-07-10T04:13:00Z,11.61909091,11.83206814,0.305872666,8.042181818,386.5555284,11.601511645255833
2019-07-10,Poker Creek,2019-07-10T04:28:00Z,11.65,11.83943089,0.302749087,8.004,439.7375888,11.629852204756768
2019-07-10,Poker Creek,2019-07-10T04:43:00Z,11.69090909,11.8448927,0.305676463,7.983,494.4909416,11.657626362663846
2019-07-10,Poker Creek,2019-07-10T04:58:00Z,11.72181818,11.84565916,0.305676463,7.974,550.5811721,11.684578787646087
2019-07-10,Poker Creek,2019-07-10T05:13:00Z,11.75,11.84475806,0.304895569,7.971,607.768142,11.710527528263315
2019-07-10,Poker Creek,2019-07-10T05:28:00Z,11.77181818,11.84937775,0.306457358,7.967818182,665.8070176,11.735803808340133
2019-07-10,Poker Creek,2019-07-10T05:43:00Z,11.80909091,11.84462478,0.304895569,7.976,724.4493177,11.76031658388644
2019-07-10,Poker Creek,2019-07-10T05:58:00Z,11.82818182,11.84972678,0.30548026,7.975,783.4439779,11.784207117915264
2019-07-10,Poker Creek,2019-07-10T06:13:00Z,11.84727273,11.84727273,0.306261155,7.974,842.5384249,11.80762336605645
2019-07-10,Poker Creek,2019-07-10T06:28:00Z,11.87272727,11.83721563,0.304310877,7.993090909,901.4796582,11.82985688108792
2019-07-10,Poker Creek,2019-07-10T06:43:00Z,11.9,11.82902584,0.306261155,8.016818182,960.0153334,11.850668938111006
2019-07-10,Poker Creek,2019-07-10T06:58:00Z,11.93,11.8310494,0.30548026,8.042,1017.894842,11.870825445914663
2019-07-10,Poker Creek,2019-07-10T07:13:00Z,11.94545455,11.81548422,0.308992328,8.069545455,1074.870385,11.889881643845094
2019-07-10,Poker Creek,2019-07-10T07:28:00Z,11.96181818,11.80831015,0.308211434,8.101363636,1130.698033,11.907408181234198
2019-07-10,Poker Creek,2019-07-10T07:43:00Z,11.96818182,11.80188256,0.310161712,8.128454545,1185.138772,11.924073159791702
2019-07-10,Poker Creek,2019-07-10T07:58:00Z,11.98090909,11.79012346,0.309188531,8.171,1237.959525,11.939670826103507
2019-07-10,Poker Creek,2019-07-10T08:13:00Z,11.99727273,11.77357481,0.309969426,8.227272727,1288.93415,11.953735657401149
2019-07-10,Poker Creek,2019-07-10T08:28:00Z,12.00363636,11.75674472,0.310554117,8.293454545,1337.84441,11.96599507939763
2019-07-10,Poker Creek,2019-07-10T08:43:00Z,12.00545455,11.7303251,0.311335012,8.379,1384.480905,11.975998771860318
2019-07-10,Poker Creek,2019-07-10T08:58:00Z,12.00454545,11.70863628,0.310357915,8.458363636,1428.64397,11.983714346741717
2019-07-10,Poker Creek,2019-07-10T09:13:00Z,12.00181818,11.6862884,0.308992328,8.538727273,1470.144531,11.989650808992572
2019-07-10,Poker Creek,2019-07-10T09:28:00Z,12,11.65048544,0.309384734,8.648545455,1508.80491,11.99301654831186
2019-07-10,Poker Creek,2019-07-10T09:43:00Z,12.00181818,11.61841063,0.310946523,8.776090909,1544.45959,11.993225048553763
2019-07-10,Poker Creek,2019-07-10T09:58:00Z,11.99636364,11.58458432,0.310554117,8.896181818,1576.955923,11.990652307134622
2019-07-10,Poker Creek,2019-07-10T10:13:00Z,11.98090909,11.54230163,0.311531215,9.039363636,1606.154783,11.984923736973663
2019-07-10,Poker Creek,2019-07-10T10:28:00Z,11.96,11.5,0.31075032,9.191909091,1631.931158,11.975780339518781
2019-07-10,Poker Creek,2019-07-10T10:43:00Z,11.94090909,11.46861084,0.311138809,9.316818182,1654.174694,11.964132874544884
2019-07-10,Poker Creek,2019-07-10T10:58:00Z,11.92181818,11.43230756,0.309384734,9.450818182,1672.790157,11.950549500190993
2019-07-10,Poker Creek,2019-07-10T11:13:00Z,11.89909091,11.40454823,0.311335012,9.562454545,1687.69785,11.93521485991324
2019-07-10,Poker Creek,2019-07-10T11:28:00Z,11.88,11.37633847,0.309969426,9.658090909,1698.833947,11.918657869841983
2019-07-10,Poker Creek,2019-07-10T11:43:00Z,11.85818182,11.3426087,0.31075032,9.782090909,1706.150771,11.90061196140899
2019-07-10,Poker Creek,2019-07-10T11:58:00Z,11.89181818,11.32064042,0.312700599,9.876,1709.616995,11.881226704359173
2019-07-10,Poker Creek,2019-07-10T12:13:00Z,11.83,11.29894938,0.31484708,9.933454545,1709.21778,11.861174574020728
2019-07-10,Poker Creek,2019-07-10T12:28:00Z,11.79090909,11.28022265,0.31075032,10.02018182,1704.954834,11.841041114227949
2019-07-10,Poker Creek,2019-07-10T12:43:00Z,11.76545455,11.25195618,0.314066185,10.12436364,1696.846407,11.820195319747395
2019-07-10,Poker Creek,2019-07-10T12:58:00Z,11.77,11.22020972,0.312312109,10.243,1684.927214,11.79762950834849
2019-07-10,Poker Creek,2019-07-10T13:13:00Z,11.76363636,11.17829993,0.31484708,10.40445455,1669.248283,11.772622509419644
2019-07-10,Poker Creek,2019-07-10T13:28:00Z,11.73,11.12903226,0.313481493,10.57736364,1649.87674,11.744213912003364
2019-07-10,Poker Creek,2019-07-10T13:43:00Z,11.68,11.08733172,0.314066185,10.748,1626.89552,11.712806709057451
2019-07-10,Poker Creek,2019-07-10T13:58:00Z,11.64363636,11.04614058,0.311919704,10.919,1600.403012,11.679145710991223
2019-07-10,Poker Creek,2019-07-10T14:13:00Z,11.61,11.00473934,0.31075032,11.05109091,1570.512638,11.643545384322497
2019-07-10,Poker Creek,2019-07-10T14:28:00Z,11.57454545,10.98059508,0.312700599,11.16536364,1537.352368,11.606916974653206
2019-07-10,Poker Creek,2019-07-10T14:43:00Z,11.53,10.94872238,0.316212666,11.30136364,1501.064169,11.569547761764488
2019-07-10,Poker Creek,2019-07-10T14:58:00Z,11.48,10.92293054,0.312896801,11.38818182,1461.803403,11.531695213286884
2019-07-10,Poker Creek,2019-07-10T15:13:00Z,11.45,10.9047619,0.312115907,11.47863636,1419.738156,11.494457653923437
2019-07-10,Poker Creek,2019-07-10T15:28:00Z,11.45,10.88403042,0.314262388,11.56236364,1375.048522,11.45766045276895
2019-07-10,Poker Creek,2019-07-10T15:43:00Z,11.43545455,10.87020394,0.314066185,11.61,1327.925831,11.421445731713707
2019-07-10,Poker Creek,2019-07-10T15:58:00Z,11.41818182,10.85941553,0.313481493,11.65145455,1278.571829,11.386464714492396
2019-07-10,Poker Creek,2019-07-10T16:13:00Z,11.37181818,10.84908933,0.312700599,11.69490909,1227.197814,11.352743968353531
2019-07-10,Poker Creek,2019-07-10T16:28:00Z,11.33181818,10.85612263,0.315431772,11.66263636,1174.023736,11.321054934083572
2019-07-10,Poker Creek,2019-07-10T16:43:00Z,11.29818182,10.86933706,0.314650877,11.61363636,1119.277247,11.292589759530514
2019-07-10,Poker Creek,2019-07-10T16:58:00Z,11.29,10.87668593,0.315431772,11.59163636,1063.192735,11.26701095051039
2019-07-10,Poker Creek,2019-07-10T17:13:00Z,11.28727273,10.87977567,0.315235569,11.57536364,1006.010314,11.24326441471869
2019-07-10,Poker Creek,2019-07-10T17:28:00Z,11.26727273,10.89103691,0.311138809,11.52072727,947.9748001,11.221511233051523
2019-07-10,Poker Creek,2019-07-10T17:43:00Z,11.25,10.90404441,0.311335012,11.46718182,889.3346602,11.202071445454997
2019-07-10,Poker Creek,2019-07-10T17:58:00Z,11.21,10.92979968,0.311335012,11.37227273,830.3409513,11.185380849911413
2019-07-10,Poker Creek,2019-07-10T18:13:00Z,11.19,10.9569165,0.310946523,11.26936364,771.2462436,11.171965970177062
2019-07-10,Poker Creek,2019-07-10T18:28:00Z,11.2,10.96963761,0.312115907,11.21045455,712.3035398,11.160595909550208
2019-07-10,Poker Creek,2019-07-10T18:43:00Z,11.20181818,10.98217469,0.309384734,11.153,653.765192,11.150173744879048
2019-07-10,Poker Creek,2019-07-10T18:58:00Z,11.19090909,11.00384375,0.312115907,11.07545455,595.881821,11.141112859725224
2019-07-10,Poker Creek,2019-07-10T19:13:00Z,11.18181818,11.0274341,0.312700599,10.98054545,538.9012438,11.1338778730043
2019-07-10,Poker Creek,2019-07-10T19:28:00Z,11.18454545,11.05788244,0.310554117,10.86536364,483.0674119,11.128860268012486
2019-07-10,Poker Creek,2019-07-10T19:43:00Z,11.18,11.09126984,0.313481493,10.74627273,428.6193678,11.126387351462837
2019-07-10,Poker Creek,2019-07-10T19:58:00Z,11.15272727,11.1163465,0.313481493,10.63618182,375.7902205,11.125852490958607
2019-07-10,Poker Creek,2019-07-10T20:13:00Z,11.13727273,11.14740673,0.311531215,10.537,324.8061485,11.126946588528721
2019-07-10,Poker Creek,2019-07-10T20:28:00Z,11.12272727,11.16943582,0.311335012,10.43845455,275.8854307,11.129342449861904
2019-07-10,Poker Creek,2019-07-10T20:43:00Z,11.11,11.19754444,0.312312109,10.33018182,229.2375126,11.132771744424126
2019-07-10,Poker Creek,2019-07-10T20:58:00Z,11.11363636,11.22589532,0.310165628,10.22418182,185.0621086,11.137532377338118
2019-07-10,Poker Creek,2019-07-10T21:13:00Z,11.13,11.25379171,0.31075032,10.11563636,143.5483481,11.143525022688017
2019-07-10,Poker Creek,2019-07-10T21:28:00Z,11.15181818,11.28518859,0.31075032,10.00236364,104.8739649,11.150873278041406
2019-07-10,Poker Creek,2019-07-10T21:43:00Z,11.16,11.31428571,0.309580936,9.896636364,69.20453652,11.159551765112862
2019-07-10,Poker Creek,2019-07-10T21:58:00Z,11.16,11.33832086,0.308603839,9.797090909,36.69277563,11.169056927134402
2019-07-10,Poker Creek,2019-07-10T22:13:00Z,11.16,11.36456212,0.310165628,9.704272727,7.477875749,11.179272653544789
2019-07-10,Poker Creek,2019-07-10T22:28:00Z,11.16,11.3877551,0.308603839,9.614454545,0,11.190475980480526
2019-07-10,Poker Creek,2019-07-10T22:43:00Z,11.15636364,11.41369048,0.30821535,9.522090909,0,11.202990383919696
2019-07-10,Poker Creek,2019-07-10T22:58:00Z,11.15545455,11.4361603,0.308800042,9.427272727,0,11.21678326636381
2019-07-10,Poker Creek,2019-07-10T23:13:00Z,11.16272727,11.46070562,0.308603839,9.340454545,0,11.23162861785217
2019-07-10,Poker Creek,2019-07-10T23:28:00Z,11.18,11.48701663,0.309188531,9.259363636,0,11.247625040606856
2019-07-10,Poker Creek,2019-07-10T23:43:00Z,11.20181818,11.50620973,0.306849763,9.184,0,11.264297782013841
2019-07-10,Poker Creek,2019-07-10T23:58:00Z,11.23,11.52224606,0.307238252,9.115,0,11.280986240493263
2019-07-30,Blacktail Deer Creek,2019-07-30T00:03:00Z,10.4,7.84179888440289,0.15026511638477452,13.289,0,10.4
2019-07-30,Blacktail Deer Creek,2019-07-30T00:18:00Z,10.41,7.845195803618015,0.14946070863238697,13.239,0,10.430508517064416
2019-07-30,Blacktail Deer Creek,2019-07-30T00:33:00Z,10.42,7.836094760620755,0.1504055181325603,13.175,0,10.459343817783118
2019-07-30,Blacktail Deer Creek,2019-07-30T00:48:00Z,10.42,7.85064210785202,0.15034704833357362,13.117,0,10.486496247624373
2019-07-30,Blacktail Deer Creek,2019-07-30T01:03:00Z,10.44,7.865975978183083,0.15101487197147137,13.042,0,10.512903512113201
2019-07-30,Blacktail Deer Creek,2019-07-30T01:18:00Z,10.46,7.8879101639322045,0.15059232561792704,12.939,0,10.539096829674465
2019-07-30,Blacktail Deer Creek,2019-07-30T01:33:00Z,10.48,7.9065750185219965,0.15191814086392866,12.829,0,10.564884372586569
2019-07-30,Blacktail Deer Creek,2019-07-30T01:48:00Z,10.51,7.928745354208591,0.1521547196560865,12.725,0,10.589931025544692
2019-07-30,Blacktail Deer Creek,2019-07-30T02:03:00Z,10.54,7.951285442571256,0.15241717218548814,12.608,0,10.614986506392421
2019-07-30,Blacktail Deer Creek,2019-07-30T02:18:00Z,10.57,7.97366329034944,0.1518569720460021,12.499,0,10.640502839634262
2019-07-30,Blacktail Deer Creek,2019-07-30T02:33:00Z,10.6,7.994152643675341,0.15184167236608384,12.394,0,10.666530102389752
2019-07-30,Blacktail Deer Creek,2019-07-30T02:48:00Z,10.63,8.011914236701836,0.15373140353480272,12.294,0,10.691566506392554
2019-07-30,Blacktail Deer Creek,2019-07-30T03:03:00Z,10.65,8.03063528626373,0.15285265367461479,12.196,0,10.716071714564748
2019-07-30,Blacktail Deer Creek,2019-07-30T03:18:00Z,10.67,8.052624915863932,0.1529470054744551,12.102,0,10.741151733136622
2019-07-30,Blacktail Deer Creek,2019-07-30T03:33:00Z,10.7,8.071507283749922,0.15473337894238434,12.022,0,10.765312738536
2019-07-30,Blacktail Deer Creek,2019-07-30T03:48:00Z,10.73,8.09316070639048,0.15404820571238625,11.965,0,10.788939532756784
2019-07-30,Blacktail Deer Creek,2019-07-30T04:03:00Z,10.75,8.104534109157717,0.15333454833702798,11.895,0,10.813187346380962
2019-07-30,Blacktail Deer Creek,2019-07-30T04:18:00Z,10.77,8.11285347214197,0.15443781181218869,11.83,0,10.836733947043323
2019-07-30,Blacktail Deer Creek,2019-07-30T04:33:00Z,10.78,8.127688031485516,0.15404448597533102,11.762,0,10.859530864658982
2019-07-30,Blacktail Deer Creek,2019-07-30T04:48:00Z,10.81,8.142923322849855,0.1557447666683418,11.681,11.62171888332962,10.881390233811363
2019-07-30,Blacktail Deer Creek,2019-07-30T05:03:00Z,10.84,8.16096011795104,0.15487707138669712,11.599,108.7311867689958,10.901609435672079
2019-07-30,Blacktail Deer Creek,2019-07-30T05:18:00Z,10.88,8.174069724321214,0.15615519408923997,11.526,207.6548914942783,10.919453943279063
2019-07-30,Blacktail Deer Creek,2019-07-30T05:33:00Z,10.92,8.185218924483715,0.15591209646314505,11.475,307.96920923340093,10.93444601166408
2019-07-30,Blacktail Deer Creek,2019-07-30T05:48:00Z,10.95,8.191386622203439,0.1561117082190636,11.436,409.2445609334875,10.94702255599589
2019-07-30,Blacktail Deer Creek,2019-07-30T06:03:00Z,10.98,8.195724258379128,0.156905243490739,11.412,511.0472519943493,10.956559052148222
2019-07-30,Blacktail Deer Creek,2019-07-30T06:18:00Z,11.01,8.194645275508107,0.1558939253260009,11.405,612.941329330095,10.963542356521907
2019-07-30,Blacktail Deer Creek,2019-07-30T06:33:00Z,11.02,8.19570237215983,0.15704868821775306,11.406,714.490448372986,10.967814830930799
2019-07-30,Blacktail Deer Creek,2019-07-30T06:48:00Z,11.05,8.191163843227198,0.1574953217802862,11.433,815.2597416204892,10.968690176373068
2019-07-30,Blacktail Deer Creek,2019-07-30T07:03:00Z,11.06,8.185789674318833,0.1571417910757211,11.46,914.8176808844304,10.966858746264661
2019-07-30,Blacktail Deer Creek,2019-07-30T07:18:00Z,11.06,8.180213625321192,0.1579111546523466,11.487,1012.7379252672962,10.962331227327564
2019-07-30,Blacktail Deer Creek,2019-07-30T07:33:00Z,11.06,8.170322202184826,0.15689447487001804,11.535,1108.6011467993599,10.955415444757014
2019-07-30,Blacktail Deer Creek,2019-07-30T07:48:00Z,11.06,8.152227146705947,0.15805637207660617,11.617,1201.9968263234491,10.94569302742302
2019-07-30,Blacktail Deer Creek,2019-07-30T08:03:00Z,11.05,8.125223354642436,0.15824723974589294,11.737,1292.5250113058994,10.932260125069984
2019-07-30,Blacktail Deer Creek,2019-07-30T08:18:00Z,11.04,8.091588136368983,0.15767328865513056,11.897,1379.7980286748455,10.91555324841383
2019-07-30,Blacktail Deer Creek,2019-07-30T08:33:00Z,11.01,8.053673702834615,0.15744898639703608,12.08,1463.442144949037,10.895568432832535
2019-07-30,Blacktail Deer Creek,2019-07-30T08:48:00Z,10.97,8.012999435732745,0.15795722726310507,12.279,1543.0991667213784,10.87184316615943
2019-07-30,Blacktail Deer Creek,2019-07-30T09:03:00Z,10.94,7.96994030330229,0.15788278930180075,12.499,1618.4279745071826,10.844383249609834
2019-07-30,Blacktail Deer Creek,2019-07-30T09:18:00Z,10.9,7.924737997164429,0.15876457275249423,12.733,1689.105983611802,10.813146097285863
2019-07-30,Blacktail Deer Creek,2019-07-30T09:33:00Z,10.85,7.875569374522156,0.15848343757422068,12.989,1754.8305255510836,10.778269793032097
2019-07-30,Blacktail Deer Creek,2019-07-30T09:48:00Z,10.8,7.823175028483486,0.15834250622700033,13.264,1815.3201441395088,10.740166234909262
2019-07-30,Blacktail Deer Creek,2019-07-30T10:03:00Z,10.74,7.768363940679974,0.15711315544849683,13.56,1870.315800849373,10.69922966487129
2019-07-30,Blacktail Deer Creek,2019-07-30T10:18:00Z,10.67,7.7133108568878885,0.15817306655230287,13.858,1919.5819841075843,10.655146008668588
2019-07-30,Blacktail Deer Creek,2019-07-30T10:33:00Z,10.6,7.657570141835456,0.1588557339246002,14.164,1962.907717809465,10.60744018957099
2019-07-30,Blacktail Deer Creek,2019-07-30T10:48:00Z,10.54,7.602777271487286,0.158458792149371,14.462,2000.1074648567326,10.556987558579658
2019-07-30,Blacktail Deer Creek,2019-07-30T11:03:00Z,10.48,7.5533927119517195,0.15887325328117113,14.743,2031.021921658765,10.504404839879335
2019-07-30,Blacktail Deer Creek,2019-07-30T11:18:00Z,10.36,7.534989072867249,0.15865926036612116,14.837,2055.5187003735446,10.451361056506572
2019-07-30,Blacktail Deer Creek,2019-07-30T11:33:00Z,10.34,7.490262136157049,0.15832839969459836,15.081,2073.492895844014,10.398514339439176
2019-07-30,Blacktail Deer Creek,2019-07-30T11:48:00Z,10.32,7.446359350419207,0.1575523136424745,15.338,2084.8675348396578,10.345127952526576
2019-07-30,Blacktail Deer Creek,2019-07-30T12:03:00Z,10.26,7.39955303297021,0.15737764946254248,15.618,2089.5939057061964,10.291187930543051
2019-07-30,Blacktail Deer Creek,2019-07-30T12:18:00Z,10.19,7.340244688245184,0.15750244795247656,15.986,2087.651766986599,10.235860168407477
2019-07-30,Blacktail Deer Creek,2019-07-30T12:33:00Z,10.1,7.289807842209236,0.15818013357517938,16.305,2079.0494341082613,10.178873152051542
2019-07-30,Blacktail Deer Creek,2019-07-30T12:48:00Z,10.04,7.249555216070565,0.15658516234554945,16.556,2063.823743789242,10.121913666401674
2019-07-30,Blacktail Deer Creek,2019-07-30T13:03:00Z,9.98,7.217471390344508,0.1562818937963468,16.762,2042.03989631419,10.066284083472734
2019-07-30,Blacktail Deer Creek,2019-07-30T13:18:00Z,9.92,7.186789122892746,0.15640478287658494,16.956,2013.7911763222148,10.011848134649128
2019-07-30,Blacktail Deer Creek,2019-07-30T13:33:00Z,9.86,7.160272916125913,0.15616968415667346,17.132,1979.1985533565567,9.958899299050973
2019-07-30,Blacktail Deer Creek,2019-07-30T13:48:00Z,9.81,7.131925299930649,0.1558357500400796,17.317,1938.4101638534448,9.90776425844499
2019-07-30,Blacktail Deer Creek,2019-07-30T14:03:00Z,9.77,7.112663611548256,0.1551856869422256,17.447,1891.600676751736,9.85896506506403
2019-07-30,Blacktail Deer Creek,2019-07-30T14:18:00Z,9.74,7.101481978537199,0.1552223476117763,17.525,1838.9705455553114,9.813114485503204
2019-07-30,Blacktail Deer Creek,2019-07-30T14:33:00Z,9.71,7.090738138632029,0.15507560393878325,17.599,1780.745149868268,9.770358558374841
2019-07-30,Blacktail Deer Creek,2019-07-30T14:48:00Z,9.69,7.077826000713229,0.15373140353480272,17.695,1717.173830352678,9.731108865240827
2019-07-30,Blacktail Deer Creek,2019-07-30T15:03:00Z,9.65,7.08407004193305,0.1534620585958348,17.669,1648.528820890845,9.69605898859663
2019-07-30,Blacktail Deer Creek,2019-07-30T15:18:00Z,9.68,7.095780453640041,0.15407052047416658,17.596,1575.1040827799927,9.665371316782595
2019-07-30,Blacktail Deer Creek,2019-07-30T15:33:00Z,9.68,7.1100088666961065,0.15343207468553147,17.51,1497.2140460122803,9.639399482548338
2019-07-30,Blacktail Deer Creek,2019-07-30T15:48:00Z,9.58,7.139413105595435,0.1531767509359184,17.363,1415.1922626499893,9.618988689496822
2019-07-30,Blacktail Deer Creek,2019-07-30T16:03:00Z,9.62,7.16086687550267,0.1533533127555572,17.275,1329.3899785230326,9.603759908759868
2019-07-30,Blacktail Deer Creek,2019-07-30T16:18:00Z,9.7,7.173569509939869,0.15204796609969062,17.188,1240.1746290576393,9.5933282831498
2019-07-30,Blacktail Deer Creek,2019-07-30T16:33:00Z,9.71,7.191040253448778,0.15243995271822294,17.076,1147.928265818525,9.58730169738483
2019-07-30,Blacktail Deer Creek,2019-07-30T16:48:00Z,9.75,7.199658320961653,0.15245134050687123,16.994,1053.0459203358078,9.58475871814753
2019-07-30,Blacktail Deer Creek,2019-07-30T17:03:00Z,9.75,7.205007362236323,0.1518569720460021,16.943,955.9339126162245,9.585526324535314
2019-07-30,Blacktail Deer Creek,2019-07-30T17:18:00Z,9.71,7.219508150477026,0.15210136105842262,16.847,857.0081109651207,9.589544196138942
2019-07-30,Blacktail Deer Creek,2019-07-30T17:33:00Z,9.68,7.23358913271937,0.15088331494754134,16.753,756.6921511920355,9.597314691505366
2019-07-30,Blacktail Deer Creek,2019-07-30T17:48:00Z,9.7,7.25003469957868,0.15058455095099152,16.639,655.4156224009445,9.609006564085911
2019-07-30,Blacktail Deer Creek,2019-07-30T18:03:00Z,9.7,7.271201567789075,0.1498227482900534,16.509,553.6122274436308,9.624482753791387
2019-07-30,Blacktail Deer Creek,2019-07-30T18:18:00Z,9.71,7.2910402722335625,0.15103806483507984,16.381,451.71792548652826,9.642870244108943
2019-07-30,Blacktail Deer Creek,2019-07-30T18:33:00Z,9.72,7.310868158489705,0.15035094769352988,16.254,350.1690651822579,9.663914227766222
2019-07-30,Blacktail Deer Creek,2019-07-30T18:48:00Z,9.72,7.333841254380029,0.15014010069454606,16.108,249.40051603914318,9.688316404247805
2019-07-30,Blacktail Deer Creek,2019-07-30T19:03:00Z,9.74,7.361213478310815,0.14953955770442875,15.943,149.84380614847512,9.716119647898926
2019-07-30,Blacktail Deer Creek,2019-07-30T19:18:00Z,9.76,7.388747704231778,0.1482481202943745,15.792,51.925274221621805,9.747858550620695
2019-07-30,Blacktail Deer Creek,2019-07-30T19:33:00Z,9.79,7.41716670976258,0.1487314776229479,15.643,0,9.782145403198085
2019-07-30,Blacktail Deer Creek,2019-07-30T19:48:00Z,9.83,7.447855021309254,0.14882698850807055,15.502,0,9.816964783377589
2019-07-30,Blacktail Deer Creek,2019-07-30T20:03:00Z,9.86,7.4715659335701154,0.14813984529536509,15.395,0,9.852131586207664
2019-07-30,Blacktail Deer Creek,2019-07-30T20:18:00Z,9.89,7.500757348447997,0.14911280962947251,15.282,0,9.887030709770036
2019-07-30,Blacktail Deer Creek,2019-07-30T20:33:00Z,9.92,7.53454060855488,0.14952379434648475,15.165,0,9.921356993757986
2019-07-30,Blacktail Deer Creek,2019-07-30T20:48:00Z,9.95,7.5506250289729815,0.15017528177882802,15.048,0,9.954968746410964
2019-07-30,Blacktail Deer Creek,2019-07-30T21:03:00Z,9.97,7.550082760227762,0.14993651816006165,14.93,0,9.987303813177768
2019-07-30,Blacktail Deer Creek,2019-07-30T21:18:00Z,9.99,7.569485591935264,0.15071661446728335,14.817,0,10.018457834794964
2019-07-30,Blacktail Deer Creek,2019-07-30T21:33:00Z,10.01,7.585479021541915,0.15180341006817852,14.699,0,10.048235849415617
2019-07-30,Blacktail Deer Creek,2019-07-30T21:48:00Z,10.04,7.605450650084259,0.15133509492035802,14.583,0,10.077436339847582
2019-07-30,Blacktail Deer Creek,2019-07-30T22:03:00Z,10.07,7.6306235742168,0.15159646941894303,14.454,0,10.106830731055277
2019-07-30,Blacktail Deer Creek,2019-07-30T22:18:00Z,10.11,7.65268389064049,0.15216614891662852,14.322,0,10.135926482278343
2019-07-30,Blacktail Deer Creek,2019-07-30T22:33:00Z,10.15,7.675039025714744,0.1521890024398063,14.195,0,10.1647909858945
2019-07-30,Blacktail Deer Creek,2019-07-30T22:48:00Z,10.18,7.699764171161655,0.15337582417619094,14.076,0,10.193156916541572
2019-07-30,Blacktail Deer Creek,2019-07-30T23:03:00Z,10.21,7.720968388918162,0.15428590713888882,13.964,0,10.220518131198759
2019-07-30,Blacktail Deer Creek,2019-07-30T23:18:00Z,10.24,7.744740320710394,0.15298471457714058,13.843,0,10.24825241954178
2019-07-30,Blacktail Deer Creek,2019-07-30T23:33:00Z,10.27,7.768139331103943,0.1539775008716833,13.716,0,10.276381693051302
2019-07-30,Blacktail Deer Creek,2019-07-30T23:48:00Z,10.31,7.790083705289777,0.1542710716197774,13.589,0,10.3039896538562
2019-08-03,McRae Creek,NA,NA,NA,NA,NA,NA,NA
2019-08-06,Martha Creek,2019-08-06T00:03:00Z,8.75,11.276053539080651,0.1141339286,8.322,0,8.75
2019-08-06,Martha Creek,2019-08-06T00:18:00Z,8.76,11.281145195040171,0.1141339286,8.305,0,8.7548966881183
2019-08-06,Martha Creek,2019-08-06T00:33:00Z,8.76,11.285721888297948,0.1141339286,8.304,0,8.759580219110664
2019-08-06,Martha Creek,2019-08-06T00:48:00Z,8.76,11.289902963361671,0.1141339286,8.265,0,8.763739457419437
2019-08-06,Martha Creek,2019-08-06T01:03:00Z,8.79,11.294725027268669,0.1141339286,8.278,0,8.767723702954195
2019-08-06,Martha Creek,2019-08-06T01:18:00Z,8.79,11.300092743897487,0.1141339286,8.213,0,8.771488741163738
2019-08-06,Martha Creek,2019-08-06T01:33:00Z,8.79,11.305910777126673,0.1141339286,8.217,0,8.775157201362902
2019-08-06,Martha Creek,2019-08-06T01:48:00Z,8.8,11.312083790834771,0.1141339286,8.18,0,8.779183073243702
2019-08-06,Martha Creek,2019-08-06T02:03:00Z,8.81,11.317840509030454,0.1141339286,8.183,0,8.783436477632037
2019-08-06,Martha Creek,2019-08-06T02:18:00Z,8.81,11.3253937901366,0.1141339286,8.158,0,8.788187841410787
2019-08-06,Martha Creek,2019-08-06T02:33:00Z,8.81,11.336752295613653,0.1141339286,8.116,0,8.793655534288144
2019-08-06,Martha Creek,2019-08-06T02:48:00Z,8.82,11.3311419882659,0.1141339286,8.139,0,8.79812492895209
2019-08-06,Martha Creek,2019-08-06T03:03:00Z,8.82,11.349259365363329,0.1141339286,8.08,0,8.802750510374555
2019-08-06,Martha Creek,2019-08-06T03:18:00Z,8.83,11.352822068906784,0.1141339286,8.072,0,8.808553137580738
2019-08-06,Martha Creek,2019-08-06T03:33:00Z,8.82,11.350009740391659,0.1141339286,8.082,0,8.812719401361898
2019-08-06,Martha Creek,2019-08-06T03:48:00Z,8.82,11.370927592551142,0.1141339286,8.017,0,8.817782471718324
2019-08-06,Martha Creek,2019-08-06T04:03:00Z,8.85,11.371680650182062,0.1141339286,8.041,0,8.824165731440882
2019-08-06,Martha Creek,2019-08-06T04:18:00Z,8.84,11.377991415415273,0.1141339286,7.997,0,8.829463261403594
2019-08-06,Martha Creek,2019-08-06T04:33:00Z,8.87,11.384018652642391,0.1141339286,7.971,0,8.834270390808921
2019-08-06,Martha Creek,2019-08-06T04:48:00Z,8.88,11.389779305670855,0.1141339286,7.963,0,8.839041513423824
2019-08-06,Martha Creek,2019-08-06T05:03:00Z,8.88,11.395290318308106,0.1141339286,7.92,71.57196011589117,8.84514780861263
2019-08-06,Martha Creek,2019-08-06T05:18:00Z,8.89,11.397193227719367,0.1141339286,7.94,170.09396578332579,8.854130902486338
2019-08-06,Martha Creek,2019-08-06T05:33:00Z,8.9,11.408373429569563,0.1141339286,7.908,269.9871253422498,8.866740024464141
2019-08-06,Martha Creek,2019-08-06T05:48:00Z,8.89,11.412982878627998,0.1141339286,7.893,370.8236199542193,8.881960769883666
2019-08-06,Martha Creek,2019-08-06T06:03:00Z,8.92,11.41113859274809,0.1141339286,7.899,472.1715905617458,8.897459557637658
2019-08-06,Martha Creek,2019-08-06T06:18:00Z,8.92,11.418519789167107,0.1141339286,7.875,573.5969873840174,8.913493502910523
2019-08-06,Martha Creek,2019-08-06T06:33:00Z,8.94,11.420674675038397,0.1141339286,7.868,674.6654288506348,8.93036531324044
2019-08-06,Martha Creek,2019-08-06T06:48:00Z,8.94,11.417728349995734,0.1141339286,7.882,774.9440620117149,8.946626375187218
2019-08-06,Martha Creek,2019-08-06T07:03:00Z,8.97,11.431576854002804,0.1141339286,7.84,874.003416347496,8.963829859726252
2019-08-06,Martha Creek,2019-08-06T07:18:00Z,9.01,11.424501712865533,0.1141339286,7.86,971.4192430159511,8.981060015432925
2019-08-06,Martha Creek,2019-08-06T07:33:00Z,9.01,11.429433509518889,0.1141339286,7.844,1066.774331895244,8.997143755958131
2019-08-06,Martha Creek,2019-08-06T07:48:00Z,9.03,11.430845830077445,0.1141339286,7.835,1159.6602984012675,9.013316990473017
2019-08-06,Martha Creek,2019-08-06T08:03:00Z,9.03,11.423754680560455,0.1141339286,7.858,1249.679332436378,9.028004154529363
2019-08-06,Martha Creek,2019-08-06T08:18:00Z,9.04,11.428116602259225,0.1141339286,7.835,1336.4459022245576,9.041825402533307
2019-08-06,Martha Creek,2019-08-06T08:33:00Z,9.03,11.412452210779488,0.1141339286,7.877,1419.5884053668567,9.05377170140203
2019-08-06,Martha Creek,2019-08-06T08:48:00Z,9.08,11.415397609353413,0.1141339286,7.863,1498.750760411033,9.064117251890417
2019-08-06,Martha Creek,2019-08-06T09:03:00Z,9.07,11.40467383030139,0.1141339286,7.889,1573.5939318705418,9.073745472099016
2019-08-06,Martha Creek,2019-08-06T09:18:00Z,9.08,11.402082568671894,0.1141339286,7.893,1643.7973821876515,9.082007506980064
2019-08-06,Martha Creek,2019-08-06T09:33:00Z,9.09,11.40102754855111,0.1141339286,7.892,1709.0604446116342,9.090303404818496
2019-08-06,Martha Creek,2019-08-06T09:48:00Z,9.1,11.382640798031298,0.1141339286,7.949,1769.1036108254161,9.096502663985726
2019-08-06,Martha Creek,2019-08-06T10:03:00Z,9.08,11.38449993456643,0.1141339286,7.937,1823.6697280832716,9.101336602555469
2019-08-06,Martha Creek,2019-08-06T10:18:00Z,9.08,11.365494782027332,0.1141339286,7.991,1872.5251005319656,9.104834194856751
2019-08-06,Martha Creek,2019-08-06T10:33:00Z,9.09,11.35780978174004,0.1141339286,8.011,1915.4604901014093,9.105990834612976
2019-08-06,Martha Creek,2019-08-06T10:48:00Z,9.11,11.348390845328314,0.1141339286,8.033,1952.2920126036765,9.106394972019547
2019-08-06,Martha Creek,2019-08-06T11:03:00Z,9.11,11.328200555496078,0.1141339286,8.095,1982.8619253269856,9.10448089080517
2019-08-06,Martha Creek,2019-08-06T11:18:00Z,9.11,11.326396193270872,0.1141339286,8.092,2007.0393025828396,9.101592839299798
2019-08-06,Martha Creek,2019-08-06T11:33:00Z,9.11,11.306289938535253,0.1141339286,8.145,2024.7205964986829,9.097657082892717
2019-08-06,Martha Creek,2019-08-06T11:48:00Z,9.12,11.298446997695265,0.1141339286,8.162,2035.8300804587043,9.091962525137797
2019-08-06,Martha Creek,2019-08-06T12:03:00Z,9.1,11.290912945879965,0.1141339286,8.181,2040.320173456216,9.086348765153863
2019-08-06,Martha Creek,2019-08-06T12:18:00Z,9.09,11.272411824268369,0.1141339286,8.235,2038.1716438968883,9.079203464897844
2019-08-06,Martha Creek,2019-08-06T12:33:00Z,9.11,11.271885182425537,0.1141339286,8.23,2029.3936919657262,9.071544418447848
2019-08-06,Martha Creek,2019-08-06T12:48:00Z,9.08,11.240215706619944,0.1141339286,8.329,2014.023910241167,9.061624572776088
2019-08-06,Martha Creek,2019-08-06T13:03:00Z,9.07,11.239760472581134,0.1141339286,8.326,1992.128122725255,9.049874350215504
2019-08-06,Martha Creek,2019-08-06T13:18:00Z,9.06,11.222749505327007,0.1141339286,8.371,1963.8001029154193,9.038306274030202
2019-08-06,Martha Creek,2019-08-06T13:33:00Z,9.05,11.217975987754713,0.1141339286,8.381,1929.1611722436417,9.026035587285792
2019-08-06,Martha Creek,2019-08-06T13:48:00Z,9.04,11.219165791293499,0.1141339286,8.377,1888.3596804756787,9.015337354806501
2019-08-06,Martha Creek,2019-08-06T14:03:00Z,9.01,11.20237577217954,0.1141339286,8.429,1841.5703703659706,9.003999926755595
2019-08-06,Martha Creek,2019-08-06T14:18:00Z,9,11.200363386761186,0.1141339286,8.432,1788.9936293224291,8.991529105564956
2019-08-06,Martha Creek,2019-08-06T14:33:00Z,8.96,11.18859129151337,0.1141339286,8.471,1730.8546311687405,8.978668992913814
2019-08-06,Martha Creek,2019-08-06T14:48:00Z,8.96,11.17957492995117,0.1141339286,8.5,1667.4023717958078,8.964462563787132
2019-08-06,Martha Creek,2019-08-06T15:03:00Z,8.94,11.174334672423587,0.1141339286,8.517,1598.908602776106,8.949892190752685
2019-08-06,Martha Creek,2019-08-06T15:18:00Z,8.9,11.154660115477927,0.1141339286,8.577,1525.6666675215401,8.933501503694222
2019-08-06,Martha Creek,2019-08-06T15:33:00Z,8.91,11.151429699518541,0.1141339286,8.588,1447.9902449435133,8.915902722040277
2019-08-06,Martha Creek,2019-08-06T15:48:00Z,8.87,11.13309200237688,0.1141339286,8.646,1366.2120061036987,8.897467497624268
2019-08-06,Martha Creek,2019-08-06T16:03:00Z,8.85,11.13355477647757,0.1141339286,8.649,1280.682189426868,8.878776760119072
2019-08-06,Martha Creek,2019-08-06T16:18:00Z,8.85,11.122161276120725,0.1141339286,8.688,1191.767100637632,8.860645754384114
2019-08-06,Martha Creek,2019-08-06T16:33:00Z,8.8,11.116415348644846,0.1141339286,8.71,1099.847544068331,8.841984283352744
2019-08-06,Martha Creek,2019-08-06T16:48:00Z,8.79,11.117084604194403,0.1141339286,8.71,1005.3171917677793,8.824322668115672
2019-08-06,Martha Creek,2019-08-06T17:03:00Z,8.79,11.101460643201758,0.1141339286,8.766,908.5808973671004,8.8060501482827
2019-08-06,Martha Creek,2019-08-06T17:18:00Z,8.77,11.10782682913276,0.1141339286,8.751,810.0529622502531,8.78800495456896
2019-08-06,Martha Creek,2019-08-06T17:33:00Z,8.75,11.102305539013201,0.1141339286,8.77,710.1553612699637,8.771250741635393
2019-08-06,Martha Creek,2019-08-06T17:48:00Z,8.75,11.104221970780008,0.1141339286,8.768,609.3159353362444,8.754773735159016
2019-08-06,Martha Creek,2019-08-06T18:03:00Z,8.73,11.110162913584285,0.1141339286,8.756,507.9665592465314,8.73992201691029
2019-08-06,Martha Creek,2019-08-06T18:18:00Z,8.72,11.100530179423743,0.1141339286,8.793,406.5412919763135,8.724783398951015
2019-08-06,Martha Creek,2019-08-06T18:33:00Z,8.69,11.110733379712897,0.1141339286,8.764,305.47451761056067,8.709940238193141
2019-08-06,Martha Creek,2019-08-06T18:48:00Z,8.69,11.112362419248187,0.1141339286,8.763,205.19908512518586,8.696685984815103
2019-08-06,Martha Creek,2019-08-06T19:03:00Z,8.68,11.11868138271824,0.1141339286,8.752,106.14445447235425,8.684151357570084
2019-08-06,Martha Creek,2019-08-06T19:18:00Z,8.66,11.127901762934535,0.1141339286,8.728,8.734857313793123,8.673111817841097
2019-08-06,Martha Creek,2019-08-06T19:33:00Z,8.66,11.12264583926148,0.1141339286,8.756,0,8.663757876921338
2019-08-06,Martha Creek,2019-08-06T19:48:00Z,8.65,11.144051573299391,0.1141339286,8.704,0,8.659355761129133
2019-08-06,Martha Creek,2019-08-06T20:03:00Z,8.64,11.144445545715282,0.1141339286,8.708,0,8.659189555862772
2019-08-06,Martha Creek,2019-08-06T20:18:00Z,8.64,11.155431762135732,0.1141339286,8.675,0,8.660527694078823
2019-08-06,Martha Creek,2019-08-06T20:33:00Z,8.63,11.160409332492705,0.1141339286,8.658,0,8.663388906211251
2019-08-06,Martha Creek,2019-08-06T20:48:00Z,8.64,11.157773506463418,0.1141339286,8.667,0,8.665640838643501
2019-08-06,Martha Creek,2019-08-06T21:03:00Z,8.64,11.173960417329253,0.1141339286,8.608,0,8.668755724090042
2019-08-06,Martha Creek,2019-08-06T21:18:00Z,8.66,11.169792864048206,0.1141339286,8.626,0,8.672327427618654
2019-08-06,Martha Creek,2019-08-06T21:33:00Z,8.65,11.188484312907818,0.1141339286,8.567,0,8.676598716746165
2019-08-06,Martha Creek,2019-08-06T21:48:00Z,8.67,11.18406724134533,0.1141339286,8.582,0,8.681284251445273
2019-08-06,Martha Creek,2019-08-06T22:03:00Z,8.66,11.192610554812408,0.1141339286,8.553,0,8.68500899530335
2019-08-06,Martha Creek,2019-08-06T22:18:00Z,8.67,11.201921976063144,0.1141339286,8.526,0,8.689738840944319
2019-08-06,Martha Creek,2019-08-06T22:33:00Z,8.67,11.201626614074735,0.1141339286,8.527,0,8.694120792531056
2019-08-06,Martha Creek,2019-08-06T22:48:00Z,8.69,11.216849319592558,0.1141339286,8.471,0,8.698861106197926
2019-08-06,Martha Creek,2019-08-06T23:03:00Z,8.68,11.214639574000357,0.1141339286,8.483,0,8.703673534066395
2019-08-06,Martha Creek,2019-08-06T23:18:00Z,8.69,11.22471895606065,0.1141339286,8.449,0,8.70797852130708
2019-08-06,Martha Creek,2019-08-06T23:33:00Z,8.71,11.230585512148577,0.1141339286,8.43,0,8.712843804105976
2019-08-06,Martha Creek,2019-08-06T23:48:00Z,8.7,11.2365564756401,0.1141339286,8.415,0,8.71766750907111
2019-08-10,Blaine Creek,2019-08-10T00:04:00Z,5.6355,9.200208821881066,0.28,14.2425,0,5.6355
2019-08-10,Blaine Creek,2019-08-10T00:19:00Z,5.6305,9.21278281939701,0.28,14.173,0,5.612277326856855
2019-08-10,Blaine Creek,2019-08-10T00:34:00Z,5.632999999999999,9.220356097904231,0.28,14.134,0,5.5927198170114085
2019-08-10,Blaine Creek,2019-08-10T00:49:00Z,5.6434999999999995,9.245498064450434,0.28,14.008,0,5.576793995172676
2019-08-10,Blaine Creek,2019-08-10T01:04:00Z,5.6505,9.258438456104065,0.28,13.943,0,5.5641981557703
2019-08-10,Blaine Creek,2019-08-10T01:19:00Z,5.6615,9.285619144427201,0.28,13.808,0,5.554549645438423
2019-08-10,Blaine Creek,2019-08-10T01:34:00Z,5.6695,9.3029916058898,0.28,13.7255,0,5.547625777139544
2019-08-10,Blaine Creek,2019-08-10T01:49:00Z,5.6995000000000005,9.325268668553496,0.28,13.6205,0,5.542932191376115
2019-08-10,Blaine Creek,2019-08-10T02:04:00Z,5.7085,9.335601000636196,0.28,13.5725,0,5.539943233880631
2019-08-10,Blaine Creek,2019-08-10T02:19:00Z,5.724,9.361558756329057,0.28,13.4505,0,5.538551596762291
2019-08-10,Blaine Creek,2019-08-10T02:34:00Z,5.7285,9.368031065275819,0.28,13.4195,0,5.53841175323242
2019-08-10,Blaine Creek,2019-08-10T02:49:00Z,5.7465,9.391900519742896,0.28,13.3055,0,5.539271498228436
2019-08-10,Blaine Creek,2019-08-10T03:04:00Z,5.7490000000000006,9.397359464101863,0.28,13.279499999999999,0,5.54096915380661
2019-08-10,Blaine Creek,2019-08-10T03:19:00Z,5.7684999999999995,9.415772098047126,0.28,13.192,0,5.543218351620441
2019-08-10,Blaine Creek,2019-08-10T03:34:00Z,5.784,9.426637441660889,0.28,13.144,0,5.5461450065246085
2019-08-10,Blaine Creek,2019-08-10T03:49:00Z,5.798,9.432498770383898,0.28,13.121500000000001,0,5.549293872664911
2019-08-10,Blaine Creek,2019-08-10T04:04:00Z,5.806,9.4378904035061,0.28,13.099499999999999,0,5.552461174798714
2019-08-10,Blaine Creek,2019-08-10T04:19:00Z,5.8415,9.44175000782005,0.28,13.086500000000001,0,5.555580552549039
2019-08-10,Blaine Creek,2019-08-10T04:34:00Z,5.854,9.44972098831747,0.28,13.056000000000001,0,5.558764890837968
2019-08-10,Blaine Creek,2019-08-10T04:49:00Z,5.8815,9.4548478731344,0.28,13.0425,0,5.56208285652803
2019-08-10,Blaine Creek,2019-08-10T05:04:00Z,5.9245,9.465703393491673,0.28,12.9985,86.7070393515131,5.594257140409124
2019-08-10,Blaine Creek,2019-08-10T05:19:00Z,6.009,9.469776945245131,0.28,12.99,181.68078834660247,5.682979636112441
2019-08-10,Blaine Creek,2019-08-10T05:34:00Z,6.0595,9.473512941384632,0.28,12.981,277.91795665995096,5.824024745185977
2019-08-10,Blaine Creek,2019-08-10T05:49:00Z,6.2005,9.475286678556008,0.28,12.9855,375.00627688409054,6.011405501970386
2019-08-10,Blaine Creek,2019-08-10T06:04:00Z,6.296,9.466791932361462,0.28,13.033999999999999,472.52983505069284,6.239230842100613
2019-08-10,Blaine Creek,2019-08-10T06:19:00Z,6.6425,9.468670406542936,0.28,13.038,570.0708524294247,6.5025063791208115
2019-08-10,Blaine Creek,2019-08-10T06:34:00Z,6.8765,9.45446680914725,0.28,13.1085,667.2114751866524,6.796280978539279
2019-08-10,Blaine Creek,2019-08-10T06:49:00Z,7.477,9.436138338840564,0.28,13.2005,763.5355643449822,7.115308266249007
2019-08-10,Blaine Creek,2019-08-10T07:04:00Z,7.818,9.416551659703428,0.28,13.297,858.6304786033244,7.455273375232315
2019-08-10,Blaine Creek,2019-08-10T07:19:00Z,8.479,9.382761685394234,0.28,13.4635,952.0888420445955,7.811546364669299
2019-08-10,Blaine Creek,2019-08-10T07:34:00Z,8.74,9.36959167083139,0.28,13.529,1043.510289120032,8.180882186394925
2019-08-10,Blaine Creek,2019-08-10T07:49:00Z,9.1875,9.335015379141018,0.28,13.699,1132.503180022243,8.559700994222014
2019-08-10,Blaine Creek,2019-08-10T08:04:00Z,9.422,9.32103716828116,0.28,13.769,1218.686278262191,8.944755234596963
2019-08-10,Blaine Creek,2019-08-10T08:19:00Z,9.833,9.285962354724798,0.28,13.943,1301.6903838816238,9.33281791582751
2019-08-10,Blaine Creek,2019-08-10T08:34:00Z,10.081,9.259276267638782,0.28,14.0735,1381.159915144418,9.72014112138785
2019-08-10,Blaine Creek,2019-08-10T08:49:00Z,10.592500000000001,9.212666595987736,0.28,14.303,1456.75443173547,10.103061060784606
2019-08-10,Blaine Creek,2019-08-10T09:04:00Z,10.79,9.189070518438067,0.28,14.42,1528.1500932512135,10.479275822783356
2019-08-10,Blaine Creek,2019-08-10T09:19:00Z,11.102,9.096869519688143,0.28,14.882000000000001,1595.0410465093757,10.842485259770545
2019-08-10,Blaine Creek,2019-08-10T09:34:00Z,11.2765,9.025368354177653,0.28,15.248000000000001,1657.1407357405262,11.186635809612687
2019-08-10,Blaine Creek,2019-08-10T09:49:00Z,11.692,8.888257775229999,0.28,15.9635,1714.1831303030942,11.50545215593704
2019-08-10,Blaine Creek,2019-08-10T10:04:00Z,11.8525,8.850735970370232,0.28,16.164,1765.9238642213788,11.80084099127134
2019-08-10,Blaine Creek,2019-08-10T10:19:00Z,12.0365,8.73565725511905,0.28,16.785,1812.141283167541,12.072824221531947
2019-08-10,Blaine Creek,2019-08-10T10:34:00Z,12.163,8.665477528776353,0.28,17.1665,1852.6373939400235,12.316745583980808
2019-08-10,Blaine Creek,2019-08-10T10:49:00Z,12.383,8.519807865316345,0.28,17.9775,1887.2387126781596,12.527698035216236
2019-08-10,Blaine Creek,2019-08-10T11:04:00Z,12.475999999999999,8.460383956385622,0.28,18.3145,1915.7970081665048,12.706477934236394
2019-08-10,Blaine Creek,2019-08-10T11:19:00Z,12.6015,8.330595247624709,0.28,19.067,1938.1899367364092,12.853777050946412
2019-08-10,Blaine Creek,2019-08-10T11:34:00Z,12.628,8.285420382480256,0.28,19.3315,1954.3215665183427,12.971050819239872
2019-08-10,Blaine Creek,2019-08-10T11:49:00Z,12.7275,8.186530523944331,0.28,19.922,1964.1227883546867,13.061298061067438
2019-08-10,Blaine Creek,2019-08-10T12:04:00Z,12.754,8.143522049441877,0.28,20.1815,1967.5516119186711,13.124208336705227
2019-08-10,Blaine Creek,2019-08-10T12:19:00Z,12.818000000000001,8.029114202623163,0.28,20.887999999999998,1964.5933456218247,13.156836478794558
2019-08-10,Blaine Creek,2019-08-10T12:34:00Z,12.836500000000001,7.9821503053663445,0.28,21.185,1955.2606595759755,13.158686533909883
2019-08-10,Blaine Creek,2019-08-10T12:49:00Z,12.8475,7.951907195890031,0.28,21.377499999999998,1939.59353133603,13.141443095363929
2019-08-10,Blaine Creek,2019-08-10T13:04:00Z,12.8305,7.904495505911291,0.28,21.682499999999997,1917.6590746890718,13.10377590778789
2019-08-10,Blaine Creek,2019-08-10T13:19:00Z,12.7915,7.8403844646378005,0.28,22.1,1889.5512521568123,13.039950800814072
2019-08-10,Blaine Creek,2019-08-10T13:34:00Z,12.779,7.818923776253508,0.28,22.2335,1855.3904724986337,12.953816185523415
2019-08-10,Blaine Creek,2019-08-10T13:49:00Z,12.7025,7.784921523975216,0.28,22.447,1815.3230749070487,12.849420986359707
2019-08-10,Blaine Creek,2019-08-10T14:04:00Z,12.6375,7.769328471289672,0.28,22.543,1769.5207021478693,12.726777836901904
2019-08-10,Blaine Creek,2019-08-10T14:19:00Z,12.5225,7.761868931293597,0.28,22.581000000000003,1718.1795652903702,12.588968813709526
2019-08-10,Blaine Creek,2019-08-10T14:34:00Z,12.446,7.764028111688039,0.28,22.556,1661.5196031559094,12.437439173994747
2019-08-10,Blaine Creek,2019-08-10T14:49:00Z,12.217,7.781834717398973,0.28,22.4215,1599.7835401351956,12.274494506078206
2019-08-10,Blaine Creek,2019-08-10T15:04:00Z,12.119,7.790936090913389,0.28,22.3505,1533.235846448255,12.099591850637935
2019-08-10,Blaine Creek,2019-08-10T15:19:00Z,12.0365,7.830868964147027,0.28,22.070999999999998,1462.1616051692838,11.914278732792885
2019-08-10,Blaine Creek,2019-08-10T15:34:00Z,11.9205,7.864595153367994,0.28,21.841,1386.8652909136576,11.720253102633734
2019-08-10,Blaine Creek,2019-08-10T15:49:00Z,11.6405,7.910104037723951,0.28,21.532,1307.6694656219292,11.516393730462228
2019-08-10,Blaine Creek,2019-08-10T16:04:00Z,11.5315,7.930118957024444,0.28,21.394,1224.9133966752413,11.299705110486466
2019-08-10,Blaine Creek,2019-08-10T16:19:00Z,11.361,7.967846732863155,0.28,21.139000000000003,1138.951603554604,11.068544616543416
2019-08-10,Blaine Creek,2019-08-10T16:34:00Z,11.2865,7.990522212446742,0.28,20.993000000000002,1050.1523390303062,10.823103125770732
2019-08-10,Blaine Creek,2019-08-10T16:49:00Z,11.096,8.025864244293048,0.28,20.767,958.8960117421393,10.56305106387245
2019-08-10,Blaine Creek,2019-08-10T17:04:00Z,10.975000000000001,8.046199433160957,0.28,20.6375,865.5735565030669,10.288547445984154
2019-08-10,Blaine Creek,2019-08-10T17:19:00Z,10.658000000000001,8.093423376460212,0.28,20.3405,770.5847595189904,10.001266980660697
2019-08-10,Blaine Creek,2019-08-10T17:34:00Z,10.397,8.119136434642643,0.28,20.1815,674.3365458139114,9.70228525399655
2019-08-10,Blaine Creek,2019-08-10T17:49:00Z,9.6975,8.174450340060782,0.28,19.8425,577.2412359718697,9.392713238881074
2019-08-10,Blaine Creek,2019-08-10T18:04:00Z,9.328,8.197896093333428,0.28,19.7,479.7147798143462,9.073009461287041
2019-08-10,Blaine Creek,2019-08-10T18:19:00Z,8.672,8.252075914322484,0.28,19.3735,382.1749744211423,8.743657666678898
2019-08-10,Blaine Creek,2019-08-10T18:34:00Z,8.24,8.288353362068685,0.28,19.172,285.0396743951223,8.406676042855779
2019-08-10,Blaine Creek,2019-08-10T18:49:00Z,7.622999999999999,8.408060624239699,0.28,18.491500000000002,188.72500182013576,8.067313202740742
2019-08-10,Blaine Creek,2019-08-10T19:04:00Z,7.4325,8.480820866390953,0.28,18.0875,93.64356343996913,7.728022599331339
2019-08-10,Blaine Creek,2019-08-10T19:19:00Z,7.015000000000001,8.54716581165248,0.28,17.733,0.20268334978033228,7.384668050458177
2019-08-10,Blaine Creek,2019-08-10T19:34:00Z,6.769500000000001,8.568507081070637,0.28,17.5895,0,7.064848945857167
2019-08-10,Blaine Creek,2019-08-10T19:49:00Z,6.4405,8.639001716556509,0.28,17.162,0,6.795096025149648
2019-08-10,Blaine Creek,2019-08-10T20:04:00Z,6.2745,8.670188901907968,0.28,16.967,0,6.568437696588884
2019-08-10,Blaine Creek,2019-08-10T20:19:00Z,5.9965,8.725963196556908,0.28,16.628,0,6.377436915548267
2019-08-10,Blaine Creek,2019-08-10T20:34:00Z,5.8725000000000005,8.755655315130173,0.28,16.487499999999997,0,6.216900571637774
2019-08-10,Blaine Creek,2019-08-10T20:49:00Z,5.6765,8.81046296294257,0.28,16.2235,0,6.08248580423246
2019-08-10,Blaine Creek,2019-08-10T21:04:00Z,5.5885,8.831850252906422,0.28,16.1295,0,5.970060286050096
2019-08-10,Blaine Creek,2019-08-10T21:19:00Z,5.442,8.87127491930735,0.28,15.9505,0,5.875773093402196
2019-08-10,Blaine Creek,2019-08-10T21:34:00Z,5.3845,8.892102186222028,0.28,15.839,0,5.796914350022857
2019-08-10,Blaine Creek,2019-08-10T21:49:00Z,5.273,8.932377707910804,0.28,15.6255,0,5.731117090912384
2019-08-10,Blaine Creek,2019-08-10T22:04:00Z,5.2425,8.955873648651954,0.28,15.5015,0,5.67663127641801
2019-08-10,Blaine Creek,2019-08-10T22:19:00Z,5.186999999999999,9.00279703647309,0.28,15.256499999999999,0,5.632070202776202
2019-08-10,Blaine Creek,2019-08-10T22:34:00Z,5.165,9.023524365380588,0.28,15.1405,0,5.59588701776381
2019-08-10,Blaine Creek,2019-08-10T22:49:00Z,5.135,9.061185045251355,0.28,14.934000000000001,0,5.566475910390528
2019-08-10,Blaine Creek,2019-08-10T23:04:00Z,5.138,9.079599565003006,0.28,14.831,0,5.542812351084468
2019-08-10,Blaine Creek,2019-08-10T23:19:00Z,5.1405,9.10845146363771,0.28,14.671,0,5.523779268462312
2019-08-10,Blaine Creek,2019-08-10T23:34:00Z,5.147,9.12182554707657,0.28,14.602,0,5.50861685373586
2019-08-10,Blaine Creek,2019-08-10T23:49:00Z,5.178,9.159398869174458,0.28,14.4115,0,5.49715695921925
2019-09-09,Pilgrim River,NA,NA,NA,NA,NA,NA,NA
