date,SiteName,location,solar.time,DO.obs,DO.sat,light.calc,discharge,depth,temp.water,light.data,velocity,K600.estimate
6/3/17,New Hope Creek,NA,2017-06-03T00:14:51Z,7.47,8.588033327,0,0.747557695,0.375469664,22.812,NA,NA,NA
6/3/17,New Hope Creek,NA,2017-06-03T00:29:51Z,7.48,8.601219197,0,0.736231063,0.373788094,22.717,NA,NA,NA
6/3/17,New Hope Creek,NA,2017-06-03T00:44:51Z,7.46,8.616715498,0,0.736231063,0.373788094,22.621,NA,NA,NA
6/3/17,New Hope Creek,NA,2017-06-03T00:59:51Z,7.46,8.63199931,0,0.736231063,0.373788094,22.525,NA,NA,NA
6/3/17,New Hope Creek,NA,2017-06-03T01:14:51Z,7.46,8.644959111,0,0.736231063,0.373788094,22.429,NA,NA,NA
6/3/17,New Hope Creek,NA,2017-06-03T01:29:51Z,7.44,8.646454018,0,0.736231063,0.373788094,22.429,NA,NA,NA
6/3/17,New Hope Creek,NA,2017-06-03T01:44:51Z,7.46,8.661132447,0,0.727736089,0.372514891,22.333,NA,NA,NA
6/3/17,New Hope Creek,NA,2017-06-03T01:59:51Z,7.48,8.677545572,0,0.727736089,0.372514891,22.238,NA,NA,NA
6/3/17,New Hope Creek,NA,2017-06-03T02:14:51Z,7.47,8.693914431,0,0.727736089,0.372514891,22.142,NA,NA,NA
6/3/17,New Hope Creek,NA,2017-06-03T02:29:51Z,7.48,8.709717852,0,0.719241116,0.371231152,22.046,NA,NA,NA
6/3/17,New Hope Creek,NA,2017-06-03T02:44:51Z,7.5,8.726292269,0,0.719241116,0.371231152,21.951,NA,NA,NA
6/3/17,New Hope Creek,NA,2017-06-03T02:59:51Z,7.5,8.727799771,0,0.719241116,0.371231152,21.951,NA,NA,NA
6/3/17,New Hope Creek,NA,2017-06-03T03:14:51Z,7.46,8.743711842,0,0.707914484,0.36950274,21.855,NA,NA,NA
6/3/17,New Hope Creek,NA,2017-06-03T03:29:51Z,7.51,8.760041398,0,0.707914484,0.36950274,21.76,NA,NA,NA
6/3/17,New Hope Creek,NA,2017-06-03T03:44:51Z,7.52,8.777218721,0,0.69941951,0.368193574,21.664,NA,NA,NA
6/3/17,New Hope Creek,NA,2017-06-03T03:59:51Z,7.5,8.79401516,0,0.690924536,0.366873133,21.569,NA,NA,NA
6/3/17,New Hope Creek,NA,2017-06-03T04:14:51Z,7.55,8.795532899,0,0.690924536,0.366873133,21.569,NA,NA,NA
6/3/17,New Hope Creek,NA,2017-06-03T04:29:51Z,7.56,8.811664418,0,0.682429563,0.365541181,21.473,NA,NA,NA
6/3/17,New Hope Creek,NA,2017-06-03T04:44:51Z,7.57,8.831261675,0,0.682429563,0.365541181,21.378,NA,NA,NA
6/3/17,New Hope Creek,NA,2017-06-03T04:59:51Z,7.56,8.849301973,35.91600153,0.671102931,0.363746911,21.282,NA,NA,NA
6/3/17,New Hope Creek,NA,2017-06-03T05:14:51Z,7.56,8.851724876,88.61306795,0.662607957,0.362387127,21.282,NA,NA,NA
6/3/17,New Hope Creek,NA,2017-06-03T05:29:51Z,7.59,8.86875829,141.9686907,0.654112983,0.361014979,21.187,NA,NA,NA
6/3/17,New Hope Creek,NA,2017-06-03T05:44:51Z,7.59,8.888093191,195.7544419,0.645618009,0.359630192,21.091,NA,NA,NA
6/3/17,New Hope Creek,NA,2017-06-03T05:59:51Z,7.59,8.889263778,249.7400523,0.637123036,0.358232481,21.091,NA,NA,NA
6/3/17,New Hope Creek,NA,2017-06-03T06:14:51Z,7.63,8.907319373,303.6943971,0.637123036,0.358232481,20.996,NA,NA,NA
6/3/17,New Hope Creek,NA,2017-06-03T06:29:51Z,7.61,8.923538112,357.3864851,0.628628062,0.356821549,20.901,NA,NA,NA
6/3/17,New Hope Creek,NA,2017-06-03T06:44:51Z,7.64,8.923176696,410.5864484,0.620133088,0.355397092,20.901,NA,NA,NA
6/3/17,New Hope Creek,NA,2017-06-03T06:59:51Z,7.66,8.924983774,463.0665256,0.608806456,0.353476224,20.901,NA,NA,NA
6/3/17,New Hope Creek,NA,2017-06-03T07:14:51Z,7.64,8.940801207,514.6020377,0.600311482,0.35201895,20.805,NA,NA,NA
6/3/17,New Hope Creek,NA,2017-06-03T07:29:51Z,7.65,8.942611421,564.9723495,0.591816509,0.350547043,20.805,NA,NA,NA
6/3/17,New Hope Creek,NA,2017-06-03T07:44:51Z,7.72,8.941887336,613.9618143,0.583321535,0.349060143,20.805,NA,NA,NA
6/3/17,New Hope Creek,NA,2017-06-03T07:59:51Z,7.75,8.957946928,661.3606971,0.583321535,0.349060143,20.71,NA,NA,NA
6/3/17,New Hope Creek,NA,2017-06-03T08:14:51Z,7.76,8.958490928,706.9660729,0.574826561,0.347557877,20.71,NA,NA,NA
6/3/17,New Hope Creek,NA,2017-06-03T08:29:51Z,7.77,8.959306927,750.5826947,0.566331587,0.346039853,20.71,NA,NA,NA
6/3/17,New Hope Creek,NA,2017-06-03T08:44:51Z,7.78,8.95921626,792.0238303,0.557836613,0.344505667,20.71,NA,NA,NA
6/3/17,New Hope Creek,NA,2017-06-03T08:59:51Z,7.81,8.957312263,831.1120611,0.557836613,0.344505667,20.71,NA,NA,NA
6/3/17,New Hope Creek,NA,2017-06-03T09:14:51Z,7.77,8.95631493,867.6800417,0.552173297,0.34347369,20.71,NA,NA,NA
6/3/17,New Hope Creek,NA,2017-06-03T09:29:51Z,7.85,8.939715078,901.5712167,0.543678324,0.34191162,20.805,NA,NA,NA
6/3/17,New Hope Creek,NA,2017-06-03T09:44:51Z,7.96,8.93627567,932.6404906,0.543678324,0.34191162,20.805,NA,NA,NA
6/3/17,New Hope Creek,NA,2017-06-03T09:59:51Z,8,8.93871946,960.7548494,0.543678324,0.34191162,20.805,NA,NA,NA
6/3/17,New Hope Creek,NA,2017-06-03T10:14:51Z,8.09,8.91974325,985.7939294,0.543678324,0.34191162,20.901,NA,NA,NA
6/3/17,New Hope Creek,NA,2017-06-03T10:29:51Z,8.09,8.91974325,1007.650533,0.53518335,0.340332223,20.901,NA,NA,NA
6/3/17,New Hope Creek,NA,2017-06-03T10:44:51Z,8.08,8.903170209,1026.231088,0.53518335,0.340332223,20.996,NA,NA,NA
6/3/17,New Hope Creek,NA,2017-06-03T10:59:51Z,8.17,8.901636822,1041.456047,0.543678324,0.34191162,20.996,NA,NA,NA
6/3/17,New Hope Creek,NA,2017-06-03T11:14:51Z,8.25,8.883320798,1053.260229,0.543678324,0.34191162,21.091,NA,NA,NA
6/3/17,New Hope Creek,NA,2017-06-03T11:29:51Z,8.22,8.864533457,1061.593098,0.552173297,0.34347369,21.187,NA,NA,NA
6/3/17,New Hope Creek,NA,2017-06-03T11:44:51Z,8.14,8.846340646,1066.41898,0.552173297,0.34347369,21.282,NA,NA,NA
6/3/17,New Hope Creek,NA,2017-06-03T11:59:51Z,8.2,8.826513764,1067.717215,0.560668271,0.345018884,21.378,NA,NA,NA
6/3/17,New Hope Creek,NA,2017-06-03T12:14:51Z,8.18,8.81059124,1065.482244,0.569163245,0.346547636,21.473,NA,NA,NA
6/3/17,New Hope Creek,NA,2017-06-03T12:29:51Z,8.27,8.794282997,1059.723637,0.574826561,0.347557877,21.569,NA,NA,NA
6/3/17,New Hope Creek,NA,2017-06-03T12:44:51Z,8.49,8.759774469,1050.466048,0.583321535,0.349060143,21.76,NA,NA,NA
6/3/17,New Hope Creek,NA,2017-06-03T12:59:51Z,8.49,8.742201782,1037.749111,0.594648167,0.351039327,21.855,NA,NA,NA
6/3/17,New Hope Creek,NA,2017-06-03T13:14:51Z,8.52,8.709894908,1021.627272,0.60314314,0.352506317,22.046,NA,NA,NA
6/3/17,New Hope Creek,NA,2017-06-03T13:29:51Z,8.61,8.691439823,1002.16955,0.611638114,0.353958791,22.142,NA,NA,NA
6/3/17,New Hope Creek,NA,2017-06-03T13:44:51Z,8.62,8.657961446,979.4592504,0.620133088,0.355397092,22.333,NA,NA,NA
6/3/17,New Hope Creek,NA,2017-06-03T13:59:51Z,8.58,8.641793426,953.5936003,0.628628062,0.356821549,22.429,NA,NA,NA
6/3/17,New Hope Creek,NA,2017-06-03T14:14:51Z,8.57,8.624361702,924.6833369,0.645618009,0.359630192,22.525,NA,NA,NA
6/3/17,New Hope Creek,NA,2017-06-03T14:29:51Z,8.6,8.592469594,892.8522316,0.645618009,0.359630192,22.717,NA,NA,NA
6/3/17,New Hope Creek,NA,2017-06-03T14:44:51Z,8.53,8.576590205,858.2365609,0.654112983,0.361014979,22.812,NA,NA,NA
6/3/17,New Hope Creek,NA,2017-06-03T14:59:51Z,8.49,8.558593652,820.9845222,0.654112983,0.361014979,22.908,NA,NA,NA
6/3/17,New Hope Creek,NA,2017-06-03T15:14:51Z,8.53,8.541178192,781.2556,0.662607957,0.362387127,23.004,NA,NA,NA
6/3/17,New Hope Creek,NA,2017-06-03T15:29:51Z,8.5,8.526166232,739.2198828,0.662607957,0.362387127,23.1,NA,NA,NA
6/3/17,New Hope Creek,NA,2017-06-03T15:44:51Z,8.57,8.524427853,695.0573348,0.662607957,0.362387127,23.1,NA,NA,NA
6/3/17,New Hope Creek,NA,2017-06-03T15:59:51Z,8.58,8.509814523,648.9570258,0.673934589,0.364197471,23.196,NA,NA,NA
6/3/17,New Hope Creek,NA,2017-06-03T16:14:51Z,8.56,8.510335177,601.1163213,0.673934589,0.364197471,23.196,NA,NA,NA
6/3/17,New Hope Creek,NA,2017-06-03T16:29:51Z,8.49,8.493169264,551.740038,0.673934589,0.364197471,23.292,NA,NA,NA
6/3/17,New Hope Creek,NA,2017-06-03T16:44:51Z,8.47,8.493429163,501.0395666,0.673934589,0.364197471,23.292,NA,NA,NA
6/3/17,New Hope Creek,NA,2017-06-03T16:59:51Z,8.4,8.478048198,449.2319669,0.673934589,0.364197471,23.388,NA,NA,NA
6/3/17,New Hope Creek,NA,2017-06-03T17:14:51Z,8.38,8.476318384,396.5390384,0.682429563,0.365541181,23.388,NA,NA,NA
6/3/17,New Hope Creek,NA,2017-06-03T17:29:51Z,8.33,8.47830767,343.186371,0.682429563,0.365541181,23.388,NA,NA,NA
6/3/17,New Hope Creek,NA,2017-06-03T17:44:51Z,8.27,8.4621124,289.4023789,0.673934589,0.364197471,23.484,NA,NA,NA
6/3/17,New Hope Creek,NA,2017-06-03T17:59:51Z,8.2,8.462975889,235.417323,0.673934589,0.364197471,23.484,NA,NA,NA
6/3/17,New Hope Creek,NA,2017-06-03T18:14:51Z,8.14,8.462975889,181.4623248,0.673934589,0.364197471,23.484,NA,NA,NA
6/3/17,New Hope Creek,NA,2017-06-03T18:29:51Z,8.16,8.450206933,127.7683771,0.673934589,0.364197471,23.581,NA,NA,NA
6/3/17,New Hope Creek,NA,2017-06-03T18:44:51Z,8.07,8.451068996,74.56535507,0.673934589,0.364197471,23.581,NA,NA,NA
6/3/17,New Hope Creek,NA,2017-06-03T18:59:51Z,7.97,8.451068996,22.08103213,0.673934589,0.364197471,23.581,NA,NA,NA
6/3/17,New Hope Creek,NA,2017-06-03T19:14:51Z,7.99,8.45193106,0,0.673934589,0.364197471,23.581,NA,NA,NA
6/3/17,New Hope Creek,NA,2017-06-03T19:29:51Z,7.88,8.452534504,0,0.673934589,0.364197471,23.581,NA,NA,NA
6/3/17,New Hope Creek,NA,2017-06-03T19:44:51Z,7.85,8.454000012,0,0.673934589,0.364197471,23.581,NA,NA,NA
6/3/17,New Hope Creek,NA,2017-06-03T19:59:51Z,7.79,8.454603457,0,0.673934589,0.364197471,23.581,NA,NA,NA
6/3/17,New Hope Creek,NA,2017-06-03T20:14:51Z,7.78,8.457879298,0,0.673934589,0.364197471,23.581,NA,NA,NA
6/3/17,New Hope Creek,NA,2017-06-03T20:29:51Z,7.68,8.45641379,0,0.673934589,0.364197471,23.581,NA,NA,NA
6/3/17,New Hope Creek,NA,2017-06-03T20:44:51Z,7.64,8.458827568,0,0.673934589,0.364197471,23.581,NA,NA,NA
6/3/17,New Hope Creek,NA,2017-06-03T20:59:51Z,7.59,8.475755539,0,0.673934589,0.364197471,23.484,NA,NA,NA
6/3/17,New Hope Creek,NA,2017-06-03T21:14:51Z,7.51,8.475755539,0,0.665439615,0.362841749,23.484,NA,NA,NA
6/3/17,New Hope Creek,NA,2017-06-03T21:29:51Z,7.48,8.477309821,0,0.665439615,0.362841749,23.484,NA,NA,NA
6/3/17,New Hope Creek,NA,2017-06-03T21:44:51Z,7.42,8.476446331,0,0.665439615,0.362841749,23.484,NA,NA,NA
6/3/17,New Hope Creek,NA,2017-06-03T21:59:51Z,7.43,8.490935309,0,0.665439615,0.362841749,23.388,NA,NA,NA
6/3/17,New Hope Creek,NA,2017-06-03T22:14:51Z,7.39,8.4910218,0,0.665439615,0.362841749,23.388,NA,NA,NA
6/3/17,New Hope Creek,NA,2017-06-03T22:29:51Z,7.41,8.505557769,0,0.665439615,0.362841749,23.292,NA,NA,NA
6/3/17,New Hope Creek,NA,2017-06-03T22:44:51Z,7.39,8.505644402,0,0.654112983,0.361014979,23.292,NA,NA,NA
6/3/17,New Hope Creek,NA,2017-06-03T22:59:51Z,7.42,8.505904301,0,0.654112983,0.361014979,23.292,NA,NA,NA
6/3/17,New Hope Creek,NA,2017-06-03T23:14:51Z,7.34,8.521702788,0,0.654112983,0.361014979,23.196,NA,NA,NA
6/3/17,New Hope Creek,NA,2017-06-03T23:29:51Z,7.34,8.522570544,0,0.654112983,0.361014979,23.196,NA,NA,NA
6/3/17,New Hope Creek,NA,2017-06-03T23:44:51Z,7.38,8.538421805,0,0.654112983,0.361014979,23.1,NA,NA,NA
6/4/17,Eno River,NA,2017-06-04T00:14:28Z,6.03,8.37335951,0,0.693762,0.367315451,23.52,NA,NA,NA
6/4/17,Eno River,NA,2017-06-04T00:29:28Z,6.03,8.382545985,0,0.693762,0.367315451,23.44,NA,NA,NA
6/4/17,Eno River,NA,2017-06-04T00:44:28Z,5.95,8.394872156,0,0.693762,0.367315451,23.36,NA,NA,NA
6/4/17,Eno River,NA,2017-06-04T00:59:28Z,5.93,8.402752614,0,0.67394,0.364198331,23.3,NA,NA,NA
6/4/17,Eno River,NA,2017-06-04T01:14:28Z,5.89,8.41478808,0,0.67394,0.364198331,23.22,NA,NA,NA
6/4/17,Eno River,NA,2017-06-04T01:29:28Z,5.97,8.4281589,0,0.67394,0.364198331,23.14,NA,NA,NA
6/4/17,Eno River,NA,2017-06-04T01:44:28Z,5.88,8.440609146,0,0.67394,0.364198331,23.06,NA,NA,NA
6/4/17,Eno River,NA,2017-06-04T01:59:28Z,5.93,8.452744703,0,0.67394,0.364198331,22.98,NA,NA,NA
6/4/17,Eno River,NA,2017-06-04T02:14:28Z,5.87,8.464302612,0,0.67394,0.364198331,22.9,NA,NA,NA
6/4/17,Eno River,NA,2017-06-04T02:29:28Z,5.88,8.476503236,0,0.67394,0.364198331,22.82,NA,NA,NA
6/4/17,Eno River,NA,2017-06-04T02:44:28Z,5.93,8.489961477,0,0.67394,0.364198331,22.74,NA,NA,NA
6/4/17,Eno River,NA,2017-06-04T02:59:28Z,5.96,8.503544006,0,0.67394,0.364198331,22.66,NA,NA,NA
6/4/17,Eno River,NA,2017-06-04T03:14:28Z,5.94,8.515234139,0,0.67394,0.364198331,22.58,NA,NA,NA
6/4/17,Eno River,NA,2017-06-04T03:29:28Z,5.95,8.527468657,0,0.67394,0.364198331,22.52,NA,NA,NA
6/4/17,Eno River,NA,2017-06-04T03:44:28Z,5.97,8.541681211,0,0.67394,0.364198331,22.44,NA,NA,NA
6/4/17,Eno River,NA,2017-06-04T03:59:28Z,5.99,8.555668657,0,0.67394,0.364198331,22.36,NA,NA,NA
6/4/17,Eno River,NA,2017-06-04T04:14:28Z,5.95,8.566140395,0,0.693762,0.367315451,22.3,NA,NA,NA
6/4/17,Eno River,NA,2017-06-04T04:29:28Z,5.99,8.580195166,0,0.693762,0.367315451,22.22,NA,NA,NA
6/4/17,Eno River,NA,2017-06-04T04:44:28Z,5.97,8.590717477,0,0.693762,0.367315451,22.16,NA,NA,NA
6/4/17,Eno River,NA,2017-06-04T04:59:28Z,5.98,8.601526885,36.43185628,0.710752,0.369937559,22.1,NA,NA,NA
6/4/17,Eno River,NA,2017-06-04T05:14:28Z,5.95,8.61297845,88.9893375,0.710752,0.369937559,22.04,NA,NA,NA
6/4/17,Eno River,NA,2017-06-04T05:29:28Z,5.97,8.619621898,142.2120874,0.730574,0.372941391,22,NA,NA,NA
6/4/17,Eno River,NA,2017-06-04T05:44:28Z,5.98,8.624767258,195.8722489,0.730574,0.372941391,21.96,NA,NA,NA
6/4/17,Eno River,NA,2017-06-04T05:59:28Z,5.99,8.633113784,249.7400923,0.730574,0.372941391,21.92,NA,NA,NA
6/4/17,Eno River,NA,2017-06-04T06:14:28Z,6.03,8.638630695,303.5849986,0.730574,0.372941391,21.88,NA,NA,NA
6/4/17,Eno River,NA,2017-06-04T06:29:28Z,6.03,8.640637037,357.1764474,0.730574,0.372941391,21.86,NA,NA,NA
6/4/17,Eno River,NA,2017-06-04T06:44:28Z,6.1,8.642911297,410.2850032,0.730574,0.372941391,21.84,NA,NA,NA
6/4/17,Eno River,NA,2017-06-04T06:59:28Z,6.12,8.6432667,462.6832979,0.730574,0.372941391,21.84,NA,NA,NA
6/4/17,Eno River,NA,2017-06-04T07:14:28Z,6.15,8.642911297,514.1470045,0.730574,0.372941391,21.84,NA,NA,NA
6/4/17,Eno River,NA,2017-06-04T07:29:28Z,6.13,8.64028176,564.4557967,0.730574,0.372941391,21.86,NA,NA,NA
6/4/17,Eno River,NA,2017-06-04T07:44:28Z,6.11,8.631605458,613.3942932,0.710752,0.369937559,21.92,NA,NA,NA
6/4/17,Eno River,NA,2017-06-04T07:59:28Z,6.12,8.62627452,660.7529789,0.710752,0.369937559,21.96,NA,NA,NA
6/4/17,Eno River,NA,2017-06-04T08:14:28Z,6.13,8.616653303,706.3291023,0.710752,0.369937559,22.02,NA,NA,NA
6/4/17,Eno River,NA,2017-06-04T08:29:28Z,6.24,8.597685497,749.9275434,0.710752,0.369937559,22.12,NA,NA,NA
6/4/17,Eno River,NA,2017-06-04T08:44:28Z,6.3,8.584553648,791.3616492,0.693762,0.367315451,22.2,NA,NA,NA
6/4/17,Eno River,NA,2017-06-04T08:59:28Z,6.26,8.566404798,830.4540326,0.693762,0.367315451,22.3,NA,NA,NA
6/4/17,Eno River,NA,2017-06-04T09:14:28Z,6.19,8.546889493,867.0373319,0.67394,0.364198331,22.42,NA,NA,NA
6/4/17,Eno River,NA,2017-06-04T09:29:28Z,6.3,8.515749829,900.9549272,0.67394,0.364198331,22.6,NA,NA,NA
6/4/17,Eno River,NA,2017-06-04T09:44:28Z,6.24,8.489347552,932.0616112,0.67394,0.364198331,22.76,NA,NA,NA
6/4/17,Eno River,NA,2017-06-04T09:59:28Z,6.3,8.457866056,960.2242106,0.67394,0.364198331,22.94,NA,NA,NA
6/4/17,Eno River,NA,2017-06-04T10:14:28Z,6.33,8.429096083,985.3221563,0.67394,0.364198331,23.12,NA,NA,NA
6/4/17,Eno River,NA,2017-06-04T10:29:28Z,6.31,8.404172234,1007.248,0.67394,0.364198331,23.26,NA,NA,NA
6/4/17,Eno River,NA,2017-06-04T10:44:28Z,6.47,8.371781402,1025.907872,0.67394,0.364198331,23.46,NA,NA,NA
6/4/17,Eno River,NA,2017-06-04T10:59:28Z,6.53,8.339607265,1041.221888,0.65695,0.361474619,23.66,NA,NA,NA
6/4/17,Eno River,NA,2017-06-04T11:14:28Z,6.68,8.296421121,1053.124485,0.65695,0.361474619,23.92,NA,NA,NA
6/4/17,Eno River,NA,2017-06-04T11:29:28Z,6.51,8.260885804,1061.564707,0.65695,0.361474619,24.14,NA,NA,NA
6/4/17,Eno River,NA,2017-06-04T11:44:28Z,6.33,8.230718685,1066.50642,0.65695,0.361474619,24.32,NA,NA,NA
6/4/17,Eno River,NA,2017-06-04T11:59:28Z,6.17,8.211244817,1067.928467,0.65695,0.361474619,24.44,NA,NA,NA
6/4/17,Eno River,NA,2017-06-04T12:14:28Z,6.21,8.18838215,1065.824762,0.65695,0.361474619,24.58,NA,NA,NA
6/4/17,Eno River,NA,2017-06-04T12:29:28Z,5.84,8.166300911,1060.204311,0.65695,0.361474619,24.72,NA,NA,NA
6/4/17,Eno River,NA,2017-06-04T12:44:28Z,5.97,8.143308109,1051.091176,0.65695,0.361474619,24.86,NA,NA,NA
6/4/17,Eno River,NA,2017-06-04T12:59:28Z,6.21,8.139622315,1038.524374,0.65695,0.361474619,24.88,NA,NA,NA
6/4/17,Eno River,NA,2017-06-04T13:14:28Z,6.4,8.119208435,1022.557705,0.65695,0.361474619,24.98,NA,NA,NA
6/4/17,Eno River,NA,2017-06-04T13:29:28Z,6.52,8.094319724,1003.259526,0.65695,0.361474619,25.12,NA,NA,NA
6/4/17,Eno River,NA,2017-06-04T13:44:28Z,6.6,8.078923891,980.7124565,0.65695,0.361474619,25.22,NA,NA,NA
6/4/17,Eno River,NA,2017-06-04T13:59:28Z,6.62,8.070466051,955.0130252,0.65695,0.361474619,25.26,NA,NA,NA
6/4/17,Eno River,NA,2017-06-04T14:14:28Z,6.6,8.067833324,926.2712564,0.637128,0.358233301,25.28,NA,NA,NA
6/4/17,Eno River,NA,2017-06-04T14:29:28Z,6.6,8.054725185,894.6101992,0.620138,0.35539792,25.36,NA,NA,NA
6/4/17,Eno River,NA,2017-06-04T14:44:28Z,6.54,8.048922843,860.165401,0.620138,0.35539792,25.38,NA,NA,NA
6/4/17,Eno River,NA,2017-06-04T14:59:28Z,6.53,8.040815141,823.0843264,0.620138,0.35539792,25.44,NA,NA,NA
6/4/17,Eno River,NA,2017-06-04T15:14:28Z,6.5,8.038283144,783.5257268,0.637128,0.358233301,25.46,NA,NA,NA
6/4/17,Eno River,NA,2017-06-04T15:29:28Z,6.57,8.036922047,741.6589599,0.637128,0.358233301,25.48,NA,NA,NA
6/4/17,Eno River,NA,2017-06-04T15:44:28Z,6.6,8.032973548,697.6632655,0.637128,0.358233301,25.5,NA,NA,NA
6/4/17,Eno River,NA,2017-06-04T15:59:28Z,6.6,8.025084194,651.7269973,0.637128,0.358233301,25.54,NA,NA,NA
6/4/17,Eno River,NA,2017-06-04T16:14:28Z,6.63,8.02958984,604.0468171,0.637128,0.358233301,25.54,NA,NA,NA
6/4/17,Eno River,NA,2017-06-04T16:29:28Z,6.6,8.0342859,554.8268527,0.637128,0.358233301,25.52,NA,NA,NA
6/4/17,Eno River,NA,2017-06-04T16:44:28Z,6.54,8.037005567,504.2778237,0.637128,0.358233301,25.48,NA,NA,NA
6/4/17,Eno River,NA,2017-06-04T16:59:28Z,6.5,8.041374379,452.61614,0.637128,0.358233301,25.46,NA,NA,NA
6/4/17,Eno River,NA,2017-06-04T17:14:28Z,6.5,8.042235903,400.0629746,0.637128,0.358233301,25.44,NA,NA,NA
6/4/17,Eno River,NA,2017-06-04T17:29:28Z,6.48,8.044769992,346.8433172,0.637128,0.358233301,25.42,NA,NA,NA
6/4/17,Eno River,NA,2017-06-04T17:44:28Z,6.49,8.046720309,293.1850109,0.637128,0.358233301,25.4,NA,NA,NA
6/4/17,Eno River,NA,2017-06-04T17:59:28Z,6.43,8.054808869,239.3177766,0.637128,0.358233301,25.36,NA,NA,NA
6/4/17,Eno River,NA,2017-06-04T18:14:28Z,6.32,8.069139292,185.4722295,0.637128,0.358233301,25.3,NA,NA,NA
6/4/17,Eno River,NA,2017-06-04T18:29:28Z,6.31,8.075160019,131.8788921,0.637128,0.358233301,25.26,NA,NA,NA
6/4/17,Eno River,NA,2017-06-04T18:44:28Z,6.29,8.082446679,78.76720703,0.637128,0.358233301,25.22,NA,NA,NA
6/4/17,Eno River,NA,2017-06-04T18:59:28Z,6.24,8.087728458,26.36455481,0.637128,0.358233301,25.18,NA,NA,NA
6/4/17,Eno River,NA,2017-06-04T19:14:28Z,6.2,8.092386917,0,0.65695,0.361474619,25.16,NA,NA,NA
6/4/17,Eno River,NA,2017-06-04T19:29:28Z,6.21,8.09465578,0,0.65695,0.361474619,25.12,NA,NA,NA
6/4/17,Eno River,NA,2017-06-04T19:44:28Z,6.13,8.101383186,0,0.65695,0.361474619,25.08,NA,NA,NA
6/4/17,Eno River,NA,2017-06-04T19:59:28Z,6.11,8.10584798,0,0.67394,0.364198331,25.04,NA,NA,NA
6/4/17,Eno River,NA,2017-06-04T20:14:28Z,6.04,8.116429571,0,0.67394,0.364198331,24.98,NA,NA,NA
6/4/17,Eno River,NA,2017-06-04T20:29:28Z,6.05,8.124450458,0,0.67394,0.364198331,24.94,NA,NA,NA
6/4/17,Eno River,NA,2017-06-04T20:44:28Z,5.98,8.131554324,0,0.693762,0.367315451,24.9,NA,NA,NA
6/4/17,Eno River,NA,2017-06-04T20:59:28Z,5.97,8.13875185,0,0.693762,0.367315451,24.86,NA,NA,NA
6/4/17,Eno River,NA,2017-06-04T21:14:28Z,5.96,8.145283345,0,0.710752,0.369937559,24.82,NA,NA,NA
6/4/17,Eno River,NA,2017-06-04T21:29:28Z,5.93,8.152752739,0,0.710752,0.369937559,24.78,NA,NA,NA
6/4/17,Eno River,NA,2017-06-04T21:44:28Z,5.96,8.156681116,0,0.710752,0.369937559,24.74,NA,NA,NA
6/4/17,Eno River,NA,2017-06-04T21:59:28Z,5.95,8.162391176,0,0.710752,0.369937559,24.7,NA,NA,NA
6/4/17,Eno River,NA,2017-06-04T22:14:28Z,5.87,8.16633094,0,0.710752,0.369937559,24.66,NA,NA,NA
6/4/17,Eno River,NA,2017-06-04T22:29:28Z,5.78,8.176868525,0,0.710752,0.369937559,24.6,NA,NA,NA
6/4/17,Eno River,NA,2017-06-04T22:44:28Z,5.83,8.189293049,0,0.730574,0.372941391,24.54,NA,NA,NA
6/4/17,Eno River,NA,2017-06-04T22:59:28Z,5.92,8.202486668,0,0.790039,0.381620746,24.42,NA,NA,NA
6/4/17,Eno River,NA,2017-06-04T23:14:28Z,5.92,8.21267628,0,0.917465,0.398771969,24.36,NA,NA,NA
6/4/17,Eno River,NA,2017-06-04T23:29:28Z,5.89,8.219905284,0,0.917465,0.398771969,24.3,NA,NA,NA
6/4/17,Eno River,NA,2017-06-04T23:44:28Z,5.78,8.230049395,0,0.917465,0.398771969,24.22,NA,NA,NA
7/11/17,Arikaree River,NA,NA,NA,NA,NA,NA,NA,NA,NA,NA,NA
7/18/17,Lower Knowton Fork Red Butte Creek,NA,2017-07-18T00:13:00Z,9.14,11.56522839,0,NA,0.08823254,8.91,NA,NA,NA
7/18/17,Lower Knowton Fork Red Butte Creek,NA,2017-07-18T00:28:00Z,9.14,11.56376518,0,NA,0.08823254,8.89,NA,NA,NA
7/18/17,Lower Knowton Fork Red Butte Creek,NA,2017-07-18T00:43:00Z,9.15,11.57202479,0,NA,0.08823254,8.87,NA,NA,NA
7/18/17,Lower Knowton Fork Red Butte Creek,NA,2017-07-18T00:58:00Z,9.16,11.58906883,0,NA,0.08823254,8.85,NA,NA,NA
7/18/17,Lower Knowton Fork Red Butte Creek,NA,2017-07-18T01:13:00Z,9.16,11.58906883,0,NA,0.08823254,8.83,NA,NA,NA
7/18/17,Lower Knowton Fork Red Butte Creek,NA,2017-07-18T01:28:00Z,9.16,11.58760278,0,NA,0.08823254,8.82,NA,NA,NA
7/18/17,Lower Knowton Fork Red Butte Creek,NA,2017-07-18T01:43:00Z,9.17,11.5958523,0,NA,0.08823254,8.8,NA,NA,NA
7/18/17,Lower Knowton Fork Red Butte Creek,NA,2017-07-18T01:58:00Z,9.17,11.600253,0,NA,0.08823254,8.79,NA,NA,NA
7/18/17,Lower Knowton Fork Red Butte Creek,NA,2017-07-18T02:13:00Z,9.18,11.60849772,0,NA,0.08823254,8.77,NA,NA,NA
7/18/17,Lower Knowton Fork Red Butte Creek,NA,2017-07-18T02:28:00Z,9.18,11.60996585,0,NA,0.08823254,8.75,NA,NA,NA
7/18/17,Lower Knowton Fork Red Butte Creek,NA,2017-07-18T02:43:00Z,9.19,11.62114315,0,NA,0.08823254,8.73,NA,NA,NA
7/18/17,Lower Knowton Fork Red Butte Creek,NA,2017-07-18T02:58:00Z,9.19,11.61967379,0,NA,0.08823254,8.71,NA,NA,NA
7/18/17,Lower Knowton Fork Red Butte Creek,NA,2017-07-18T03:13:00Z,9.19,11.61967379,0,NA,0.08823254,8.7,NA,NA,NA
7/18/17,Lower Knowton Fork Red Butte Creek,NA,2017-07-18T03:28:00Z,9.2,11.63378857,0,NA,0.08823254,8.68,NA,NA,NA
7/18/17,Lower Knowton Fork Red Butte Creek,NA,2017-07-18T03:43:00Z,9.2,11.6352599,0,NA,0.08823254,8.67,NA,NA,NA
7/18/17,Lower Knowton Fork Red Butte Creek,NA,2017-07-18T03:58:00Z,9.2,11.63084703,0,NA,0.08823254,8.66,NA,NA,NA
7/18/17,Lower Knowton Fork Red Butte Creek,NA,2017-07-18T04:13:00Z,9.21,11.64054601,0,NA,0.08823254,8.65,NA,NA,NA
7/18/17,Lower Knowton Fork Red Butte Creek,NA,2017-07-18T04:28:00Z,9.21,11.64201744,0,NA,0.08823254,8.64,NA,NA,NA
7/18/17,Lower Knowton Fork Red Butte Creek,NA,2017-07-18T04:43:00Z,9.22,11.65024008,0,NA,0.08823254,8.62,NA,NA,NA
7/18/17,Lower Knowton Fork Red Butte Creek,NA,2017-07-18T04:58:00Z,9.22,11.64729661,75.2082523,NA,0.08823254,8.62,NA,NA,NA
7/18/17,Lower Knowton Fork Red Butte Creek,NA,2017-07-18T05:13:00Z,9.22,11.64876816,178.8201763,NA,0.08823254,8.61,NA,NA,NA
7/18/17,Lower Knowton Fork Red Butte Creek,NA,2017-07-18T05:28:00Z,9.23,11.65845649,284.0352038,NA,0.08823254,8.59,NA,NA,NA
7/18/17,Lower Knowton Fork Red Butte Creek,NA,2017-07-18T05:43:00Z,9.23,11.65845649,390.402841,NA,0.08823254,8.58,NA,NA,NA
7/18/17,Lower Knowton Fork Red Butte Creek,NA,2017-07-18T05:58:00Z,9.23,11.65698409,497.467659,NA,0.08823254,8.59,NA,NA,NA
7/18/17,Lower Knowton Fork Red Butte Creek,NA,2017-07-18T06:13:00Z,9.23,11.6540404,604.7712439,NA,0.08823254,8.59,NA,NA,NA
7/18/17,Lower Knowton Fork Red Butte Creek,NA,2017-07-18T06:28:00Z,9.23,11.65109821,711.8541591,NA,0.08823254,8.6,NA,NA,NA
7/18/17,Lower Knowton Fork Red Butte Creek,NA,2017-07-18T06:43:00Z,9.22,11.6428842,818.2579127,NA,0.08823254,8.62,NA,NA,NA
7/18/17,Lower Knowton Fork Red Butte Creek,NA,2017-07-18T06:58:00Z,9.23,11.6481575,923.5269206,NA,0.08823254,8.63,NA,NA,NA
7/18/17,Lower Knowton Fork Red Butte Creek,NA,2017-07-18T07:13:00Z,9.22,11.63700618,1027.210457,NA,0.08823254,8.65,NA,NA,NA
7/18/17,Lower Knowton Fork Red Butte Creek,NA,2017-07-18T07:28:00Z,9.22,11.63260156,1128.864585,NA,0.08823254,8.66,NA,NA,NA
7/18/17,Lower Knowton Fork Red Butte Creek,NA,2017-07-18T07:43:00Z,9.21,11.6243847,1228.054057,NA,0.08823254,8.69,NA,NA,NA
7/18/17,Lower Knowton Fork Red Butte Creek,NA,2017-07-18T07:58:00Z,9.21,11.61705348,1324.354176,NA,0.08823254,8.74,NA,NA,NA
7/18/17,Lower Knowton Fork Red Butte Creek,NA,2017-07-18T08:13:00Z,9.19,11.59182644,1417.352618,NA,0.08823254,8.79,NA,NA,NA
7/18/17,Lower Knowton Fork Red Butte Creek,NA,2017-07-18T08:28:00Z,9.19,11.58598084,1506.651195,NA,0.08823254,8.86,NA,NA,NA
7/18/17,Lower Knowton Fork Red Butte Creek,NA,2017-07-18T08:43:00Z,9.17,11.56222418,1591.867561,NA,0.08823254,8.94,NA,NA,NA
7/18/17,Lower Knowton Fork Red Butte Creek,NA,2017-07-18T08:58:00Z,9.14,11.52294503,1672.636848,NA,0.08823254,9.04,NA,NA,NA
7/18/17,Lower Knowton Fork Red Butte Creek,NA,2017-07-18T09:13:00Z,9.12,11.50208097,1748.613228,NA,0.08823254,9.15,NA,NA,NA
7/18/17,Lower Knowton Fork Red Butte Creek,NA,2017-07-18T09:28:00Z,9.09,11.45990923,1819.471396,NA,0.08823254,9.28,NA,NA,NA
7/18/17,Lower Knowton Fork Red Butte Creek,NA,2017-07-18T09:43:00Z,9.07,11.42893145,1884.907959,NA,0.08823254,9.41,NA,NA,NA
7/18/17,Lower Knowton Fork Red Butte Creek,NA,2017-07-18T09:58:00Z,9.04,11.38825901,1944.642741,NA,0.08823254,9.54,NA,NA,NA
7/18/17,Lower Knowton Fork Red Butte Creek,NA,2017-07-18T10:13:00Z,9.02,11.36020151,1998.419976,NA,0.08823254,9.68,NA,NA,NA
7/18/17,Lower Knowton Fork Red Butte Creek,NA,2017-07-18T10:28:00Z,8.99,11.32384431,2046.009407,NA,0.08823254,9.8,NA,NA,NA
7/18/17,Lower Knowton Fork Red Butte Creek,NA,2017-07-18T10:43:00Z,8.96,11.28747795,2087.207272,NA,0.08823254,9.94,NA,NA,NA
7/18/17,Lower Knowton Fork Red Butte Creek,NA,2017-07-18T10:58:00Z,8.93,11.24685139,2121.837172,NA,0.08823254,10.1,NA,NA,NA
7/18/17,Lower Knowton Fork Red Butte Creek,NA,2017-07-18T11:13:00Z,8.89,11.19788386,2149.750835,NA,0.08823254,10.25,NA,NA,NA
7/18/17,Lower Knowton Fork Red Butte Creek,NA,2017-07-18T11:28:00Z,8.86,11.15728498,2170.828741,NA,0.08823254,10.4,NA,NA,NA
7/18/17,Lower Knowton Fork Red Butte Creek,NA,2017-07-18T11:43:00Z,8.83,11.1209068,2184.980642,NA,0.08823254,10.56,NA,NA,NA
7/18/17,Lower Knowton Fork Red Butte Creek,NA,2017-07-18T11:58:00Z,8.8,11.08451946,2192.145941,NA,0.08823254,10.71,NA,NA,NA
7/18/17,Lower Knowton Fork Red Butte Creek,NA,2017-07-18T12:13:00Z,8.77,11.05090726,2192.293958,NA,0.08823254,10.85,NA,NA,NA
7/18/17,Lower Knowton Fork Red Butte Creek,NA,2017-07-18T12:28:00Z,8.73,11.00605144,2185.424059,NA,0.08823254,11,NA,NA,NA
7/18/17,Lower Knowton Fork Red Butte Creek,NA,2017-07-18T12:43:00Z,8.71,10.97945292,2171.565656,NA,0.08823254,11.1,NA,NA,NA
7/18/17,Lower Knowton Fork Red Butte Creek,NA,2017-07-18T12:58:00Z,8.69,10.95562279,2150.778086,NA,0.08823254,11.19,NA,NA,NA
7/18/17,Lower Knowton Fork Red Butte Creek,NA,2017-07-18T13:13:00Z,8.68,10.94577554,2123.150352,NA,0.08823254,11.24,NA,NA,NA
7/18/17,Lower Knowton Fork Red Butte Creek,NA,2017-07-18T13:28:00Z,8.67,10.93454408,2088.800745,NA,0.08823254,11.29,NA,NA,NA
7/18/17,Lower Knowton Fork Red Butte Creek,NA,2017-07-18T13:43:00Z,8.67,10.93592331,2047.876339,NA,0.08823254,11.29,NA,NA,NA
7/18/17,Lower Knowton Fork Red Butte Creek,NA,2017-07-18T13:58:00Z,8.69,10.96253311,2000.552357,NA,0.08823254,11.2,NA,NA,NA
7/18/17,Lower Knowton Fork Red Butte Creek,NA,2017-07-18T14:13:00Z,8.69,10.96668349,1947.031422,NA,0.08823254,11.18,NA,NA,NA
7/18/17,Lower Knowton Fork Red Butte Creek,NA,2017-07-18T14:28:00Z,8.7,10.97514823,1887.542694,NA,0.08823254,11.12,NA,NA,NA
7/18/17,Lower Knowton Fork Red Butte Creek,NA,2017-07-18T14:43:00Z,8.71,11.01416287,1822.340881,NA,0.08823254,11,NA,NA,NA
7/18/17,Lower Knowton Fork Red Butte Creek,NA,2017-07-18T14:58:00Z,8.73,11.03526735,1751.705155,NA,0.08823254,10.9,NA,NA,NA
7/18/17,Lower Knowton Fork Red Butte Creek,NA,2017-07-18T15:13:00Z,8.75,11.04937492,1675.937955,NA,0.08823254,10.84,NA,NA,NA
7/18/17,Lower Knowton Fork Red Butte Creek,NA,2017-07-18T15:28:00Z,8.75,11.05915066,1595.363689,NA,0.08823254,10.8,NA,NA,NA
7/18/17,Lower Knowton Fork Red Butte Creek,NA,2017-07-18T15:43:00Z,8.76,11.06759318,1510.327349,NA,0.08823254,10.75,NA,NA,NA
7/18/17,Lower Knowton Fork Red Butte Creek,NA,2017-07-18T15:58:00Z,8.77,11.09003541,1421.193033,NA,0.08823254,10.66,NA,NA,NA
7/18/17,Lower Knowton Fork Red Butte Creek,NA,2017-07-18T16:13:00Z,8.78,11.11111111,1328.342382,NA,0.08823254,10.58,NA,NA,NA
7/18/17,Lower Knowton Fork Red Butte Creek,NA,2017-07-18T16:28:00Z,8.8,11.14206128,1232.172953,NA,0.08823254,10.5,NA,NA,NA
7/18/17,Lower Knowton Fork Red Butte Creek,NA,2017-07-18T16:43:00Z,8.81,11.15896137,1133.096511,NA,0.08823254,10.4,NA,NA,NA
7/18/17,Lower Knowton Fork Red Butte Creek,NA,2017-07-18T16:58:00Z,8.84,11.19554205,1031.537269,NA,0.08823254,10.3,NA,NA,NA
7/18/17,Lower Knowton Fork Red Butte Creek,NA,2017-07-18T17:13:00Z,8.86,11.21518987,927.9300696,NA,0.08823254,10.2,NA,NA,NA
7/18/17,Lower Knowton Fork Red Butte Creek,NA,2017-07-18T17:28:00Z,8.87,11.23069131,822.7185249,NA,0.08823254,10.14,NA,NA,NA
7/18/17,Lower Knowton Fork Red Butte Creek,NA,2017-07-18T17:43:00Z,8.88,11.23908366,716.3531164,NA,0.08823254,10.11,NA,NA,NA
7/18/17,Lower Knowton Fork Red Butte Creek,NA,2017-07-18T17:58:00Z,8.89,11.25174029,609.2892661,NA,0.08823254,10.08,NA,NA,NA
7/18/17,Lower Knowton Fork Red Butte Creek,NA,2017-07-18T18:13:00Z,8.9,11.26439691,501.9853868,NA,0.08823254,10.04,NA,NA,NA
7/18/17,Lower Knowton Fork Red Butte Creek,NA,2017-07-18T18:28:00Z,8.91,11.27562642,394.900919,NA,0.08823254,9.98,NA,NA,NA
7/18/17,Lower Knowton Fork Red Butte Creek,NA,2017-07-18T18:43:00Z,8.92,11.2854251,288.4943638,NA,0.08823254,9.93,NA,NA,NA
7/18/17,Lower Knowton Fork Red Butte Creek,NA,2017-07-18T18:58:00Z,8.93,11.30236679,183.2213202,NA,0.08823254,9.89,NA,NA,NA
7/18/17,Lower Knowton Fork Red Butte Creek,NA,2017-07-18T19:13:00Z,8.94,11.3164557,79.53253371,NA,0.08823254,9.84,NA,NA,NA
7/18/17,Lower Knowton Fork Red Butte Creek,NA,2017-07-18T19:28:00Z,8.94,11.31932135,0,NA,0.08823254,9.8,NA,NA,NA
7/18/17,Lower Knowton Fork Red Butte Creek,NA,2017-07-18T19:43:00Z,8.96,11.33890154,0,NA,0.08823254,9.74,NA,NA,NA
7/18/17,Lower Knowton Fork Red Butte Creek,NA,2017-07-18T19:58:00Z,8.97,11.35586783,0,NA,0.08823254,9.69,NA,NA,NA
7/18/17,Lower Knowton Fork Red Butte Creek,NA,2017-07-18T20:13:00Z,8.98,11.36277363,0,NA,0.08823254,9.63,NA,NA,NA
7/18/17,Lower Knowton Fork Red Butte Creek,NA,2017-07-18T20:28:00Z,9,11.38663968,0,NA,0.08823254,9.57,NA,NA,NA
7/18/17,Lower Knowton Fork Red Butte Creek,NA,2017-07-18T20:43:00Z,9.01,11.3992915,0,NA,0.08823254,9.5,NA,NA,NA
7/18/17,Lower Knowton Fork Red Butte Creek,NA,2017-07-18T20:58:00Z,9.03,11.42314991,0,NA,0.08823254,9.45,NA,NA,NA
7/18/17,Lower Knowton Fork Red Butte Creek,NA,2017-07-18T21:13:00Z,9.04,11.43724696,0,NA,0.08823254,9.39,NA,NA,NA
7/18/17,Lower Knowton Fork Red Butte Creek,NA,2017-07-18T21:28:00Z,9.05,11.44989879,0,NA,0.08823254,9.35,NA,NA,NA
7/18/17,Lower Knowton Fork Red Butte Creek,NA,2017-07-18T21:43:00Z,9.06,11.46110057,0,NA,0.08823254,9.31,NA,NA,NA
7/18/17,Lower Knowton Fork Red Butte Creek,NA,2017-07-18T21:58:00Z,9.06,11.46110057,0,NA,0.08823254,9.27,NA,NA,NA
7/18/17,Lower Knowton Fork Red Butte Creek,NA,2017-07-18T22:13:00Z,9.07,11.47520243,0,NA,0.08823254,9.24,NA,NA,NA
7/18/17,Lower Knowton Fork Red Butte Creek,NA,2017-07-18T22:28:00Z,9.07,11.47520243,0,NA,0.08823254,9.22,NA,NA,NA
7/18/17,Lower Knowton Fork Red Butte Creek,NA,2017-07-18T22:43:00Z,9.08,11.48930786,0,NA,0.08823254,9.2,NA,NA,NA
7/18/17,Lower Knowton Fork Red Butte Creek,NA,2017-07-18T22:58:00Z,9.08,11.49221618,0,NA,0.08823254,9.19,NA,NA,NA
7/18/17,Lower Knowton Fork Red Butte Creek,NA,2017-07-18T23:13:00Z,9.08,11.48494814,0,NA,0.08823254,9.18,NA,NA,NA
7/18/17,Lower Knowton Fork Red Butte Creek,NA,2017-07-18T23:28:00Z,9.09,11.49468892,0,NA,0.08823254,9.17,NA,NA,NA
7/18/17,Lower Knowton Fork Red Butte Creek,NA,2017-07-18T23:43:00Z,9.1,11.49861006,0,NA,0.08823254,9.17,NA,NA,NA
7/18/17,Lower Knowton Fork Red Butte Creek,NA,2017-07-18T23:58:00Z,9.09,11.49032992,0,NA,0.08823254,9.2,NA,NA,NA
7/19/17,1300 E Red Butte Creek,NA,2017-07-19T00:13:00Z,7.84,9.607843137,0,NA,0.308409091,17.16,NA,NA,NA
7/19/17,1300 E Red Butte Creek,NA,2017-07-19T00:28:00Z,7.8,9.594095941,0,NA,0.308409091,17.25,NA,NA,NA
7/19/17,1300 E Red Butte Creek,NA,2017-07-19T00:43:00Z,7.8,9.582309582,0,NA,0.308409091,17.28,NA,NA,NA
7/19/17,1300 E Red Butte Creek,NA,2017-07-19T00:58:00Z,7.79,9.581795818,0,NA,0.308409091,17.29,NA,NA,NA
7/19/17,1300 E Red Butte Creek,NA,2017-07-19T01:13:00Z,7.79,9.581795818,0,NA,0.308409091,17.28,NA,NA,NA
7/19/17,1300 E Red Butte Creek,NA,2017-07-19T01:28:00Z,7.79,9.593596059,0,NA,0.308409091,17.26,NA,NA,NA
7/19/17,1300 E Red Butte Creek,NA,2017-07-19T01:43:00Z,7.77,9.592592593,0,NA,0.308409091,17.22,NA,NA,NA
7/19/17,1300 E Red Butte Creek,NA,2017-07-19T01:58:00Z,7.81,9.594594595,0,NA,0.308409091,17.22,NA,NA,NA
7/19/17,1300 E Red Butte Creek,NA,2017-07-19T02:13:00Z,7.8,9.594095941,0,NA,0.308409091,17.24,NA,NA,NA
7/19/17,1300 E Red Butte Creek,NA,2017-07-19T02:28:00Z,7.79,9.593596059,0,NA,0.308409091,17.24,NA,NA,NA
7/19/17,1300 E Red Butte Creek,NA,2017-07-19T02:43:00Z,7.79,9.593596059,0,NA,0.308409091,17.24,NA,NA,NA
7/19/17,1300 E Red Butte Creek,NA,2017-07-19T02:58:00Z,7.78,9.593094945,0,NA,0.308409091,17.24,NA,NA,NA
7/19/17,1300 E Red Butte Creek,NA,2017-07-19T03:13:00Z,7.75,9.603469641,0,NA,0.308409091,17.22,NA,NA,NA
7/19/17,1300 E Red Butte Creek,NA,2017-07-19T03:28:00Z,7.77,9.604449938,0,NA,0.308409091,17.16,NA,NA,NA
7/19/17,1300 E Red Butte Creek,NA,2017-07-19T03:43:00Z,7.8,9.617755857,0,NA,0.308409091,17.1,NA,NA,NA
7/19/17,1300 E Red Butte Creek,NA,2017-07-19T03:58:00Z,7.81,9.630086313,0,NA,0.308409091,17.04,NA,NA,NA
7/19/17,1300 E Red Butte Creek,NA,2017-07-19T04:13:00Z,7.82,9.630541872,0,NA,0.308409091,17.01,NA,NA,NA
7/19/17,1300 E Red Butte Creek,NA,2017-07-19T04:28:00Z,7.84,9.631449631,0,NA,0.308409091,17.03,NA,NA,NA
7/19/17,1300 E Red Butte Creek,NA,2017-07-19T04:43:00Z,7.82,9.618696187,0,NA,0.308409091,17.09,NA,NA,NA
7/19/17,1300 E Red Butte Creek,NA,2017-07-19T04:58:00Z,7.83,9.607361963,68.79360373,NA,0.308409091,17.14,NA,NA,NA
7/19/17,1300 E Red Butte Creek,NA,2017-07-19T05:13:00Z,7.81,9.606396064,172.6105934,NA,0.308409091,17.15,NA,NA,NA
7/19/17,1300 E Red Butte Creek,NA,2017-07-19T05:28:00Z,7.83,9.619164619,278.0364258,NA,0.308409091,17.14,NA,NA,NA
7/19/17,1300 E Red Butte Creek,NA,2017-07-19T05:43:00Z,7.83,9.619164619,384.6196993,NA,0.308409091,17.09,NA,NA,NA
7/19/17,1300 E Red Butte Creek,NA,2017-07-19T05:58:00Z,7.84,9.631449631,491.9040562,NA,0.308409091,17.02,NA,NA,NA
7/19/17,1300 E Red Butte Creek,NA,2017-07-19T06:13:00Z,7.88,9.656862745,599.4301371,NA,0.308409091,16.93,NA,NA,NA
7/19/17,1300 E Red Butte Creek,NA,2017-07-19T06:28:00Z,7.89,9.669117647,706.737547,NA,0.308409091,16.86,NA,NA,NA
7/19/17,1300 E Red Butte Creek,NA,2017-07-19T06:43:00Z,7.95,9.659781288,813.3668275,NA,0.308409091,16.86,NA,NA,NA
7/19/17,1300 E Red Butte Creek,NA,2017-07-19T06:58:00Z,7.97,9.660606061,918.8614233,NA,0.308409091,16.88,NA,NA,NA
7/19/17,1300 E Red Butte Creek,NA,2017-07-19T07:13:00Z,8.01,9.662243667,1022.769637,NA,0.308409091,16.86,NA,NA,NA
7/19/17,1300 E Red Butte Creek,NA,2017-07-19T07:28:00Z,8.04,9.663461538,1124.646565,NA,0.308409091,16.85,NA,NA,NA
7/19/17,1300 E Red Butte Creek,NA,2017-07-19T07:43:00Z,8.06,9.675870348,1224.056,NA,0.308409091,16.82,NA,NA,NA
7/19/17,1300 E Red Butte Creek,NA,2017-07-19T07:58:00Z,8.13,9.66706302,1320.572297,NA,0.308409091,16.83,NA,NA,NA
7/19/17,1300 E Red Butte Creek,NA,2017-07-19T08:13:00Z,8.17,9.680094787,1413.782204,NA,0.308409091,16.8,NA,NA,NA
7/19/17,1300 E Red Butte Creek,NA,2017-07-19T08:28:00Z,8.2,9.681227863,1503.286621,NA,0.308409091,16.79,NA,NA,NA
7/19/17,1300 E Red Butte Creek,NA,2017-07-19T08:43:00Z,8.24,9.682726204,1588.702316,NA,0.308409091,16.79,NA,NA,NA
7/19/17,1300 E Red Butte Creek,NA,2017-07-19T08:58:00Z,8.24,9.694117647,1669.663563,NA,0.308409091,16.77,NA,NA,NA
7/19/17,1300 E Red Butte Creek,NA,2017-07-19T09:13:00Z,8.27,9.683840749,1745.823709,NA,0.308409091,16.76,NA,NA,NA
7/19/17,1300 E Red Butte Creek,NA,2017-07-19T09:28:00Z,8.37,9.6875,1816.856657,NA,0.308409091,16.76,NA,NA,NA
7/19/17,1300 E Red Butte Creek,NA,2017-07-19T09:43:00Z,8.25,9.694477086,1882.458264,NA,0.308409091,16.74,NA,NA,NA
7/19/17,1300 E Red Butte Creek,NA,2017-07-19T09:58:00Z,8.26,9.694835681,1942.347641,NA,0.308409091,16.74,NA,NA,NA
7/19/17,1300 E Red Butte Creek,NA,2017-07-19T10:13:00Z,8.15,9.622195986,1996.268358,NA,0.308409091,17.09,NA,NA,NA
7/19/17,1300 E Red Butte Creek,NA,2017-07-19T10:28:00Z,8.26,9.683470106,2043.989542,NA,0.308409091,16.76,NA,NA,NA
7/19/17,1300 E Red Butte Creek,NA,2017-07-19T10:43:00Z,8.28,9.684210526,2085.306862,NA,0.308409091,16.75,NA,NA,NA
7/19/17,1300 E Red Butte Creek,NA,2017-07-19T10:58:00Z,8.21,9.693034238,2120.043409,NA,0.308409091,16.74,NA,NA,NA
7/19/17,1300 E Red Butte Creek,NA,2017-07-19T11:13:00Z,8.27,9.683840749,2148.050449,NA,0.308409091,16.75,NA,NA,NA
7/19/17,1300 E Red Butte Creek,NA,2017-07-19T11:28:00Z,8.4,9.677419355,2169.208063,NA,0.308409091,16.82,NA,NA,NA
7/19/17,1300 E Red Butte Creek,NA,2017-07-19T11:43:00Z,8.45,9.66819222,2183.425658,NA,0.308409091,16.86,NA,NA,NA
7/19/17,1300 E Red Butte Creek,NA,2017-07-19T11:58:00Z,8.57,9.640044994,2190.642359,NA,0.308409091,16.95,NA,NA,NA
7/19/17,1300 E Red Butte Creek,NA,2017-07-19T12:13:00Z,8.73,9.625137817,2190.827262,NA,0.308409091,17.08,NA,NA,NA
7/19/17,1300 E Red Butte Creek,NA,2017-07-19T12:28:00Z,8.78,9.606126915,2183.979576,NA,0.308409091,17.15,NA,NA,NA
7/19/17,1300 E Red Butte Creek,NA,2017-07-19T12:43:00Z,8.85,9.598698482,2170.12862,NA,0.308409091,17.21,NA,NA,NA
7/19/17,1300 E Red Butte Creek,NA,2017-07-19T12:58:00Z,8.89,9.590075512,2149.333696,NA,0.308409091,17.22,NA,NA,NA
7/19/17,1300 E Red Butte Creek,NA,2017-07-19T13:13:00Z,8.86,9.578378378,2121.683843,NA,0.308409091,17.3,NA,NA,NA
7/19/17,1300 E Red Butte Creek,NA,2017-07-19T13:28:00Z,8.89,9.569429494,2087.297447,NA,0.308409091,17.32,NA,NA,NA
7/19/17,1300 E Red Butte Creek,NA,2017-07-19T13:43:00Z,8.81,9.576086957,2046.321741,NA,0.308409091,17.32,NA,NA,NA
7/19/17,1300 E Red Butte Creek,NA,2017-07-19T13:58:00Z,8.57,9.586129754,1998.932169,NA,0.308409091,17.25,NA,NA,NA
7/19/17,1300 E Red Butte Creek,NA,2017-07-19T14:13:00Z,8.52,9.583802025,1945.33164,NA,0.308409091,17.24,NA,NA,NA
7/19/17,1300 E Red Butte Creek,NA,2017-07-19T14:28:00Z,8.47,9.581447964,1885.749654,NA,0.308409091,17.23,NA,NA,NA
7/19/17,1300 E Red Butte Creek,NA,2017-07-19T14:43:00Z,8.48,9.592760181,1820.441323,NA,0.308409091,17.26,NA,NA,NA
7/19/17,1300 E Red Butte Creek,NA,2017-07-19T14:58:00Z,8.41,9.589509692,1749.68628,NA,0.308409091,17.21,NA,NA,NA
7/19/17,1300 E Red Butte Creek,NA,2017-07-19T15:13:00Z,8.25,9.60419092,1673.787476,NA,0.308409091,17.18,NA,NA,NA
7/19/17,1300 E Red Butte Creek,NA,2017-07-19T15:28:00Z,8.14,9.61038961,1593.069888,NA,0.308409091,17.14,NA,NA,NA
7/19/17,1300 E Red Butte Creek,NA,2017-07-19T15:43:00Z,8.06,9.618138425,1507.879125,NA,0.308409091,17.11,NA,NA,NA
7/19/17,1300 E Red Butte Creek,NA,2017-07-19T15:58:00Z,8.01,9.627403846,1418.57995,NA,0.308409091,17.07,NA,NA,NA
7/19/17,1300 E Red Butte Creek,NA,2017-07-19T16:13:00Z,7.99,9.626506024,1325.554717,NA,0.308409091,17.05,NA,NA,NA
7/19/17,1300 E Red Butte Creek,NA,2017-07-19T16:28:00Z,8.01,9.627403846,1229.201733,NA,0.308409091,17,NA,NA,NA
7/19/17,1300 E Red Butte Creek,NA,2017-07-19T16:43:00Z,8.06,9.652694611,1129.933554,NA,0.308409091,16.97,NA,NA,NA
7/19/17,1300 E Red Butte Creek,NA,2017-07-19T16:58:00Z,8.11,9.643281807,1028.17522,NA,0.308409091,16.97,NA,NA,NA
7/19/17,1300 E Red Butte Creek,NA,2017-07-19T17:13:00Z,8.15,9.644970414,924.3624318,NA,0.308409091,16.96,NA,NA,NA
7/19/17,1300 E Red Butte Creek,NA,2017-07-19T17:28:00Z,8.07,9.653110048,818.9396861,NA,0.308409091,16.92,NA,NA,NA
7/19/17,1300 E Red Butte Creek,NA,2017-07-19T17:43:00Z,8.03,9.651442308,712.3583744,NA,0.308409091,16.91,NA,NA,NA
7/19/17,1300 E Red Butte Creek,NA,2017-07-19T17:58:00Z,8.02,9.662650602,605.074849,NA,0.308409091,16.9,NA,NA,NA
7/19/17,1300 E Red Butte Creek,NA,2017-07-19T18:13:00Z,8.01,9.65060241,497.5484685,NA,0.308409091,16.89,NA,NA,NA
7/19/17,1300 E Red Butte Creek,NA,2017-07-19T18:28:00Z,8,9.661835749,390.2396319,NA,0.308409091,16.91,NA,NA,NA
7/19/17,1300 E Red Butte Creek,NA,2017-07-19T18:43:00Z,7.97,9.660606061,283.6078066,NA,0.308409091,16.88,NA,NA,NA
7/19/17,1300 E Red Butte Creek,NA,2017-07-19T18:58:00Z,7.94,9.659367397,178.1095615,NA,0.308409091,16.87,NA,NA,NA
7/19/17,1300 E Red Butte Creek,NA,2017-07-19T19:13:00Z,7.92,9.67032967,74.19661209,NA,0.308409091,16.86,NA,NA,NA
7/19/17,1300 E Red Butte Creek,NA,2017-07-19T19:28:00Z,7.92,9.67032967,0,NA,0.308409091,16.84,NA,NA,NA
7/19/17,1300 E Red Butte Creek,NA,2017-07-19T19:43:00Z,7.89,9.669117647,0,NA,0.308409091,16.84,NA,NA,NA
7/19/17,1300 E Red Butte Creek,NA,2017-07-19T19:58:00Z,7.88,9.656862745,0,NA,0.308409091,16.85,NA,NA,NA
7/19/17,1300 E Red Butte Creek,NA,2017-07-19T20:13:00Z,7.88,9.656862745,0,NA,0.308409091,16.9,NA,NA,NA
7/19/17,1300 E Red Butte Creek,NA,2017-07-19T20:28:00Z,7.88,9.656862745,0,NA,0.308409091,16.94,NA,NA,NA
7/19/17,1300 E Red Butte Creek,NA,2017-07-19T20:43:00Z,7.88,9.64504284,0,NA,0.308409091,16.98,NA,NA,NA
7/19/17,1300 E Red Butte Creek,NA,2017-07-19T20:58:00Z,7.87,9.632802938,0,NA,0.308409091,17.02,NA,NA,NA
7/19/17,1300 E Red Butte Creek,NA,2017-07-19T21:13:00Z,7.88,9.633251834,0,NA,0.308409091,17.05,NA,NA,NA
7/19/17,1300 E Red Butte Creek,NA,2017-07-19T21:28:00Z,7.86,9.620563035,0,NA,0.308409091,17.1,NA,NA,NA
7/19/17,1300 E Red Butte Creek,NA,2017-07-19T21:43:00Z,7.87,9.609279609,0,NA,0.308409091,17.17,NA,NA,NA
7/19/17,1300 E Red Butte Creek,NA,2017-07-19T21:58:00Z,7.85,9.596577017,0,NA,0.308409091,17.19,NA,NA,NA
7/19/17,1300 E Red Butte Creek,NA,2017-07-19T22:13:00Z,7.86,9.597069597,0,NA,0.308409091,17.19,NA,NA,NA
7/19/17,1300 E Red Butte Creek,NA,2017-07-19T22:28:00Z,7.85,9.608323133,0,NA,0.308409091,17.13,NA,NA,NA
7/19/17,1300 E Red Butte Creek,NA,2017-07-19T22:43:00Z,7.86,9.620563035,0,NA,0.308409091,17.09,NA,NA,NA
7/19/17,1300 E Red Butte Creek,NA,2017-07-19T22:58:00Z,7.87,9.621026895,0,NA,0.308409091,17.1,NA,NA,NA
7/19/17,1300 E Red Butte Creek,NA,2017-07-19T23:13:00Z,7.88,9.621489621,0,NA,0.308409091,17.09,NA,NA,NA
7/19/17,1300 E Red Butte Creek,NA,2017-07-19T23:28:00Z,7.87,9.632802938,0,NA,0.308409091,17.08,NA,NA,NA
7/19/17,1300 E Red Butte Creek,NA,2017-07-19T23:43:00Z,7.87,9.632802938,0,NA,0.308409091,17.05,NA,NA,NA
7/19/17,1300 E Red Butte Creek,NA,2017-07-19T23:58:00Z,7.87,9.621026895,0,NA,0.308409091,17.06,NA,NA,NA
7/27/17,South Fork Mink Creek,NA,2017-07-27T00:01:00Z,7.89,10.35433071,0,0.023716,0.112053571,13.74,NA,NA,NA
7/27/17,South Fork Mink Creek,NA,2017-07-27T00:06:00Z,7.9,10.35386632,0,0.023716,0.112053571,13.7,NA,NA,NA
7/27/17,South Fork Mink Creek,NA,2017-07-27T00:11:00Z,7.9,10.36745407,0,0.023716,0.112053571,13.67,NA,NA,NA
7/27/17,South Fork Mink Creek,NA,2017-07-27T00:16:00Z,7.9,10.36745407,0,0.023716,0.112053571,13.66,NA,NA,NA
7/27/17,South Fork Mink Creek,NA,2017-07-27T00:21:00Z,7.93,10.37958115,0,0.023716,0.112053571,13.63,NA,NA,NA
7/27/17,South Fork Mink Creek,NA,2017-07-27T00:26:00Z,7.92,10.38007864,0,0.023716,0.112053571,13.62,NA,NA,NA
7/27/17,South Fork Mink Creek,NA,2017-07-27T00:31:00Z,7.9,10.38107753,0,0.023716,0.112053571,13.6,NA,NA,NA
7/27/17,South Fork Mink Creek,NA,2017-07-27T00:36:00Z,7.89,10.39525692,0,0.023716,0.112053571,13.58,NA,NA,NA
7/27/17,South Fork Mink Creek,NA,2017-07-27T00:41:00Z,7.9,10.39473684,0,0.023716,0.112053571,13.56,NA,NA,NA
7/27/17,South Fork Mink Creek,NA,2017-07-27T00:46:00Z,7.9,10.39473684,0,0.023716,0.112053571,13.53,NA,NA,NA
7/27/17,South Fork Mink Creek,NA,2017-07-27T00:51:00Z,7.92,10.40735874,0,0.023716,0.112053571,13.5,NA,NA,NA
7/27/17,South Fork Mink Creek,NA,2017-07-27T00:56:00Z,7.93,10.40682415,0,0.023716,0.112053571,13.48,NA,NA,NA
7/27/17,South Fork Mink Creek,NA,2017-07-27T01:01:00Z,7.92,10.42105263,0,0.023716,0.112053571,13.46,NA,NA,NA
7/27/17,South Fork Mink Creek,NA,2017-07-27T01:06:00Z,7.91,10.42160738,0,0.023716,0.112053571,13.45,NA,NA,NA
7/27/17,South Fork Mink Creek,NA,2017-07-27T01:11:00Z,7.92,10.43478261,0,0.023716,0.112053571,13.42,NA,NA,NA
7/27/17,South Fork Mink Creek,NA,2017-07-27T01:16:00Z,7.92,10.43478261,0,0.023716,0.112053571,13.39,NA,NA,NA
7/27/17,South Fork Mink Creek,NA,2017-07-27T01:21:00Z,7.94,10.43363995,0,0.023716,0.112053571,13.36,NA,NA,NA
7/27/17,South Fork Mink Creek,NA,2017-07-27T01:26:00Z,7.93,10.43421053,0,0.023716,0.112053571,13.35,NA,NA,NA
7/27/17,South Fork Mink Creek,NA,2017-07-27T01:31:00Z,7.93,10.44795784,0,0.023716,0.112053571,13.32,NA,NA,NA
7/27/17,South Fork Mink Creek,NA,2017-07-27T01:36:00Z,7.93,10.44795784,0,0.023716,0.112053571,13.31,NA,NA,NA
7/27/17,South Fork Mink Creek,NA,2017-07-27T01:41:00Z,7.91,10.44914135,0,0.023716,0.112053571,13.31,NA,NA,NA
7/27/17,South Fork Mink Creek,NA,2017-07-27T01:46:00Z,7.95,10.46052632,0,0.023716,0.112053571,13.27,NA,NA,NA
7/27/17,South Fork Mink Creek,NA,2017-07-27T01:51:00Z,7.99,10.45811518,0,0.023716,0.112053571,13.22,NA,NA,NA
7/27/17,South Fork Mink Creek,NA,2017-07-27T01:56:00Z,8.01,10.47058824,0,0.023716,0.112053571,13.19,NA,NA,NA
7/27/17,South Fork Mink Creek,NA,2017-07-27T02:01:00Z,8.01,10.48429319,0,0.023716,0.112053571,13.17,NA,NA,NA
7/27/17,South Fork Mink Creek,NA,2017-07-27T02:06:00Z,7.97,10.47306176,0,0.023716,0.112053571,13.16,NA,NA,NA
7/27/17,South Fork Mink Creek,NA,2017-07-27T02:11:00Z,7.99,10.4855643,0,0.023716,0.112053571,13.15,NA,NA,NA
7/27/17,South Fork Mink Creek,NA,2017-07-27T02:16:00Z,8.02,10.4973822,0,0.023716,0.112053571,13.11,NA,NA,NA
7/27/17,South Fork Mink Creek,NA,2017-07-27T02:21:00Z,8.03,10.49673203,0,0.023716,0.112053571,13.09,NA,NA,NA
7/27/17,South Fork Mink Creek,NA,2017-07-27T02:26:00Z,8.03,10.5104712,0,0.023716,0.112053571,13.07,NA,NA,NA
7/27/17,South Fork Mink Creek,NA,2017-07-27T02:31:00Z,8.01,10.49803408,0,0.023716,0.112053571,13.05,NA,NA,NA
7/27/17,South Fork Mink Creek,NA,2017-07-27T02:36:00Z,8.03,10.5242464,0,0.023716,0.112053571,13.03,NA,NA,NA
7/27/17,South Fork Mink Creek,NA,2017-07-27T02:41:00Z,8.03,10.5242464,0,0.023716,0.112053571,13,NA,NA,NA
7/27/17,South Fork Mink Creek,NA,2017-07-27T02:46:00Z,8.04,10.52356021,0,0.023716,0.112053571,12.99,NA,NA,NA
7/27/17,South Fork Mink Creek,NA,2017-07-27T02:51:00Z,8.04,10.52356021,0,0.023716,0.112053571,12.97,NA,NA,NA
7/27/17,South Fork Mink Creek,NA,2017-07-27T02:56:00Z,8.04,10.53735256,0,0.023716,0.112053571,12.95,NA,NA,NA
7/27/17,South Fork Mink Creek,NA,2017-07-27T03:01:00Z,8.04,10.53735256,0,0.023716,0.112053571,12.92,NA,NA,NA
7/27/17,South Fork Mink Creek,NA,2017-07-27T03:06:00Z,8.06,10.53594771,0,0.023716,0.112053571,12.9,NA,NA,NA
7/27/17,South Fork Mink Creek,NA,2017-07-27T03:11:00Z,8.06,10.54973822,0,0.023716,0.112053571,12.88,NA,NA,NA
7/27/17,South Fork Mink Creek,NA,2017-07-27T03:16:00Z,8.07,10.54901961,0,0.023716,0.112053571,12.85,NA,NA,NA
7/27/17,South Fork Mink Creek,NA,2017-07-27T03:21:00Z,8.06,10.54973822,0,0.023716,0.112053571,12.83,NA,NA,NA
7/27/17,South Fork Mink Creek,NA,2017-07-27T03:26:00Z,8.07,10.56282723,0,0.023716,0.112053571,12.8,NA,NA,NA
7/27/17,South Fork Mink Creek,NA,2017-07-27T03:31:00Z,8.05,10.5781866,0,0.023716,0.112053571,12.78,NA,NA,NA
7/27/17,South Fork Mink Creek,NA,2017-07-27T03:36:00Z,8.04,10.57894737,0,0.023716,0.112053571,12.76,NA,NA,NA
7/27/17,South Fork Mink Creek,NA,2017-07-27T03:41:00Z,8.03,10.57971014,0,0.023716,0.112053571,12.74,NA,NA,NA
7/27/17,South Fork Mink Creek,NA,2017-07-27T03:46:00Z,8.05,10.5781866,0,0.023716,0.112053571,12.72,NA,NA,NA
7/27/17,South Fork Mink Creek,NA,2017-07-27T03:51:00Z,8.08,10.5897772,0,0.023716,0.112053571,12.68,NA,NA,NA
7/27/17,South Fork Mink Creek,NA,2017-07-27T03:56:00Z,8.1,10.60209424,0,0.023716,0.112053571,12.65,NA,NA,NA
7/27/17,South Fork Mink Creek,NA,2017-07-27T04:01:00Z,8.11,10.61518325,0,0.023716,0.112053571,12.63,NA,NA,NA
7/27/17,South Fork Mink Creek,NA,2017-07-27T04:06:00Z,8.11,10.61518325,0,0.023716,0.112053571,12.62,NA,NA,NA
7/27/17,South Fork Mink Creek,NA,2017-07-27T04:11:00Z,8.1,10.61598952,0,0.023716,0.112053571,12.6,NA,NA,NA
7/27/17,South Fork Mink Creek,NA,2017-07-27T04:16:00Z,8.09,10.6167979,0,0.023716,0.112053571,12.59,NA,NA,NA
7/27/17,South Fork Mink Creek,NA,2017-07-27T04:21:00Z,8.1,10.62992126,0,0.023716,0.112053571,12.56,NA,NA,NA
7/27/17,South Fork Mink Creek,NA,2017-07-27T04:26:00Z,8.11,10.62909567,0,0.023716,0.112053571,12.54,NA,NA,NA
7/27/17,South Fork Mink Creek,NA,2017-07-27T04:31:00Z,8.12,10.62827225,0,0.023716,0.112053571,12.53,NA,NA,NA
7/27/17,South Fork Mink Creek,NA,2017-07-27T04:36:00Z,8.13,10.64136126,0,0.023716,0.112053571,12.5,NA,NA,NA
7/27/17,South Fork Mink Creek,NA,2017-07-27T04:41:00Z,8.16,10.65274151,0,0.023716,0.112053571,12.48,NA,NA,NA
7/27/17,South Fork Mink Creek,NA,2017-07-27T04:46:00Z,8.15,10.65359477,0,0.023716,0.112053571,12.47,NA,NA,NA
7/27/17,South Fork Mink Creek,NA,2017-07-27T04:51:00Z,8.13,10.65530799,10.21132352,0.023716,0.112053571,12.45,NA,NA,NA
7/27/17,South Fork Mink Creek,NA,2017-07-27T04:56:00Z,8.11,10.65703022,43.58861198,0.023716,0.112053571,12.44,NA,NA,NA
7/27/17,South Fork Mink Creek,NA,2017-07-27T05:01:00Z,8.13,10.65530799,77.19694978,0.023716,0.112053571,12.41,NA,NA,NA
7/27/17,South Fork Mink Creek,NA,2017-07-27T05:06:00Z,8.15,10.66753927,111.0203412,0.023716,0.112053571,12.39,NA,NA,NA
7/27/17,South Fork Mink Creek,NA,2017-07-27T05:11:00Z,8.15,10.66753927,145.0426881,0.023716,0.112053571,12.37,NA,NA,NA
7/27/17,South Fork Mink Creek,NA,2017-07-27T05:16:00Z,8.15,10.66753927,179.2477978,0.023716,0.112053571,12.36,NA,NA,NA
7/27/17,South Fork Mink Creek,NA,2017-07-27T05:21:00Z,8.16,10.66666667,213.6193905,0.023716,0.112053571,12.35,NA,NA,NA
7/27/17,South Fork Mink Creek,NA,2017-07-27T05:26:00Z,8.21,10.69010417,248.1411071,0.023716,0.112053571,12.32,NA,NA,NA
7/27/17,South Fork Mink Creek,NA,2017-07-27T05:31:00Z,8.24,10.68741894,282.7965173,0.023716,0.112053571,12.29,NA,NA,NA
7/27/17,South Fork Mink Creek,NA,2017-07-27T05:36:00Z,8.26,10.69948187,317.569127,0.023716,0.112053571,12.28,NA,NA,NA
7/27/17,South Fork Mink Creek,NA,2017-07-27T05:41:00Z,8.28,10.69767442,352.4423863,0.023716,0.112053571,12.27,NA,NA,NA
7/27/17,South Fork Mink Creek,NA,2017-07-27T05:46:00Z,8.29,10.69677419,387.3996975,0.023716,0.112053571,12.27,NA,NA,NA
7/27/17,South Fork Mink Creek,NA,2017-07-27T05:51:00Z,8.32,10.70785071,422.4244227,0.023716,0.112053571,12.26,NA,NA,NA
7/27/17,South Fork Mink Creek,NA,2017-07-27T05:56:00Z,8.32,10.6940874,457.499892,0.023716,0.112053571,12.25,NA,NA,NA
7/27/17,South Fork Mink Creek,NA,2017-07-27T06:01:00Z,8.34,10.70603338,492.6094116,0.023716,0.112053571,12.24,NA,NA,NA
7/27/17,South Fork Mink Creek,NA,2017-07-27T06:06:00Z,8.35,10.69142125,527.7362711,0.023716,0.112053571,12.24,NA,NA,NA
7/27/17,South Fork Mink Creek,NA,2017-07-27T06:11:00Z,8.36,10.70422535,562.8637521,0.023716,0.112053571,12.24,NA,NA,NA
7/27/17,South Fork Mink Creek,NA,2017-07-27T06:16:00Z,8.38,10.70242656,597.9751358,0.023716,0.112053571,12.24,NA,NA,NA
7/27/17,South Fork Mink Creek,NA,2017-07-27T06:21:00Z,8.39,10.68789809,633.0537111,0.023716,0.112053571,12.25,NA,NA,NA
7/27/17,South Fork Mink Creek,NA,2017-07-27T06:26:00Z,8.42,10.69885642,668.0827824,0.023716,0.112053571,12.28,NA,NA,NA
7/27/17,South Fork Mink Creek,NA,2017-07-27T06:31:00Z,8.45,10.69620253,703.0456779,0.023716,0.112053571,12.3,NA,NA,NA
7/27/17,South Fork Mink Creek,NA,2017-07-27T06:36:00Z,8.48,10.68010076,737.925757,0.023716,0.112053571,12.32,NA,NA,NA
7/27/17,South Fork Mink Creek,NA,2017-07-27T06:41:00Z,8.5,10.67839196,772.7064188,0.023716,0.112053571,12.35,NA,NA,NA
7/27/17,South Fork Mink Creek,NA,2017-07-27T06:46:00Z,8.52,10.67669173,807.3711095,0.023716,0.112053571,12.36,NA,NA,NA
7/27/17,South Fork Mink Creek,NA,2017-07-27T06:51:00Z,8.53,10.6625,841.9033306,0.023716,0.112053571,12.39,NA,NA,NA
7/27/17,South Fork Mink Creek,NA,2017-07-27T06:56:00Z,8.54,10.66167291,876.2866466,0.023716,0.112053571,12.41,NA,NA,NA
7/27/17,South Fork Mink Creek,NA,2017-07-27T07:01:00Z,8.56,10.64676617,910.5046929,0.023716,0.112053571,12.44,NA,NA,NA
7/27/17,South Fork Mink Creek,NA,2017-07-27T07:06:00Z,8.58,10.65838509,944.5411835,0.023716,0.112053571,12.47,NA,NA,NA
7/27/17,South Fork Mink Creek,NA,2017-07-27T07:11:00Z,8.59,10.64436183,978.3799189,0.023716,0.112053571,12.49,NA,NA,NA
7/27/17,South Fork Mink Creek,NA,2017-07-27T07:16:00Z,8.6,10.63040791,1012.004794,0.023716,0.112053571,12.53,NA,NA,NA
7/27/17,South Fork Mink Creek,NA,2017-07-27T07:21:00Z,8.61,10.61652281,1045.399804,0.023716,0.112053571,12.57,NA,NA,NA
7/27/17,South Fork Mink Creek,NA,2017-07-27T07:26:00Z,8.62,10.61576355,1078.549056,0.023716,0.112053571,12.61,NA,NA,NA
7/27/17,South Fork Mink Creek,NA,2017-07-27T07:31:00Z,8.63,10.61500615,1111.436772,0.023716,0.112053571,12.63,NA,NA,NA
7/27/17,South Fork Mink Creek,NA,2017-07-27T07:36:00Z,8.63,10.6019656,1144.0473,0.023716,0.112053571,12.67,NA,NA,NA
7/27/17,South Fork Mink Creek,NA,2017-07-27T07:41:00Z,8.64,10.60122699,1176.365118,0.023716,0.112053571,12.7,NA,NA,NA
7/27/17,South Fork Mink Creek,NA,2017-07-27T07:46:00Z,8.63,10.57598039,1208.374845,0.023716,0.112053571,12.75,NA,NA,NA
7/27/17,South Fork Mink Creek,NA,2017-07-27T07:51:00Z,8.64,10.56234719,1240.061246,0.023716,0.112053571,12.8,NA,NA,NA
7/27/17,South Fork Mink Creek,NA,2017-07-27T07:56:00Z,8.67,10.56029233,1271.40924,0.023716,0.112053571,12.87,NA,NA,NA
7/27/17,South Fork Mink Creek,NA,2017-07-27T08:01:00Z,8.66,10.56097561,1302.403907,0.023716,0.112053571,12.85,NA,NA,NA
7/27/17,South Fork Mink Creek,NA,2017-07-27T08:06:00Z,8.64,10.56234719,1333.030495,0.023716,0.112053571,12.86,NA,NA,NA
7/27/17,South Fork Mink Creek,NA,2017-07-27T08:11:00Z,8.65,10.53593179,1363.274428,0.023716,0.112053571,12.95,NA,NA,NA
7/27/17,South Fork Mink Creek,NA,2017-07-27T08:16:00Z,8.68,10.50847458,1393.12131,0.023716,0.112053571,13.05,NA,NA,NA
7/27/17,South Fork Mink Creek,NA,2017-07-27T08:21:00Z,8.68,10.49576784,1422.556937,0.023716,0.112053571,13.11,NA,NA,NA
7/27/17,South Fork Mink Creek,NA,2017-07-27T08:26:00Z,8.7,10.48192771,1451.567299,0.023716,0.112053571,13.17,NA,NA,NA
7/27/17,South Fork Mink Creek,NA,2017-07-27T08:31:00Z,8.67,10.45838359,1480.138588,0.023716,0.112053571,13.26,NA,NA,NA
7/27/17,South Fork Mink Creek,NA,2017-07-27T08:36:00Z,8.7,10.45673077,1508.257206,0.023716,0.112053571,13.27,NA,NA,NA
7/27/17,South Fork Mink Creek,NA,2017-07-27T08:41:00Z,8.69,10.46987952,1535.90977,0.023716,0.112053571,13.24,NA,NA,NA
7/27/17,South Fork Mink Creek,NA,2017-07-27T08:46:00Z,8.7,10.45673077,1563.083118,0.023716,0.112053571,13.31,NA,NA,NA
7/27/17,South Fork Mink Creek,NA,2017-07-27T08:51:00Z,8.71,10.43113772,1589.764318,0.023716,0.112053571,13.41,NA,NA,NA
7/27/17,South Fork Mink Creek,NA,2017-07-27T08:56:00Z,8.71,10.40621266,1615.94067,0.023716,0.112053571,13.49,NA,NA,NA
7/27/17,South Fork Mink Creek,NA,2017-07-27T09:01:00Z,8.72,10.39332539,1641.599717,0.023716,0.112053571,13.6,NA,NA,NA
7/27/17,South Fork Mink Creek,NA,2017-07-27T09:06:00Z,8.71,10.38140644,1666.729245,0.023716,0.112053571,13.63,NA,NA,NA
7/27/17,South Fork Mink Creek,NA,2017-07-27T09:11:00Z,8.68,10.37037037,1691.317295,0.023716,0.112053571,13.64,NA,NA,NA
7/27/17,South Fork Mink Creek,NA,2017-07-27T09:16:00Z,8.69,10.3452381,1715.352163,0.023716,0.112053571,13.75,NA,NA,NA
7/27/17,South Fork Mink Creek,NA,2017-07-27T09:21:00Z,8.66,10.35885167,1738.822411,0.023716,0.112053571,13.73,NA,NA,NA
7/27/17,South Fork Mink Creek,NA,2017-07-27T09:26:00Z,8.68,10.3087886,1761.716867,0.023716,0.112053571,13.9,NA,NA,NA
7/27/17,South Fork Mink Creek,NA,2017-07-27T09:31:00Z,8.7,10.29585799,1784.024636,0.023716,0.112053571,13.98,NA,NA,NA
7/27/17,South Fork Mink Creek,NA,2017-07-27T09:36:00Z,8.68,10.3087886,1805.7351,0.023716,0.112053571,13.96,NA,NA,NA
7/27/17,South Fork Mink Creek,NA,2017-07-27T09:41:00Z,8.71,10.25912839,1826.837925,0.023716,0.112053571,14.14,NA,NA,NA
7/27/17,South Fork Mink Creek,NA,2017-07-27T09:46:00Z,8.68,10.26004728,1847.323068,0.023716,0.112053571,14.12,NA,NA,NA
7/27/17,South Fork Mink Creek,NA,2017-07-27T09:51:00Z,8.65,10.26097272,1867.180779,0.023716,0.112053571,14.11,NA,NA,NA
7/27/17,South Fork Mink Creek,NA,2017-07-27T09:56:00Z,8.65,10.24881517,1886.401607,0.023716,0.112053571,14.18,NA,NA,NA
7/27/17,South Fork Mink Creek,NA,2017-07-27T10:01:00Z,8.69,10.19953052,1904.976404,0.023716,0.112053571,14.39,NA,NA,NA
7/27/17,South Fork Mink Creek,NA,2017-07-27T10:06:00Z,8.7,10.1635514,1922.896328,0.023716,0.112053571,14.57,NA,NA,NA
7/27/17,South Fork Mink Creek,NA,2017-07-27T10:11:00Z,8.68,10.14018692,1940.152851,0.023716,0.112053571,14.64,NA,NA,NA
7/27/17,South Fork Mink Creek,NA,2017-07-27T10:16:00Z,8.62,10.16509434,1956.73776,0.023716,0.112053571,14.56,NA,NA,NA
7/27/17,South Fork Mink Creek,NA,2017-07-27T10:21:00Z,8.55,10.17857143,1972.643162,0.023716,0.112053571,14.5,NA,NA,NA
7/27/17,South Fork Mink Creek,NA,2017-07-27T10:26:00Z,8.51,10.17942584,1987.861485,0.023716,0.112053571,14.5,NA,NA,NA
7/27/17,South Fork Mink Creek,NA,2017-07-27T10:31:00Z,8.47,10.18028846,2002.385487,0.023716,0.112053571,14.52,NA,NA,NA
7/27/17,South Fork Mink Creek,NA,2017-07-27T10:36:00Z,8.43,10.16887817,2016.208255,0.023716,0.112053571,14.54,NA,NA,NA
7/27/17,South Fork Mink Creek,NA,2017-07-27T10:41:00Z,8.43,10.16887817,2029.32321,0.023716,0.112053571,14.59,NA,NA,NA
7/27/17,South Fork Mink Creek,NA,2017-07-27T10:46:00Z,8.5,10.14319809,2041.72411,0.023716,0.112053571,14.68,NA,NA,NA
7/27/17,South Fork Mink Creek,NA,2017-07-27T10:51:00Z,8.47,10.13157895,2053.405053,0.023716,0.112053571,14.7,NA,NA,NA
7/27/17,South Fork Mink Creek,NA,2017-07-27T10:56:00Z,8.42,10.14457831,2064.360479,0.023716,0.112053571,14.7,NA,NA,NA
7/27/17,South Fork Mink Creek,NA,2017-07-27T11:01:00Z,8.38,10.13301088,2074.585175,0.023716,0.112053571,14.71,NA,NA,NA
7/27/17,South Fork Mink Creek,NA,2017-07-27T11:06:00Z,8.4,10.12048193,2084.074273,0.023716,0.112053571,14.74,NA,NA,NA
7/27/17,South Fork Mink Creek,NA,2017-07-27T11:11:00Z,8.45,10.09557945,2092.823257,0.023716,0.112053571,14.87,NA,NA,NA
7/27/17,South Fork Mink Creek,NA,2017-07-27T11:16:00Z,8.51,10.03537736,2100.827963,0.023716,0.112053571,15.16,NA,NA,NA
7/27/17,South Fork Mink Creek,NA,2017-07-27T11:21:00Z,8.54,10,2108.084581,0.023716,0.112053571,15.33,NA,NA,NA
7/27/17,South Fork Mink Creek,NA,2017-07-27T11:26:00Z,8.5,10.02358491,2114.589658,0.023716,0.112053571,15.26,NA,NA,NA
7/27/17,South Fork Mink Creek,NA,2017-07-27T11:31:00Z,8.41,10.04778973,2120.340096,0.023716,0.112053571,15.1,NA,NA,NA
7/27/17,South Fork Mink Creek,NA,2017-07-27T11:36:00Z,8.37,10.06009615,2125.333161,0.023716,0.112053571,15.09,NA,NA,NA
7/27/17,South Fork Mink Creek,NA,2017-07-27T11:41:00Z,8.38,10.03592814,2129.566474,0.023716,0.112053571,15.14,NA,NA,NA
7/27/17,South Fork Mink Creek,NA,2017-07-27T11:46:00Z,8.42,10.02380952,2133.038021,0.023716,0.112053571,15.24,NA,NA,NA
7/27/17,South Fork Mink Creek,NA,2017-07-27T11:51:00Z,8.45,10,2135.746149,0.023716,0.112053571,15.31,NA,NA,NA
7/27/17,South Fork Mink Creek,NA,2017-07-27T11:56:00Z,8.44,9.98816568,2137.68957,0.023716,0.112053571,15.35,NA,NA,NA
7/27/17,South Fork Mink Creek,NA,2017-07-27T12:01:00Z,8.41,9.988123515,2138.867359,0.023716,0.112053571,15.36,NA,NA,NA
7/27/17,South Fork Mink Creek,NA,2017-07-27T12:06:00Z,8.43,9.976331361,2139.278954,0.023716,0.112053571,15.47,NA,NA,NA
7/27/17,South Fork Mink Creek,NA,2017-07-27T12:11:00Z,8.46,9.906323185,2138.924161,0.023716,0.112053571,15.74,NA,NA,NA
7/27/17,South Fork Mink Creek,NA,2017-07-27T12:16:00Z,8.45,9.883040936,2137.803147,0.023716,0.112053571,15.88,NA,NA,NA
7/27/17,South Fork Mink Creek,NA,2017-07-27T12:21:00Z,8.43,9.859649123,2135.916447,0.023716,0.112053571,15.95,NA,NA,NA
7/27/17,South Fork Mink Creek,NA,2017-07-27T12:26:00Z,8.41,9.847775176,2133.264958,0.023716,0.112053571,16.02,NA,NA,NA
7/27/17,South Fork Mink Creek,NA,2017-07-27T12:31:00Z,8.4,9.836065574,2129.849942,0.023716,0.112053571,16.1,NA,NA,NA
7/27/17,South Fork Mink Creek,NA,2017-07-27T12:36:00Z,8.38,9.824150059,2125.673024,0.023716,0.112053571,16.19,NA,NA,NA
7/27/17,South Fork Mink Creek,NA,2017-07-27T12:41:00Z,8.36,9.789227166,2120.736193,0.023716,0.112053571,16.29,NA,NA,NA
7/27/17,South Fork Mink Creek,NA,2017-07-27T12:46:00Z,8.36,9.789227166,2115.041798,0.023716,0.112053571,16.37,NA,NA,NA
7/27/17,South Fork Mink Creek,NA,2017-07-27T12:51:00Z,8.34,9.765807963,2108.592549,0.023716,0.112053571,16.49,NA,NA,NA
7/27/17,South Fork Mink Creek,NA,2017-07-27T12:56:00Z,8.33,9.742690058,2101.391515,0.023716,0.112053571,16.57,NA,NA,NA
7/27/17,South Fork Mink Creek,NA,2017-07-27T13:01:00Z,8.32,9.719626168,2093.442125,0.023716,0.112053571,16.67,NA,NA,NA
7/27/17,South Fork Mink Creek,NA,2017-07-27T13:06:00Z,8.3,9.696261682,2084.748161,0.023716,0.112053571,16.76,NA,NA,NA
7/27/17,South Fork Mink Creek,NA,2017-07-27T13:11:00Z,8.29,9.684579439,2075.313761,0.023716,0.112053571,16.84,NA,NA,NA
7/27/17,South Fork Mink Creek,NA,2017-07-27T13:16:00Z,8.25,9.671746776,2065.143415,0.023716,0.112053571,16.85,NA,NA,NA
7/27/17,South Fork Mink Creek,NA,2017-07-27T13:21:00Z,8.26,9.64953271,2054.241964,0.023716,0.112053571,17,NA,NA,NA
7/27/17,South Fork Mink Creek,NA,2017-07-27T13:26:00Z,8.24,9.626168224,2042.614596,0.023716,0.112053571,17.12,NA,NA,NA
7/27/17,South Fork Mink Creek,NA,2017-07-27T13:31:00Z,8.24,9.603729604,2030.266846,0.023716,0.112053571,17.22,NA,NA,NA
7/27/17,South Fork Mink Creek,NA,2017-07-27T13:36:00Z,8.2,9.601873536,2017.20459,0.023716,0.112053571,17.23,NA,NA,NA
7/27/17,South Fork Mink Creek,NA,2017-07-27T13:41:00Z,8.2,9.590643275,2003.434045,0.023716,0.112053571,17.33,NA,NA,NA
7/27/17,South Fork Mink Creek,NA,2017-07-27T13:46:00Z,8.17,9.577960141,1988.961765,0.023716,0.112053571,17.36,NA,NA,NA
7/27/17,South Fork Mink Creek,NA,2017-07-27T13:51:00Z,8.13,9.575971731,1973.794638,0.023716,0.112053571,17.4,NA,NA,NA
7/27/17,South Fork Mink Creek,NA,2017-07-27T13:56:00Z,8.14,9.542790152,1957.939883,0.023716,0.112053571,17.57,NA,NA,NA
7/27/17,South Fork Mink Creek,NA,2017-07-27T14:01:00Z,8.12,9.519343494,1941.405046,0.023716,0.112053571,17.64,NA,NA,NA
7/27/17,South Fork Mink Creek,NA,2017-07-27T14:06:00Z,8.1,9.507042254,1924.197996,0.023716,0.112053571,17.7,NA,NA,NA
7/27/17,South Fork Mink Creek,NA,2017-07-27T14:11:00Z,8.05,9.504132231,1906.326923,0.023716,0.112053571,17.74,NA,NA,NA
7/27/17,South Fork Mink Creek,NA,2017-07-27T14:16:00Z,8.01,9.490521327,1887.800332,0.023716,0.112053571,17.81,NA,NA,NA
7/27/17,South Fork Mink Creek,NA,2017-07-27T14:21:00Z,7.99,9.489311164,1868.627042,0.023716,0.112053571,17.84,NA,NA,NA
7/27/17,South Fork Mink Creek,NA,2017-07-27T14:26:00Z,7.96,9.476190476,1848.816178,0.023716,0.112053571,17.89,NA,NA,NA
7/27/17,South Fork Mink Creek,NA,2017-07-27T14:31:00Z,7.94,9.474940334,1828.377169,0.023716,0.112053571,17.94,NA,NA,NA
7/27/17,South Fork Mink Creek,NA,2017-07-27T14:36:00Z,7.92,9.462365591,1807.319742,0.023716,0.112053571,18,NA,NA,NA
7/27/17,South Fork Mink Creek,NA,2017-07-27T14:41:00Z,7.89,9.449101796,1785.653919,0.023716,0.112053571,18.03,NA,NA,NA
7/27/17,South Fork Mink Creek,NA,2017-07-27T14:46:00Z,7.87,9.447779112,1763.390014,0.023716,0.112053571,18.08,NA,NA,NA
7/27/17,South Fork Mink Creek,NA,2017-07-27T14:51:00Z,7.85,9.423769508,1740.538621,0.023716,0.112053571,18.12,NA,NA,NA
7/27/17,South Fork Mink Creek,NA,2017-07-27T14:56:00Z,7.8,9.420289855,1717.110617,0.023716,0.112053571,18.16,NA,NA,NA
7/27/17,South Fork Mink Creek,NA,2017-07-27T15:01:00Z,7.8,9.408926417,1693.117152,0.023716,0.112053571,18.21,NA,NA,NA
7/27/17,South Fork Mink Creek,NA,2017-07-27T15:06:00Z,7.79,9.40821256,1668.569647,0.023716,0.112053571,18.22,NA,NA,NA
7/27/17,South Fork Mink Creek,NA,2017-07-27T15:11:00Z,7.77,9.406779661,1643.479784,0.023716,0.112053571,18.25,NA,NA,NA
7/27/17,South Fork Mink Creek,NA,2017-07-27T15:16:00Z,7.78,9.396135266,1617.859505,0.023716,0.112053571,18.29,NA,NA,NA
7/27/17,South Fork Mink Creek,NA,2017-07-27T15:21:00Z,7.76,9.38331318,1591.721003,0.023716,0.112053571,18.32,NA,NA,NA
7/27/17,South Fork Mink Creek,NA,2017-07-27T15:26:00Z,7.76,9.394673123,1565.07672,0.023716,0.112053571,18.34,NA,NA,NA
7/27/17,South Fork Mink Creek,NA,2017-07-27T15:31:00Z,7.71,9.390986602,1537.939336,0.023716,0.112053571,18.28,NA,NA,NA
7/27/17,South Fork Mink Creek,NA,2017-07-27T15:36:00Z,7.72,9.40316687,1510.321767,0.023716,0.112053571,18.28,NA,NA,NA
7/27/17,South Fork Mink Creek,NA,2017-07-27T15:41:00Z,7.73,9.392466586,1482.237159,0.023716,0.112053571,18.32,NA,NA,NA
7/27/17,South Fork Mink Creek,NA,2017-07-27T15:46:00Z,7.69,9.400977995,1453.698877,0.023716,0.112053571,18.27,NA,NA,NA
7/27/17,South Fork Mink Creek,NA,2017-07-27T15:51:00Z,7.68,9.400244798,1424.720505,0.023716,0.112053571,18.26,NA,NA,NA
7/27/17,South Fork Mink Creek,NA,2017-07-27T15:56:00Z,7.69,9.400977995,1395.315834,0.023716,0.112053571,18.26,NA,NA,NA
7/27/17,South Fork Mink Creek,NA,2017-07-27T16:01:00Z,7.67,9.411042945,1365.49886,0.023716,0.112053571,18.23,NA,NA,NA
7/27/17,South Fork Mink Creek,NA,2017-07-27T16:06:00Z,7.65,9.421182266,1335.283774,0.023716,0.112053571,18.19,NA,NA,NA
7/27/17,South Fork Mink Creek,NA,2017-07-27T16:11:00Z,7.63,9.431396786,1304.684957,0.023716,0.112053571,18.15,NA,NA,NA
7/27/17,South Fork Mink Creek,NA,2017-07-27T16:16:00Z,7.59,9.428571429,1273.716972,0.023716,0.112053571,18.11,NA,NA,NA
7/27/17,South Fork Mink Creek,NA,2017-07-27T16:21:00Z,7.59,9.440298507,1242.394558,0.023716,0.112053571,18.09,NA,NA,NA
7/27/17,South Fork Mink Creek,NA,2017-07-27T16:26:00Z,7.61,9.429987608,1210.732624,0.023716,0.112053571,18.09,NA,NA,NA
7/27/17,South Fork Mink Creek,NA,2017-07-27T16:31:00Z,7.64,9.432098765,1178.746238,0.023716,0.112053571,18.08,NA,NA,NA
7/27/17,South Fork Mink Creek,NA,2017-07-27T16:36:00Z,7.59,9.452054795,1146.450625,0.023716,0.112053571,18.03,NA,NA,NA
7/27/17,South Fork Mink Creek,NA,2017-07-27T16:41:00Z,7.57,9.450686642,1113.861156,0.023716,0.112053571,18,NA,NA,NA
7/27/17,South Fork Mink Creek,NA,2017-07-27T16:46:00Z,7.55,9.461152882,1080.99334,0.023716,0.112053571,17.96,NA,NA,NA
7/27/17,South Fork Mink Creek,NA,2017-07-27T16:51:00Z,7.54,9.472361809,1047.862823,0.023716,0.112053571,17.91,NA,NA,NA
7/27/17,South Fork Mink Creek,NA,2017-07-27T16:56:00Z,7.56,9.485570891,1014.485372,0.023716,0.112053571,17.86,NA,NA,NA
7/27/17,South Fork Mink Creek,NA,2017-07-27T17:01:00Z,7.56,9.485570891,980.8768731,0.023716,0.112053571,17.81,NA,NA,NA
7/27/17,South Fork Mink Creek,NA,2017-07-27T17:06:00Z,7.54,9.496221662,947.0533223,0.023716,0.112053571,17.77,NA,NA,NA
7/27/17,South Fork Mink Creek,NA,2017-07-27T17:11:00Z,7.53,9.507575758,913.0308178,0.023716,0.112053571,17.73,NA,NA,NA
7/27/17,South Fork Mink Creek,NA,2017-07-27T17:16:00Z,7.52,9.518987342,878.8255526,0.023716,0.112053571,17.68,NA,NA,NA
7/27/17,South Fork Mink Creek,NA,2017-07-27T17:21:00Z,7.49,9.541401274,844.4538067,0.023716,0.112053571,17.61,NA,NA,NA
7/27/17,South Fork Mink Creek,NA,2017-07-27T17:26:00Z,7.45,9.539052497,809.9319392,0.023716,0.112053571,17.55,NA,NA,NA
7/27/17,South Fork Mink Creek,NA,2017-07-27T17:31:00Z,7.44,9.550706033,775.2763808,0.023716,0.112053571,17.5,NA,NA,NA
7/27/17,South Fork Mink Creek,NA,2017-07-27T17:36:00Z,7.44,9.562982005,740.5036257,0.023716,0.112053571,17.45,NA,NA,NA
7/27/17,South Fork Mink Creek,NA,2017-07-27T17:41:00Z,7.44,9.575289575,705.6302239,0.023716,0.112053571,17.42,NA,NA,NA
7/27/17,South Fork Mink Creek,NA,2017-07-27T17:46:00Z,7.45,9.575835476,670.6727735,0.023716,0.112053571,17.38,NA,NA,NA
7/27/17,South Fork Mink Creek,NA,2017-07-27T17:51:00Z,7.46,9.588688946,635.6479124,0.023716,0.112053571,17.33,NA,NA,NA
7/27/17,South Fork Mink Creek,NA,2017-07-27T17:56:00Z,7.44,9.587628866,600.5723106,0.023716,0.112053571,17.28,NA,NA,NA
7/27/17,South Fork Mink Creek,NA,2017-07-27T18:01:00Z,7.43,9.611901682,565.4626624,0.023716,0.112053571,17.23,NA,NA,NA
7/27/17,South Fork Mink Creek,NA,2017-07-27T18:06:00Z,7.41,9.610894942,530.3356781,0.023716,0.112053571,17.19,NA,NA,NA
7/27/17,South Fork Mink Creek,NA,2017-07-27T18:11:00Z,7.41,9.623376623,495.2080764,0.023716,0.112053571,17.13,NA,NA,NA
7/27/17,South Fork Mink Creek,NA,2017-07-27T18:16:00Z,7.41,9.635890767,460.0965762,0.023716,0.112053571,17.06,NA,NA,NA
7/27/17,South Fork Mink Creek,NA,2017-07-27T18:21:00Z,7.38,9.659685864,425.0178888,0.023716,0.112053571,16.99,NA,NA,NA
7/27/17,South Fork Mink Creek,NA,2017-07-27T18:26:00Z,7.39,9.672774869,389.98871,0.023716,0.112053571,16.92,NA,NA,NA
7/27/17,South Fork Mink Creek,NA,2017-07-27T18:31:00Z,7.38,9.68503937,355.0257118,0.023716,0.112053571,16.87,NA,NA,NA
7/27/17,South Fork Mink Creek,NA,2017-07-27T18:36:00Z,7.36,9.696969697,320.1455348,0.023716,0.112053571,16.81,NA,NA,NA
7/27/17,South Fork Mink Creek,NA,2017-07-27T18:41:00Z,7.35,9.696569921,285.3647803,0.023716,0.112053571,16.75,NA,NA,NA
7/27/17,South Fork Mink Creek,NA,2017-07-27T18:46:00Z,7.34,9.708994709,250.7000021,0.023716,0.112053571,16.7,NA,NA,NA
7/27/17,South Fork Mink Creek,NA,2017-07-27T18:51:00Z,7.34,9.721854305,216.1676989,0.023716,0.112053571,16.65,NA,NA,NA
7/27/17,South Fork Mink Creek,NA,2017-07-27T18:56:00Z,7.33,9.73439575,181.7843063,0.023716,0.112053571,16.59,NA,NA,NA
7/27/17,South Fork Mink Creek,NA,2017-07-27T19:01:00Z,7.32,9.747003995,147.5661892,0.023716,0.112053571,16.54,NA,NA,NA
7/27/17,South Fork Mink Creek,NA,2017-07-27T19:06:00Z,7.33,9.760319574,113.5296335,0.023716,0.112053571,16.48,NA,NA,NA
7/27/17,South Fork Mink Creek,NA,2017-07-27T19:11:00Z,7.32,9.76,79.69083905,0.023716,0.112053571,16.42,NA,NA,NA
7/27/17,South Fork Mink Creek,NA,2017-07-27T19:16:00Z,7.35,9.786950732,46.06591138,0.023716,0.112053571,16.35,NA,NA,NA
7/27/17,South Fork Mink Creek,NA,2017-07-27T19:21:00Z,7.33,9.786381842,12.67085425,0.023716,0.112053571,16.32,NA,NA,NA
7/27/17,South Fork Mink Creek,NA,2017-07-27T19:26:00Z,7.31,9.785809906,0,0.023716,0.112053571,16.28,NA,NA,NA
7/27/17,South Fork Mink Creek,NA,2017-07-27T19:31:00Z,7.32,9.81233244,0,0.023716,0.112053571,16.23,NA,NA,NA
7/27/17,South Fork Mink Creek,NA,2017-07-27T19:36:00Z,7.34,9.825970549,0,0.023716,0.112053571,16.17,NA,NA,NA
7/27/17,South Fork Mink Creek,NA,2017-07-27T19:41:00Z,7.38,9.84,0,0.023716,0.112053571,16.09,NA,NA,NA
7/27/17,South Fork Mink Creek,NA,2017-07-27T19:46:00Z,7.38,9.853137517,0,0.023716,0.112053571,16.04,NA,NA,NA
7/27/17,South Fork Mink Creek,NA,2017-07-27T19:51:00Z,7.38,9.853137517,0,0.023716,0.112053571,16,NA,NA,NA
7/27/17,South Fork Mink Creek,NA,2017-07-27T19:56:00Z,7.38,9.86631016,0,0.023716,0.112053571,15.95,NA,NA,NA
7/27/17,South Fork Mink Creek,NA,2017-07-27T20:01:00Z,7.36,9.865951743,0,0.023716,0.112053571,15.91,NA,NA,NA
7/27/17,South Fork Mink Creek,NA,2017-07-27T20:06:00Z,7.37,9.89261745,0,0.023716,0.112053571,15.86,NA,NA,NA
7/27/17,South Fork Mink Creek,NA,2017-07-27T20:11:00Z,7.37,9.89261745,0,0.023716,0.112053571,15.82,NA,NA,NA
7/27/17,South Fork Mink Creek,NA,2017-07-27T20:16:00Z,7.39,9.90616622,0,0.023716,0.112053571,15.76,NA,NA,NA
7/27/17,South Fork Mink Creek,NA,2017-07-27T20:21:00Z,7.41,9.919678715,0,0.023716,0.112053571,15.7,NA,NA,NA
7/27/17,South Fork Mink Creek,NA,2017-07-27T20:26:00Z,7.43,9.93315508,0,0.023716,0.112053571,15.65,NA,NA,NA
7/27/17,South Fork Mink Creek,NA,2017-07-27T20:31:00Z,7.43,9.93315508,0,0.023716,0.112053571,15.62,NA,NA,NA
7/27/17,South Fork Mink Creek,NA,2017-07-27T20:36:00Z,7.44,9.946524064,0,0.023716,0.112053571,15.57,NA,NA,NA
7/27/17,South Fork Mink Creek,NA,2017-07-27T20:41:00Z,7.44,9.959839357,0,0.023716,0.112053571,15.53,NA,NA,NA
7/27/17,South Fork Mink Creek,NA,2017-07-27T20:46:00Z,7.43,9.959785523,0,0.023716,0.112053571,15.48,NA,NA,NA
7/27/17,South Fork Mink Creek,NA,2017-07-27T20:51:00Z,7.42,9.97311828,0,0.023716,0.112053571,15.43,NA,NA,NA
7/27/17,South Fork Mink Creek,NA,2017-07-27T20:56:00Z,7.45,9.986595174,0,0.023716,0.112053571,15.37,NA,NA,NA
7/27/17,South Fork Mink Creek,NA,2017-07-27T21:01:00Z,7.46,10,0,0.023716,0.112053571,15.32,NA,NA,NA
7/27/17,South Fork Mink Creek,NA,2017-07-27T21:06:00Z,7.46,10,0,0.023716,0.112053571,15.27,NA,NA,NA
7/27/17,South Fork Mink Creek,NA,2017-07-27T21:11:00Z,7.46,10.02688172,0,0.023716,0.112053571,15.23,NA,NA,NA
7/27/17,South Fork Mink Creek,NA,2017-07-27T21:16:00Z,7.46,10.02688172,0,0.023716,0.112053571,15.18,NA,NA,NA
7/27/17,South Fork Mink Creek,NA,2017-07-27T21:21:00Z,7.47,10.04032258,0,0.023716,0.112053571,15.14,NA,NA,NA
7/27/17,South Fork Mink Creek,NA,2017-07-27T21:26:00Z,7.45,10.04043127,0,0.023716,0.112053571,15.11,NA,NA,NA
7/27/17,South Fork Mink Creek,NA,2017-07-27T21:31:00Z,7.47,10.0538358,0,0.023716,0.112053571,15.06,NA,NA,NA
7/27/17,South Fork Mink Creek,NA,2017-07-27T21:36:00Z,7.46,10.06747638,0,0.023716,0.112053571,15,NA,NA,NA
7/27/17,South Fork Mink Creek,NA,2017-07-27T21:41:00Z,7.48,10.08086253,0,0.023716,0.112053571,14.94,NA,NA,NA
7/27/17,South Fork Mink Creek,NA,2017-07-27T21:46:00Z,7.5,10.09421265,0,0.023716,0.112053571,14.89,NA,NA,NA
7/27/17,South Fork Mink Creek,NA,2017-07-27T21:51:00Z,7.54,10.10723861,0,0.023716,0.112053571,14.83,NA,NA,NA
7/27/17,South Fork Mink Creek,NA,2017-07-27T21:56:00Z,7.56,10.12048193,0,0.023716,0.112053571,14.78,NA,NA,NA
7/27/17,South Fork Mink Creek,NA,2017-07-27T22:01:00Z,7.57,10.12032086,0,0.023716,0.112053571,14.74,NA,NA,NA
7/27/17,South Fork Mink Creek,NA,2017-07-27T22:06:00Z,7.57,10.13386881,0,0.023716,0.112053571,14.7,NA,NA,NA
7/27/17,South Fork Mink Creek,NA,2017-07-27T22:11:00Z,7.57,10.14745308,0,0.023716,0.112053571,14.67,NA,NA,NA
7/27/17,South Fork Mink Creek,NA,2017-07-27T22:16:00Z,7.57,10.14745308,0,0.023716,0.112053571,14.64,NA,NA,NA
7/27/17,South Fork Mink Creek,NA,2017-07-27T22:21:00Z,7.59,10.16064257,0,0.023716,0.112053571,14.58,NA,NA,NA
7/27/17,South Fork Mink Creek,NA,2017-07-27T22:26:00Z,7.59,10.17426273,0,0.023716,0.112053571,14.54,NA,NA,NA
7/27/17,South Fork Mink Creek,NA,2017-07-27T22:31:00Z,7.6,10.18766756,0,0.023716,0.112053571,14.49,NA,NA,NA
7/27/17,South Fork Mink Creek,NA,2017-07-27T22:36:00Z,7.6,10.20134228,0,0.023716,0.112053571,14.45,NA,NA,NA
7/27/17,South Fork Mink Creek,NA,2017-07-27T22:41:00Z,7.58,10.18817204,0,0.023716,0.112053571,14.41,NA,NA,NA
7/27/17,South Fork Mink Creek,NA,2017-07-27T22:46:00Z,7.61,10.2147651,0,0.023716,0.112053571,14.36,NA,NA,NA
7/27/17,South Fork Mink Creek,NA,2017-07-27T22:51:00Z,7.62,10.21447721,0,0.023716,0.112053571,14.3,NA,NA,NA
7/27/17,South Fork Mink Creek,NA,2017-07-27T22:56:00Z,7.63,10.22788204,0,0.023716,0.112053571,14.26,NA,NA,NA
7/27/17,South Fork Mink Creek,NA,2017-07-27T23:01:00Z,7.63,10.24161074,0,0.023716,0.112053571,14.23,NA,NA,NA
7/27/17,South Fork Mink Creek,NA,2017-07-27T23:06:00Z,7.63,10.24161074,0,0.023716,0.112053571,14.2,NA,NA,NA
7/27/17,South Fork Mink Creek,NA,2017-07-27T23:11:00Z,7.64,10.25503356,0,0.023716,0.112053571,14.16,NA,NA,NA
7/27/17,South Fork Mink Creek,NA,2017-07-27T23:16:00Z,7.66,10.26809651,0,0.023716,0.112053571,14.11,NA,NA,NA
7/27/17,South Fork Mink Creek,NA,2017-07-27T23:21:00Z,7.66,10.26809651,0,0.023716,0.112053571,14.07,NA,NA,NA
7/27/17,South Fork Mink Creek,NA,2017-07-27T23:26:00Z,7.66,10.28187919,0,0.023716,0.112053571,14.03,NA,NA,NA
7/27/17,South Fork Mink Creek,NA,2017-07-27T23:31:00Z,7.66,10.29569892,0,0.023716,0.112053571,14.01,NA,NA,NA
7/27/17,South Fork Mink Creek,NA,2017-07-27T23:36:00Z,7.66,10.29569892,0,0.023716,0.112053571,13.96,NA,NA,NA
7/27/17,South Fork Mink Creek,NA,2017-07-27T23:41:00Z,7.64,10.31039136,0,0.023716,0.112053571,13.92,NA,NA,NA
7/27/17,South Fork Mink Creek,NA,2017-07-27T23:46:00Z,7.66,10.32345013,0,0.023716,0.112053571,13.88,NA,NA,NA
7/27/17,South Fork Mink Creek,NA,2017-07-27T23:51:00Z,7.68,10.33647376,0,0.023716,0.112053571,13.83,NA,NA,NA
7/27/17,South Fork Mink Creek,NA,2017-07-27T23:56:00Z,7.71,10.34899329,0,0.023716,0.112053571,13.77,NA,NA,NA
8/8/17,Black Earth Creek,NA,2017-08-08T00:02:25Z,6.5,10.29533844,0,0.807029,0.384015466,14.4,NA,NA,NA
8/8/17,Black Earth Creek,NA,2017-08-08T00:17:25Z,6.5,10.31007334,0,0.801366,0.383221262,14.3333,NA,NA,NA
8/8/17,Black Earth Creek,NA,2017-08-08T00:32:25Z,6.5,10.31731557,0,0.787208,0.381218195,14.3,NA,NA,NA
8/8/17,Black Earth Creek,NA,2017-08-08T00:47:25Z,6.5,10.33963609,0,0.773049,0.379189386,14.2,NA,NA,NA
8/8/17,Black Earth Creek,NA,2017-08-08T01:02:25Z,6.5,10.33937882,0,0.767386,0.378370602,14.2,NA,NA,NA
8/8/17,Black Earth Creek,NA,2017-08-08T01:17:25Z,6.5,10.35448678,0,0.787208,0.381218195,14.1333,NA,NA,NA
8/8/17,Black Earth Creek,NA,2017-08-08T01:32:25Z,6.5,10.36204424,0,0.781544,0.380409731,14.1,NA,NA,NA
8/8/17,Black Earth Creek,NA,2017-08-08T01:47:25Z,6.46667,10.37721164,0,0.795703,0.382423085,14.0333,NA,NA,NA
8/8/17,Black Earth Creek,NA,2017-08-08T02:02:25Z,6.4,10.38479886,0,0.804198,0.383618927,14,NA,NA,NA
8/8/17,Black Earth Creek,NA,2017-08-08T02:17:25Z,6.43333,10.38479886,0,0.775881,0.379597263,14,NA,NA,NA
8/8/17,Black Earth Creek,NA,2017-08-08T02:32:25Z,6.4,10.40764315,0,0.764554,0.377959537,13.9,NA,NA,NA
8/8/17,Black Earth Creek,NA,2017-08-08T02:47:25Z,6.4,10.40764315,0,0.801366,0.383221262,13.9,NA,NA,NA
8/8/17,Black Earth Creek,NA,2017-08-08T03:02:25Z,6.4,10.42293038,0,0.778713,0.38000409,13.8333,NA,NA,NA
8/8/17,Black Earth Creek,NA,2017-08-08T03:17:25Z,6.4,10.43083702,0,0.781544,0.380409731,13.8,NA,NA,NA
8/8/17,Black Earth Creek,NA,2017-08-08T03:32:25Z,6.4,10.43109645,0,0.778713,0.38000409,13.8,NA,NA,NA
8/8/17,Black Earth Creek,NA,2017-08-08T03:47:25Z,6.4,10.4543826,0,0.767386,0.378370602,13.7,NA,NA,NA
8/8/17,Black Earth Creek,NA,2017-08-08T04:02:25Z,6.4,10.45464258,0,0.784376,0.380814478,13.7,NA,NA,NA
8/8/17,Black Earth Creek,NA,2017-08-08T04:17:25Z,6.43333,10.47083344,0,0.778713,0.38000409,13.6333,NA,NA,NA
8/8/17,Black Earth Creek,NA,2017-08-08T04:32:25Z,6.43333,10.47932414,0,0.775881,0.379597263,13.6,NA,NA,NA
8/8/17,Black Earth Creek,NA,2017-08-08T04:47:25Z,6.5,10.48010572,0,0.756059,0.376720002,13.6,NA,NA,NA
8/8/17,Black Earth Creek,NA,2017-08-08T05:02:25Z,6.5,10.48860824,4.934979042,0.761722,0.377547396,13.5667,NA,NA,NA
8/8/17,Black Earth Creek,NA,2017-08-08T05:17:25Z,6.5,10.50488718,53.85288115,0.758891,0.377134317,13.5,NA,NA,NA
8/8/17,Black Earth Creek,NA,2017-08-08T05:32:25Z,6.5,10.50567041,103.4567805,0.773049,0.379189386,13.5,NA,NA,NA
8/8/17,Black Earth Creek,NA,2017-08-08T05:47:25Z,6.56667,10.50645364,153.5342291,0.758891,0.377134317,13.5,NA,NA,NA
8/8/17,Black Earth Creek,NA,2017-08-08T06:02:25Z,6.6,10.522778,203.8707507,0.778713,0.38000409,13.4333,NA,NA,NA
8/8/17,Black Earth Creek,NA,2017-08-08T06:17:25Z,6.7,10.53212209,254.2507597,0.747564,0.375470596,13.4,NA,NA,NA
8/8/17,Black Earth Creek,NA,2017-08-08T06:32:25Z,6.8,10.53369188,304.4584836,0.756059,0.376720002,13.4,NA,NA,NA
8/8/17,Black Earth Creek,NA,2017-08-08T06:47:25Z,6.93333,10.51969336,354.2788883,0.775881,0.379597263,13.4667,NA,NA,NA
8/8/17,Black Earth Creek,NA,2017-08-08T07:02:25Z,7.1,10.51350273,403.498598,0.753227,0.376304591,13.5,NA,NA,NA
8/8/17,Black Earth Creek,NA,2017-08-08T07:17:25Z,7.3,10.51402489,451.9068098,0.756059,0.376720002,13.5,NA,NA,NA
8/8/17,Black Earth Creek,NA,2017-08-08T07:32:25Z,7.5,10.49903663,499.2961961,0.778713,0.38000409,13.5667,NA,NA,NA
8/8/17,Black Earth Creek,NA,2017-08-08T07:47:25Z,7.73333,10.49182942,545.463793,0.758891,0.377134317,13.6,NA,NA,NA
8/8/17,Black Earth Creek,NA,2017-08-08T08:02:25Z,7.96667,10.47689985,590.2118691,0.764554,0.377959537,13.6667,NA,NA,NA
8/8/17,Black Earth Creek,NA,2017-08-08T08:17:25Z,8.2,10.45407127,633.3487726,0.753227,0.376304591,13.7667,NA,NA,NA
8/8/17,Black Earth Creek,NA,2017-08-08T08:32:25Z,8.5,10.43133254,674.6897523,0.764554,0.377959537,13.8667,NA,NA,NA
8/8/17,Black Earth Creek,NA,2017-08-08T08:47:25Z,8.8,10.40868318,714.0577484,0.747564,0.375470596,13.9667,NA,NA,NA
8/8/17,Black Earth Creek,NA,2017-08-08T09:02:25Z,9.1,10.37097495,751.2841514,0.744732,0.37505185,14.1333,NA,NA,NA
8/8/17,Black Earth Creek,NA,2017-08-08T09:17:25Z,9.43333,10.33271967,786.2095238,0.739069,0.374211124,14.3,NA,NA,NA
8/8/17,Black Earth Creek,NA,2017-08-08T09:32:25Z,9.8,10.29471353,818.6842832,0.739069,0.374211124,14.4667,NA,NA,NA
8/8/17,Black Earth Creek,NA,2017-08-08T09:47:25Z,10.1,10.24954273,848.5693429,0.739069,0.374211124,14.6667,NA,NA,NA
8/8/17,Black Earth Creek,NA,2017-08-08T10:02:25Z,10.4,10.21209862,875.7367075,0.713584,0.370370313,14.8333,NA,NA,NA
8/8/17,Black Earth Creek,NA,2017-08-08T10:17:25Z,10.6333,10.16756832,900.0700211,0.736237,0.37378898,15.0333,NA,NA,NA
8/8/17,Black Earth Creek,NA,2017-08-08T10:32:25Z,10.9,10.12338199,921.465066,0.727742,0.372515781,15.2333,NA,NA,NA
8/8/17,Black Earth Creek,NA,2017-08-08T10:47:25Z,11.1,10.08672928,939.8302086,0.719247,0.371232045,15.4,NA,NA,NA
8/8/17,Black Earth Creek,NA,2017-08-08T11:02:25Z,11.3,10.05031145,955.0867919,0.716416,0.370801856,15.5667,NA,NA,NA
8/8/17,Black Earth Creek,NA,2017-08-08T11:17:25Z,11.4333,10.00602878,967.1694729,0.710752,0.369937559,15.7667,NA,NA,NA
8/8/17,Black Earth Creek,NA,2017-08-08T11:32:25Z,11.6333,9.969151265,976.0265018,0.702257,0.368632104,15.9333,NA,NA,NA
8/8/17,Black Earth Creek,NA,2017-08-08T11:47:25Z,11.7,9.946534322,981.6199441,0.713584,0.370370313,16.0333,NA,NA,NA
8/8/17,Black Earth Creek,NA,2017-08-08T12:02:25Z,11.8333,9.903040254,983.9258428,0.713584,0.370370313,16.2333,NA,NA,NA
8/8/17,Black Earth Creek,NA,2017-08-08T12:17:25Z,11.9,9.874706399,982.9343213,0.705089,0.369068539,16.3667,NA,NA,NA
8/8/17,Black Earth Creek,NA,2017-08-08T12:32:25Z,11.9,9.860368199,978.6496253,0.724911,0.37208915,16.4333,NA,NA,NA
8/8/17,Black Earth Creek,NA,2017-08-08T12:47:25Z,11.9667,9.832249466,971.0901052,0.696594,0.367755646,16.5667,NA,NA,NA
8/8/17,Black Earth Creek,NA,2017-08-08T13:02:25Z,12.0667,9.804293069,960.2881369,0.70792,0.369503586,16.7,NA,NA,NA
8/8/17,Black Earth Creek,NA,2017-08-08T13:17:25Z,12.1,9.783046862,946.2899836,0.713584,0.370370313,16.8,NA,NA,NA
8/8/17,Black Earth Creek,NA,2017-08-08T13:32:25Z,12.1,9.761880785,929.1555974,0.710752,0.369937559,16.9,NA,NA,NA
8/8/17,Black Earth Creek,NA,2017-08-08T13:47:25Z,12.2,9.734032967,908.9583626,0.719247,0.371232045,17.0333,NA,NA,NA
8/8/17,Black Earth Creek,NA,2017-08-08T14:02:25Z,12.2,9.719787315,885.7847816,0.713584,0.370370313,17.1,NA,NA,NA
8/8/17,Black Earth Creek,NA,2017-08-08T14:17:25Z,12.2,9.691907159,859.7341041,0.70792,0.369503586,17.2333,NA,NA,NA
8/8/17,Black Earth Creek,NA,2017-08-08T14:32:25Z,12.2,9.684218301,830.9179022,0.70792,0.369503586,17.2667,NA,NA,NA
8/8/17,Black Earth Creek,NA,2017-08-08T14:47:25Z,12.2,9.656513859,799.4595928,0.710752,0.369937559,17.4,NA,NA,NA
8/8/17,Black Earth Creek,NA,2017-08-08T15:02:25Z,12.2,9.648891165,765.4939083,0.730574,0.372941391,17.4333,NA,NA,NA
8/8/17,Black Earth Creek,NA,2017-08-08T15:17:25Z,12.1333,9.641258043,729.1663205,0.730574,0.372941391,17.4667,NA,NA,NA
8/8/17,Black Earth Creek,NA,2017-08-08T15:32:25Z,12.1,9.63365441,690.6324168,0.733406,0.373365838,17.5,NA,NA,NA
8/8/17,Black Earth Creek,NA,2017-08-08T15:47:25Z,11.9667,9.632691443,650.0572342,0.727742,0.372515781,17.5,NA,NA,NA
8/8/17,Black Earth Creek,NA,2017-08-08T16:02:25Z,11.8333,9.631728477,607.6145524,0.710752,0.369937559,17.5,NA,NA,NA
8/8/17,Black Earth Creek,NA,2017-08-08T16:17:25Z,11.7333,9.644552193,563.4861495,0.724911,0.37208915,17.4333,NA,NA,NA
8/8/17,Black Earth Creek,NA,2017-08-08T16:32:25Z,11.5667,9.650724813,517.8610236,0.739069,0.374211124,17.4,NA,NA,NA
8/8/17,Black Earth Creek,NA,2017-08-08T16:47:25Z,11.3667,9.670275491,470.9345829,0.727742,0.372515781,17.3,NA,NA,NA
8/8/17,Black Earth Creek,NA,2017-08-08T17:02:25Z,11.1667,9.683195319,422.9078095,0.724911,0.37208915,17.2333,NA,NA,NA
8/8/17,Black Earth Creek,NA,2017-08-08T17:17:25Z,10.9667,9.696369568,373.9863979,0.733406,0.373365838,17.1667,NA,NA,NA
8/8/17,Black Earth Creek,NA,2017-08-08T17:32:25Z,10.7667,9.716334354,324.3798744,0.736237,0.37378898,17.0667,NA,NA,NA
8/8/17,Black Earth Creek,NA,2017-08-08T17:47:25Z,10.5,9.736374244,274.3006999,0.727742,0.372515781,16.9667,NA,NA,NA
8/8/17,Black Earth Creek,NA,2017-08-08T18:02:25Z,10.2333,9.756489639,223.9633593,0.727742,0.372515781,16.8667,NA,NA,NA
8/8/17,Black Earth Creek,NA,2017-08-08T18:17:25Z,9.96667,9.783523438,173.5834437,0.724911,0.37208915,16.7333,NA,NA,NA
8/8/17,Black Earth Creek,NA,2017-08-08T18:32:25Z,9.7,9.810673102,123.3767263,0.724911,0.37208915,16.6,NA,NA,NA
8/8/17,Black Earth Creek,NA,2017-08-08T18:47:25Z,9.4,9.837959995,73.55823881,0.741901,0.374632128,16.4667,NA,NA,NA
8/8/17,Black Earth Creek,NA,2017-08-08T19:02:25Z,9.1,9.865405904,24.3413501,0.733406,0.373365838,16.3333,NA,NA,NA
8/8/17,Black Earth Creek,NA,2017-08-08T19:17:25Z,8.8,9.893711249,0,0.750396,0.375888222,16.2,NA,NA,NA
8/8/17,Black Earth Creek,NA,2017-08-08T19:32:25Z,8.5,9.922160726,0,0.761722,0.377547396,16.0667,NA,NA,NA
8/8/17,Black Earth Creek,NA,2017-08-08T19:47:25Z,8.23333,9.943722386,0,0.741901,0.374632128,15.9667,NA,NA,NA
8/8/17,Black Earth Creek,NA,2017-08-08T20:02:25Z,8,9.972448151,0,0.744732,0.37505185,15.8333,NA,NA,NA
8/8/17,Black Earth Creek,NA,2017-08-08T20:17:25Z,7.7,9.994452335,0,0.722079,0.371661191,15.7333,NA,NA,NA
8/8/17,Black Earth Creek,NA,2017-08-08T20:32:25Z,7.5,10.01654119,0,0.736237,0.37378898,15.6333,NA,NA,NA
8/8/17,Black Earth Creek,NA,2017-08-08T20:47:25Z,7.3,10.03871518,0,0.744732,0.37505185,15.5333,NA,NA,NA
8/8/17,Black Earth Creek,NA,2017-08-08T21:02:25Z,7.13333,10.06097476,0,0.750396,0.375888222,15.4333,NA,NA,NA
8/8/17,Black Earth Creek,NA,2017-08-08T21:17:25Z,7,10.08357173,0,0.744732,0.37505185,15.3333,NA,NA,NA
8/8/17,Black Earth Creek,NA,2017-08-08T21:32:25Z,6.86667,10.10625623,0,0.733406,0.373365838,15.2333,NA,NA,NA
8/8/17,Black Earth Creek,NA,2017-08-08T21:47:25Z,6.8,10.12174983,0,0.713584,0.370370313,15.1667,NA,NA,NA
8/8/17,Black Earth Creek,NA,2017-08-08T22:02:25Z,6.7,10.13730537,0,0.761722,0.377547396,15.1,NA,NA,NA
8/8/17,Black Earth Creek,NA,2017-08-08T22:17:25Z,6.63333,10.15994426,0,0.753227,0.376304591,15,NA,NA,NA
8/8/17,Black Earth Creek,NA,2017-08-08T22:32:25Z,6.6,10.17534649,0,0.750396,0.375888222,14.9333,NA,NA,NA
8/8/17,Black Earth Creek,NA,2017-08-08T22:47:25Z,6.6,10.18343196,0,0.722079,0.371661191,14.9,NA,NA,NA
8/8/17,Black Earth Creek,NA,2017-08-08T23:02:25Z,6.5,10.20624908,0,0.753227,0.376304591,14.8,NA,NA,NA
8/8/17,Black Earth Creek,NA,2017-08-08T23:17:25Z,6.5,10.21412144,0,0.730574,0.372941391,14.7667,NA,NA,NA
8/8/17,Black Earth Creek,NA,2017-08-08T23:32:25Z,6.5,10.22940986,0,0.744732,0.37505185,14.7,NA,NA,NA
8/8/17,Black Earth Creek,NA,2017-08-08T23:47:25Z,6.5,10.24473812,0,0.722079,0.371661191,14.6333,NA,NA,NA
8/11/17,Brewery Creek,NA,2017-08-11T00:02:26Z,6.53333,10.02840706,0,0.149513,0.23392623,15.3,NA,NA,NA
8/11/17,Brewery Creek,NA,2017-08-11T00:17:26Z,6.43333,10.02865857,0,0.149796,0.23405632,15.3,NA,NA,NA
8/11/17,Brewery Creek,NA,2017-08-11T00:32:26Z,6.36667,10.02891008,0,0.148663,0.233534452,15.3,NA,NA,NA
8/11/17,Brewery Creek,NA,2017-08-11T00:47:26Z,6.3,10.02916158,0,0.147814,0.233141553,15.3,NA,NA,NA
8/11/17,Brewery Creek,NA,2017-08-11T01:02:26Z,6.23333,10.02941309,0,0.148663,0.233534452,15.3,NA,NA,NA
8/11/17,Brewery Creek,NA,2017-08-11T01:17:26Z,6.2,10.05074089,0,0.147814,0.233141553,15.2,NA,NA,NA
8/11/17,Brewery Creek,NA,2017-08-11T01:32:26Z,6.2,10.05048887,0,0.146681,0.232614736,15.2,NA,NA,NA
8/11/17,Brewery Creek,NA,2017-08-11T01:47:26Z,6.2,10.05023685,0,0.145832,0.232218086,15.2,NA,NA,NA
8/11/17,Brewery Creek,NA,2017-08-11T02:02:26Z,6.2,10.07164612,0,0.145265,0.231952276,15.1,NA,NA,NA
8/11/17,Brewery Creek,NA,2017-08-11T02:17:26Z,6.2,10.07215119,0,0.143849,0.231285242,15.1,NA,NA,NA
8/11/17,Brewery Creek,NA,2017-08-11T02:32:26Z,6.1,10.07988877,0,0.144133,0.231419396,15.0667,NA,NA,NA
8/11/17,Brewery Creek,NA,2017-08-11T02:47:26Z,6.2,10.09490968,0,0.143283,0.231017319,15,NA,NA,NA
8/11/17,Brewery Creek,NA,2017-08-11T03:02:26Z,6.2,10.09541578,0,0.143283,0.231017319,15,NA,NA,NA
8/11/17,Brewery Creek,NA,2017-08-11T03:17:26Z,6.2,10.11022293,0,0.141584,0.230208564,14.9333,NA,NA,NA
8/11/17,Brewery Creek,NA,2017-08-11T03:32:26Z,6.2,10.11775674,0,0.141301,0.230073186,14.9,NA,NA,NA
8/11/17,Brewery Creek,NA,2017-08-11T03:47:26Z,6.2,10.13993057,0,0.141018,0.229937617,14.8,NA,NA,NA
8/11/17,Brewery Creek,NA,2017-08-11T04:02:26Z,6.3,10.14018467,0,0.140451,0.22966542,14.8,NA,NA,NA
8/11/17,Brewery Creek,NA,2017-08-11T04:17:26Z,6.3,10.16219079,0,0.139885,0.229392928,14.7,NA,NA,NA
8/11/17,Brewery Creek,NA,2017-08-11T04:32:26Z,6.33333,10.16953786,0,0.139319,0.229119657,14.6667,NA,NA,NA
8/11/17,Brewery Creek,NA,2017-08-11T04:47:26Z,6.4,10.18428273,0,0.139319,0.229119657,14.6,NA,NA,NA
8/11/17,Brewery Creek,NA,2017-08-11T05:02:26Z,6.4,10.19165846,0,0.138752,0.228845116,14.5667,NA,NA,NA
8/11/17,Brewery Creek,NA,2017-08-11T05:17:26Z,6.46667,10.20748361,43.60879055,0.138186,0.228570268,14.5,NA,NA,NA
8/11/17,Brewery Creek,NA,2017-08-11T05:32:26Z,6.5,10.21591228,93.43858098,0.137903,0.228432546,14.4667,NA,NA,NA
8/11/17,Brewery Creek,NA,2017-08-11T05:47:26Z,6.56667,10.23180028,143.7376079,0.137337,0.228156502,14.4,NA,NA,NA
8/11/17,Brewery Creek,NA,2017-08-11T06:02:26Z,6.6,10.23282509,194.2904369,0.13762,0.228294624,14.4,NA,NA,NA
8/11/17,Brewery Creek,NA,2017-08-11T06:17:26Z,6.63333,10.2343623,244.8805463,0.136487,0.227740435,14.4,NA,NA,NA
8/11/17,Brewery Creek,NA,2017-08-11T06:32:26Z,6.7,10.25826655,295.291255,0.136204,0.227601504,14.3,NA,NA,NA
8/11/17,Brewery Creek,NA,2017-08-11T06:47:26Z,6.8,10.25980696,345.30665,0.135354,0.227182989,14.3,NA,NA,NA
8/11/17,Brewery Creek,NA,2017-08-11T07:02:26Z,6.83333,10.26134737,394.7125113,0.135638,0.227323028,14.3,NA,NA,NA
8/11/17,Brewery Creek,NA,2017-08-11T07:17:26Z,6.9,10.26237431,443.2972296,0.135638,0.227323028,14.3,NA,NA,NA
8/11/17,Brewery Creek,NA,2017-08-11T07:32:26Z,6.96667,10.26340125,490.8527125,0.136204,0.227601504,14.3,NA,NA,NA
8/11/17,Brewery Creek,NA,2017-08-11T07:47:26Z,7,10.27190013,537.1752759,0.135638,0.227323028,14.2667,NA,NA,NA
8/11/17,Brewery Creek,NA,2017-08-11T08:02:26Z,7,10.28792487,582.0665164,0.136204,0.227601504,14.2,NA,NA,NA
8/11/17,Brewery Creek,NA,2017-08-11T08:17:26Z,7.03333,10.27395543,625.3341607,0.137337,0.228156502,14.2667,NA,NA,NA
8/11/17,Brewery Creek,NA,2017-08-11T08:32:26Z,7.16667,10.26750901,666.7928896,0.137337,0.228156502,14.3,NA,NA,NA
8/11/17,Brewery Creek,NA,2017-08-11T08:47:26Z,7.3,10.26853595,706.2651317,0.13677,0.227879164,14.3,NA,NA,NA
8/11/17,Brewery Creek,NA,2017-08-11T09:02:26Z,7.5,10.24717242,743.5818236,0.136487,0.227740435,14.4,NA,NA,NA
8/11/17,Brewery Creek,NA,2017-08-11T09:17:26Z,7.66667,10.24024785,778.5831343,0.136487,0.227740435,14.4333,NA,NA,NA
8/11/17,Brewery Creek,NA,2017-08-11T09:32:26Z,7.86667,10.22589199,811.1191497,0.137903,0.228432546,14.5,NA,NA,NA
8/11/17,Brewery Creek,NA,2017-08-11T09:47:26Z,8.1,10.20418393,841.0505149,0.137337,0.228156502,14.6,NA,NA,NA
8/11/17,Brewery Creek,NA,2017-08-11T10:02:26Z,8.3,10.19731402,868.2490307,0.136487,0.227740435,14.6333,NA,NA,NA
8/11/17,Brewery Creek,NA,2017-08-11T10:17:26Z,8.46667,10.1838333,892.5982028,0.136487,0.227740435,14.7,NA,NA,NA
8/11/17,Brewery Creek,NA,2017-08-11T10:32:26Z,8.56667,10.17775312,913.993741,0.137337,0.228156502,14.7333,NA,NA,NA
8/11/17,Brewery Creek,NA,2017-08-11T10:47:26Z,8.66667,10.16432359,932.3440058,0.137337,0.228156502,14.8,NA,NA,NA
8/11/17,Brewery Creek,NA,2017-08-11T11:02:26Z,8.8,10.15826759,947.5704007,0.137337,0.228156502,14.8333,NA,NA,NA
8/11/17,Brewery Creek,NA,2017-08-11T11:17:26Z,8.93333,10.13682983,959.6077089,0.13677,0.227879164,14.9333,NA,NA,NA
8/11/17,Brewery Creek,NA,2017-08-11T11:32:26Z,9.03333,10.12274549,968.404373,0.13677,0.227879164,15,NA,NA,NA
8/11/17,Brewery Creek,NA,2017-08-11T11:47:26Z,9.16667,10.09420253,973.9227153,0.136487,0.227740435,15.1333,NA,NA,NA
8/11/17,Brewery Creek,NA,2017-08-11T12:02:26Z,9.3,10.07301211,976.1390995,0.136487,0.227740435,15.2333,NA,NA,NA
8/11/17,Brewery Creek,NA,2017-08-11T12:17:26Z,9.46667,10.04344738,975.044032,0.13677,0.227879164,15.3667,NA,NA,NA
8/11/17,Brewery Creek,NA,2017-08-11T12:32:26Z,9.56667,10.02836726,970.6422022,0.136487,0.227740435,15.4333,NA,NA,NA
8/11/17,Brewery Creek,NA,2017-08-11T12:47:26Z,9.7,10.00617373,962.9524629,0.13677,0.227879164,15.5333,NA,NA,NA
8/11/17,Brewery Creek,NA,2017-08-11T13:02:26Z,9.73333,9.991168367,952.0077493,0.137337,0.228156502,15.6,NA,NA,NA
8/11/17,Brewery Creek,NA,2017-08-11T13:17:26Z,9.8,9.976950434,937.8549378,0.136487,0.227740435,15.6667,NA,NA,NA
8/11/17,Brewery Creek,NA,2017-08-11T13:32:26Z,9.9,9.962790077,920.5546455,0.136487,0.227740435,15.7333,NA,NA,NA
8/11/17,Brewery Creek,NA,2017-08-11T13:47:26Z,9.96667,9.948644641,900.1809707,0.136487,0.227740435,15.8,NA,NA,NA
8/11/17,Brewery Creek,NA,2017-08-11T14:02:26Z,10,9.948644641,876.8211749,0.136204,0.227601504,15.8,NA,NA,NA
8/11/17,Brewery Creek,NA,2017-08-11T14:17:26Z,10.0333,9.927504653,850.5753098,0.13677,0.227879164,15.9,NA,NA,NA
8/11/17,Brewery Creek,NA,2017-08-11T14:32:26Z,10.1,9.913449157,821.5557883,0.13677,0.227879164,15.9667,NA,NA,NA
8/11/17,Brewery Creek,NA,2017-08-11T14:47:26Z,10.1,9.906445338,789.8869033,0.135921,0.227462368,16,NA,NA,NA
8/11/17,Brewery Creek,NA,2017-08-11T15:02:26Z,10.1,9.906445338,755.704295,0.136204,0.227601504,16,NA,NA,NA
8/11/17,Brewery Creek,NA,2017-08-11T15:17:26Z,10.1,9.905701411,719.1543704,0.136487,0.227740435,16,NA,NA,NA
8/11/17,Brewery Creek,NA,2017-08-11T15:32:26Z,10.0667,9.897963556,680.393676,0.13677,0.227879164,16.0333,NA,NA,NA
8/11/17,Brewery Creek,NA,2017-08-11T15:47:26Z,10.0667,9.883238954,639.5882271,0.135921,0.227462368,16.1,NA,NA,NA
8/11/17,Brewery Creek,NA,2017-08-11T16:02:26Z,10.1,9.882496516,596.9127971,0.13677,0.227879164,16.1,NA,NA,NA
8/11/17,Brewery Creek,NA,2017-08-11T16:17:26Z,10.0667,9.882743996,552.5501689,0.136204,0.227601504,16.1,NA,NA,NA
8/11/17,Brewery Creek,NA,2017-08-11T16:32:26Z,10,9.882991475,506.6903517,0.137337,0.228156502,16.1,NA,NA,NA
8/11/17,Brewery Creek,NA,2017-08-11T16:47:26Z,10,9.883238954,459.5297673,0.136204,0.227601504,16.1,NA,NA,NA
8/11/17,Brewery Creek,NA,2017-08-11T17:02:26Z,10,9.883486433,411.2704093,0.136204,0.227601504,16.1,NA,NA,NA
8/11/17,Brewery Creek,NA,2017-08-11T17:17:26Z,9.96667,9.882991475,362.1189771,0.136204,0.227601504,16.1,NA,NA,NA
8/11/17,Brewery Creek,NA,2017-08-11T17:32:26Z,9.86667,9.882496516,312.2859913,0.135638,0.227323028,16.1,NA,NA,NA
8/11/17,Brewery Creek,NA,2017-08-11T17:47:26Z,9.76667,9.888976393,261.9848916,0.135354,0.227182989,16.0667,NA,NA,NA
8/11/17,Brewery Creek,NA,2017-08-11T18:02:26Z,9.7,9.902477729,211.4311228,0.135354,0.227182989,16,NA,NA,NA
8/11/17,Brewery Creek,NA,2017-08-11T18:17:26Z,9.6,9.903221656,160.841212,0.135071,0.227043237,16,NA,NA,NA
8/11/17,Brewery Creek,NA,2017-08-11T18:32:26Z,9.53333,9.903965582,110.4318412,0.135354,0.227182989,16,NA,NA,NA
8/11/17,Brewery Creek,NA,2017-08-11T18:47:26Z,9.36667,9.925765336,60.41891909,0.134505,0.226763111,15.9,NA,NA,NA
8/11/17,Brewery Creek,NA,2017-08-11T19:02:26Z,9.23333,9.947648744,11.0166566,0.134222,0.226622736,15.8,NA,NA,NA
8/11/17,Brewery Creek,NA,2017-08-11T19:17:26Z,9.06667,9.969616258,0,0.134788,0.226903278,15.7,NA,NA,NA
8/11/17,Brewery Creek,NA,2017-08-11T19:32:26Z,8.93333,9.991668329,0,0.133372,0.226199853,15.6,NA,NA,NA
8/11/17,Brewery Creek,NA,2017-08-11T19:47:26Z,8.76667,10.00667436,0,0.133655,0.226340859,15.5333,NA,NA,NA
8/11/17,Brewery Creek,NA,2017-08-11T20:02:26Z,8.63333,10.02886891,0,0.132806,0.225917207,15.4333,NA,NA,NA
8/11/17,Brewery Creek,NA,2017-08-11T20:17:26Z,8.53333,10.04369854,0,0.132523,0.225775565,15.3667,NA,NA,NA
8/11/17,Brewery Creek,NA,2017-08-11T20:32:26Z,8.43333,10.06578458,0,0.132806,0.225917207,15.2667,NA,NA,NA
8/11/17,Brewery Creek,NA,2017-08-11T20:47:26Z,8.33333,10.08073133,0,0.13224,0.225633709,15.2,NA,NA,NA
8/11/17,Brewery Creek,NA,2017-08-11T21:02:26Z,8.2,10.10296053,0,0.131956,0.225491137,15.1,NA,NA,NA
8/11/17,Brewery Creek,NA,2017-08-11T21:17:26Z,8.13333,10.12476991,0,0.131673,0.22534885,15,NA,NA,NA
8/11/17,Brewery Creek,NA,2017-08-11T21:32:26Z,8.03333,10.13936383,0,0.131673,0.22534885,14.9333,NA,NA,NA
8/11/17,Brewery Creek,NA,2017-08-11T21:47:26Z,7.96667,10.16131463,0,0.131956,0.225491137,14.8333,NA,NA,NA
8/11/17,Brewery Creek,NA,2017-08-11T22:02:26Z,7.9,10.17598123,0,0.131673,0.22534885,14.7667,NA,NA,NA
8/11/17,Brewery Creek,NA,2017-08-11T22:17:26Z,7.8,10.19781983,0,0.13139,0.225206348,14.6667,NA,NA,NA
8/11/17,Brewery Creek,NA,2017-08-11T22:32:26Z,7.76667,10.21234853,0,0.13139,0.225206348,14.6,NA,NA,NA
8/11/17,Brewery Creek,NA,2017-08-11T22:47:26Z,7.7,10.22691501,0,0.130824,0.224920692,14.5333,NA,NA,NA
8/11/17,Brewery Creek,NA,2017-08-11T23:02:26Z,7.66667,10.24895271,0,0.131107,0.225063629,14.4333,NA,NA,NA
8/11/17,Brewery Creek,NA,2017-08-11T23:17:26Z,7.6,10.26436113,0,0.131107,0.225063629,14.3667,NA,NA,NA
8/11/17,Brewery Creek,NA,2017-08-11T23:32:26Z,7.56667,10.27983228,0,0.130824,0.224920692,14.3,NA,NA,NA
8/11/17,Brewery Creek,NA,2017-08-11T23:47:26Z,7.5,10.30284652,0,0.130824,0.224920692,14.2,NA,NA,NA
5/27/18,New Hope Creek,NA,2018-05-27T00:14:51Z,7.39,8.568006272,0,1.025060173,0.411987102,22.78,NA,NA,NA
5/27/18,New Hope Creek,NA,2018-05-27T00:29:51Z,7.39,8.574536389,0,1.025060173,0.411987102,22.74,NA,NA,NA
5/27/18,New Hope Creek,NA,2018-05-27T00:44:51Z,7.38,8.576929871,0,1.025060173,0.411987102,22.72,NA,NA,NA
5/27/18,New Hope Creek,NA,2018-05-27T00:59:51Z,7.37,8.584348266,0,1.025060173,0.411987102,22.68,NA,NA,NA
5/27/18,New Hope Creek,NA,2018-05-27T01:14:51Z,7.43,8.588499181,0,1.036386804,0.413320303,22.66,NA,NA,NA
5/27/18,New Hope Creek,NA,2018-05-27T01:29:51Z,7.43,8.595933113,0,1.036386804,0.413320303,22.62,NA,NA,NA
5/27/18,New Hope Creek,NA,2018-05-27T01:44:51Z,7.41,8.599215525,0,1.047713436,0.414643257,22.6,NA,NA,NA
5/27/18,New Hope Creek,NA,2018-05-27T01:59:51Z,7.45,8.601360021,0,1.059040068,0.415956151,22.58,NA,NA,NA
5/27/18,New Hope Creek,NA,2018-05-27T02:14:51Z,7.48,8.607935275,0,1.0703667,0.417259169,22.54,NA,NA,NA
5/27/18,New Hope Creek,NA,2018-05-27T02:29:51Z,7.49,8.610348314,0,1.095851621,0.420155762,22.52,NA,NA,NA
5/27/18,New Hope Creek,NA,2018-05-27T02:44:51Z,7.51,8.614256049,0,1.129831516,0.423944818,22.5,NA,NA,NA
5/27/18,New Hope Creek,NA,2018-05-27T02:59:51Z,7.51,8.616321461,0,1.16664307,0.427959904,22.48,NA,NA,NA
5/27/18,New Hope Creek,NA,2018-05-27T03:14:51Z,7.54,8.623797396,0,1.200622965,0.431587504,22.44,NA,NA,NA
5/27/18,New Hope Creek,NA,2018-05-27T03:29:51Z,7.52,8.628594609,0,1.251592808,0.436895375,22.42,NA,NA,NA
5/27/18,New Hope Creek,NA,2018-05-27T03:44:51Z,7.53,8.636086701,0,1.299730992,0.44177001,22.38,NA,NA,NA
5/27/18,New Hope Creek,NA,2018-05-27T03:59:51Z,7.54,8.640012696,0,1.364859125,0.448166231,22.36,NA,NA,NA
5/27/18,New Hope Creek,NA,2018-05-27T04:14:51Z,7.52,8.643941393,0,1.455472179,0.456716243,22.34,NA,NA,NA
5/27/18,New Hope Creek,NA,2018-05-27T04:29:51Z,7.54,8.646991762,0,1.551748549,0.465398291,22.32,NA,NA,NA
5/27/18,New Hope Creek,NA,2018-05-27T04:44:51Z,7.53,8.656008228,0,1.665014866,0.475138513,22.28,NA,NA,NA
5/27/18,New Hope Creek,NA,2018-05-27T04:59:51Z,7.51,8.660212448,25.78122091,1.823587711,0.488017892,22.26,NA,NA,NA
5/27/18,New Hope Creek,NA,2018-05-27T05:14:51Z,7.5,8.66503716,78.93496213,1.987823871,0.500548784,22.24,NA,NA,NA
5/27/18,New Hope Creek,NA,2018-05-27T05:29:51Z,7.52,8.670129985,132.7383018,2.140733399,0.511574287,22.22,NA,NA,NA
5/27/18,New Hope Creek,NA,2018-05-27T05:44:51Z,7.54,8.675226339,186.9608797,2.299306244,0.522435612,22.2,NA,NA,NA
5/27/18,New Hope Creek,NA,2018-05-27T05:59:51Z,7.53,8.680326227,241.3705409,2.421067535,0.530421767,22.18,NA,NA,NA
5/27/18,New Hope Creek,NA,2018-05-27T06:14:51Z,7.46,8.684016037,295.7343293,2.545660484,0.538305292,22.16,NA,NA,NA
5/27/18,New Hope Creek,NA,2018-05-27T06:29:51Z,7.52,8.688503832,349.8194855,2.650431828,0.54472637,22.14,NA,NA,NA
5/27/18,New Hope Creek,NA,2018-05-27T06:44:51Z,7.54,8.692994737,403.3944429,2.738213224,0.549969599,22.12,NA,NA,NA
5/27/18,New Hope Creek,NA,2018-05-27T06:59:51Z,7.49,8.694497758,456.2298196,2.803341356,0.553783545,22.12,NA,NA,NA
5/27/18,New Hope Creek,NA,2018-05-27T07:14:51Z,7.52,8.698107863,508.0994002,2.859974515,0.557049494,22.1,NA,NA,NA
5/27/18,New Hope Creek,NA,2018-05-27T07:29:51Z,7.51,8.701985888,558.7811043,2.888291094,0.558665369,22.08,NA,NA,NA
5/27/18,New Hope Creek,NA,2018-05-27T07:44:51Z,7.43,8.704109294,608.0579377,2.916607674,0.560270098,22.08,NA,NA,NA
5/27/18,New Hope Creek,NA,2018-05-27T07:59:51Z,7.53,8.706840167,655.7189212,2.916607674,0.560270098,22.06,NA,NA,NA
5/27/18,New Hope Creek,NA,2018-05-27T08:14:51Z,7.49,8.707105686,701.5599938,2.916607674,0.560270098,22.06,NA,NA,NA
5/27/18,New Hope Creek,NA,2018-05-27T08:29:51Z,7.51,8.702605215,745.3848866,2.888291094,0.558665369,22.08,NA,NA,NA
5/27/18,New Hope Creek,NA,2018-05-27T08:44:51Z,7.48,8.700481809,787.0059632,2.859974515,0.557049494,22.08,NA,NA,NA
5/27/18,New Hope Creek,NA,2018-05-27T08:59:51Z,7.57,8.698550084,826.2450226,2.859974515,0.557049494,22.1,NA,NA,NA
5/27/18,New Hope Creek,NA,2018-05-27T09:14:51Z,7.6,8.694320932,862.9340629,2.82599462,0.555095465,22.12,NA,NA,NA
5/27/18,New Hope Creek,NA,2018-05-27T09:29:51Z,7.55,8.693011312,896.9159997,2.803341356,0.553783545,22.14,NA,NA,NA
5/27/18,New Hope Creek,NA,2018-05-27T09:44:51Z,7.6,8.687019968,928.0453397,2.760866487,0.551303383,22.16,NA,NA,NA
5/27/18,New Hope Creek,NA,2018-05-27T09:59:51Z,7.62,8.67999394,956.1888025,2.738213224,0.549969599,22.2,NA,NA,NA
5/27/18,New Hope Creek,NA,2018-05-27T10:14:51Z,7.68,8.677278876,981.2258922,2.695738355,0.547447609,22.22,NA,NA,NA
5/27/18,New Hope Creek,NA,2018-05-27T10:29:51Z,7.67,8.673595176,1003.049413,2.673085091,0.54609106,22.24,NA,NA,NA
5/27/18,New Hope Creek,NA,2018-05-27T10:44:51Z,7.72,8.669737621,1021.565927,2.630610222,0.543525495,22.26,NA,NA,NA
5/27/18,New Hope Creek,NA,2018-05-27T10:59:51Z,7.75,8.663616901,1036.696157,2.607956959,0.542145218,22.3,NA,NA,NA
5/27/18,New Hope Creek,NA,2018-05-27T11:14:51Z,7.76,8.649464376,1048.375323,2.56548209,0.539534214,22.38,NA,NA,NA
5/27/18,New Hope Creek,NA,2018-05-27T11:29:51Z,7.68,8.635965899,1056.553421,2.523007221,0.53689251,22.46,NA,NA,NA
5/27/18,New Hope Creek,NA,2018-05-27T11:44:51Z,7.73,8.623030969,1061.195438,2.503185615,0.53564896,22.54,NA,NA,NA
5/27/18,New Hope Creek,NA,2018-05-27T11:59:51Z,7.8,8.605707292,1062.281498,2.460710746,0.532960612,22.64,NA,NA,NA
5/27/18,New Hope Creek,NA,2018-05-27T12:14:51Z,7.9,8.593503512,1059.806953,2.440889141,0.531694829,22.7,NA,NA,NA
5/27/18,New Hope Creek,NA,2018-05-27T12:29:51Z,7.89,8.586081258,1053.782398,2.421067535,0.530421767,22.74,NA,NA,NA
5/27/18,New Hope Creek,NA,2018-05-27T12:44:51Z,7.9,8.575665825,1044.233628,2.378592666,0.527668793,22.8,NA,NA,NA
5/27/18,New Hope Creek,NA,2018-05-27T12:59:51Z,7.88,8.564747984,1031.201526,2.35877106,0.526372183,22.86,NA,NA,NA
5/27/18,New Hope Creek,NA,2018-05-27T13:14:51Z,7.97,8.553765241,1014.74189,2.319127849,0.523755706,22.92,NA,NA,NA
5/27/18,New Hope Creek,NA,2018-05-27T13:29:51Z,7.98,8.540259279,994.9251924,2.299306244,0.522435612,23,NA,NA,NA
5/27/18,New Hope Creek,NA,2018-05-27T13:44:51Z,7.91,8.517896697,971.8362794,2.259663033,0.519771126,23.12,NA,NA,NA
5/27/18,New Hope Creek,NA,2018-05-27T13:59:51Z,7.98,8.499526858,945.5740066,2.237009769,0.518233716,23.24,NA,NA,NA
5/27/18,New Hope Creek,NA,2018-05-27T14:14:51Z,7.94,8.478808296,916.2508165,2.220019822,0.517073431,23.36,NA,NA,NA
5/27/18,New Hope Creek,NA,2018-05-27T14:29:51Z,8.02,8.459382337,883.9922569,2.180376611,0.514341507,23.48,NA,NA,NA
5/27/18,New Hope Creek,NA,2018-05-27T14:44:51Z,7.95,8.443111901,848.9364435,2.160555005,0.512962378,23.56,NA,NA,NA
5/27/18,New Hope Creek,NA,2018-05-27T14:59:51Z,7.89,8.434189921,811.2334682,2.120911794,0.510177093,23.62,NA,NA,NA
5/27/18,New Hope Creek,NA,2018-05-27T15:14:51Z,8,8.420314358,771.0447567,2.101090188,0.508770648,23.7,NA,NA,NA
5/27/18,New Hope Creek,NA,2018-05-27T15:29:51Z,8.02,8.413476482,728.5423775,2.084100241,0.50755765,23.74,NA,NA,NA
5/27/18,New Hope Creek,NA,2018-05-27T15:44:51Z,7.97,8.405960427,683.9083049,2.04445703,0.50469992,23.78,NA,NA,NA
5/27/18,New Hope Creek,NA,2018-05-27T15:59:51Z,7.91,8.401373574,637.3336401,2.024635424,0.503256365,23.82,NA,NA,NA
5/27/18,New Hope Creek,NA,2018-05-27T16:14:51Z,7.91,8.397623351,589.0177926,2.007645476,0.502011069,23.84,NA,NA,NA
5/27/18,New Hope Creek,NA,2018-05-27T16:29:51Z,7.81,8.391674283,539.1676272,1.970833923,0.499287182,23.88,NA,NA,NA
5/27/18,New Hope Creek,NA,2018-05-27T16:44:51Z,7.86,8.385647422,487.9965773,1.951012318,0.49780557,23.92,NA,NA,NA
5/27/18,New Hope Creek,NA,2018-05-27T16:59:51Z,7.8,8.377915494,435.7237319,1.914200765,0.495025566,23.96,NA,NA,NA
5/27/18,New Hope Creek,NA,2018-05-27T17:14:51Z,7.74,8.377692473,382.5728974,1.897210817,0.493729745,23.98,NA,NA,NA
5/27/18,New Hope Creek,NA,2018-05-27T17:29:51Z,7.72,8.370829226,328.7716389,1.877389211,0.492207557,24.02,NA,NA,NA
5/27/18,New Hope Creek,NA,2018-05-27T17:44:51Z,7.69,8.364573677,274.5503064,1.840577658,0.489350264,24.06,NA,NA,NA
5/27/18,New Hope Creek,NA,2018-05-27T17:59:51Z,7.63,8.361705461,220.1410484,1.823587711,0.488017892,24.08,NA,NA,NA
5/27/18,New Hope Creek,NA,2018-05-27T18:14:51Z,7.48,8.363415083,165.776818,1.806597763,0.486676728,24.08,NA,NA,NA
5/27/18,New Hope Creek,NA,2018-05-27T18:29:51Z,7.49,8.362342691,111.6903752,1.786776157,0.485100734,24.1,NA,NA,NA
5/27/18,New Hope Creek,NA,2018-05-27T18:44:51Z,7.43,8.364308094,58.11329096,1.752796262,0.482370068,24.1,NA,NA,NA
5/27/18,New Hope Creek,NA,2018-05-27T18:59:51Z,7.49,8.362125227,5.274954998,1.735806315,0.4809907,24.12,NA,NA,NA
5/27/18,New Hope Creek,NA,2018-05-27T19:14:51Z,7.44,8.363235733,0,1.718816367,0.479601768,24.12,NA,NA,NA
5/27/18,New Hope Creek,NA,2018-05-27T19:29:51Z,7.37,8.367555282,0,1.701826419,0.478203108,24.1,NA,NA,NA
5/27/18,New Hope Creek,NA,2018-05-27T19:44:51Z,7.36,8.366102593,0,1.684836472,0.476794556,24.1,NA,NA,NA
5/27/18,New Hope Creek,NA,2018-05-27T19:59:51Z,7.34,8.371792229,0,1.665014866,0.475138513,24.08,NA,NA,NA
5/27/18,New Hope Creek,NA,2018-05-27T20:14:51Z,7.3,8.372988965,0,1.665014866,0.475138513,24.08,NA,NA,NA
5/27/18,New Hope Creek,NA,2018-05-27T20:29:51Z,7.26,8.383011841,0,1.648024919,0.473707933,24.04,NA,NA,NA
5/27/18,New Hope Creek,NA,2018-05-27T20:44:51Z,7.31,8.387258195,0,1.633866629,0.472507808,24.02,NA,NA,NA
5/27/18,New Hope Creek,NA,2018-05-27T20:59:51Z,7.31,8.392448945,0,1.619708339,0.471300318,24,NA,NA,NA
5/27/18,New Hope Creek,NA,2018-05-27T21:14:51Z,7.22,8.399072085,0,1.60555005,0.470085353,23.96,NA,NA,NA
5/27/18,New Hope Creek,NA,2018-05-27T21:29:51Z,7.24,8.404186311,0,1.60555005,0.470085353,23.94,NA,NA,NA
5/27/18,New Hope Creek,NA,2018-05-27T21:44:51Z,7.16,8.409709285,0,1.594223418,0.469107923,23.9,NA,NA,NA
5/27/18,New Hope Creek,NA,2018-05-27T21:59:51Z,7.2,8.419423702,0,1.594223418,0.469107923,23.84,NA,NA,NA
5/27/18,New Hope Creek,NA,2018-05-27T22:14:51Z,7.2,8.424278955,0,1.580065128,0.467879217,23.8,NA,NA,NA
5/27/18,New Hope Creek,NA,2018-05-27T22:29:51Z,7.18,8.432664395,0,1.580065128,0.467879217,23.76,NA,NA,NA
5/27/18,New Hope Creek,NA,2018-05-27T22:44:51Z,7.22,8.440201064,0,1.565906838,0.466642713,23.72,NA,NA,NA
5/27/18,New Hope Creek,NA,2018-05-27T22:59:51Z,7.14,8.446801171,0,1.565906838,0.466642713,23.68,NA,NA,NA
5/27/18,New Hope Creek,NA,2018-05-27T23:14:51Z,7.12,8.452635047,0,1.551748549,0.465398291,23.64,NA,NA,NA
5/27/18,New Hope Creek,NA,2018-05-27T23:29:51Z,7.17,8.462779838,0,1.551748549,0.465398291,23.58,NA,NA,NA
5/27/18,New Hope Creek,NA,2018-05-27T23:44:51Z,7.18,8.468030347,0,1.537590259,0.464145827,23.54,NA,NA,NA
5/31/18,Ichetucknee River,NA,2018-05-31T00:14:45Z,3.13,8.801462662,0,8.77821,0.774612787,21.8,NA,NA,NA
5/31/18,Ichetucknee River,NA,2018-05-31T00:29:45Z,3.08,8.801462662,0,8.66495,0.771660962,21.8,NA,NA,NA
5/31/18,Ichetucknee River,NA,2018-05-31T00:44:45Z,3.06,8.800795811,0,8.63663,0.770918622,21.8,NA,NA,NA
5/31/18,Ichetucknee River,NA,2018-05-31T00:59:45Z,3,8.800128959,0,8.83485,0.776078884,21.8,NA,NA,NA
5/31/18,Ichetucknee River,NA,2018-05-31T01:14:45Z,2.77,8.799462108,0,8.94812,0.77899103,21.8,NA,NA,NA
5/31/18,Ichetucknee River,NA,2018-05-31T01:29:45Z,2.94,8.798795257,0,9.00475,0.780437225,21.8,NA,NA,NA
5/31/18,Ichetucknee River,NA,2018-05-31T01:44:45Z,2.91,8.799017541,0,8.80653,0.775346668,21.8,NA,NA,NA
5/31/18,Ichetucknee River,NA,2018-05-31T01:59:45Z,3,8.799239824,0,8.94812,0.77899103,21.8,NA,NA,NA
5/31/18,Ichetucknee River,NA,2018-05-31T02:14:45Z,2.89,8.799462108,0,8.7499,0.773877494,21.8,NA,NA,NA
5/31/18,Ichetucknee River,NA,2018-05-31T02:29:45Z,3.01,8.799684392,0,8.77821,0.774612787,21.8,NA,NA,NA
5/31/18,Ichetucknee River,NA,2018-05-31T02:44:45Z,2.97,8.799684392,0,8.9198,0.778265381,21.8,NA,NA,NA
5/31/18,Ichetucknee River,NA,2018-05-31T02:59:45Z,3.05,8.799684392,0,8.72158,0.773140258,21.8,NA,NA,NA
5/31/18,Ichetucknee River,NA,2018-05-31T03:14:45Z,3.04,8.799684392,0,8.66495,0.771660962,21.8,NA,NA,NA
5/31/18,Ichetucknee River,NA,2018-05-31T03:29:45Z,2.95,8.799684392,0,8.80653,0.775346668,21.8,NA,NA,NA
5/31/18,Ichetucknee River,NA,2018-05-31T03:44:45Z,2.98,8.799684392,0,9.06138,0.781877013,21.8,NA,NA,NA
5/31/18,Ichetucknee River,NA,2018-05-31T03:59:45Z,2.97,8.799684392,0,8.83485,0.776078884,21.8,NA,NA,NA
5/31/18,Ichetucknee River,NA,2018-05-31T04:14:45Z,2.99,8.799684392,0,9.0897,0.782594652,21.8,NA,NA,NA
5/31/18,Ichetucknee River,NA,2018-05-31T04:29:45Z,3.06,8.799684392,0,9.03307,0.781158043,21.8,NA,NA,NA
5/31/18,Ichetucknee River,NA,2018-05-31T04:44:45Z,3.05,8.800351243,0,8.80653,0.775346668,21.8,NA,NA,NA
5/31/18,Ichetucknee River,NA,2018-05-31T04:59:45Z,3.02,8.801018094,0,8.7499,0.773877494,21.8,NA,NA,NA
5/31/18,Ichetucknee River,NA,2018-05-31T05:14:45Z,3,8.801684946,38.17993111,8.80653,0.775346668,21.8,NA,NA,NA
5/31/18,Ichetucknee River,NA,2018-05-31T05:29:45Z,3.07,8.802351797,95.49859594,9.20297,0.785449273,21.8,NA,NA,NA
5/31/18,Ichetucknee River,NA,2018-05-31T05:44:45Z,3.09,8.80435235,153.2736368,9.20297,0.785449273,21.8,NA,NA,NA
5/31/18,Ichetucknee River,NA,2018-05-31T05:59:45Z,3.03,8.806352904,211.2576989,8.9198,0.778265381,21.8,NA,NA,NA
5/31/18,Ichetucknee River,NA,2018-05-31T06:14:45Z,3.08,8.808353457,269.2025322,8.69326,0.772401329,21.8,NA,NA,NA
5/31/18,Ichetucknee River,NA,2018-05-31T06:29:45Z,3.15,8.810354011,326.8600551,8.7499,0.773877494,21.8,NA,NA,NA
5/31/18,Ichetucknee River,NA,2018-05-31T06:44:45Z,2.99,8.812132281,383.983416,8.7499,0.773877494,21.8,NA,NA,NA
5/31/18,Ichetucknee River,NA,2018-05-31T06:59:45Z,3.04,8.813910551,440.32805,8.69326,0.772401329,21.8,NA,NA,NA
5/31/18,Ichetucknee River,NA,2018-05-31T07:14:45Z,3.15,8.815688821,495.6527268,8.58,0.769429035,21.8,NA,NA,NA
5/31/18,Ichetucknee River,NA,2018-05-31T07:29:45Z,3.37,8.800470066,549.7205824,8.66495,0.771660962,21.9,NA,NA,NA
5/31/18,Ichetucknee River,NA,2018-05-31T07:44:45Z,3.51,8.80135763,602.3001341,8.66495,0.771660962,21.9,NA,NA,NA
5/31/18,Ichetucknee River,NA,2018-05-31T07:59:45Z,3.54,8.802245194,653.1662711,8.60831,0.770174562,21.9,NA,NA,NA
5/31/18,Ichetucknee River,NA,2018-05-31T08:14:45Z,3.61,8.803132759,702.1012184,8.12693,0.757254224,21.9,NA,NA,NA
5/31/18,Ichetucknee River,NA,2018-05-31T08:29:45Z,3.81,8.787075823,748.895469,8.32514,0.762637967,22,NA,NA,NA
5/31/18,Ichetucknee River,NA,2018-05-31T08:44:45Z,4.02,8.786411323,793.3486811,9.34455,0.78898269,22,NA,NA,NA
5/31/18,Ichetucknee River,NA,2018-05-31T08:59:45Z,4.12,8.768863159,835.2705357,9.34455,0.78898269,22.1,NA,NA,NA
5/31/18,Ichetucknee River,NA,2018-05-31T09:14:45Z,4.3,8.768199828,874.4815515,9.31623,0.788278946,22.1,NA,NA,NA
5/31/18,Ichetucknee River,NA,2018-05-31T09:29:45Z,4.51,8.750713341,910.8138533,9.45782,0.791782457,22.2,NA,NA,NA
5/31/18,Ichetucknee River,NA,2018-05-31T09:44:45Z,4.73,8.750713341,944.1118905,8.83485,0.776078884,22.2,NA,NA,NA
5/31/18,Ichetucknee River,NA,2018-05-31T09:59:45Z,4.86,8.733948051,974.2331035,8.52336,0.767932225,22.3,NA,NA,NA
5/31/18,Ichetucknee River,NA,2018-05-31T10:14:45Z,5.1,8.717240321,1001.048534,9.03307,0.781158043,22.4,NA,NA,NA
5/31/18,Ichetucknee River,NA,2018-05-31T10:29:45Z,5.42,8.700589848,1024.443375,8.66495,0.771660962,22.5,NA,NA,NA
5/31/18,Ichetucknee River,NA,2018-05-31T10:44:45Z,5.54,8.682900406,1044.317468,8.4101,0.764917944,22.6,NA,NA,NA
5/31/18,Ichetucknee River,NA,2018-05-31T10:59:45Z,5.89,8.665271425,1060.585725,8.58,0.769429035,22.7,NA,NA,NA
5/31/18,Ichetucknee River,NA,2018-05-31T11:14:45Z,5.98,8.647702584,1073.178496,8.66495,0.771660962,22.8,NA,NA,NA
5/31/18,Ichetucknee River,NA,2018-05-31T11:29:45Z,6.39,8.630193564,1082.041868,8.77821,0.774612787,22.9,NA,NA,NA
5/31/18,Ichetucknee River,NA,2018-05-31T11:44:45Z,6.63,8.612744047,1087.137894,8.89148,0.777538103,23,NA,NA,NA
5/31/18,Ichetucknee River,NA,2018-05-31T11:59:45Z,6.75,8.595353718,1088.444758,8.89148,0.777538103,23.1,NA,NA,NA
5/31/18,Ichetucknee River,NA,2018-05-31T12:14:45Z,6.9,8.578022263,1085.956865,8.86316,0.776809187,23.2,NA,NA,NA
5/31/18,Ichetucknee River,NA,2018-05-31T12:29:45Z,7.06,8.576937642,1079.684867,8.7499,0.773877494,23.2,NA,NA,NA
5/31/18,Ichetucknee River,NA,2018-05-31T12:44:45Z,7.2,8.559666606,1069.655616,8.72158,0.773140258,23.3,NA,NA,NA
5/31/18,Ichetucknee River,NA,2018-05-31T12:59:45Z,7.05,8.542453813,1055.912053,8.83485,0.776078884,23.4,NA,NA,NA
5/31/18,Ichetucknee River,NA,2018-05-31T13:14:45Z,7.07,8.525298954,1038.513018,9.06138,0.781877013,23.5,NA,NA,NA
5/31/18,Ichetucknee River,NA,2018-05-31T13:29:45Z,7.46,8.508201719,1017.533003,8.89148,0.777538103,23.6,NA,NA,NA
5/31/18,Ichetucknee River,NA,2018-05-31T13:44:45Z,7.5,8.491161805,993.0618302,8.69326,0.772401329,23.7,NA,NA,NA
5/31/18,Ichetucknee River,NA,2018-05-31T13:59:45Z,7.63,8.474178905,965.2042704,9.03307,0.781158043,23.8,NA,NA,NA
5/31/18,Ichetucknee River,NA,2018-05-31T14:14:45Z,7.72,8.457252716,934.0795911,8.63663,0.770918622,23.9,NA,NA,NA
5/31/18,Ichetucknee River,NA,2018-05-31T14:29:45Z,7.8,8.440382938,899.8210478,8.80653,0.775346668,24,NA,NA,NA
5/31/18,Ichetucknee River,NA,2018-05-31T14:44:45Z,7.65,8.439312983,862.5753132,8.72158,0.773140258,24,NA,NA,NA
5/31/18,Ichetucknee River,NA,2018-05-31T14:59:45Z,7.58,8.438243028,822.501849,8.60831,0.770174562,24,NA,NA,NA
5/31/18,Ichetucknee River,NA,2018-05-31T15:14:45Z,7.69,8.421432962,779.7722232,8.86316,0.776809187,24.1,NA,NA,NA
5/31/18,Ichetucknee River,NA,2018-05-31T15:29:45Z,7.73,8.420364809,734.5693759,8.86316,0.776809187,24.1,NA,NA,NA
5/31/18,Ichetucknee River,NA,2018-05-31T15:44:45Z,7.43,8.404038879,687.0868357,8.86316,0.776809187,24.2,NA,NA,NA
5/31/18,Ichetucknee River,NA,2018-05-31T15:59:45Z,7.42,8.403399063,637.5278913,8.63663,0.770918622,24.2,NA,NA,NA
5/31/18,Ichetucknee River,NA,2018-05-31T16:14:45Z,7.41,8.402759248,586.1047211,9.06138,0.781877013,24.2,NA,NA,NA
5/31/18,Ichetucknee River,NA,2018-05-31T16:29:45Z,7.34,8.402119432,533.0374847,8.9198,0.778265381,24.2,NA,NA,NA
5/31/18,Ichetucknee River,NA,2018-05-31T16:44:45Z,7.17,8.418655762,478.5533807,8.38178,0.764159766,24.1,NA,NA,NA
5/31/18,Ichetucknee River,NA,2018-05-31T16:59:45Z,6.99,8.419510285,422.8856734,8.86316,0.776809187,24.1,NA,NA,NA
5/31/18,Ichetucknee River,NA,2018-05-31T17:14:45Z,6.74,8.436103117,366.2726948,9.00475,0.780437225,24,NA,NA,NA
5/31/18,Ichetucknee River,NA,2018-05-31T17:29:45Z,6.68,8.436959081,308.9568235,8.66495,0.771660962,24,NA,NA,NA
5/31/18,Ichetucknee River,NA,2018-05-31T17:44:45Z,6.57,8.453180015,251.1834475,8.72158,0.773140258,23.9,NA,NA,NA
5/31/18,Ichetucknee River,NA,2018-05-31T17:59:45Z,6.35,8.469455157,193.1999136,8.80653,0.775346668,23.8,NA,NA,NA
5/31/18,Ichetucknee River,NA,2018-05-31T18:14:45Z,6.24,8.485784797,135.2544681,8.86316,0.776809187,23.7,NA,NA,NA
5/31/18,Ichetucknee River,NA,2018-05-31T18:29:45Z,5.87,8.502169226,77.59519422,8.94812,0.77899103,23.6,NA,NA,NA
5/31/18,Ichetucknee River,NA,2018-05-31T18:44:45Z,5.75,8.519471987,20.46894997,9.17465,0.78473789,23.5,NA,NA,NA
5/31/18,Ichetucknee River,NA,2018-05-31T18:59:45Z,5.56,8.536833072,0,9.0897,0.782594652,23.4,NA,NA,NA
5/31/18,Ichetucknee River,NA,2018-05-31T19:14:45Z,5.44,8.554252792,0,9.03307,0.781158043,23.3,NA,NA,NA
5/31/18,Ichetucknee River,NA,2018-05-31T19:29:45Z,5.24,8.57173146,0,9.0897,0.782594652,23.2,NA,NA,NA
5/31/18,Ichetucknee River,NA,2018-05-31T19:44:45Z,5.14,8.589052094,0,8.80653,0.775346668,23.1,NA,NA,NA
5/31/18,Ichetucknee River,NA,2018-05-31T19:59:45Z,5.07,8.60643156,0,9.31623,0.788278946,23,NA,NA,NA
5/31/18,Ichetucknee River,NA,2018-05-31T20:14:45Z,4.86,8.60751992,0,9.0897,0.782594652,23,NA,NA,NA
5/31/18,Ichetucknee River,NA,2018-05-31T20:29:45Z,4.68,8.62496041,0,8.97643,0.779714805,22.9,NA,NA,NA
5/31/18,Ichetucknee River,NA,2018-05-31T20:44:45Z,4.53,8.641368242,0,8.97643,0.779714805,22.8,NA,NA,NA
5/31/18,Ichetucknee River,NA,2018-05-31T20:59:45Z,4.39,8.657832068,0,9.11802,0.783310714,22.7,NA,NA,NA
5/31/18,Ichetucknee River,NA,2018-05-31T21:14:45Z,4.23,8.674352186,0,8.94812,0.77899103,22.6,NA,NA,NA
5/31/18,Ichetucknee River,NA,2018-05-31T21:29:45Z,4.22,8.690928894,0,8.63663,0.770918622,22.5,NA,NA,NA
5/31/18,Ichetucknee River,NA,2018-05-31T21:44:45Z,4.04,8.707782443,0,8.63663,0.770918622,22.4,NA,NA,NA
5/31/18,Ichetucknee River,NA,2018-05-31T21:59:45Z,3.96,8.708002393,0,8.63663,0.770918622,22.4,NA,NA,NA
5/31/18,Ichetucknee River,NA,2018-05-31T22:14:45Z,3.82,8.724914288,0,8.4101,0.764917944,22.3,NA,NA,NA
5/31/18,Ichetucknee River,NA,2018-05-31T22:29:45Z,3.7,8.741884452,0,8.58,0.769429035,22.2,NA,NA,NA
5/31/18,Ichetucknee River,NA,2018-05-31T22:44:45Z,3.63,8.741222285,0,8.72158,0.773140258,22.2,NA,NA,NA
5/31/18,Ichetucknee River,NA,2018-05-31T22:59:45Z,3.5,8.757365423,0,8.38178,0.764159766,22.1,NA,NA,NA
5/31/18,Ichetucknee River,NA,2018-05-31T23:14:45Z,3.47,8.756702092,0,8.52336,0.767932225,22.1,NA,NA,NA
5/31/18,Ichetucknee River,NA,2018-05-31T23:29:45Z,3.44,8.772899829,0,8.72158,0.773140258,22,NA,NA,NA
5/31/18,Ichetucknee River,NA,2018-05-31T23:44:45Z,3.36,8.772456829,0,8.77821,0.774612787,22,NA,NA,NA
6/2/18,Alexander Springs,NA,NA,NA,NA,NA,NA,NA,NA,NA,NA,NA
6/9/18,Pringle Creek,upstream,2018-06-09T00:01:00Z,7.69,8.182487481,0,0.01374,0.087355414,25.929,0,0.049231453,2.078973767
6/9/18,Pringle Creek,downstream,2018-06-09T00:01:00Z,3.37,8.090254381,0,0.01374,0.087355414,26.904,0,0.049231453,2.078973767
6/9/18,Pringle Creek,upstream,2018-06-09T00:16:00Z,7.59,8.189568751,0,0.01376,0.087394812,25.846,0,0.049267271,2.078822575
6/9/18,Pringle Creek,downstream,2018-06-09T00:16:00Z,3.21,8.101179799,0,0.01376,0.087394812,26.773,0,0.049267271,2.078822575
6/9/18,Pringle Creek,upstream,2018-06-09T00:31:00Z,7.4,8.19362683,0,0.01393,0.087728113,25.794,0,0.049570677,2.077546678
6/9/18,Pringle Creek,downstream,2018-06-09T00:31:00Z,3.04,8.111759719,0,0.01393,0.087728113,26.647,0,0.049570677,2.077546678
6/9/18,Pringle Creek,upstream,2018-06-09T00:46:00Z,7.07,8.195418678,0,0.01389,0.087649943,25.765,0,0.049499455,2.077845412
6/9/18,Pringle Creek,downstream,2018-06-09T00:46:00Z,2.9,8.122167029,0,0.01389,0.087649943,26.524,0,0.049499455,2.077845412
6/9/18,Pringle Creek,upstream,2018-06-09T01:01:00Z,6.91,8.199719721,0,0.0139,0.0876695,25.7,0,0.04951727,2.077770644
6/9/18,Pringle Creek,downstream,2018-06-09T01:01:00Z,2.75,8.131317484,0,0.0139,0.0876695,26.404,0,0.04951727,2.077770644
6/9/18,Pringle Creek,upstream,2018-06-09T01:16:00Z,6.55,8.203129869,0,0.01396,0.087786639,25.655,0,0.049624026,2.077323218
6/9/18,Pringle Creek,downstream,2018-06-09T01:16:00Z,2.63,8.141932731,0,0.01396,0.087786639,26.281,0,0.049624026,2.077323218
6/9/18,Pringle Creek,upstream,2018-06-09T01:31:00Z,6.47,8.211580493,0,0.014,0.087864538,25.56,0,0.04969507,2.077026054
6/9/18,Pringle Creek,downstream,2018-06-09T01:31:00Z,2.5,8.151498047,0,0.014,0.087864538,26.17,0,0.04969507,2.077026054
6/9/18,Pringle Creek,upstream,2018-06-09T01:46:00Z,6.39,8.212453994,0,0.01415,0.088155302,25.537,0,0.049960584,2.075919574
6/9/18,Pringle Creek,downstream,2018-06-09T01:46:00Z,2.39,8.162247517,0,0.01415,0.088155302,26.044,0,0.049960584,2.075919574
6/9/18,Pringle Creek,upstream,2018-06-09T02:01:00Z,6.26,8.222974976,0,0.01427,0.088386385,25.458,0,0.050171984,2.075043222
6/9/18,Pringle Creek,downstream,2018-06-09T02:01:00Z,2.25,8.17580125,0,0.01427,0.088386385,25.931,0,0.050171984,2.075043222
6/9/18,Pringle Creek,upstream,2018-06-09T02:16:00Z,6.14,8.225416208,0,0.01429,0.088424768,25.402,0,0.050207131,2.074897916
6/9/18,Pringle Creek,downstream,2018-06-09T02:16:00Z,2.18,8.185754328,0,0.01429,0.088424768,25.797,0,0.050207131,2.074897916
6/9/18,Pringle Creek,upstream,2018-06-09T02:31:00Z,6.07,8.230251176,0,0.01429,0.088424768,25.344,0,0.050207131,2.074897916
6/9/18,Pringle Creek,downstream,2018-06-09T02:31:00Z,2.05,8.19330918,0,0.01429,0.088424768,25.71,0,0.050207131,2.074897916
6/9/18,Pringle Creek,upstream,2018-06-09T02:46:00Z,5.91,8.236709269,0,0.01429,0.088424768,25.281,0,0.050207131,2.074897916
6/9/18,Pringle Creek,downstream,2018-06-09T02:46:00Z,1.9,8.204208661,0,0.01429,0.088424768,25.601,0,0.050207131,2.074897916
6/9/18,Pringle Creek,upstream,2018-06-09T03:01:00Z,5.82,8.242783938,0,0.01432,0.088482274,25.222,0,0.050259805,2.074680357
6/9/18,Pringle Creek,downstream,2018-06-09T03:01:00Z,1.85,8.215802058,0,0.01432,0.088482274,25.486,0,0.050259805,2.074680357
6/9/18,Pringle Creek,upstream,2018-06-09T03:16:00Z,5.77,8.251780723,0,0.01436,0.088558819,25.156,0,0.050329951,2.074391021
6/9/18,Pringle Creek,downstream,2018-06-09T03:16:00Z,1.8,8.225685181,0,0.01436,0.088558819,25.41,0,0.050329951,2.074391021
6/9/18,Pringle Creek,upstream,2018-06-09T03:31:00Z,5.67,8.258743958,0,0.01457,0.088958285,25.089,0,0.050696627,2.072885762
6/9/18,Pringle Creek,downstream,2018-06-09T03:31:00Z,1.72,8.234160007,0,0.01457,0.088958285,25.327,0,0.050696627,2.072885762
6/9/18,Pringle Creek,upstream,2018-06-09T03:46:00Z,5.52,8.260327334,0,0.01453,0.088882504,25.053,0,0.050626989,2.073170714
6/9/18,Pringle Creek,downstream,2018-06-09T03:46:00Z,1.72,8.241546323,0,0.01453,0.088882504,25.234,0,0.050626989,2.073170714
6/9/18,Pringle Creek,upstream,2018-06-09T04:01:00Z,5.49,8.268638119,0,0.01459,0.088996122,24.984,0,0.05073141,2.072743593
6/9/18,Pringle Creek,downstream,2018-06-09T04:01:00Z,1.65,8.254329019,0,0.01459,0.088996122,25.121,0,0.05073141,2.072743593
6/9/18,Pringle Creek,upstream,2018-06-09T04:16:00Z,5.38,8.277259963,0,0.01449,0.088806579,24.933,0,0.050557255,2.073456491
6/9/18,Pringle Creek,downstream,2018-06-09T04:16:00Z,1.6,8.268331716,0,0.01449,0.088806579,25.018,0,0.050557255,2.073456491
6/9/18,Pringle Creek,upstream,2018-06-09T04:31:00Z,5.24,8.282914377,0,0.01466,0.089128269,24.9,0,0.050852965,2.07224761
6/9/18,Pringle Creek,downstream,2018-06-09T04:31:00Z,1.61,8.279011728,0,0.01466,0.089128269,24.937,0,0.050852965,2.07224761
6/9/18,Pringle Creek,upstream,2018-06-09T04:46:00Z,5.25,8.289530896,0,0.01477,0.089335052,24.858,4.85,0.051043393,2.071473211
6/9/18,Pringle Creek,downstream,2018-06-09T04:46:00Z,1.56,8.290060708,0,0.01477,0.089335052,24.853,4.85,0.051043393,2.071473211
6/9/18,Pringle Creek,upstream,2018-06-09T05:01:00Z,5.06,8.295262855,47.17846961,0.01469,0.08918477,24.804,23.64,0.05090497,2.072035807
6/9/18,Pringle Creek,downstream,2018-06-09T05:01:00Z,1.54,8.299842957,47.17994767,0.01469,0.08918477,24.761,23.64,0.05090497,2.072035807
6/9/18,Pringle Creek,upstream,2018-06-09T05:16:00Z,5.01,8.301550755,161.5710418,0.01479,0.089372534,24.745,54.17,0.05107794,2.071333062
6/9/18,Pringle Creek,downstream,2018-06-09T05:16:00Z,1.45,8.31044113,161.5724133,0.01479,0.089372534,24.662,54.17,0.05107794,2.071333062
6/9/18,Pringle Creek,upstream,2018-06-09T05:31:00Z,4.86,8.305631314,277.3893541,0.01477,0.089335052,24.717,76.62,0.051043393,2.071473211
6/9/18,Pringle Creek,downstream,2018-06-09T05:31:00Z,1.49,8.320796186,277.3906178,0.01477,0.089335052,24.576,76.62,0.051043393,2.071473211
6/9/18,Pringle Creek,upstream,2018-06-09T05:46:00Z,4.68,8.311435952,394.1375826,0.01471,0.089222393,24.673,122.33,0.050939611,2.071894857
6/9/18,Pringle Creek,downstream,2018-06-09T05:46:00Z,1.48,8.332080097,394.1387375,0.01471,0.089222393,24.482,122.33,0.050939611,2.071894857
6/9/18,Pringle Creek,upstream,2018-06-09T06:01:00Z,4.61,8.3163934,511.315922,0.01459,0.088996122,24.637,222.31,0.05073141,2.072743593
6/9/18,Pringle Creek,downstream,2018-06-09T06:01:00Z,1.54,8.339274714,511.3169678,0.01459,0.088996122,24.426,222.31,0.05073141,2.072743593
6/9/18,Pringle Creek,upstream,2018-06-09T06:16:00Z,4.76,8.318655433,628.4227262,0.01418,0.088213199,24.616,431.46,0.050013518,2.075699757
6/9/18,Pringle Creek,downstream,2018-06-09T06:16:00Z,1.55,8.347050956,628.4236628,0.01418,0.088213199,24.355,431.46,0.050013518,2.075699757
6/9/18,Pringle Creek,upstream,2018-06-09T06:31:00Z,4.66,8.319518045,744.956655,0.01385,0.087571617,24.608,537.34,0.04942813,2.078145051
6/9/18,Pringle Creek,downstream,2018-06-09T06:31:00Z,1.59,8.351669289,744.9574831,0.01385,0.087571617,24.313,537.34,0.04942813,2.078145051
6/9/18,Pringle Creek,upstream,2018-06-09T06:46:00Z,4.64,8.31881349,860.4188211,0.01329,0.086458298,24.628,646.71,0.04841855,2.082438081
6/9/18,Pringle Creek,downstream,2018-06-09T06:46:00Z,1.63,8.356430237,860.4195417,0.01329,0.086458298,24.283,646.71,0.04841855,2.082438081
6/9/18,Pringle Creek,upstream,2018-06-09T07:01:00Z,4.71,8.313289957,974.3149254,0.01311,0.086093581,24.676,753.61,0.048089541,2.083858431
6/9/18,Pringle Creek,downstream,2018-06-09T07:01:00Z,1.62,8.358165587,974.3155399,0.01311,0.086093581,24.264,753.61,0.048089541,2.083858431
6/9/18,Pringle Creek,upstream,2018-06-09T07:16:00Z,4.52,8.308163899,1086.157373,0.01229,0.084386898,24.734,865.8,0.046561314,2.090599065
6/9/18,Pringle Creek,downstream,2018-06-09T07:16:00Z,1.69,8.362463669,1086.157884,0.01229,0.084386898,24.235,865.8,0.046561314,2.090599065
6/9/18,Pringle Creek,upstream,2018-06-09T07:31:00Z,4.54,8.304917142,1195.467362,0.01221,0.08421623,24.778,966.52,0.046409525,2.091281824
6/9/18,Pringle Creek,downstream,2018-06-09T07:31:00Z,1.77,8.365469074,1195.467771,0.01221,0.08421623,24.221,966.52,0.046409525,2.091281824
6/9/18,Pringle Creek,upstream,2018-06-09T07:46:00Z,4.41,8.297749482,1301.776931,0.01192,0.083591011,24.842,1067.9,0.045855076,2.093796807
6/9/18,Pringle Creek,downstream,2018-06-09T07:46:00Z,1.83,8.366991682,1301.77724,0.01192,0.083591011,24.204,1067.9,0.045855076,2.093796807
6/9/18,Pringle Creek,upstream,2018-06-09T08:01:00Z,4.35,8.288086815,1404.630963,0.01146,0.082577394,24.954,1166.29,0.044961584,2.097920927
6/9/18,Pringle Creek,downstream,2018-06-09T08:01:00Z,1.93,8.368063747,1404.631177,0.01146,0.082577394,24.214,1166.29,0.044961584,2.097920927
6/9/18,Pringle Creek,upstream,2018-06-09T08:16:00Z,3.17,8.278293033,1503.589136,0.01127,0.082150527,25.056,1265.23,0.044587308,2.099675353
6/9/18,Pringle Creek,downstream,2018-06-09T08:16:00Z,1.94,8.355166785,1503.589258,0.01127,0.082150527,24.339,1265.23,0.044587308,2.099675353
6/9/18,Pringle Creek,upstream,2018-06-09T08:31:00Z,4.23,8.270092288,1598.227806,0.01105,0.081650011,25.126,1359.84,0.044149972,2.101746012
6/9/18,Pringle Creek,downstream,2018-06-09T08:31:00Z,2.26,8.331230868,1598.227839,0.01105,0.081650011,24.55,1359.84,0.044149972,2.101746012
6/9/18,Pringle Creek,upstream,2018-06-09T08:46:00Z,4.29,8.259472412,1688.14182,0.0114,0.082443125,25.218,1450.89,0.044843729,2.098471636
6/9/18,Pringle Creek,downstream,2018-06-09T08:46:00Z,2.51,8.314622192,1688.14177,0.0114,0.082443125,24.694,1450.89,0.044843729,2.098471636
6/9/18,Pringle Creek,upstream,2018-06-09T09:01:00Z,4.44,8.247553813,1772.946254,0.01118,0.081946592,25.318,1535.06,0.044408918,2.100517266
6/9/18,Pringle Creek,downstream,2018-06-09T09:01:00Z,2.8,8.286422698,1772.946124,0.01118,0.081946592,24.944,1535.06,0.044408918,2.100517266
6/9/18,Pringle Creek,upstream,2018-06-09T09:16:00Z,4.48,8.232141887,1852.278054,0.01114,0.081855591,25.446,1614.13,0.044329403,2.100893737
6/9/18,Pringle Creek,downstream,2018-06-09T09:16:00Z,3.33,8.237944006,1852.277851,0.01114,0.081855591,25.389,1614.13,0.044329403,2.100893737
6/9/18,Pringle Creek,upstream,2018-06-09T09:31:00Z,4.62,8.222641879,1925.7976,0.01076,0.080979622,25.547,1689.83,0.043566776,2.104542655
6/9/18,Pringle Creek,downstream,2018-06-09T09:31:00Z,4.34,8.182788852,1925.797329,0.01076,0.080979622,25.948,1689.83,0.043566776,2.104542655
6/9/18,Pringle Creek,upstream,2018-06-09T09:46:00Z,4.77,8.206130371,1993.190151,0.01114,0.081855591,25.69,1760.54,0.044329403,2.100893737
6/9/18,Pringle Creek,downstream,2018-06-09T09:46:00Z,5.51,8.118854467,1993.189816,0.01114,0.081855591,26.594,1760.54,0.044329403,2.100893737
6/9/18,Pringle Creek,upstream,2018-06-09T10:01:00Z,4.87,8.188878343,2054.167196,0.01123,0.082060029,25.853,1821.33,0.044508112,2.100048662
6/9/18,Pringle Creek,downstream,2018-06-09T10:01:00Z,6.47,8.070898375,2054.166805,0.01123,0.082060029,27.106,1821.33,0.044508112,2.100048662
6/9/18,Pringle Creek,upstream,2018-06-09T10:16:00Z,4.79,8.176428604,2108.467692,0.01211,0.084001806,25.978,1879.62,0.046219087,2.092141907
6/9/18,Pringle Creek,downstream,2018-06-09T10:16:00Z,7.61,8.013705661,2108.46725,0.01211,0.084001806,27.757,1879.62,0.046219087,2.092141907
6/9/18,Pringle Creek,upstream,2018-06-09T10:31:00Z,4.82,8.162210629,2155.859175,0.01142,0.082487935,26.115,1924.53,0.044883048,2.098287729
6/9/18,Pringle Creek,downstream,2018-06-09T10:31:00Z,8.68,7.965462222,2155.858689,0.01142,0.082487935,28.324,1924.53,0.044883048,2.098287729
6/9/18,Pringle Creek,upstream,2018-06-09T10:46:00Z,5.07,8.147969697,2196.138761,0.0114,0.082443125,26.248,1966.64,0.044843729,2.098471636
6/9/18,Pringle Creek,downstream,2018-06-09T10:46:00Z,9.4,7.920185387,2196.138237,0.0114,0.082443125,28.873,1966.64,0.044843729,2.098471636
6/9/18,Pringle Creek,upstream,2018-06-09T11:01:00Z,5.72,8.13031588,2229.134012,0.01113,0.081832806,26.426,2000.35,0.044309502,2.100988077
6/9/18,Pringle Creek,downstream,2018-06-09T11:01:00Z,10.35,7.898539195,2229.133458,0.01113,0.081832806,29.144,2000.35,0.044309502,2.100988077
6/9/18,Pringle Creek,upstream,2018-06-09T11:16:00Z,7.73,8.114393552,2254.703675,0.01107,0.081695795,26.584,2022.8,0.044189908,2.10155599
6/9/18,Pringle Creek,downstream,2018-06-09T11:16:00Z,9.29,7.881867259,2254.703097,0.01107,0.081695795,29.35,2022.8,0.044189908,2.10155599
6/9/18,Pringle Creek,upstream,2018-06-09T11:31:00Z,7.48,8.097451335,2272.738285,0.01104,0.081627097,26.753,2044.09,0.04412999,2.101841159
6/9/18,Pringle Creek,downstream,2018-06-09T11:31:00Z,8.97,7.858079653,2272.73769,0.01104,0.081627097,29.654,2044.09,0.04412999,2.101841159
6/9/18,Pringle Creek,upstream,2018-06-09T11:46:00Z,6.16,8.083273093,2283.160636,0.01096,0.081443272,26.886,2063.69,0.043969808,2.102605607
6/9/18,Pringle Creek,downstream,2018-06-09T11:46:00Z,9.01,7.846145752,2283.160032,0.01096,0.081443272,29.791,2063.69,0.043969808,2.102605607
6/9/18,Pringle Creek,upstream,2018-06-09T12:01:00Z,6.03,8.064439601,2285.926111,0.01078,0.081026253,27.07,2078.19,0.043607247,2.104347256
6/9/18,Pringle Creek,downstream,2018-06-09T12:01:00Z,9.26,7.819269472,2285.925504,0.01078,0.081026253,30.138,2078.19,0.043607247,2.104347256
6/9/18,Pringle Creek,upstream,2018-06-09T12:16:00Z,5.95,8.047449383,2281.02287,0.01075,0.080956284,27.248,2097.19,0.043546527,2.104640497
6/9/18,Pringle Creek,downstream,2018-06-09T12:16:00Z,9.2,7.813087338,2281.022268,0.01075,0.080956284,30.211,2097.19,0.043546527,2.104640497
6/9/18,Pringle Creek,upstream,2018-06-09T12:31:00Z,6.18,8.00929266,2268.471906,0.01078,0.081026253,27.66,2092.88,0.043607247,2.104347256
6/9/18,Pringle Creek,downstream,2018-06-09T12:31:00Z,8.86,7.811432598,2268.471315,0.01078,0.081026253,30.204,2092.88,0.043607247,2.104347256
6/9/18,Pringle Creek,upstream,2018-06-09T12:46:00Z,7.16,7.988128483,2248.32695,0.0109,0.081304794,27.883,2083.26,0.043849287,2.103182799
6/9/18,Pringle Creek,downstream,2018-06-09T12:46:00Z,8.26,7.781170654,2248.326378,0.0109,0.081304794,30.614,2083.26,0.043849287,2.103182799
6/9/18,Pringle Creek,upstream,2018-06-09T13:01:00Z,7.36,7.971028797,2220.674244,0.0114,0.082443125,28.059,2126.51,0.044843729,2.098471636
6/9/18,Pringle Creek,downstream,2018-06-09T13:01:00Z,8.28,7.772877939,2220.673698,0.0114,0.082443125,30.703,2126.51,0.044843729,2.098471636
6/9/18,Pringle Creek,upstream,2018-06-09T13:16:00Z,7.19,7.980390246,2185.632172,0.01093,0.081374098,27.911,2116.02,0.043909589,2.102893787
6/9/18,Pringle Creek,downstream,2018-06-09T13:16:00Z,7.99,7.762657778,2185.631658,0.01093,0.081374098,30.811,2116.02,0.043909589,2.102893787
6/9/18,Pringle Creek,upstream,2018-06-09T13:31:00Z,6.92,7.981837783,2143.35075,0.01096,0.081443272,27.879,2007.11,0.043969808,2.102605607
6/9/18,Pringle Creek,downstream,2018-06-09T13:31:00Z,8.28,7.743495465,2143.350276,0.01096,0.081443272,31.085,2007.11,0.043969808,2.102605607
6/9/18,Pringle Creek,upstream,2018-06-09T13:46:00Z,7.19,7.968639517,2094.010989,0.01084,0.081165789,27.989,1964.67,0.043728435,2.103763335
6/9/18,Pringle Creek,downstream,2018-06-09T13:46:00Z,8.64,7.739176266,2094.01056,0.01084,0.081165789,31.091,1964.67,0.043728435,2.103763335
6/9/18,Pringle Creek,upstream,2018-06-09T14:01:00Z,9.16,7.938379102,2037.824113,0.01089,0.081281663,28.34,1896.03,0.043829168,2.103279321
6/9/18,Pringle Creek,downstream,2018-06-09T14:01:00Z,8.99,7.718889476,2037.823737,0.01089,0.081281663,31.39,1896.03,0.043829168,2.103279321
6/9/18,Pringle Creek,upstream,2018-06-09T14:16:00Z,8.74,7.941295713,1975.030663,0.0111,0.081764364,28.278,1796.09,0.044249746,2.10127163
6/9/18,Pringle Creek,downstream,2018-06-09T14:16:00Z,9.22,7.709995886,1975.030345,0.0111,0.081764364,31.498,1796.09,0.044249746,2.10127163
6/9/18,Pringle Creek,upstream,2018-06-09T14:31:00Z,9.01,7.901117732,1905.899459,0.01071,0.080862781,28.749,1764.13,0.043465435,2.105032825
6/9/18,Pringle Creek,downstream,2018-06-09T14:31:00Z,9.51,7.703210602,1905.899206,0.01071,0.080862781,31.57,1764.13,0.043465435,2.105032825
6/9/18,Pringle Creek,upstream,2018-06-09T14:46:00Z,9.31,7.886531492,1830.726456,0.01049,0.080344165,28.894,1689.12,0.043016694,2.107218506
6/9/18,Pringle Creek,downstream,2018-06-09T14:46:00Z,9.61,7.690182718,1830.726273,0.01049,0.080344165,31.73,1689.12,0.043016694,2.107218506
6/9/18,Pringle Creek,upstream,2018-06-09T15:01:00Z,9.58,7.880586518,1749.833474,0.01102,0.081581227,28.959,1581.45,0.044089999,2.102031725
6/9/18,Pringle Creek,downstream,2018-06-09T15:01:00Z,10.03,7.685527753,1749.833366,0.01102,0.081581227,31.792,1581.45,0.044089999,2.102031725
6/9/18,Pringle Creek,upstream,2018-06-09T15:16:00Z,9.16,7.869875034,1663.566818,0.01106,0.08167291,29.07,1474.62,0.044169945,2.101650956
6/9/18,Pringle Creek,downstream,2018-06-09T15:16:00Z,10.03,7.674012246,1663.566791,0.01106,0.08167291,31.948,1474.62,0.044169945,2.101650956
6/9/18,Pringle Creek,upstream,2018-06-09T15:31:00Z,8.79,7.877135395,1572.295801,0.01166,0.083021484,28.962,1377.67,0.045352222,2.096106856
6/9/18,Pringle Creek,downstream,2018-06-09T15:31:00Z,10.24,7.665828033,1572.295859,0.01166,0.083021484,32.068,1377.67,0.045352222,2.096106856
6/9/18,Pringle Creek,upstream,2018-06-09T15:46:00Z,8.82,7.863821504,1476.411158,0.01141,0.082465537,29.121,1275.5,0.044863393,2.09837964
6/9/18,Pringle Creek,downstream,2018-06-09T15:46:00Z,10.11,7.65778083,1476.411305,0.01141,0.082465537,32.187,1275.5,0.044863393,2.09837964
6/9/18,Pringle Creek,upstream,2018-06-09T16:01:00Z,9,7.869473228,1376.323374,0.01102,0.081581227,29.045,1114.27,0.044089999,2.102031725
6/9/18,Pringle Creek,downstream,2018-06-09T16:01:00Z,10.44,7.655623932,1376.323614,0.01102,0.081581227,32.221,1114.27,0.044089999,2.102031725
6/9/18,Pringle Creek,upstream,2018-06-09T16:16:00Z,8.32,7.859243888,1272.460931,0.01092,0.081351012,29.181,1084.74,0.043889498,2.102990032
6/9/18,Pringle Creek,downstream,2018-06-09T16:16:00Z,10.44,7.654932783,1272.461268,0.01092,0.081351012,32.236,1084.74,0.043889498,2.102990032
6/9/18,Pringle Creek,upstream,2018-06-09T16:31:00Z,7.84,7.860099441,1165.268467,0.01143,0.08251032,29.151,982.35,0.044902695,2.098195902
6/9/18,Pringle Creek,downstream,2018-06-09T16:31:00Z,6.82,7.654952198,1165.268904,0.01143,0.08251032,32.211,982.35,0.044902695,2.098195902
6/9/18,Pringle Creek,upstream,2018-06-09T16:46:00Z,8.18,7.856664082,1055.204879,0.01114,0.081855591,29.182,873.16,0.044329403,2.100893737
6/9/18,Pringle Creek,downstream,2018-06-09T16:46:00Z,9.52,7.648322984,1055.205418,0.01114,0.081855591,32.307,873.16,0.044329403,2.100893737
6/9/18,Pringle Creek,upstream,2018-06-09T17:01:00Z,8.43,7.858693471,942.7413519,0.01077,0.081002945,29.146,760,0.043587016,2.104444908
6/9/18,Pringle Creek,downstream,2018-06-09T17:01:00Z,10.98,7.648991802,942.7419958,0.01077,0.081002945,32.283,760,0.043587016,2.104444908
6/9/18,Pringle Creek,upstream,2018-06-09T17:16:00Z,7.77,7.897644229,828.3593478,0.01126,0.082127923,28.646,651.4,0.044567522,2.099768549
6/9/18,Pringle Creek,downstream,2018-06-09T17:16:00Z,11.07,7.664368596,828.3600983,0.01126,0.082127923,32.02,651.4,0.044567522,2.099768549
6/9/18,Pringle Creek,upstream,2018-06-09T17:31:00Z,9.31,7.898740016,712.5485404,0.01141,0.082465537,28.612,546.04,0.044863393,2.09837964
6/9/18,Pringle Creek,downstream,2018-06-09T17:31:00Z,10.46,7.671522967,712.5493987,0.01141,0.082465537,31.873,546.04,0.044863393,2.09837964
6/9/18,Pringle Creek,upstream,2018-06-09T17:46:00Z,9.03,7.904007699,595.8047202,0.0112,0.081992009,28.526,435.04,0.044448622,2.100329561
6/9/18,Pringle Creek,downstream,2018-06-09T17:46:00Z,10.26,7.677705803,595.8056872,0.0112,0.081992009,31.744,435.04,0.044448622,2.100329561
6/9/18,Pringle Creek,upstream,2018-06-09T18:01:00Z,9.91,7.912695627,478.627672,0.01113,0.081832806,28.416,321.14,0.044309502,2.100988077
6/9/18,Pringle Creek,downstream,2018-06-09T18:01:00Z,5.72,7.689425581,478.6287482,0.01113,0.081832806,31.55,321.14,0.044309502,2.100988077
6/9/18,Pringle Creek,upstream,2018-06-09T18:16:00Z,10.42,7.920317074,361.5190351,0.01109,0.081741522,28.331,213.95,0.044229809,2.101366327
6/9/18,Pringle Creek,downstream,2018-06-09T18:16:00Z,9.37,7.704717488,361.5202204,0.01109,0.081741522,31.317,213.95,0.044229809,2.101366327
6/9/18,Pringle Creek,upstream,2018-06-09T18:31:00Z,10.43,7.925338332,244.9801561,0.01097,0.0814663,28.263,94,0.043989862,2.102509732
6/9/18,Pringle Creek,downstream,2018-06-09T18:31:00Z,9.52,7.717588523,244.9814499,0.01097,0.0814663,31.107,94,0.043989862,2.102509732
6/9/18,Pringle Creek,upstream,2018-06-09T18:46:00Z,10.67,7.93133678,129.5099421,0.01101,0.081558271,28.177,43.41,0.04406999,2.102127144
6/9/18,Pringle Creek,downstream,2018-06-09T18:46:00Z,9.14,7.730312491,129.5113434,0.01101,0.081558271,30.895,43.41,0.04406999,2.102127144
6/9/18,Pringle Creek,upstream,2018-06-09T19:01:00Z,10.79,7.94194318,15.60272522,0.01111,0.081787192,28.062,16.27,0.044269674,2.101177023
6/9/18,Pringle Creek,downstream,2018-06-09T19:01:00Z,8.86,7.746717381,15.60423268,0.01111,0.081787192,30.664,16.27,0.044269674,2.101177023
6/9/18,Pringle Creek,upstream,2018-06-09T19:16:00Z,10.5,7.949715431,0,0.01114,0.081855591,27.969,3.58,0.044329403,2.100893737
6/9/18,Pringle Creek,downstream,2018-06-09T19:16:00Z,7.23,7.761272613,0,0.01114,0.081855591,30.449,3.58,0.044329403,2.100893737
6/9/18,Pringle Creek,upstream,2018-06-09T19:31:00Z,10.35,7.958281164,0,0.01122,0.082037369,27.88,0,0.044488291,2.100142207
6/9/18,Pringle Creek,downstream,2018-06-09T19:31:00Z,8.03,7.777663252,0,0.01122,0.082037369,30.227,0,0.044488291,2.100142207
6/9/18,Pringle Creek,upstream,2018-06-09T19:46:00Z,9.96,7.968401875,0,0.01134,0.082308367,27.786,0,0.044725563,2.099025397
6/9/18,Pringle Creek,downstream,2018-06-09T19:46:00Z,7.79,7.797059668,0,0.01134,0.082308367,29.982,0,0.044725563,2.099025397
6/9/18,Pringle Creek,upstream,2018-06-09T20:01:00Z,9.96,7.976172795,0,0.01149,0.082644346,27.695,0,0.045020395,2.097646707
6/9/18,Pringle Creek,downstream,2018-06-09T20:01:00Z,6.11,7.813078924,0,0.01149,0.082644346,29.759,0,0.045020395,2.097646707
6/9/18,Pringle Creek,upstream,2018-06-09T20:16:00Z,9.66,7.984382712,0,0.01154,0.082755666,27.612,0,0.045118245,2.097191339
6/9/18,Pringle Creek,downstream,2018-06-09T20:16:00Z,7.06,7.828554977,0,0.01154,0.082755666,29.562,0,0.045118245,2.097191339
6/9/18,Pringle Creek,upstream,2018-06-09T20:31:00Z,9.65,7.993926406,0,0.01167,0.08304355,27.539,0,0.045371665,2.096017012
6/9/18,Pringle Creek,downstream,2018-06-09T20:31:00Z,6.74,7.845221115,0,0.01167,0.08304355,29.381,0,0.045371665,2.096017012
6/9/18,Pringle Creek,upstream,2018-06-09T20:46:00Z,9.12,8.002515396,0,0.01176,0.08324156,27.465,0,0.045546284,2.095212034
6/9/18,Pringle Creek,downstream,2018-06-09T20:46:00Z,6.47,7.86139681,0,0.01176,0.08324156,29.195,0,0.045546284,2.095212034
6/9/18,Pringle Creek,upstream,2018-06-09T21:01:00Z,8.56,8.01343747,0,0.01203,0.083829386,27.371,0,0.04606617,2.092835361
6/9/18,Pringle Creek,downstream,2018-06-09T21:01:00Z,5.99,7.878404846,0,0.01203,0.083829386,29.008,0,0.04606617,2.092835361
6/9/18,Pringle Creek,upstream,2018-06-09T21:16:00Z,8.51,8.01848542,0,0.01208,0.083937241,27.332,0,0.046161802,2.092401387
6/9/18,Pringle Creek,downstream,2018-06-09T21:16:00Z,5.64,7.894797608,0,0.01208,0.083937241,28.818,0,0.046161802,2.092401387
6/9/18,Pringle Creek,upstream,2018-06-09T21:31:00Z,8.51,8.025027673,0,0.01228,0.084365607,27.258,0,0.046542368,2.090684154
6/9/18,Pringle Creek,downstream,2018-06-09T21:31:00Z,5.36,7.908298864,0,0.01228,0.084365607,28.647,0,0.046542368,2.090684154
6/9/18,Pringle Creek,upstream,2018-06-09T21:46:00Z,8.28,8.029548687,0,0.01239,0.084599159,27.193,0,0.046750358,2.08975215
6/9/18,Pringle Creek,downstream,2018-06-09T21:46:00Z,5.04,7.920815709,0,0.01239,0.084599159,28.475,0,0.046750358,2.08975215
6/9/18,Pringle Creek,upstream,2018-06-09T22:01:00Z,8.27,8.034906478,0,0.01239,0.084599159,27.135,0,0.046750358,2.08975215
6/9/18,Pringle Creek,downstream,2018-06-09T22:01:00Z,4.69,7.935607872,0,0.01239,0.084599159,28.295,0,0.046750358,2.08975215
6/9/18,Pringle Creek,upstream,2018-06-09T22:16:00Z,8.03,8.042444039,0,0.01258,0.08499922,27.075,0,0.047107452,2.088162604
6/9/18,Pringle Creek,downstream,2018-06-09T22:16:00Z,4.39,7.950842108,0,0.01258,0.08499922,28.136,0,0.047107452,2.088162604
6/9/18,Pringle Creek,upstream,2018-06-09T22:31:00Z,7.88,8.046146343,0,0.01223,0.084258969,27.01,0,0.046447519,2.091110695
6/9/18,Pringle Creek,downstream,2018-06-09T22:31:00Z,4.12,7.961941641,0,0.01223,0.084258969,27.977,0,0.046447519,2.091110695
6/9/18,Pringle Creek,upstream,2018-06-09T22:46:00Z,7.25,8.051228503,0,0.01227,0.084344303,26.942,0,0.046523413,2.090769316
6/9/18,Pringle Creek,downstream,2018-06-09T22:46:00Z,3.92,7.97267107,0,0.01227,0.084344303,27.837,0,0.046523413,2.090769316
6/9/18,Pringle Creek,upstream,2018-06-09T23:01:00Z,6.97,8.056907395,0,0.01215,0.084087722,26.856,0,0.046295356,2.091796982
6/9/18,Pringle Creek,downstream,2018-06-09T23:01:00Z,3.66,7.981254368,0,0.01215,0.084087722,27.711,0,0.046295356,2.091796982
6/9/18,Pringle Creek,upstream,2018-06-09T23:16:00Z,6.77,8.058940055,0,0.01209,0.083958775,26.822,0,0.046180905,2.092314819
6/9/18,Pringle Creek,downstream,2018-06-09T23:16:00Z,3.49,7.990930819,0,0.01209,0.083958775,27.586,0,0.046180905,2.092314819
6/9/18,Pringle Creek,upstream,2018-06-09T23:31:00Z,6.75,8.062018206,0,0.01226,0.084322988,26.765,0,0.046504451,2.090854551
6/9/18,Pringle Creek,downstream,2018-06-09T23:31:00Z,3.23,7.999112996,0,0.01226,0.084322988,27.467,0,0.046504451,2.090854551
6/9/18,Pringle Creek,upstream,2018-06-09T23:46:00Z,6.67,8.066010188,0,0.01206,0.083894136,26.71,0,0.046123573,2.09257475
6/9/18,Pringle Creek,downstream,2018-06-09T23:46:00Z,3.12,8.007671836,0,0.01206,0.083894136,27.357,0,0.046123573,2.09257475
6/12/18,McDiffett Creek,downstream,2018-06-12T00:06:00Z,3.96,8.376249783,0,5.30E-04,0.067045101,22.289,0.12,0.002342885,0.235184684
6/12/18,McDiffett Creek,downstream,2018-06-12T00:21:00Z,3.73,8.378851186,0,5.30E-04,0.067045101,22.221,0.21,0.002342885,0.235184684
6/12/18,McDiffett Creek,downstream,2018-06-12T00:36:00Z,3.92,8.392954892,0,5.30E-04,0.067045101,22.128,0.2,0.002342885,0.235184684
6/12/18,McDiffett Creek,downstream,2018-06-12T00:51:00Z,3.67,8.412241337,0,5.30E-04,0.067045101,21.96,0.18,0.002342885,0.235184684
6/12/18,McDiffett Creek,downstream,2018-06-12T01:06:00Z,3.5,8.426708954,0,5.30E-04,0.067045101,21.873,0.21,0.002342885,0.235184684
6/12/18,McDiffett Creek,downstream,2018-06-12T01:21:00Z,3.3,8.449656114,0,5.30E-04,0.067045101,21.721,0.24,0.002342885,0.235184684
6/12/18,McDiffett Creek,downstream,2018-06-12T01:36:00Z,3.13,8.459961838,0,5.30E-04,0.067045101,21.646,0.22,0.002342885,0.235184684
6/12/18,McDiffett Creek,downstream,2018-06-12T01:51:00Z,3.15,8.472807895,0,5.30E-04,0.067045101,21.569,0.22,0.002342885,0.235184684
6/12/18,McDiffett Creek,downstream,2018-06-12T02:06:00Z,3,8.481085471,0,5.30E-04,0.067045101,21.489,0.23,0.002342885,0.235184684
6/12/18,McDiffett Creek,downstream,2018-06-12T02:21:00Z,2.96,8.491438632,0,5.30E-04,0.067045101,21.419,0.19,0.002342885,0.235184684
6/12/18,McDiffett Creek,downstream,2018-06-12T02:36:00Z,2.92,8.481622006,0,5.30E-04,0.067045101,21.468,0.22,0.002342885,0.235184684
6/12/18,McDiffett Creek,downstream,2018-06-12T02:51:00Z,2.95,8.51177065,0,5.30E-04,0.067045101,21.241,0.24,0.002342885,0.235184684
6/12/18,McDiffett Creek,downstream,2018-06-12T03:06:00Z,2.98,8.527349848,0,5.30E-04,0.067045101,21.125,0.22,0.002342885,0.235184684
6/12/18,McDiffett Creek,downstream,2018-06-12T03:21:00Z,3.02,8.530452799,0,5.30E-04,0.067045101,21.102,0.19,0.002342885,0.235184684
6/12/18,McDiffett Creek,downstream,2018-06-12T03:36:00Z,2.91,8.548884318,0,5.30E-04,0.067045101,20.999,0.24,0.002342885,0.235184684
6/12/18,McDiffett Creek,downstream,2018-06-12T03:51:00Z,2.77,8.552754918,0,5.30E-04,0.067045101,20.987,0.22,0.002342885,0.235184684
6/12/18,McDiffett Creek,downstream,2018-06-12T04:06:00Z,2.68,8.576125066,0,5.30E-04,0.067045101,20.857,0.25,0.002342885,0.235184684
6/12/18,McDiffett Creek,downstream,2018-06-12T04:21:00Z,2.52,8.583493143,0,5.30E-04,0.067045101,20.817,0.82,0.002342885,0.235184684
6/12/18,McDiffett Creek,downstream,2018-06-12T04:36:00Z,2.53,8.603376009,0,5.30E-04,0.067045101,20.684,3.99,0.002342885,0.235184684
6/12/18,McDiffett Creek,downstream,2018-06-12T04:51:00Z,2.57,8.619535953,81.49320429,5.30E-04,0.067045101,20.552,15.62,0.002342885,0.235184684
6/12/18,McDiffett Creek,downstream,2018-06-12T05:06:00Z,2.28,8.641065184,186.6177455,5.30E-04,0.067045101,20.399,38.12,0.002342885,0.235184684
6/12/18,McDiffett Creek,downstream,2018-06-12T05:21:00Z,2.34,8.664807374,293.3891575,5.30E-04,0.067045101,20.232,77.02,0.002342885,0.235184684
6/12/18,McDiffett Creek,downstream,2018-06-12T05:36:00Z,2.43,8.672930147,401.3503532,5.30E-04,0.067045101,20.191,126.72,0.002342885,0.235184684
6/12/18,McDiffett Creek,downstream,2018-06-12T05:51:00Z,2.31,8.679843018,510.0391524,5.30E-04,0.067045101,20.135,177,0.002342885,0.235184684
6/12/18,McDiffett Creek,downstream,2018-06-12T06:06:00Z,2.31,8.687479194,618.9902598,5.30E-04,0.067045101,20.082,235.6,0.002342885,0.235184684
6/12/18,McDiffett Creek,downstream,2018-06-12T06:21:00Z,2.21,8.695865505,727.7372575,5.30E-04,0.067045101,20.024,294.27,0.002342885,0.235184684
6/12/18,McDiffett Creek,downstream,2018-06-12T06:36:00Z,2.37,8.709377619,835.8146012,5.30E-04,0.067045101,19.931,346.75,0.002342885,0.235184684
6/12/18,McDiffett Creek,downstream,2018-06-12T06:51:00Z,2.38,8.699113775,942.7596136,5.30E-04,0.067045101,19.999,430.15,0.002342885,0.235184684
6/12/18,McDiffett Creek,downstream,2018-06-12T07:06:00Z,2.43,8.703157642,1048.114465,5.30E-04,0.067045101,19.988,542.16,0.002342885,0.235184684
6/12/18,McDiffett Creek,downstream,2018-06-12T07:21:00Z,2.35,8.704696974,1151.428133,5.20E-04,0.066752013,19.98,625.16,0.002311853,0.233710972
6/12/18,McDiffett Creek,downstream,2018-06-12T07:36:00Z,2.45,8.679559245,1252.258333,5.20E-04,0.066752013,20.171,801.79,0.002311853,0.233710972
6/12/18,McDiffett Creek,downstream,2018-06-12T07:51:00Z,2.65,8.665313281,1350.173413,5.20E-04,0.066752013,20.289,824.54,0.002311853,0.233710972
6/12/18,McDiffett Creek,downstream,2018-06-12T08:06:00Z,2.688121097,8.676503592,1444.754202,5.20E-04,0.066752013,20.22263726,954.39,0.002311853,0.233710972
6/12/18,McDiffett Creek,downstream,2018-06-12T08:21:00Z,2.766045109,8.683569447,1535.595799,5.20E-04,0.066752013,20.17968864,993.71,0.002311853,0.233710972
6/12/18,McDiffett Creek,downstream,2018-06-12T08:36:00Z,2.9,8.692886905,1622.309314,5.20E-04,0.066752013,20.128,1117.19,0.002311853,0.233710972
6/12/18,McDiffett Creek,downstream,2018-06-12T08:51:00Z,2.83,8.685606918,1704.523529,5.20E-04,0.066752013,20.159,1471.83,0.002311853,0.233710972
6/12/18,McDiffett Creek,downstream,2018-06-12T09:06:00Z,2.87,8.67368359,1781.886485,5.20E-04,0.066752013,20.233,1449.58,0.002311853,0.233710972
6/12/18,McDiffett Creek,downstream,2018-06-12T09:21:00Z,2.82,8.65885444,1854.066994,5.20E-04,0.066752013,20.341,1391.26,0.002311853,0.233710972
6/12/18,McDiffett Creek,downstream,2018-06-12T09:36:00Z,3.06,8.630399535,1920.756053,5.20E-04,0.066752013,20.548,1234.89,0.002311853,0.233710972
6/12/18,McDiffett Creek,downstream,2018-06-12T09:51:00Z,2.87,8.66988672,1981.668168,5.20E-04,0.066752013,20.278,1226.76,0.002311853,0.233710972
6/12/18,McDiffett Creek,downstream,2018-06-12T10:06:00Z,2.85,8.703077451,2036.542574,5.20E-04,0.066752013,20.047,937.03,0.002311853,0.233710972
6/12/18,McDiffett Creek,downstream,2018-06-12T10:21:00Z,3.04,8.658209564,2085.144356,5.20E-04,0.066752013,20.372,1064.31,0.002311853,0.233710972
6/12/18,McDiffett Creek,downstream,2018-06-12T10:36:00Z,3.03,8.677040629,2127.265452,5.20E-04,0.066752013,20.245,855.99,0.002311853,0.233710972
6/12/18,McDiffett Creek,downstream,2018-06-12T10:51:00Z,3.11,8.659293376,2162.725542,5.20E-04,0.066752013,20.367,1159.41,0.002311853,0.233710972
6/12/18,McDiffett Creek,downstream,2018-06-12T11:06:00Z,3.42,8.656642728,2191.372822,5.20E-04,0.066752013,20.391,880.36,0.002311853,0.233710972
6/12/18,McDiffett Creek,downstream,2018-06-12T11:21:00Z,3.21,8.653763755,2213.084655,5.20E-04,0.066752013,20.414,1058.34,0.002311853,0.233710972
6/12/18,McDiffett Creek,downstream,2018-06-12T11:36:00Z,3.45,8.642478967,2227.768093,5.20E-04,0.066752013,20.498,1231.32,0.002311853,0.233710972
6/12/18,McDiffett Creek,downstream,2018-06-12T11:51:00Z,3.46,8.629527288,2235.360277,5.20E-04,0.066752013,20.585,824.44,0.002311853,0.233710972
6/12/18,McDiffett Creek,downstream,2018-06-12T12:06:00Z,3.9,8.631019188,2235.828705,5.20E-04,0.066752013,20.573,1044.46,0.002311853,0.233710972
6/12/18,McDiffett Creek,downstream,2018-06-12T12:21:00Z,4.02,8.606434794,2229.171373,5.20E-04,0.066752013,20.751,2107.7,0.002311853,0.233710972
6/12/18,McDiffett Creek,downstream,2018-06-12T12:36:00Z,4.16,8.60849777,2215.416782,5.20E-04,0.066752013,20.728,2082.62,0.002311853,0.233710972
6/12/18,McDiffett Creek,downstream,2018-06-12T12:51:00Z,4.31,8.576326654,2194.623813,5.20E-04,0.066752013,20.951,1978.6,0.002311853,0.233710972
6/12/18,McDiffett Creek,downstream,2018-06-12T13:06:00Z,4.53,8.573914163,2166.881483,5.20E-04,0.066752013,20.955,562.45,0.002311853,0.233710972
6/12/18,McDiffett Creek,downstream,2018-06-12T13:21:00Z,4.44,8.560291443,2132.308556,5.20E-04,0.066752013,21.04,2115.73,0.002311853,0.233710972
6/12/18,McDiffett Creek,downstream,2018-06-12T13:36:00Z,4.76,8.517435416,2091.053039,5.20E-04,0.066752013,21.352,2019.01,0.002311853,0.233710972
6/12/18,McDiffett Creek,downstream,2018-06-12T13:51:00Z,5.07,8.489915077,2043.291545,5.20E-04,0.066752013,21.549,1839.08,0.002311853,0.233710972
6/12/18,McDiffett Creek,downstream,2018-06-12T14:06:00Z,5.18,8.482716689,1989.228542,5.20E-04,0.066752013,21.594,633.47,0.002311853,0.233710972
6/12/18,McDiffett Creek,downstream,2018-06-12T14:21:00Z,5.19,8.468539206,1929.095473,5.20E-04,0.066752013,21.687,1470.89,0.002311853,0.233710972
6/12/18,McDiffett Creek,downstream,2018-06-12T14:36:00Z,5.3,8.468077018,1863.149765,5.20E-04,0.066752013,21.682,1854.75,0.002311853,0.233710972
6/12/18,McDiffett Creek,downstream,2018-06-12T14:51:00Z,5.36,8.451541679,1791.673732,5.20E-04,0.066752013,21.801,547,0.002311853,0.233710972
6/12/18,McDiffett Creek,downstream,2018-06-12T15:06:00Z,5.4,8.450727133,1714.973361,5.20E-04,0.066752013,21.803,1432.65,0.002311853,0.233710972
6/12/18,McDiffett Creek,downstream,2018-06-12T15:21:00Z,5.58,8.453642249,1633.377006,5.20E-04,0.066752013,21.779,615.09,0.002311853,0.233710972
6/12/18,McDiffett Creek,downstream,2018-06-12T15:36:00Z,5.71,8.474455647,1547.233978,5.20E-04,0.066752013,21.616,612.08,0.002311853,0.233710972
6/12/18,McDiffett Creek,downstream,2018-06-12T15:51:00Z,6.03,8.468714734,1456.913055,5.20E-04,0.066752013,21.66,855.19,0.002311853,0.233710972
6/12/18,McDiffett Creek,downstream,2018-06-12T16:06:00Z,6,8.471849759,1362.800898,5.20E-04,0.066752013,21.626,891.82,0.002311853,0.233710972
6/12/18,McDiffett Creek,downstream,2018-06-12T16:21:00Z,6.21,8.470923,1265.3004,5.20E-04,0.066752013,21.626,1032.76,0.002311853,0.233710972
6/12/18,McDiffett Creek,downstream,2018-06-12T16:36:00Z,6.18,8.474514038,1164.828959,5.20E-04,0.066752013,21.59,879.2,0.002311853,0.233710972
6/12/18,McDiffett Creek,downstream,2018-06-12T16:51:00Z,6.06,8.480741511,1061.816689,5.20E-04,0.066752013,21.534,603.45,0.002311853,0.233710972
6/12/18,McDiffett Creek,downstream,2018-06-12T17:06:00Z,6.14,8.484730547,956.7045857,5.20E-04,0.066752013,21.498,489.01,0.002311853,0.233710972
6/12/18,McDiffett Creek,downstream,2018-06-12T17:21:00Z,6.12,8.48218666,849.9426304,5.20E-04,0.066752013,21.523,518.66,0.002311853,0.233710972
6/12/18,McDiffett Creek,downstream,2018-06-12T17:36:00Z,6.03,8.492199758,741.9878688,5.20E-04,0.066752013,21.447,272.41,0.002311853,0.233710972
6/12/18,McDiffett Creek,downstream,2018-06-12T17:51:00Z,5.93,8.495825846,633.3024529,5.20E-04,0.066752013,21.428,347.18,0.002311853,0.233710972
6/12/18,McDiffett Creek,downstream,2018-06-12T18:06:00Z,5.86,8.503004999,524.3516622,5.20E-04,0.066752013,21.357,227.3,0.002311853,0.233710972
6/12/18,McDiffett Creek,downstream,2018-06-12T18:21:00Z,5.73,8.508775346,415.6019126,5.20E-04,0.066752013,21.329,140.48,0.002311853,0.233710972
6/12/18,McDiffett Creek,downstream,2018-06-12T18:36:00Z,5.71,8.517924221,307.5187589,5.20E-04,0.066752013,21.312,93.54,0.002311853,0.233710972
6/12/18,McDiffett Creek,downstream,2018-06-12T18:51:00Z,5.51,8.518190863,200.5649025,5.20E-04,0.066752013,21.31,53.27,0.002311853,0.233710972
6/12/18,McDiffett Creek,downstream,2018-06-12T19:06:00Z,5.37,8.535145337,95.19821002,5.20E-04,0.066752013,21.2,30.43,0.002311853,0.233710972
6/12/18,McDiffett Creek,downstream,2018-06-12T19:21:00Z,5.34,8.548619889,0,5.20E-04,0.066752013,21.1,11.32,0.002311853,0.233710972
6/12/18,McDiffett Creek,downstream,2018-06-12T19:36:00Z,5.12,8.554510993,0,5.20E-04,0.066752013,21.073,2.16,0.002311853,0.233710972
6/12/18,McDiffett Creek,downstream,2018-06-12T19:51:00Z,4.92,8.56324116,0,5.20E-04,0.066752013,20.984,0.43,0.002311853,0.233710972
6/12/18,McDiffett Creek,downstream,2018-06-12T20:06:00Z,4.87,8.566539559,0,5.20E-04,0.066752013,21.005,0.27,0.002311853,0.233710972
6/12/18,McDiffett Creek,downstream,2018-06-12T20:21:00Z,4.88,8.566919846,0,5.20E-04,0.066752013,21.053,0.28,0.002311853,0.233710972
6/12/18,McDiffett Creek,downstream,2018-06-12T20:36:00Z,4.81,8.563738322,0,5.20E-04,0.066752013,21.104,0.29,0.002311853,0.233710972
6/12/18,McDiffett Creek,downstream,2018-06-12T20:51:00Z,4.73,8.567671766,0,5.20E-04,0.066752013,21.108,0.29,0.002311853,0.233710972
6/12/18,McDiffett Creek,downstream,2018-06-12T21:06:00Z,4.59,8.568113459,0,5.20E-04,0.066752013,21.113,0.29,0.002311853,0.233710972
6/12/18,McDiffett Creek,downstream,2018-06-12T21:21:00Z,4.63,8.574548302,0,5.20E-04,0.066752013,21.082,0.28,0.002311853,0.233710972
6/12/18,McDiffett Creek,downstream,2018-06-12T21:36:00Z,4.52,8.573193285,0,5.20E-04,0.066752013,21.092,0.31,0.002311853,0.233710972
6/12/18,McDiffett Creek,downstream,2018-06-12T21:51:00Z,4.52,8.577566379,0,5.20E-04,0.066752013,21.068,0.33,0.002311853,0.233710972
6/12/18,McDiffett Creek,downstream,2018-06-12T22:06:00Z,4.4,8.580113092,0,5.20E-04,0.066752013,21.041,0.3,0.002311853,0.233710972
6/12/18,McDiffett Creek,downstream,2018-06-12T22:21:00Z,4.26,8.580689329,0,5.20E-04,0.066752013,21.045,0.29,0.002311853,0.233710972
6/12/18,McDiffett Creek,downstream,2018-06-12T22:36:00Z,4.32,8.590278261,0,5.20E-04,0.066752013,20.991,0.31,0.002311853,0.233710972
6/12/18,McDiffett Creek,downstream,2018-06-12T22:51:00Z,4.18,8.603862064,0,5.30E-04,0.067045101,20.889,0.27,0.002342885,0.235184684
6/12/18,McDiffett Creek,downstream,2018-06-12T23:06:00Z,4.01,8.603023699,0,5.20E-04,0.066752013,20.906,0.28,0.002311853,0.233710972
6/12/18,McDiffett Creek,downstream,2018-06-12T23:21:00Z,4,8.604735108,0,5.20E-04,0.066752013,20.884,0.26,0.002311853,0.233710972
6/12/18,McDiffett Creek,downstream,2018-06-12T23:36:00Z,3.9,8.609635755,0,5.20E-04,0.066752013,20.847,0.25,0.002311853,0.233710972
6/12/18,McDiffett Creek,downstream,2018-06-12T23:51:00Z,3.76,8.623155858,0,5.20E-04,0.066752013,20.768,0.27,0.002311853,0.233710972
6/13/18,Kings Creek,NA,2018-06-12T00:05:15Z,2.555,7.881700769,0,NA,0.193846154,25.2295,NA,NA,NA
6/13/18,Kings Creek,NA,2018-06-12T00:20:15Z,2.5305,7.89099329,0,NA,0.193846154,25.1705,NA,NA,NA
6/13/18,Kings Creek,NA,2018-06-12T00:35:15Z,2.497,7.909205351,0,NA,0.193846154,25.053,NA,NA,NA
6/13/18,Kings Creek,NA,2018-06-12T00:50:15Z,2.4855,7.919174027,0,NA,0.193846154,24.982,NA,NA,NA
6/13/18,Kings Creek,NA,2018-06-12T01:05:15Z,2.4,7.932111103,0,NA,0.193846154,24.8895,NA,NA,NA
6/13/18,Kings Creek,NA,2018-06-12T01:20:15Z,2.345,7.940953828,0,NA,0.193846154,24.8265,NA,NA,NA
6/13/18,Kings Creek,NA,2018-06-12T01:35:14Z,2.246,7.953291463,0,NA,0.193846154,24.7385,NA,NA,NA
6/13/18,Kings Creek,NA,2018-06-12T01:50:14Z,2.1775,7.959297045,0,NA,0.193846154,24.692,NA,NA,NA
6/13/18,Kings Creek,NA,2018-06-12T02:05:14Z,2.076,7.973477596,0,NA,0.193846154,24.5875,NA,NA,NA
6/13/18,Kings Creek,NA,2018-06-12T02:20:14Z,2.0095,7.977581279,0,NA,0.193846154,24.554,NA,NA,NA
6/13/18,Kings Creek,NA,2018-06-12T02:35:14Z,1.9455,7.990036521,0,NA,0.193846154,24.4615,NA,NA,NA
6/13/18,Kings Creek,NA,2018-06-12T02:50:14Z,1.877,8.000415312,0,NA,0.193846154,24.3945,NA,NA,NA
6/13/18,Kings Creek,NA,2018-06-12T03:05:14Z,1.7875,8.016026349,0,NA,0.193846154,24.294,NA,NA,NA
6/13/18,Kings Creek,NA,2018-06-12T03:20:14Z,1.6895,8.020234015,0,NA,0.193846154,24.2685,NA,NA,NA
6/13/18,Kings Creek,NA,2018-06-12T03:35:13Z,1.5945,8.03079663,0,NA,0.193846154,24.202,NA,NA,NA
6/13/18,Kings Creek,NA,2018-06-12T03:50:13Z,1.552,8.034352139,0,NA,0.193846154,24.181,NA,NA,NA
6/13/18,Kings Creek,NA,2018-06-12T04:05:13Z,1.5435,8.048885505,0,NA,0.193846154,24.0885,NA,NA,NA
6/13/18,Kings Creek,NA,2018-06-12T04:20:13Z,1.5735,8.05812029,0,NA,0.193846154,24.03,NA,NA,NA
6/13/18,Kings Creek,NA,2018-06-12T04:35:13Z,1.4925,8.072043918,0,NA,0.193846154,23.942,NA,NA,NA
6/13/18,Kings Creek,NA,2018-06-12T04:50:13Z,1.4365,8.080510827,79.15993349,NA,0.193846154,23.896,NA,NA,NA
6/13/18,Kings Creek,NA,2018-06-12T05:05:13Z,1.2955,8.095520388,183.9371136,NA,0.193846154,23.812,NA,NA,NA
6/13/18,Kings Creek,NA,2018-06-12T05:20:13Z,1.2225,8.104023623,290.3805454,NA,0.193846154,23.766,NA,NA,NA
6/13/18,Kings Creek,NA,2018-06-12T05:35:12Z,1.126,8.115196623,398.0346701,NA,0.193846154,23.7075,NA,NA,NA
6/13/18,Kings Creek,NA,2018-06-12T05:50:12Z,1.1055,8.119219982,506.4387477,NA,0.193846154,23.6865,NA,NA,NA
6/13/18,Kings Creek,NA,2018-06-12T06:05:12Z,1.032,8.132622622,615.1288284,NA,0.193846154,23.607,NA,NA,NA
6/13/18,Kings Creek,NA,2018-06-12T06:20:12Z,1.021,8.139194377,723.6397386,NA,0.193846154,23.5695,NA,NA,NA
6/13/18,Kings Creek,NA,2018-06-12T06:35:12Z,1.0075,8.143564563,831.5070717,NA,0.193846154,23.549,NA,NA,NA
6/13/18,Kings Creek,NA,2018-06-12T06:50:12Z,0.9915,8.145688507,938.2691755,NA,0.193846154,23.5445,NA,NA,NA
6/13/18,Kings Creek,NA,2018-06-12T07:05:12Z,0.923,8.151685554,1043.469128,NA,0.193846154,23.5195,NA,NA,NA
6/13/18,Kings Creek,NA,2018-06-12T07:20:12Z,0.9065,8.153117795,1146.656693,NA,0.193846154,23.5195,NA,NA,NA
6/13/18,Kings Creek,NA,2018-06-12T07:35:11Z,0.9275,8.153956413,1247.390248,NA,0.193846154,23.528,NA,NA,NA
6/13/18,Kings Creek,NA,2018-06-12T07:50:11Z,0.9575,8.155669353,1345.238671,NA,0.193846154,23.528,NA,NA,NA
6/13/18,Kings Creek,NA,2018-06-12T08:05:11Z,0.994,8.156312433,1439.78319,NA,0.193846154,23.5405,NA,NA,NA
6/13/18,Kings Creek,NA,2018-06-12T08:20:11Z,1.0125,8.159335073,1530.619174,NA,0.193846154,23.532,NA,NA,NA
6/13/18,Kings Creek,NA,2018-06-12T08:35:11Z,1.022,8.154201187,1617.35786,NA,0.193846154,23.582,NA,NA,NA
6/13/18,Kings Creek,NA,2018-06-12T08:50:11Z,1.0315,8.154728929,1699.628025,NA,0.193846154,23.578,NA,NA,NA
6/13/18,Kings Creek,NA,2018-06-12T09:05:11Z,1.107,8.146214177,1777.077568,NA,0.193846154,23.6325,NA,NA,NA
6/13/18,Kings Creek,NA,2018-06-12T09:20:11Z,1.0955,8.144897029,1849.37502,NA,0.193846154,23.6405,NA,NA,NA
6/13/18,Kings Creek,NA,2018-06-12T09:35:11Z,1.1325,8.138930996,1916.210964,NA,0.193846154,23.6785,NA,NA,NA
6/13/18,Kings Creek,NA,2018-06-12T09:50:10Z,1.207,8.125938566,1977.299353,NA,0.193846154,23.762,NA,NA,NA
6/13/18,Kings Creek,NA,2018-06-12T10:05:10Z,1.428,8.117920716,2032.378743,NA,0.193846154,23.8125,NA,NA,NA
6/13/18,Kings Creek,NA,2018-06-12T10:20:10Z,1.4885,8.1139054,2081.213404,NA,0.193846154,23.8375,NA,NA,NA
6/13/18,Kings Creek,NA,2018-06-12T10:35:10Z,1.639,8.109794284,2123.594335,NA,0.193846154,23.8625,NA,NA,NA
6/13/18,Kings Creek,NA,2018-06-12T10:50:10Z,1.696,8.106726304,2159.340154,NA,0.193846154,23.8835,NA,NA,NA
6/13/18,Kings Creek,NA,2018-06-12T11:05:10Z,1.799,8.10053029,2188.297876,NA,0.193846154,23.9255,NA,NA,NA
6/13/18,Kings Creek,NA,2018-06-12T11:20:10Z,1.8325,8.09625237,2210.34357,NA,0.193846154,23.9545,NA,NA,NA
6/13/18,Kings Creek,NA,2018-06-12T11:35:10Z,1.977,8.084381304,2225.382884,NA,0.193846154,24.034,NA,NA,NA
6/13/18,Kings Creek,NA,2018-06-12T11:50:09Z,2.02,8.082374066,2233.351454,NA,0.193846154,24.0465,NA,NA,NA
6/13/18,Kings Creek,NA,2018-06-12T12:05:09Z,2.1035,8.065715178,2234.215178,NA,0.193846154,24.1555,NA,NA,NA
6/13/18,Kings Creek,NA,2018-06-12T12:20:09Z,1.626,8.06560311,2227.970359,NA,0.193846154,24.1555,NA,NA,NA
6/13/18,Kings Creek,NA,2018-06-12T12:35:09Z,1.2165,8.057815233,2214.643725,NA,0.193846154,24.206,NA,NA,NA
6/13/18,Kings Creek,NA,2018-06-12T12:50:09Z,1.3645,8.050878091,2194.292312,NA,0.193846154,24.248,NA,NA,NA
6/13/18,Kings Creek,NA,2018-06-12T13:05:09Z,1.5305,8.043721146,2167.003222,NA,0.193846154,24.2895,NA,NA,NA
6/13/18,Kings Creek,NA,2018-06-12T13:20:09Z,1.6595,8.04183455,2132.893248,NA,0.193846154,24.298,NA,NA,NA
6/13/18,Kings Creek,NA,2018-06-12T13:35:09Z,1.9545,8.033339433,2092.108373,NA,0.193846154,24.3485,NA,NA,NA
6/13/18,Kings Creek,NA,2018-06-12T13:50:08Z,2.012,8.030130486,2044.823151,NA,0.193846154,24.365,NA,NA,NA
6/13/18,Kings Creek,NA,2018-06-12T14:05:08Z,2.172,8.004586673,1991.239954,NA,0.193846154,24.5285,NA,NA,NA
6/13/18,Kings Creek,NA,2018-06-12T14:20:08Z,2.2325,7.999458397,1931.588108,NA,0.193846154,24.558,NA,NA,NA
6/13/18,Kings Creek,NA,2018-06-12T14:35:08Z,2.2945,7.998955863,1866.122913,NA,0.193846154,24.554,NA,NA,NA
6/13/18,Kings Creek,NA,2018-06-12T14:50:08Z,2.3895,7.998912584,1795.124546,NA,0.193846154,24.5455,NA,NA,NA
6/13/18,Kings Creek,NA,2018-06-12T15:05:08Z,2.517,7.992631674,1718.896868,NA,0.193846154,24.5745,NA,NA,NA
6/13/18,Kings Creek,NA,2018-06-12T15:20:08Z,2.548,7.98196052,1637.76612,NA,0.193846154,24.6375,NA,NA,NA
6/13/18,Kings Creek,NA,2018-06-12T15:35:08Z,2.7575,7.97251017,1552.079524,NA,0.193846154,24.688,NA,NA,NA
6/13/18,Kings Creek,NA,2018-06-12T15:50:07Z,2.7945,7.961189946,1462.203804,NA,0.193846154,24.7595,NA,NA,NA
6/13/18,Kings Creek,NA,2018-06-12T16:05:07Z,2.875,7.958236164,1368.52361,NA,0.193846154,24.772,NA,NA,NA
6/13/18,Kings Creek,NA,2018-06-12T16:20:07Z,2.858,7.958163419,1271.439876,NA,0.193846154,24.7675,NA,NA,NA
6/13/18,Kings Creek,NA,2018-06-12T16:35:07Z,2.8655,7.942749249,1171.3681,NA,0.193846154,24.8645,NA,NA,NA
6/13/18,Kings Creek,NA,2018-06-12T16:50:07Z,2.918,7.937263713,1068.73657,NA,0.193846154,24.8935,NA,NA,NA
6/13/18,Kings Creek,NA,2018-06-12T17:05:07Z,3.037,7.92559491,963.9845296,NA,0.193846154,24.9605,NA,NA,NA
6/13/18,Kings Creek,NA,2018-06-12T17:20:07Z,3.0675,7.923719246,857.5602963,NA,0.193846154,24.965,NA,NA,NA
6/13/18,Kings Creek,NA,2018-06-12T17:35:07Z,3.017,7.917571027,749.9193447,NA,0.193846154,24.9945,NA,NA,NA
6/13/18,Kings Creek,NA,2018-06-12T17:50:06Z,3.0435,7.918136212,641.5223566,NA,0.193846154,25.011,NA,NA,NA
6/13/18,Kings Creek,NA,2018-06-12T18:05:06Z,2.9905,7.918287652,532.8332493,NA,0.193846154,25.0405,NA,NA,NA
6/13/18,Kings Creek,NA,2018-06-12T18:20:06Z,3.016,7.92185487,424.3171903,NA,0.193846154,25.0365,NA,NA,NA
6/13/18,Kings Creek,NA,2018-06-12T18:35:06Z,3.0255,7.927573154,316.4386064,NA,0.193846154,25.028,NA,NA,NA
6/13/18,Kings Creek,NA,2018-06-12T18:50:06Z,2.987,7.930450028,209.659196,NA,0.193846154,25.0155,NA,NA,NA
6/13/18,Kings Creek,NA,2018-06-12T19:05:06Z,2.863,7.935097914,104.4359532,NA,0.193846154,24.9945,NA,NA,NA
6/13/18,Kings Creek,NA,2018-06-12T19:20:06Z,2.859,7.93247189,1.219211876,NA,0.193846154,25.0195,NA,NA,NA
6/13/18,Kings Creek,NA,2018-06-12T19:35:06Z,2.7405,7.935872011,0,NA,0.193846154,25.007,NA,NA,NA
6/13/18,Kings Creek,NA,2018-06-12T19:50:05Z,2.687,7.940344015,0,NA,0.193846154,24.9945,NA,NA,NA
6/13/18,Kings Creek,NA,2018-06-12T20:05:05Z,2.6105,7.94620982,0,NA,0.193846154,24.9815,NA,NA,NA
6/13/18,Kings Creek,NA,2018-06-12T20:20:05Z,2.61,7.94693488,0,NA,0.193846154,24.9945,NA,NA,NA
6/13/18,Kings Creek,NA,2018-06-12T20:35:05Z,2.509,7.953979547,0,NA,0.193846154,24.9735,NA,NA,NA
6/13/18,Kings Creek,NA,2018-06-12T20:50:05Z,2.4985,7.951260013,0,NA,0.193846154,24.9735,NA,NA,NA
6/13/18,Kings Creek,NA,2018-06-12T21:05:05Z,2.4135,7.947180712,0,NA,0.193846154,24.9735,NA,NA,NA
6/13/18,Kings Creek,NA,2018-06-12T21:20:05Z,2.322,7.942623514,0,NA,0.193846154,24.986,NA,NA,NA
6/13/18,Kings Creek,NA,2018-06-12T21:35:05Z,2.2205,7.942292961,0,NA,0.193846154,24.9605,NA,NA,NA
6/13/18,Kings Creek,NA,2018-06-12T21:50:04Z,2.234,7.942087601,0,NA,0.193846154,24.9605,NA,NA,NA
6/13/18,Kings Creek,NA,2018-06-12T22:05:04Z,2.253,7.943544252,0,NA,0.193846154,24.9485,NA,NA,NA
6/13/18,Kings Creek,NA,2018-06-12T22:20:04Z,2.193,7.944000772,0,NA,0.193846154,24.944,NA,NA,NA
6/13/18,Kings Creek,NA,2018-06-12T22:35:04Z,2.1375,7.943104289,0,NA,0.193846154,24.948,NA,NA,NA
6/13/18,Kings Creek,NA,2018-06-12T22:50:04Z,2.0775,7.945831326,0,NA,0.193846154,24.9355,NA,NA,NA
6/13/18,Kings Creek,NA,2018-06-12T23:05:04Z,2.018,7.947163571,0,NA,0.193846154,24.9355,NA,NA,NA
6/13/18,Kings Creek,NA,2018-06-12T23:20:04Z,2.0095,7.947389422,0,NA,0.193846154,24.94,NA,NA,NA
6/13/18,Kings Creek,NA,2018-06-12T23:35:04Z,1.8695,7.945043268,0,NA,0.193846154,24.965,NA,NA,NA
6/13/18,Kings Creek,NA,2018-06-12T23:50:03Z,1.793,7.946663457,0,NA,0.193846154,24.961,NA,NA,NA
6/21/18,Pilgrim River,NA,2018-06-21T00:06:54Z,8.7815,10.02446327,0,0.443154,0.321966274,15.274,NA,NA,NA
6/21/18,Pilgrim River,NA,2018-06-21T00:21:54Z,8.789,10.04194331,0,0.442447,0.321815173,15.193,NA,NA,NA
6/21/18,Pilgrim River,NA,2018-06-21T00:36:54Z,8.8115,10.06707576,0,0.441739,0.321663688,15.077,NA,NA,NA
6/21/18,Pilgrim River,NA,2018-06-21T00:51:54Z,8.831,10.08685362,0,0.441031,0.321512031,14.986,NA,NA,NA
6/21/18,Pilgrim River,NA,2018-06-21T01:06:54Z,8.878,10.11491215,0,0.440323,0.321360202,14.8575,NA,NA,NA
6/21/18,Pilgrim River,NA,2018-06-21T01:21:54Z,8.894,10.13761118,0,0.439615,0.3212082,14.754,NA,NA,NA
6/21/18,Pilgrim River,NA,2018-06-21T01:36:54Z,8.897,10.1537847,0,0.438907,0.321056026,14.6805,NA,NA,NA
6/21/18,Pilgrim River,NA,2018-06-21T01:51:54Z,8.912,10.17553715,0,0.438199,0.320903678,14.582,NA,NA,NA
6/21/18,Pilgrim River,NA,2018-06-21T02:06:54Z,8.9445,10.19569534,0,0.437491,0.320751156,14.491,NA,NA,NA
6/21/18,Pilgrim River,NA,2018-06-21T02:21:54Z,8.967,10.21973513,0,0.436783,0.32059846,14.383,NA,NA,NA
6/21/18,Pilgrim River,NA,2018-06-21T02:36:54Z,8.9985,10.24296959,0,0.436075,0.320445589,14.279,NA,NA,NA
6/21/18,Pilgrim River,NA,2018-06-21T02:51:54Z,9.003,10.26629888,0,0.435367,0.320292543,14.175,NA,NA,NA
6/21/18,Pilgrim River,NA,2018-06-21T03:06:54Z,9.049,10.2926624,0,0.434659,0.320139321,14.058,NA,NA,NA
6/21/18,Pilgrim River,NA,2018-06-21T03:21:54Z,9.057,10.30735422,0,0.433952,0.319986139,13.993,NA,NA,NA
6/21/18,Pilgrim River,NA,2018-06-21T03:36:54Z,9.0755,10.33198275,0,0.433244,0.319832564,13.8845,NA,NA,NA
6/21/18,Pilgrim River,NA,2018-06-21T03:51:54Z,9.106,10.3487151,0,0.432536,0.319678812,13.811,NA,NA,NA
6/21/18,Pilgrim River,NA,2018-06-21T04:06:54Z,9.1255,10.37166605,0,0.431828,0.319524882,13.7105,NA,NA,NA
6/21/18,Pilgrim River,NA,2018-06-21T04:21:54Z,9.155,10.40070254,31.64861167,0.43112,0.319370774,13.584,NA,NA,NA
6/21/18,Pilgrim River,NA,2018-06-21T04:36:54Z,9.1675,10.40980628,73.04692077,0.430412,0.319216486,13.5445,NA,NA,NA
6/21/18,Pilgrim River,NA,2018-06-21T04:51:54Z,9.186,10.43300491,115.5039596,0.429704,0.31906202,13.444,NA,NA,NA
6/21/18,Pilgrim River,NA,2018-06-21T05:06:54Z,9.216,10.4471318,158.8379736,0.428996,0.318907374,13.383,NA,NA,NA
6/21/18,Pilgrim River,NA,2018-06-21T05:21:54Z,9.238,10.45920649,202.8634542,0.428288,0.318752548,13.331,NA,NA,NA
6/21/18,Pilgrim River,NA,2018-06-21T05:36:54Z,9.2565,10.47248068,247.3919326,0.42758,0.31859754,13.274,NA,NA,NA
6/21/18,Pilgrim River,NA,2018-06-21T05:51:54Z,9.288,10.48156754,292.2327868,0.427226,0.318519969,13.235,NA,NA,NA
6/21/18,Pilgrim River,NA,2018-06-21T06:06:54Z,9.307,10.49077957,337.1940573,0.426872,0.318442352,13.1955,NA,NA,NA
6/21/18,Pilgrim River,NA,2018-06-21T06:21:54Z,9.323,10.49183206,382.0832694,0.426518,0.318364689,13.191,NA,NA,NA
6/21/18,Pilgrim River,NA,2018-06-21T06:36:54Z,9.33,10.49791392,426.7082568,0.426165,0.318287201,13.165,NA,NA,NA
6/21/18,Pilgrim River,NA,2018-06-21T06:51:54Z,9.347,10.49791827,470.8779842,0.425811,0.318209448,13.165,NA,NA,NA
6/21/18,Pilgrim River,NA,2018-06-21T07:06:54Z,9.361,10.48669419,514.4033654,0.425457,0.318131649,13.213,NA,NA,NA
6/21/18,Pilgrim River,NA,2018-06-21T07:21:54Z,9.357,10.47340179,557.0980724,0.425103,0.318053804,13.27,NA,NA,NA
6/21/18,Pilgrim River,NA,2018-06-21T07:36:54Z,9.3595,10.46328209,598.7793333,0.424749,0.317975913,13.3135,NA,NA,NA
6/21/18,Pilgrim River,NA,2018-06-21T07:51:54Z,9.353,10.45316417,639.2687148,0.424395,0.317897977,13.357,NA,NA,NA
6/21/18,Pilgrim River,NA,2018-06-21T08:06:54Z,9.368,10.44098913,678.3928857,0.424041,0.317819995,13.4095,NA,NA,NA
6/21/18,Pilgrim River,NA,2018-06-21T08:21:54Z,9.357,10.42283957,715.9843593,0.423687,0.317741966,13.488,NA,NA,NA
6/21/18,Pilgrim River,NA,2018-06-21T08:36:54Z,9.3855,10.4117555,751.8822101,0.423333,0.317663892,13.536,NA,NA,NA
6/21/18,Pilgrim River,NA,2018-06-21T08:51:54Z,9.364,10.39059032,785.932763,0.422979,0.317585772,13.628,NA,NA,NA
6/21/18,Pilgrim River,NA,2018-06-21T09:06:54Z,9.372,10.36972289,817.9902508,0.422625,0.317507605,13.719,NA,NA,NA
6/21/18,Pilgrim River,NA,2018-06-21T09:21:54Z,9.37,10.34277981,847.9174386,0.422271,0.317429392,13.837,NA,NA,NA
6/21/18,Pilgrim River,NA,2018-06-21T09:36:54Z,9.373,10.31721047,875.586211,0.421917,0.317351133,13.9495,NA,NA,NA
6/21/18,Pilgrim River,NA,2018-06-21T09:51:54Z,9.365,10.29175165,900.8781206,0.421563,0.317272828,14.062,NA,NA,NA
6/21/18,Pilgrim River,NA,2018-06-21T10:06:54Z,9.3445,10.24880315,923.6848952,0.421209,0.317194476,14.253,NA,NA,NA
6/21/18,Pilgrim River,NA,2018-06-21T10:21:54Z,9.341,10.21594457,943.9089013,0.420855,0.317116077,14.4,NA,NA,NA
6/21/18,Pilgrim River,NA,2018-06-21T10:36:54Z,9.331,10.17467377,961.4635619,0.420501,0.317037632,14.586,NA,NA,NA
6/21/18,Pilgrim River,NA,2018-06-21T10:51:54Z,9.294,10.12443667,976.2737271,0.420147,0.31695914,14.814,NA,NA,NA
6/21/18,Pilgrim River,NA,2018-06-21T11:06:54Z,9.2345,10.07651363,988.2759961,0.419793,0.316880602,15.0335,NA,NA,NA
6/21/18,Pilgrim River,NA,2018-06-21T11:21:54Z,9.202,10.03093653,997.4189883,0.419439,0.316802017,15.244,NA,NA,NA
6/21/18,Pilgrim River,NA,2018-06-21T11:36:54Z,9.175,9.985861979,1003.663563,0.419085,0.316723385,15.454,NA,NA,NA
6/21/18,Pilgrim River,NA,2018-06-21T11:51:54Z,9.137,9.933886436,1006.982989,0.418377,0.31656598,15.698,NA,NA,NA
6/21/18,Pilgrim River,NA,2018-06-21T12:06:54Z,9.1265,9.888840612,1007.363055,0.41767,0.31640861,15.9115,NA,NA,NA
6/21/18,Pilgrim River,NA,2018-06-21T12:21:54Z,9.05,9.831858917,1004.802135,0.416962,0.316250829,16.184,NA,NA,NA
6/21/18,Pilgrim River,NA,2018-06-21T12:36:54Z,9.0485,9.785187636,999.3111903,0.416254,0.316092858,16.4095,NA,NA,NA
6/21/18,Pilgrim River,NA,2018-06-21T12:51:54Z,9.008,9.733737753,990.9137286,0.415546,0.315934698,16.66,NA,NA,NA
6/21/18,Pilgrim River,NA,2018-06-21T13:06:54Z,8.9635,9.68790328,979.6456982,0.414838,0.315776347,16.8855,NA,NA,NA
6/21/18,Pilgrim River,NA,2018-06-21T13:21:54Z,8.935,9.642790463,965.5553364,0.41413,0.315617805,17.109,NA,NA,NA
6/21/18,Pilgrim River,NA,2018-06-21T13:36:54Z,8.9025,9.603787792,948.7029626,0.413422,0.315459072,17.304,NA,NA,NA
6/21/18,Pilgrim River,NA,2018-06-21T13:51:54Z,8.852,9.566802805,929.1607202,0.413068,0.315379634,17.49,NA,NA,NA
6/21/18,Pilgrim River,NA,2018-06-21T14:06:54Z,8.829,9.531870607,907.0122677,0.412714,0.315300147,17.667,NA,NA,NA
6/21/18,Pilgrim River,NA,2018-06-21T14:21:54Z,8.766,9.505385952,882.3524204,0.41236,0.315220612,17.802,NA,NA,NA
6/21/18,Pilgrim River,NA,2018-06-21T14:36:54Z,8.773,9.483996229,855.2867446,0.412006,0.315141029,17.9115,NA,NA,NA
6/21/18,Pilgrim River,NA,2018-06-21T14:51:54Z,8.748,9.46599578,825.931106,0.411652,0.315061398,18.004,NA,NA,NA
6/21/18,Pilgrim River,NA,2018-06-21T15:06:54Z,8.7155,9.450472713,794.4111731,0.411298,0.314981718,18.084,NA,NA,NA
6/21/18,Pilgrim River,NA,2018-06-21T15:21:54Z,8.678,9.443119298,760.8618797,0.410944,0.31490199,18.122,NA,NA,NA
6/21/18,Pilgrim River,NA,2018-06-21T15:36:54Z,8.6625,9.438289657,725.426847,0.41059,0.314822214,18.147,NA,NA,NA
6/21/18,Pilgrim River,NA,2018-06-21T15:51:54Z,8.635,9.441378715,688.257769,0.410236,0.314742388,18.131,NA,NA,NA
6/21/18,Pilgrim River,NA,2018-06-21T16:06:54Z,8.6325,9.449607566,649.5137628,0.409882,0.314662515,18.0885,NA,NA,NA
6/21/18,Pilgrim River,NA,2018-06-21T16:21:54Z,8.597,9.457843453,609.3606879,0.409529,0.314582818,18.046,NA,NA,NA
6/21/18,Pilgrim River,NA,2018-06-21T16:36:54Z,8.5825,9.462691142,567.9704355,0.409175,0.314502847,18.021,NA,NA,NA
6/21/18,Pilgrim River,NA,2018-06-21T16:51:54Z,8.558,9.475713364,525.5201933,0.408821,0.314422827,17.954,NA,NA,NA
6/21/18,Pilgrim River,NA,2018-06-21T17:06:54Z,8.561,9.496289559,482.1916867,0.408467,0.314342758,17.8485,NA,NA,NA
6/21/18,Pilgrim River,NA,2018-06-21T17:21:54Z,8.544,9.512040346,438.1704008,0.408113,0.31426264,17.768,NA,NA,NA
6/21/18,Pilgrim River,NA,2018-06-21T17:36:54Z,8.5545,9.536778666,393.6447865,0.407759,0.314182473,17.642,NA,NA,NA
6/21/18,Pilgrim River,NA,2018-06-21T17:51:54Z,8.533,9.556715348,348.8054536,0.407405,0.314102256,17.541,NA,NA,NA
6/21/18,Pilgrim River,NA,2018-06-21T18:06:54Z,8.536,9.585249316,303.8443548,0.407051,0.314021991,17.397,NA,NA,NA
6/21/18,Pilgrim River,NA,2018-06-21T18:21:54Z,8.523,9.607158195,258.9539644,0.406697,0.313941676,17.287,NA,NA,NA
6/21/18,Pilgrim River,NA,2018-06-21T18:36:54Z,8.524,9.635873847,214.3264537,0.406343,0.313861312,17.1435,NA,NA,NA
6/21/18,Pilgrim River,NA,2018-06-21T18:51:54Z,8.54,9.661496898,170.1528687,0.405989,0.313780899,17.016,NA,NA,NA
6/21/18,Pilgrim River,NA,2018-06-21T19:06:54Z,8.534,9.682806947,126.6223124,0.405635,0.313700436,16.9105,NA,NA,NA
6/21/18,Pilgrim River,NA,2018-06-21T19:21:54Z,8.528,9.700951781,83.92113468,0.405281,0.313619923,16.821,NA,NA,NA
6/21/18,Pilgrim River,NA,2018-06-21T19:36:54Z,8.5565,9.718138215,42.2321353,0.404927,0.313539361,16.7365,NA,NA,NA
6/21/18,Pilgrim River,NA,2018-06-21T19:51:54Z,8.544,9.737218192,1.73378077,0.404573,0.313458749,16.643,NA,NA,NA
6/21/18,Pilgrim River,NA,2018-06-21T20:06:54Z,8.574,9.75625298,0,0.404219,0.313378087,16.55,NA,NA,NA
6/21/18,Pilgrim River,NA,2018-06-21T20:21:54Z,8.576,9.775569966,0,0.403865,0.313297375,16.456,NA,NA,NA
6/21/18,Pilgrim River,NA,2018-06-21T20:36:54Z,8.5855,9.800955723,0,0.403511,0.313216613,16.333,NA,NA,NA
6/21/18,Pilgrim River,NA,2018-06-21T20:51:54Z,8.595,9.819389496,0,0.403157,0.313135801,16.244,NA,NA,NA
6/21/18,Pilgrim River,NA,2018-06-21T21:06:54Z,8.598,9.841559815,0,0.402803,0.31305494,16.1375,NA,NA,NA
6/21/18,Pilgrim River,NA,2018-06-21T21:21:54Z,8.646,9.8637826,0,0.402449,0.312974028,16.031,NA,NA,NA
6/21/18,Pilgrim River,NA,2018-06-21T21:36:54Z,8.6545,9.889805998,0,0.402095,0.312893065,15.907,NA,NA,NA
6/21/18,Pilgrim River,NA,2018-06-21T21:51:54Z,8.673,9.914005462,0,0.401741,0.312812053,15.792,NA,NA,NA
6/21/18,Pilgrim River,NA,2018-06-21T22:06:54Z,8.691,9.941103736,0,0.401388,0.312731219,15.664,NA,NA,NA
6/21/18,Pilgrim River,NA,2018-06-21T22:21:54Z,8.72,9.964700733,0,0.401034,0.312650105,15.553,NA,NA,NA
6/21/18,Pilgrim River,NA,2018-06-21T22:36:54Z,8.73,9.991301959,0,0.40068,0.312568941,15.4285,NA,NA,NA
6/21/18,Pilgrim River,NA,2018-06-21T22:51:54Z,8.767,10.01607462,0,0.400326,0.312487727,15.313,NA,NA,NA
6/21/18,Pilgrim River,NA,2018-06-21T23:06:54Z,8.7885,10.04206045,0,0.399972,0.312406461,15.1925,NA,NA,NA
6/21/18,Pilgrim River,NA,2018-06-21T23:21:54Z,8.788,10.07183691,0,0.399618,0.312325145,15.055,NA,NA,NA
6/21/18,Pilgrim River,NA,2018-06-21T23:36:54Z,8.8175,10.09144387,0,0.399264,0.312243778,14.965,NA,NA,NA
6/21/18,Pilgrim River,NA,2018-06-21T23:51:54Z,8.833,10.11501782,0,0.39891,0.31216236,14.857,NA,NA,NA
7/17/18,Pilgrim River,NA,2018-07-17T00:06:54Z,7.979,9.39049464,0,NA,0.512123,18.3955,NA,NA,NA
7/17/18,Pilgrim River,NA,2018-07-17T00:21:54Z,8.003,9.407458258,0,NA,0.513705,18.307,NA,NA,NA
7/17/18,Pilgrim River,NA,2018-07-17T00:36:54Z,8.022,9.428440464,0,NA,0.515288,18.198,NA,NA,NA
7/17/18,Pilgrim River,NA,2018-07-17T00:51:54Z,8.036,9.446404935,0,NA,0.51687,18.105,NA,NA,NA
7/17/18,Pilgrim River,NA,2018-07-17T01:06:54Z,8.054,9.465127457,0,NA,0.518452,18.0085,NA,NA,NA
7/17/18,Pilgrim River,NA,2018-07-17T01:21:54Z,8.069,9.479023739,0,NA,0.517011,17.937,NA,NA,NA
7/17/18,Pilgrim River,NA,2018-07-17T01:36:54Z,8.097,9.497958355,0,NA,0.515571,17.84,NA,NA,NA
7/17/18,Pilgrim River,NA,2018-07-17T01:51:54Z,8.123,9.513614553,0,NA,0.51413,17.76,NA,NA,NA
7/17/18,Pilgrim River,NA,2018-07-17T02:06:54Z,8.1305,9.529318139,0,NA,0.512689,17.68,NA,NA,NA
7/17/18,Pilgrim River,NA,2018-07-17T02:21:54Z,8.18,9.546840206,0,NA,0.511107,17.591,NA,NA,NA
7/17/18,Pilgrim River,NA,2018-07-17T02:36:54Z,8.1695,9.562688017,0,NA,0.509525,17.511,NA,NA,NA
7/17/18,Pilgrim River,NA,2018-07-17T02:51:54Z,8.194,9.573548312,0,NA,0.507943,17.456,NA,NA,NA
7/17/18,Pilgrim River,NA,2018-07-17T03:06:54Z,8.1985,9.592916792,0,NA,0.506361,17.3585,NA,NA,NA
7/17/18,Pilgrim River,NA,2018-07-17T03:21:54Z,8.217,9.610548797,0,NA,0.505602,17.27,NA,NA,NA
7/17/18,Pilgrim River,NA,2018-07-17T03:36:54Z,8.248,9.623237645,0,NA,0.504843,17.2065,NA,NA,NA
7/17/18,Pilgrim River,NA,2018-07-17T03:51:54Z,8.254,9.635960555,0,NA,0.504085,17.143,NA,NA,NA
7/17/18,Pilgrim River,NA,2018-07-17T04:06:54Z,8.269,9.649529193,0,NA,0.503326,17.0755,NA,NA,NA
7/17/18,Pilgrim River,NA,2018-07-17T04:21:54Z,8.299,9.66150393,0,NA,0.501898,17.016,NA,NA,NA
7/17/18,Pilgrim River,NA,2018-07-17T04:36:54Z,8.3235,9.675124579,32.22538867,NA,0.500471,16.9485,NA,NA,NA
7/17/18,Pilgrim River,NA,2018-07-17T04:51:54Z,8.328,9.685342662,74.97895054,NA,0.499043,16.898,NA,NA,NA
7/17/18,Pilgrim River,NA,2018-07-17T05:06:54Z,8.375,9.699124473,118.6766113,NA,0.497615,16.83,NA,NA,NA
7/17/18,Pilgrim River,NA,2018-07-17T05:21:54Z,8.396,9.709490113,163.1312752,NA,0.49939,16.779,NA,NA,NA
7/17/18,Pilgrim River,NA,2018-07-17T05:36:54Z,8.4425,9.724153103,208.1526053,NA,0.501165,16.707,NA,NA,NA
7/17/18,Pilgrim River,NA,2018-07-17T05:51:54Z,8.461,9.726796687,253.5478385,NA,0.50294,16.694,NA,NA,NA
7/17/18,Pilgrim River,NA,2018-07-17T06:06:54Z,8.592,9.738040809,299.1226104,NA,0.504715,16.639,NA,NA,NA
7/17/18,Pilgrim River,NA,2018-07-17T06:21:54Z,8.674,9.740693617,344.6817882,NA,0.505306,16.626,NA,NA,NA
7/17/18,Pilgrim River,NA,2018-07-17T06:36:54Z,8.7405,9.747570217,390.0303055,NA,0.505898,16.5925,NA,NA,NA
7/17/18,Pilgrim River,NA,2018-07-17T06:51:54Z,8.789,9.745804059,434.973998,NA,0.50649,16.601,NA,NA,NA
7/17/18,Pilgrim River,NA,2018-07-17T07:06:54Z,8.8785,9.745808759,479.3204346,NA,0.507081,16.601,NA,NA,NA
7/17/18,Pilgrim River,NA,2018-07-17T07:21:54Z,8.898,9.749288361,522.8797414,NA,0.50847,16.584,NA,NA,NA
7/17/18,Pilgrim River,NA,2018-07-17T07:36:54Z,9.0405,9.738024992,565.4654144,NA,0.50986,16.639,NA,NA,NA
7/17/18,Pilgrim River,NA,2018-07-17T07:51:54Z,9.088,9.730265644,606.8951186,NA,0.511249,16.677,NA,NA,NA
7/17/18,Pilgrim River,NA,2018-07-17T08:06:54Z,9.126,9.726794943,646.991468,NA,0.512638,16.694,NA,NA,NA
7/17/18,Pilgrim River,NA,2018-07-17T08:21:54Z,9.15,9.718038804,685.5827857,NA,0.514439,16.737,NA,NA,NA
7/17/18,Pilgrim River,NA,2018-07-17T08:36:54Z,9.1755,9.715486754,722.5038386,NA,0.51624,16.7495,NA,NA,NA
7/17/18,Pilgrim River,NA,2018-07-17T08:51:54Z,9.18,9.712939265,757.596545,NA,0.51804,16.762,NA,NA,NA
7/17/18,Pilgrim River,NA,2018-07-17T09:06:54Z,9.256,9.712945522,790.7106513,NA,0.519841,16.762,NA,NA,NA
7/17/18,Pilgrim River,NA,2018-07-17T09:21:54Z,9.251,9.71802904,821.7043756,NA,0.518902,16.737,NA,NA,NA
7/17/18,Pilgrim River,NA,2018-07-17T09:36:54Z,9.261,9.724151617,850.4450146,NA,0.517963,16.707,NA,NA,NA
7/17/18,Pilgrim River,NA,2018-07-17T09:51:54Z,9.411,9.69750303,876.8095116,NA,0.517024,16.838,NA,NA,NA
7/17/18,Pilgrim River,NA,2018-07-17T10:06:54Z,9.412,9.676746096,900.6849838,NA,0.516085,16.9405,NA,NA,NA
7/17/18,Pilgrim River,NA,2018-07-17T10:21:54Z,9.43,9.675019878,921.9692052,NA,0.515558,16.949,NA,NA,NA
7/17/18,Pilgrim River,NA,2018-07-17T10:36:54Z,9.544,9.646055265,940.5710447,NA,0.515031,17.0925,NA,NA,NA
7/17/18,Pilgrim River,NA,2018-07-17T10:51:54Z,9.553,9.618937819,956.4108559,NA,0.514503,17.228,NA,NA,NA
7/17/18,Pilgrim River,NA,2018-07-17T11:06:54Z,9.533,9.591218697,969.4208184,NA,0.513976,17.367,NA,NA,NA
7/17/18,Pilgrim River,NA,2018-07-17T11:21:54Z,9.604,9.553557218,979.5452281,NA,0.515519,17.557,NA,NA,NA
7/17/18,Pilgrim River,NA,2018-07-17T11:36:54Z,9.594,9.508706899,986.7407356,NA,0.517063,17.785,NA,NA,NA
7/17/18,Pilgrim River,NA,2018-07-17T11:51:54Z,9.592,9.459379499,990.9765322,NA,0.518606,18.038,NA,NA,NA
7/17/18,Pilgrim River,NA,2018-07-17T12:06:54Z,9.5705,9.413112755,992.234481,NA,0.52015,18.278,NA,NA,NA
7/17/18,Pilgrim River,NA,2018-07-17T12:21:54Z,9.562,9.380027467,990.5091957,NA,0.521128,18.45,NA,NA,NA
7/17/18,Pilgrim River,NA,2018-07-17T12:36:54Z,9.5545,9.350381179,985.8080626,NA,0.522105,18.6055,NA,NA,NA
7/17/18,Pilgrim River,NA,2018-07-17T12:51:54Z,9.541,9.313017336,978.1512096,NA,0.523082,18.803,NA,NA,NA
7/17/18,Pilgrim River,NA,2018-07-17T13:06:54Z,9.522,9.276000468,967.57142,NA,0.52406,19,NA,NA,NA
7/17/18,Pilgrim River,NA,2018-07-17T13:21:54Z,9.496,9.236096251,954.1139917,NA,0.521037,19.214,NA,NA,NA
7/17/18,Pilgrim River,NA,2018-07-17T13:36:54Z,9.479,9.203538105,937.8365438,NA,0.518014,19.39,NA,NA,NA
7/17/18,Pilgrim River,NA,2018-07-17T13:51:54Z,9.475,9.168142278,918.8087695,NA,0.514992,19.582,NA,NA,NA
7/17/18,Pilgrim River,NA,2018-07-17T14:06:54Z,9.4155,9.124519086,897.1121381,NA,0.511969,19.821,NA,NA,NA
7/17/18,Pilgrim River,NA,2018-07-17T14:21:54Z,9.38,9.087386165,872.8395457,NA,0.511558,20.026,NA,NA,NA
7/17/18,Pilgrim River,NA,2018-07-17T14:36:54Z,9.295,9.049751728,846.0949178,NA,0.511146,20.235,NA,NA,NA
7/17/18,Pilgrim River,NA,2018-07-17T14:51:54Z,9.228,9.011102757,816.9927642,NA,0.510734,20.452,NA,NA,NA
7/17/18,Pilgrim River,NA,2018-07-17T15:06:54Z,9.226,8.981348078,785.657689,NA,0.510323,20.6195,NA,NA,NA
7/17/18,Pilgrim River,NA,2018-07-17T15:21:54Z,9.196,8.952056461,752.2238565,NA,0.512561,20.786,NA,NA,NA
7/17/18,Pilgrim River,NA,2018-07-17T15:36:54Z,9.1625,8.935885933,716.8344174,NA,0.514799,20.878,NA,NA,NA
7/17/18,Pilgrim River,NA,2018-07-17T15:51:54Z,9.112,8.935873925,679.6408954,NA,0.517037,20.878,NA,NA,NA
7/17/18,Pilgrim River,NA,2018-07-17T16:06:54Z,9.088,8.946819193,640.8025389,NA,0.519275,20.8155,NA,NA,NA
7/17/18,Pilgrim River,NA,2018-07-17T16:21:54Z,9.063,8.969626191,600.4856387,NA,0.519854,20.686,NA,NA,NA
7/17/18,Pilgrim River,NA,2018-07-17T16:36:54Z,8.934,8.988795699,558.8628163,NA,0.520432,20.5775,NA,NA,NA
7/17/18,Pilgrim River,NA,2018-07-17T16:51:54Z,8.893,9.006618492,516.1122847,NA,0.521011,20.477,NA,NA,NA
7/17/18,Pilgrim River,NA,2018-07-17T17:06:54Z,8.827,9.038676771,472.4170853,NA,0.52159,20.297,NA,NA,NA
7/17/18,Pilgrim River,NA,2018-07-17T17:21:54Z,8.773,9.063241237,427.9643044,NA,0.526414,20.16,NA,NA,NA
7/17/18,Pilgrim River,NA,2018-07-17T17:36:54Z,8.7185,9.090397242,382.944272,NA,0.531237,20.009,NA,NA,NA
7/17/18,Pilgrim River,NA,2018-07-17T17:51:54Z,8.674,9.119228072,337.5497469,NA,0.536061,19.85,NA,NA,NA
7/17/18,Pilgrim River,NA,2018-07-17T18:06:54Z,8.619,9.146632651,291.9750914,NA,0.540884,19.6995,NA,NA,NA
7/17/18,Pilgrim River,NA,2018-07-17T18:21:54Z,8.577,9.178788939,246.4154391,NA,0.536794,19.524,NA,NA,NA
7/17/18,Pilgrim River,NA,2018-07-17T18:36:54Z,8.502,9.209651177,201.0658595,NA,0.532704,19.3565,NA,NA,NA
7/17/18,Pilgrim River,NA,2018-07-17T18:51:54Z,8.461,9.240733055,156.1205225,NA,0.528613,19.189,NA,NA,NA
7/17/18,Pilgrim River,NA,2018-07-17T19:06:54Z,8.4215,9.272808753,111.7718675,NA,0.524523,19.017,NA,NA,NA
7/17/18,Pilgrim River,NA,2018-07-17T19:21:54Z,8.374,9.300414265,68.20977898,NA,0.522066,18.87,NA,NA,NA
7/17/18,Pilgrim River,NA,2018-07-17T19:36:54Z,8.332,9.321036546,25.62077385,NA,0.51961,18.7605,NA,NA,NA
7/17/18,Pilgrim River,NA,2018-07-17T19:51:54Z,8.299,9.348057735,0,NA,0.517153,18.618,NA,NA,NA
7/17/18,Pilgrim River,NA,2018-07-17T20:06:54Z,8.263,9.367153181,0,NA,0.514696,18.5175,NA,NA,NA
7/17/18,Pilgrim River,NA,2018-07-17T20:21:54Z,8.198,9.38637087,0,NA,0.516214,18.417,NA,NA,NA
7/17/18,Pilgrim River,NA,2018-07-17T20:36:54Z,8.203,9.406592298,0,NA,0.517731,18.3115,NA,NA,NA
7/17/18,Pilgrim River,NA,2018-07-17T20:51:54Z,8.186,9.423623295,0,NA,0.519249,18.223,NA,NA,NA
7/17/18,Pilgrim River,NA,2018-07-17T21:06:54Z,8.184,9.447193719,0,NA,0.520767,18.101,NA,NA,NA
7/17/18,Pilgrim River,NA,2018-07-17T21:21:54Z,8.181,9.46424791,0,NA,0.518284,18.013,NA,NA,NA
7/17/18,Pilgrim River,NA,2018-07-17T21:36:54Z,8.184,9.488090615,0,NA,0.515802,17.8905,NA,NA,NA
7/17/18,Pilgrim River,NA,2018-07-17T21:51:54Z,8.176,9.516947407,0,NA,0.513319,17.743,NA,NA,NA
7/17/18,Pilgrim River,NA,2018-07-17T22:06:54Z,8.2165,9.535221075,0,NA,0.510837,17.65,NA,NA,NA
7/17/18,Pilgrim River,NA,2018-07-17T22:21:54Z,8.202,9.560075669,0,NA,0.511262,17.524,NA,NA,NA
7/17/18,Pilgrim River,NA,2018-07-17T22:36:54Z,8.2345,9.580993691,0,NA,0.511686,17.4185,NA,NA,NA
7/17/18,Pilgrim River,NA,2018-07-17T22:51:54Z,8.249,9.602166046,0,NA,0.51211,17.312,NA,NA,NA
7/17/18,Pilgrim River,NA,2018-07-17T23:06:54Z,8.247,9.624058396,0,NA,0.512535,17.2025,NA,NA,NA
7/17/18,Pilgrim River,NA,2018-07-17T23:21:54Z,8.273,9.644394291,0,NA,0.512818,17.101,NA,NA,NA
7/17/18,Pilgrim River,NA,2018-07-17T23:36:54Z,8.295,9.669071792,0,NA,0.513101,16.9785,NA,NA,NA
7/17/18,Pilgrim River,NA,2018-07-17T23:51:54Z,8.316,9.692228618,0,NA,0.513384,16.864,NA,NA,NA
8/7/18,Hubbard Brook,NA,NA,NA,NA,NA,NA,NA,NA,NA,NA,NA
8/9/18,Wednesday Hill Brook,NA,2018-08-09T00:15:00Z,8.64,9.191978531,0,0.011598115,0.110307202,19.375,NA,NA,NA
8/9/18,Wednesday Hill Brook,NA,2018-08-09T00:30:00Z,8.64,9.191489466,0,0.011787115,0.110842121,19.38,NA,NA,NA
8/9/18,Wednesday Hill Brook,NA,2018-08-09T00:45:00Z,8.64,9.191978323,0,0.01161994,0.110380663,19.385,NA,NA,NA
8/9/18,Wednesday Hill Brook,NA,2018-08-09T01:00:00Z,8.645,9.194851444,0,0.012236295,0.112043815,19.39,NA,NA,NA
8/9/18,Wednesday Hill Brook,NA,2018-08-09T01:15:00Z,8.645,9.192408198,0,0.01285522,0.113708371,19.395,NA,NA,NA
8/9/18,Wednesday Hill Brook,NA,2018-08-09T01:30:00Z,8.645,9.190941491,0,0.012490165,0.112737717,19.4,NA,NA,NA
8/9/18,Wednesday Hill Brook,NA,2018-08-09T01:45:00Z,8.65,9.195280111,0,0.01213789,0.111804903,19.395,NA,NA,NA
8/9/18,Wednesday Hill Brook,NA,2018-08-09T02:00:00Z,8.65,9.194791416,0,0.012384055,0.112463822,19.39,NA,NA,NA
8/9/18,Wednesday Hill Brook,NA,2018-08-09T02:15:00Z,8.65,9.19381413,0,0.01242713,0.112579894,19.385,NA,NA,NA
8/9/18,Wednesday Hill Brook,NA,2018-08-09T02:30:00Z,8.65,9.19381413,0,0.012456665,0.112657722,19.375,NA,NA,NA
8/9/18,Wednesday Hill Brook,NA,2018-08-09T02:45:00Z,8.655,9.199128191,0,0.01284149,0.113669996,19.365,NA,NA,NA
8/9/18,Wednesday Hill Brook,NA,2018-08-09T03:00:00Z,8.655,9.200594587,0,0.012871155,0.113747909,19.35,NA,NA,NA
8/9/18,Wednesday Hill Brook,NA,2018-08-09T03:15:00Z,8.655,9.199616588,0,0.012720685,0.113357258,19.335,NA,NA,NA
8/9/18,Wednesday Hill Brook,NA,2018-08-09T03:30:00Z,8.66,9.201997662,0,0.01290125,0.113826038,19.325,NA,NA,NA
8/9/18,Wednesday Hill Brook,NA,2018-08-09T03:45:00Z,8.66,9.207871903,0,0.01306694,0.114255847,19.31,NA,NA,NA
8/9/18,Wednesday Hill Brook,NA,2018-08-09T04:00:00Z,8.66,9.212766062,0,0.012871525,0.113748097,19.295,NA,NA,NA
8/9/18,Wednesday Hill Brook,NA,2018-08-09T04:15:00Z,8.66,9.213256259,0,0.01251483,0.112812899,19.28,NA,NA,NA
8/9/18,Wednesday Hill Brook,NA,2018-08-09T04:30:00Z,8.66,9.21668837,0,0.012544555,0.11289084,19.265,NA,NA,NA
8/9/18,Wednesday Hill Brook,NA,2018-08-09T04:45:00Z,8.655,9.21872508,0,0.01197502,0.111315182,19.25,NA,NA,NA
8/9/18,Wednesday Hill Brook,NA,2018-08-09T05:00:00Z,8.66,9.222083528,41.48583998,0.01140348,0.109769054,19.23,NA,NA,NA
8/9/18,Wednesday Hill Brook,NA,2018-08-09T05:15:00Z,8.665,9.223972155,135.3341769,0.011987525,0.111383489,19.21,NA,NA,NA
8/9/18,Wednesday Hill Brook,NA,2018-08-09T05:30:00Z,8.67,9.227327746,240.609991,0.01218216,0.111921637,19.195,NA,NA,NA
8/9/18,Wednesday Hill Brook,NA,2018-08-09T05:45:00Z,8.685,9.233467408,343.2061342,0.01221127,0.111999238,19.185,NA,NA,NA
8/9/18,Wednesday Hill Brook,NA,2018-08-09T06:00:00Z,8.685,9.233958424,449.7773403,0.012239545,0.112076384,19.175,NA,NA,NA
8/9/18,Wednesday Hill Brook,NA,2018-08-09T06:15:00Z,8.685,9.236904465,559.8671699,0.01184285,0.110995957,19.16,NA,NA,NA
8/9/18,Wednesday Hill Brook,NA,2018-08-09T06:30:00Z,8.69,9.237802577,665.9099651,0.01184285,0.110995957,19.145,NA,NA,NA
8/9/18,Wednesday Hill Brook,NA,2018-08-09T06:45:00Z,8.695,9.23722436,767.5453216,0.01181539,0.110919268,19.135,NA,NA,NA
8/9/18,Wednesday Hill Brook,NA,2018-08-09T07:00:00Z,8.7,9.238611127,871.2449442,0.011944085,0.111267206,19.125,NA,NA,NA
8/9/18,Wednesday Hill Brook,NA,2018-08-09T07:15:00Z,8.705,9.238524381,976.5646917,0.011944085,0.111267206,19.12,NA,NA,NA
8/9/18,Wednesday Hill Brook,NA,2018-08-09T07:30:00Z,8.715,9.240801025,1076.146479,0.012089945,0.11165539,19.13,NA,NA,NA
8/9/18,Wednesday Hill Brook,NA,2018-08-09T07:45:00Z,8.72,9.240225063,1169.893473,0.012355485,0.112386515,19.145,NA,NA,NA
8/9/18,Wednesday Hill Brook,NA,2018-08-09T08:00:00Z,8.715,9.237862834,1263.653231,0.012267605,0.112153407,19.155,NA,NA,NA
8/9/18,Wednesday Hill Brook,NA,2018-08-09T08:15:00Z,8.71,9.233054521,1357.024183,0.01182638,0.110925461,19.18,NA,NA,NA
8/9/18,Wednesday Hill Brook,NA,2018-08-09T08:30:00Z,8.71,9.218892631,1443.357352,0.0117684,0.110770385,19.235,NA,NA,NA
8/9/18,Wednesday Hill Brook,NA,2018-08-09T08:45:00Z,8.71,9.203786064,1522.826077,0.01250075,0.112774363,19.305,NA,NA,NA
8/9/18,Wednesday Hill Brook,NA,2018-08-09T09:00:00Z,8.71,9.196980327,1600.255191,0.01230159,0.112233686,19.365,NA,NA,NA
8/9/18,Wednesday Hill Brook,NA,2018-08-09T09:15:00Z,8.705,9.181534216,1675.313067,0.011925465,0.111226124,19.45,NA,NA,NA
8/9/18,Wednesday Hill Brook,NA,2018-08-09T09:30:00Z,8.695,9.158419686,1742.513038,0.01206713,0.111612,19.56,NA,NA,NA
8/9/18,Wednesday Hill Brook,NA,2018-08-09T09:45:00Z,8.675,9.125835018,1802.286802,0.012487975,0.112736531,19.735,NA,NA,NA
8/9/18,Wednesday Hill Brook,NA,2018-08-09T10:00:00Z,8.645,9.090426099,1858.107599,0.012516665,0.112813905,19.935,NA,NA,NA
8/9/18,Wednesday Hill Brook,NA,2018-08-09T10:15:00Z,8.62,9.067480724,1909.73635,0.012516665,0.112813905,20.07,NA,NA,NA
8/9/18,Wednesday Hill Brook,NA,2018-08-09T10:30:00Z,8.6,9.047867729,1953.222677,0.012374405,0.112427694,20.18,NA,NA,NA
8/9/18,Wednesday Hill Brook,NA,2018-08-09T10:45:00Z,8.59,9.032128008,1989.227211,0.012110205,0.111728072,20.275,NA,NA,NA
8/9/18,Wednesday Hill Brook,NA,2018-08-09T11:00:00Z,8.58,9.017338623,2019.634859,0.012238105,0.112075588,20.355,NA,NA,NA
8/9/18,Wednesday Hill Brook,NA,2018-08-09T11:15:00Z,8.565,9.007729211,2044.315385,0.012577465,0.112970503,20.41,NA,NA,NA
8/9/18,Wednesday Hill Brook,NA,2018-08-09T11:30:00Z,8.555,9.006211449,2061.123966,0.013238365,0.11468868,20.42,NA,NA,NA
8/9/18,Wednesday Hill Brook,NA,2018-08-09T11:45:00Z,8.555,9.006211449,2070.905135,0.01304456,0.114181779,20.42,NA,NA,NA
8/9/18,Wednesday Hill Brook,NA,2018-08-09T12:00:00Z,8.555,8.999579866,2073.826988,0.01204788,0.111539882,20.47,NA,NA,NA
8/9/18,Wednesday Hill Brook,NA,2018-08-09T12:15:00Z,8.545,8.98953177,2069.877011,0.011510575,0.110074211,20.52,NA,NA,NA
8/9/18,Wednesday Hill Brook,NA,2018-08-09T12:30:00Z,8.535,8.979957164,2058.862127,0.01173255,0.110688968,20.57,NA,NA,NA
8/9/18,Wednesday Hill Brook,NA,2018-08-09T12:45:00Z,8.525,8.972266816,2041.753211,0.01218216,0.111921637,20.615,NA,NA,NA
8/9/18,Wednesday Hill Brook,NA,2018-08-09T13:00:00Z,8.515,8.965988805,2016.990088,0.012154005,0.111844562,20.65,NA,NA,NA
8/9/18,Wednesday Hill Brook,NA,2018-08-09T13:15:00Z,8.515,8.956564231,1984.678817,0.01155667,0.110192037,20.705,NA,NA,NA
8/9/18,Wednesday Hill Brook,NA,2018-08-09T13:30:00Z,8.51,8.951298856,1946.591234,0.01171299,0.11061677,20.73,NA,NA,NA
8/9/18,Wednesday Hill Brook,NA,2018-08-09T13:45:00Z,8.495,8.955779742,1903.758375,0.012011885,0.111458452,20.69,NA,NA,NA
8/9/18,Wednesday Hill Brook,NA,2018-08-09T14:00:00Z,8.49,8.966577601,1852.998139,0.011855565,0.111033719,20.63,NA,NA,NA
8/9/18,Wednesday Hill Brook,NA,2018-08-09T14:15:00Z,8.485,8.972189625,1794.527928,0.01178642,0.110841736,20.6,NA,NA,NA
8/9/18,Wednesday Hill Brook,NA,2018-08-09T14:30:00Z,8.485,8.975511102,1731.963722,0.011364775,0.109655473,20.585,NA,NA,NA
8/9/18,Wednesday Hill Brook,NA,2018-08-09T14:45:00Z,8.485,8.979311037,1666.326444,0.01104279,0.108739644,20.56,NA,NA,NA
8/9/18,Wednesday Hill Brook,NA,2018-08-09T15:00:00Z,8.48,8.978770738,1593.028958,0.011189275,0.109158773,20.55,NA,NA,NA
8/9/18,Wednesday Hill Brook,NA,2018-08-09T15:15:00Z,8.475,8.979657717,1509.619129,0.0112948,0.109462994,20.55,NA,NA,NA
8/9/18,Wednesday Hill Brook,NA,2018-08-09T15:30:00Z,8.47,8.98102004,1466.564726,0.01121448,0.109234135,20.54,NA,NA,NA
8/9/18,Wednesday Hill Brook,NA,2018-08-09T15:45:00Z,8.47,8.991507431,1381.308071,0.01110851,0.108929652,20.51,NA,NA,NA
8/9/18,Wednesday Hill Brook,NA,2018-08-09T16:00:00Z,8.475,8.989657881,1248.627267,0.010839515,0.108135831,20.5,NA,NA,NA
8/9/18,Wednesday Hill Brook,NA,2018-08-09T16:15:00Z,8.48,8.989716951,1199.145353,0.0111879,0.109157955,20.5,NA,NA,NA
8/9/18,Wednesday Hill Brook,NA,2018-08-09T16:30:00Z,8.48,8.994484514,1103.019487,0.01012092,0.105988314,20.48,NA,NA,NA
8/9/18,Wednesday Hill Brook,NA,2018-08-09T16:45:00Z,8.48,8.999257137,1004.074945,0.00997611,0.105540199,20.43,NA,NA,NA
8/9/18,Wednesday Hill Brook,NA,2018-08-09T17:00:00Z,8.48,9.015044038,854.496257,0.00994071,0.105428675,20.38,NA,NA,NA
8/9/18,Wednesday Hill Brook,NA,2018-08-09T17:15:00Z,8.48,9.018398383,799.435194,0.00983314,0.10509325,20.37,NA,NA,NA
8/9/18,Wednesday Hill Brook,NA,2018-08-09T17:30:00Z,8.48,9.026077701,694.6164532,0.01061718,0.107490481,20.33,NA,NA,NA
8/9/18,Wednesday Hill Brook,NA,2018-08-09T17:45:00Z,8.48,9.028960818,588.7282164,0.01002417,0.105689427,20.29,NA,NA,NA
8/9/18,Wednesday Hill Brook,NA,2018-08-09T18:00:00Z,8.49,9.042018119,432.4471354,0.00986877,0.10520492,20.22,NA,NA,NA
8/9/18,Wednesday Hill Brook,NA,2018-08-09T18:15:00Z,8.49,9.047314578,375.5599627,0.0099044,0.10531659,20.2,NA,NA,NA
8/9/18,Wednesday Hill Brook,NA,2018-08-09T18:30:00Z,8.5,9.05700586,269.192942,0.01036641,0.106737752,20.13,NA,NA,NA
8/9/18,Wednesday Hill Brook,NA,2018-08-09T18:45:00Z,8.51,9.068627451,163.5785073,0.01049113,0.107113708,20.07,NA,NA,NA
8/9/18,Wednesday Hill Brook,NA,2018-08-09T19:00:00Z,8.525,9.084616028,33.0415757,0.00998842,0.105577695,19.98,NA,NA,NA
8/9/18,Wednesday Hill Brook,NA,2018-08-09T19:15:00Z,8.53,9.093816631,0,0.01007244,0.1058388,19.95,NA,NA,NA
8/9/18,Wednesday Hill Brook,NA,2018-08-09T19:30:00Z,8.54,9.096719216,0,0.0095066,0.104054945,19.89,NA,NA,NA
8/9/18,Wednesday Hill Brook,NA,2018-08-09T19:45:00Z,8.55,9.109311741,0,0.00957575,0.1042769,19.83,NA,NA,NA
8/9/18,Wednesday Hill Brook,NA,2018-08-09T20:00:00Z,8.56,9.125797097,0,0.009774165,0.104907404,19.755,NA,NA,NA
8/9/18,Wednesday Hill Brook,NA,2018-08-09T20:15:00Z,8.57,9.13353938,0,0.00980949,0.105018874,19.73,NA,NA,NA
8/9/18,Wednesday Hill Brook,NA,2018-08-09T20:30:00Z,8.59,9.144134554,0,0.0099044,0.10531659,19.67,NA,NA,NA
8/9/18,Wednesday Hill Brook,NA,2018-08-09T20:45:00Z,8.58,9.148096812,0,0.01004828,0.1057641,19.61,NA,NA,NA
8/9/18,Wednesday Hill Brook,NA,2018-08-09T21:00:00Z,8.6,9.16893248,0,0.00959005,0.1043157,19.53,NA,NA,NA
8/9/18,Wednesday Hill Brook,NA,2018-08-09T21:15:00Z,8.6,9.170398806,0,0.00934696,0.10353815,19.5,NA,NA,NA
8/9/18,Wednesday Hill Brook,NA,2018-08-09T21:30:00Z,8.62,9.177046737,0,0.01014523,0.106063097,19.45,NA,NA,NA
8/9/18,Wednesday Hill Brook,NA,2018-08-09T21:45:00Z,8.62,9.187806438,0,0.0105666,0.107339675,19.4,NA,NA,NA
8/9/18,Wednesday Hill Brook,NA,2018-08-09T22:00:00Z,8.65,9.205553166,0,0.010097065,0.105913794,19.315,NA,NA,NA
8/9/18,Wednesday Hill Brook,NA,2018-08-09T22:15:00Z,8.66,9.207868155,0,0.01019402,0.106212805,19.29,NA,NA,NA
8/9/18,Wednesday Hill Brook,NA,2018-08-09T22:30:00Z,8.66,9.218650202,0,0.01059186,0.107415052,19.23,NA,NA,NA
8/9/18,Wednesday Hill Brook,NA,2018-08-09T22:45:00Z,8.68,9.234042553,0,0.01000011,0.105614783,19.17,NA,NA,NA
8/9/18,Wednesday Hill Brook,NA,2018-08-09T23:00:00Z,8.685,9.242803481,0,0.010256085,0.106400599,19.095,NA,NA,NA
8/9/18,Wednesday Hill Brook,NA,2018-08-09T23:15:00Z,8.69,9.248616433,0,0.01012092,0.105988314,19.07,NA,NA,NA
8/9/18,Wednesday Hill Brook,NA,2018-08-09T23:30:00Z,8.7,9.259259259,0,0.0099044,0.10531659,19.02,NA,NA,NA
8/9/18,Wednesday Hill Brook,NA,2018-08-09T23:45:00Z,8.72,9.275608978,0,0.01092519,0.108398041,18.96,NA,NA,NA
8/10/18,Dowst Cate Forest,NA,2018-08-10T00:15:00Z,7.785,8.42350063,0,0.363774675,0.30380751,23.665,NA,NA,NA
8/10/18,Dowst Cate Forest,NA,2018-08-10T00:30:00Z,7.795,8.430671948,0,0.36412349,0.303893989,23.595,NA,NA,NA
8/10/18,Dowst Cate Forest,NA,2018-08-10T00:45:00Z,7.805,8.440119268,0,0.357266945,0.302205185,23.525,NA,NA,NA
8/10/18,Dowst Cate Forest,NA,2018-08-10T01:00:00Z,7.815,8.45138964,0,0.351416015,0.300738603,23.46,NA,NA,NA
8/10/18,Dowst Cate Forest,NA,2018-08-10T01:15:00Z,7.825,8.464952885,0,0.3452831,0.299188595,23.395,NA,NA,NA
8/10/18,Dowst Cate Forest,NA,2018-08-10T01:30:00Z,7.83,8.474484773,0,0.338446895,0.297430186,23.33,NA,NA,NA
8/10/18,Dowst Cate Forest,NA,2018-08-10T01:45:00Z,7.835,8.481732388,0,0.33446051,0.296401584,23.27,NA,NA,NA
8/10/18,Dowst Cate Forest,NA,2018-08-10T02:00:00Z,7.845,8.49209737,0,0.330728155,0.29542,23.215,NA,NA,NA
8/10/18,Dowst Cate Forest,NA,2018-08-10T02:15:00Z,7.855,8.499701588,0,0.32204984,0.293119492,23.16,NA,NA,NA
8/10/18,Dowst Cate Forest,NA,2018-08-10T02:30:00Z,7.865,8.507300758,0,0.31760347,0.291929213,23.105,NA,NA,NA
8/10/18,Dowst Cate Forest,NA,2018-08-10T02:45:00Z,7.88,8.521220422,0,0.323993505,0.293631453,23.055,NA,NA,NA
8/10/18,Dowst Cate Forest,NA,2018-08-10T03:00:00Z,7.89,8.53295904,0,0.322275535,0.293165252,23.005,NA,NA,NA
8/10/18,Dowst Cate Forest,NA,2018-08-10T03:15:00Z,7.895,8.538826831,0,0.31401055,0.29095439,22.955,NA,NA,NA
8/10/18,Dowst Cate Forest,NA,2018-08-10T03:30:00Z,7.9,8.548400052,0,0.31215472,0.290446714,22.905,NA,NA,NA
8/10/18,Dowst Cate Forest,NA,2018-08-10T03:45:00Z,7.905,8.556120053,0,0.30424877,0.288253612,22.86,NA,NA,NA
8/10/18,Dowst Cate Forest,NA,2018-08-10T04:00:00Z,7.91,8.559680089,0,0.299841785,0.287030632,22.82,NA,NA,NA
8/10/18,Dowst Cate Forest,NA,2018-08-10T04:15:00Z,7.915,8.566944475,0,0.30558445,0.288631538,22.775,NA,NA,NA
8/10/18,Dowst Cate Forest,NA,2018-08-10T04:30:00Z,7.925,8.578232715,0,0.297665495,0.286368969,22.725,NA,NA,NA
8/10/18,Dowst Cate Forest,NA,2018-08-10T04:45:00Z,7.935,8.583482511,0,0.28407867,0.282509392,22.68,NA,NA,NA
8/10/18,Dowst Cate Forest,NA,2018-08-10T05:00:00Z,7.95,8.591341523,37.87998743,0.28236849,0.282009195,22.635,NA,NA,NA
8/10/18,Dowst Cate Forest,NA,2018-08-10T05:15:00Z,7.965,8.603369293,128.1959604,0.278443215,0.280845557,22.585,NA,NA,NA
8/10/18,Dowst Cate Forest,NA,2018-08-10T05:30:00Z,7.97,8.606911447,233.6173631,0.276610485,0.280304743,22.54,NA,NA,NA
8/10/18,Dowst Cate Forest,NA,2018-08-10T05:45:00Z,7.975,8.611845746,336.3513712,0.28025221,0.281385093,22.5,NA,NA,NA
8/10/18,Dowst Cate Forest,NA,2018-08-10T06:00:00Z,7.98,8.620505012,443.0613701,0.276374405,0.280224024,22.465,NA,NA,NA
8/10/18,Dowst Cate Forest,NA,2018-08-10T06:15:00Z,7.985,8.627301855,553.2903194,0.269714895,0.278232989,22.43,NA,NA,NA
8/10/18,Dowst Cate Forest,NA,2018-08-10T06:30:00Z,7.99,8.632238951,659.4627101,0.262629195,0.276049306,22.395,NA,NA,NA
8/10/18,Dowst Cate Forest,NA,2018-08-10T06:45:00Z,7.99,8.634570728,761.2182626,0.25820982,0.274689222,22.37,NA,NA,NA
8/10/18,Dowst Cate Forest,NA,2018-08-10T07:00:00Z,7.995,8.640440938,865.03604,0.257038935,0.274320234,22.345,NA,NA,NA
8/10/18,Dowst Cate Forest,NA,2018-08-10T07:15:00Z,8,8.644443471,970.4713885,0.249700545,0.271987781,22.32,NA,NA,NA
8/10/18,Dowst Cate Forest,NA,2018-08-10T07:30:00Z,8.005,8.646575171,1070.157842,0.25244707,0.272849578,22.3,NA,NA,NA
8/10/18,Dowst Cate Forest,NA,2018-08-10T07:45:00Z,8.01,8.65104233,1163.999072,0.255107935,0.27370643,22.285,NA,NA,NA
8/10/18,Dowst Cate Forest,NA,2018-08-10T08:00:00Z,8.015,8.654104902,1257.848193,0.252750675,0.272967569,22.275,NA,NA,NA
8/10/18,Dowst Cate Forest,NA,2018-08-10T08:15:00Z,8.02,8.653898661,1351.303246,0.25211266,0.272763296,22.27,NA,NA,NA
8/10/18,Dowst Cate Forest,NA,2018-08-10T08:30:00Z,8.025,8.654623063,1437.708922,0.247006045,0.271128972,22.27,NA,NA,NA
8/10/18,Dowst Cate Forest,NA,2018-08-10T08:45:00Z,8.025,8.652291105,1517.239409,0.244983195,0.270476393,22.28,NA,NA,NA
8/10/18,Dowst Cate Forest,NA,2018-08-10T09:00:00Z,8.025,8.647163251,1594.722912,0.24249673,0.269663154,22.29,NA,NA,NA
8/10/18,Dowst Cate Forest,NA,2018-08-10T09:15:00Z,8.03,8.646029835,1669.827566,0.24337821,0.26994845,22.295,NA,NA,NA
8/10/18,Dowst Cate Forest,NA,2018-08-10T09:30:00Z,8.03,8.643237941,1737.062859,0.246241455,0.270883902,22.315,NA,NA,NA
8/10/18,Dowst Cate Forest,NA,2018-08-10T09:45:00Z,8.03,8.640912615,1796.861624,0.24115529,0.26921743,22.345,NA,NA,NA
8/10/18,Dowst Cate Forest,NA,2018-08-10T10:00:00Z,8.03,8.636267462,1852.698054,0.23657755,0.267714266,22.38,NA,NA,NA
8/10/18,Dowst Cate Forest,NA,2018-08-10T10:15:00Z,8.03,8.62930647,1904.332999,0.2356065,0.26739038,22.425,NA,NA,NA
8/10/18,Dowst Cate Forest,NA,2018-08-10T10:30:00Z,8.03,8.62143259,1947.81499,0.231530485,0.26601698,22.48,NA,NA,NA
8/10/18,Dowst Cate Forest,NA,2018-08-10T10:45:00Z,8.03,8.606657194,1983.806002,0.227714695,0.264725622,22.555,NA,NA,NA
8/10/18,Dowst Cate Forest,NA,2018-08-10T11:00:00Z,8.025,8.589778977,2014.189408,0.22842505,0.264967437,22.65,NA,NA,NA
8/10/18,Dowst Cate Forest,NA,2018-08-10T11:15:00Z,8.015,8.575862869,2038.835073,0.2250599,0.263802915,22.75,NA,NA,NA
8/10/18,Dowst Cate Forest,NA,2018-08-10T11:30:00Z,8.005,8.558756507,2055.599913,0.21914159,0.261754964,22.85,NA,NA,NA
8/10/18,Dowst Cate Forest,NA,2018-08-10T11:45:00Z,8,8.541994694,2065.329925,0.217548065,0.261194744,22.945,NA,NA,NA
8/10/18,Dowst Cate Forest,NA,2018-08-10T12:00:00Z,7.995,8.527547226,2068.189284,0.215858265,0.260595635,23.04,NA,NA,NA
8/10/18,Dowst Cate Forest,NA,2018-08-10T12:15:00Z,7.98,8.508823965,2064.165742,0.215971425,0.260635609,23.145,NA,NA,NA
8/10/18,Dowst Cate Forest,NA,2018-08-10T12:30:00Z,7.965,8.492376586,2053.070679,0.217547865,0.261194733,23.25,NA,NA,NA
8/10/18,Dowst Cate Forest,NA,2018-08-10T12:45:00Z,7.955,8.476749601,2035.876449,0.2150817,0.260316827,23.365,NA,NA,NA
8/10/18,Dowst Cate Forest,NA,2018-08-10T13:00:00Z,7.94,8.4535568,2011.016836,0.21783069,0.261278298,23.495,NA,NA,NA
8/10/18,Dowst Cate Forest,NA,2018-08-10T13:15:00Z,7.92,8.429567936,1978.598316,0.215521795,0.26044324,23.625,NA,NA,NA
8/10/18,Dowst Cate Forest,NA,2018-08-10T13:30:00Z,7.9,8.407386319,1940.39959,0.20821165,0.257847945,23.75,NA,NA,NA
8/10/18,Dowst Cate Forest,NA,2018-08-10T13:45:00Z,7.89,8.391833899,1897.453091,0.21007738,0.258523723,23.86,NA,NA,NA
8/10/18,Dowst Cate Forest,NA,2018-08-10T14:00:00Z,7.885,8.378052588,1846.568971,0.210624635,0.258722384,23.965,NA,NA,NA
8/10/18,Dowst Cate Forest,NA,2018-08-10T14:15:00Z,7.87,8.361662953,1787.965167,0.20585402,0.256977183,24.065,NA,NA,NA
8/10/18,Dowst Cate Forest,NA,2018-08-10T14:30:00Z,7.85,8.344405518,1725.266468,0.203679765,0.256183519,24.155,NA,NA,NA
8/10/18,Dowst Cate Forest,NA,2018-08-10T14:45:00Z,7.84,8.331563015,1659.495011,0.205177135,0.256737442,24.24,NA,NA,NA
8/10/18,Dowst Cate Forest,NA,2018-08-10T15:00:00Z,7.835,8.323595028,1586.054741,0.19939735,0.2545683,24.315,NA,NA,NA
8/10/18,Dowst Cate Forest,NA,2018-08-10T15:15:00Z,7.825,8.31032539,1505.260204,0.195689305,0.253185886,24.39,NA,NA,NA
8/10/18,Dowst Cate Forest,NA,2018-08-10T15:30:00Z,7.815,8.298820527,1422.335201,0.19849055,0.254248277,24.46,NA,NA,NA
8/10/18,Dowst Cate Forest,NA,2018-08-10T15:45:00Z,7.805,8.293485586,1338.221903,0.196321725,0.253422656,24.505,NA,NA,NA
8/10/18,Dowst Cate Forest,NA,2018-08-10T16:00:00Z,7.795,8.287703366,1247.231326,0.189297995,0.250717084,24.545,NA,NA,NA
8/10/18,Dowst Cate Forest,NA,2018-08-10T16:15:00Z,7.78,8.27615271,1149.753185,0.18627095,0.249542603,24.59,NA,NA,NA
8/10/18,Dowst Cate Forest,NA,2018-08-10T16:30:00Z,7.77,8.270797328,1052.254226,0.189676595,0.250871913,24.62,NA,NA,NA
8/10/18,Dowst Cate Forest,NA,2018-08-10T16:45:00Z,7.77,8.270797328,955.5324367,0.189776165,0.250910969,24.645,NA,NA,NA
8/10/18,Dowst Cate Forest,NA,2018-08-10T17:00:00Z,7.765,8.265473649,853.1936741,0.18696383,0.249815697,24.67,NA,NA,NA
8/10/18,Dowst Cate Forest,NA,2018-08-10T17:15:00Z,7.755,8.260104611,745.6762594,0.18557816,0.249269517,24.68,NA,NA,NA
8/10/18,Dowst Cate Forest,NA,2018-08-10T17:30:00Z,7.755,8.26098452,640.2490988,0.18677462,0.249738294,24.675,NA,NA,NA
8/10/18,Dowst Cate Forest,NA,2018-08-10T17:45:00Z,7.76,8.264991041,537.5115995,0.18540666,0.24919339,24.66,NA,NA,NA
8/10/18,Dowst Cate Forest,NA,2018-08-10T18:00:00Z,7.76,8.27027838,430.8003026,0.18234255,0.247984297,24.635,NA,NA,NA
8/10/18,Dowst Cate Forest,NA,2018-08-10T18:15:00Z,7.76,8.276009384,320.5722575,0.183122085,0.248295516,24.595,NA,NA,NA
8/10/18,Dowst Cate Forest,NA,2018-08-10T18:30:00Z,7.765,8.282666667,214.4030638,0.180428605,0.247208798,24.545,NA,NA,NA
8/10/18,Dowst Cate Forest,NA,2018-08-10T18:45:00Z,7.775,8.294218713,112.6526923,0.17288644,0.244115324,24.485,NA,NA,NA
8/10/18,Dowst Cate Forest,NA,2018-08-10T19:00:00Z,7.785,8.30488538,31.90250531,0.170539715,0.243149346,24.42,NA,NA,NA
8/10/18,Dowst Cate Forest,NA,2018-08-10T19:15:00Z,7.795,8.315998293,0,0.172096015,0.243803232,24.355,NA,NA,NA
8/10/18,Dowst Cate Forest,NA,2018-08-10T19:30:00Z,7.8,8.32710817,0,0.173121885,0.244227761,24.285,NA,NA,NA
8/10/18,Dowst Cate Forest,NA,2018-08-10T19:45:00Z,7.805,8.33778509,0,0.172845455,0.244112233,24.205,NA,NA,NA
8/10/18,Dowst Cate Forest,NA,2018-08-10T20:00:00Z,7.81,8.348925864,0,0.171356725,0.243494995,24.12,NA,NA,NA
8/10/18,Dowst Cate Forest,NA,2018-08-10T20:15:00Z,7.825,8.364951505,0,0.172095585,0.243803199,24.035,NA,NA,NA
8/10/18,Dowst Cate Forest,NA,2018-08-10T20:30:00Z,7.84,8.380099208,0,0.17172684,0.243649149,23.94,NA,NA,NA
8/10/18,Dowst Cate Forest,NA,2018-08-10T20:45:00Z,7.845,8.393970597,0,0.17007209,0.242956273,23.845,NA,NA,NA
8/10/18,Dowst Cate Forest,NA,2018-08-10T21:00:00Z,7.855,8.410064909,0,0.16717099,0.241727611,23.75,NA,NA,NA
8/10/18,Dowst Cate Forest,NA,2018-08-10T21:15:00Z,7.865,8.425285042,0,0.16202392,0.239509314,23.65,NA,NA,NA
8/10/18,Dowst Cate Forest,NA,2018-08-10T21:30:00Z,7.88,8.442704116,0,0.161312055,0.239203184,23.545,NA,NA,NA
8/10/18,Dowst Cate Forest,NA,2018-08-10T21:45:00Z,7.895,8.460141013,0,0.162704185,0.239812948,23.44,NA,NA,NA
8/10/18,Dowst Cate Forest,NA,2018-08-10T22:00:00Z,7.905,8.478124839,0,0.16068699,0.238935143,23.34,NA,NA,NA
8/10/18,Dowst Cate Forest,NA,2018-08-10T22:15:00Z,7.915,8.494313627,0,0.162189145,0.239584838,23.24,NA,NA,NA
8/10/18,Dowst Cate Forest,NA,2018-08-10T22:30:00Z,7.93,8.511322333,0,0.1624498,0.239699139,23.14,NA,NA,NA
8/10/18,Dowst Cate Forest,NA,2018-08-10T22:45:00Z,7.95,8.530957204,0,0.161386985,0.239240339,23.04,NA,NA,NA
8/10/18,Dowst Cate Forest,NA,2018-08-10T23:00:00Z,7.96,8.544441249,0,0.16017684,0.238707431,22.94,NA,NA,NA
8/10/18,Dowst Cate Forest,NA,2018-08-10T23:15:00Z,7.97,8.560690135,0,0.15895186,0.238173341,22.845,NA,NA,NA
8/10/18,Dowst Cate Forest,NA,2018-08-10T23:30:00Z,7.985,8.580948815,0,0.158866025,0.238135323,22.75,NA,NA,NA
8/10/18,Dowst Cate Forest,NA,2018-08-10T23:45:00Z,8,8.595215724,0,0.156463785,0.237070957,22.655,NA,NA,NA
8/15/18,Hop Brook,upstream,2018-08-15T00:07:00Z,8.85,9.122175887,0,NA,0.270633333,18.575,0.16,NA,NA
8/15/18,Hop Brook,upstream,2018-08-15T00:22:00Z,8.86,9.126528978,0,NA,0.270633333,18.548,0.14,NA,NA
8/15/18,Hop Brook,upstream,2018-08-15T00:37:00Z,8.86,9.129744762,0,NA,0.270633333,18.521,0.15,NA,NA
8/15/18,Hop Brook,upstream,2018-08-15T00:52:00Z,8.86,9.132805434,0,NA,0.270633333,18.495,0.16,NA,NA
8/15/18,Hop Brook,upstream,2018-08-15T01:07:00Z,8.87,9.137838926,0,NA,0.270633333,18.471,0.16,NA,NA
8/15/18,Hop Brook,upstream,2018-08-15T01:22:00Z,8.88,9.141408484,0,NA,0.270633333,18.449,0.16,NA,NA
8/15/18,Hop Brook,upstream,2018-08-15T01:37:00Z,8.89,9.144162228,0,NA,0.270633333,18.425,0.15,NA,NA
8/15/18,Hop Brook,upstream,2018-08-15T01:52:00Z,8.89,9.147904741,0,NA,0.270633333,18.402,0.13,NA,NA
8/15/18,Hop Brook,upstream,2018-08-15T02:07:00Z,8.9,9.151326577,0,NA,0.270633333,18.381,0.19,NA,NA
8/15/18,Hop Brook,upstream,2018-08-15T02:22:00Z,8.9,9.154371447,0,NA,0.270633333,18.36,0.15,NA,NA
8/15/18,Hop Brook,upstream,2018-08-15T02:37:00Z,8.9,9.157064697,0,NA,0.270633333,18.34,0.15,NA,NA
8/15/18,Hop Brook,upstream,2018-08-15T02:52:00Z,8.9,9.161128328,0,NA,0.270633333,18.321,0.16,NA,NA
8/15/18,Hop Brook,upstream,2018-08-15T03:07:00Z,8.9,9.163584002,0,NA,0.270633333,18.299,0.15,NA,NA
8/15/18,Hop Brook,upstream,2018-08-15T03:22:00Z,8.91,9.167520278,0,NA,0.270633333,18.275,0.14,NA,NA
8/15/18,Hop Brook,upstream,2018-08-15T03:37:00Z,8.91,9.169657996,0,NA,0.270633333,18.248,0.17,NA,NA
8/15/18,Hop Brook,upstream,2018-08-15T03:52:00Z,8.93,9.175085423,0,NA,0.270633333,18.222,0.15,NA,NA
8/15/18,Hop Brook,upstream,2018-08-15T04:07:00Z,8.92,9.177072485,0,NA,0.270633333,18.196,0.17,NA,NA
8/15/18,Hop Brook,upstream,2018-08-15T04:22:00Z,8.93,9.182346826,0,NA,0.270633333,18.171,0.17,NA,NA
8/15/18,Hop Brook,upstream,2018-08-15T04:37:00Z,8.94,9.184835097,0,NA,0.270633333,18.149,0.17,NA,NA
8/15/18,Hop Brook,upstream,2018-08-15T04:52:00Z,8.94,9.189294037,0,NA,0.270633333,18.129,0.28,NA,NA
8/15/18,Hop Brook,upstream,2018-08-15T05:07:00Z,8.95,9.196546882,0,NA,0.270633333,18.113,0.85,NA,NA
8/15/18,Hop Brook,upstream,2018-08-15T05:22:00Z,8.94,9.199024191,86.01677324,NA,0.270633333,18.105,1.62,NA,NA
8/15/18,Hop Brook,upstream,2018-08-15T05:37:00Z,8.95,9.203612198,193.5088022,NA,0.270633333,18.097,2.71,NA,NA
8/15/18,Hop Brook,upstream,2018-08-15T05:52:00Z,8.96,9.206283392,301.8474947,NA,0.270633333,18.089,4.35,NA,NA
8/15/18,Hop Brook,upstream,2018-08-15T06:07:00Z,8.96,9.207293883,410.5688027,NA,0.270633333,18.076,6.95,NA,NA
8/15/18,Hop Brook,upstream,2018-08-15T06:22:00Z,8.99,9.210261515,519.2070387,NA,0.270633333,18.072,9.91,NA,NA
8/15/18,Hop Brook,upstream,2018-08-15T06:37:00Z,8.98,9.211794908,627.2968712,NA,0.270633333,18.072,23.46,NA,NA
8/15/18,Hop Brook,upstream,2018-08-15T06:52:00Z,8.99,9.210412942,734.3753175,NA,0.270633333,18.078,26.35,NA,NA
8/15/18,Hop Brook,upstream,2018-08-15T07:07:00Z,8.99,9.212049912,839.9837267,NA,0.270633333,18.082,21.22,NA,NA
8/15/18,Hop Brook,upstream,2018-08-15T07:22:00Z,8.99,9.210553693,943.6697444,NA,0.270633333,18.091,15.71,NA,NA
8/15/18,Hop Brook,upstream,2018-08-15T07:37:00Z,9.01,9.205395544,1044.98925,NA,0.270633333,18.129,43.41,NA,NA
8/15/18,Hop Brook,upstream,2018-08-15T07:52:00Z,9.01,9.205550626,1143.50826,NA,0.270633333,18.135,91.37,NA,NA
8/15/18,Hop Brook,upstream,2018-08-15T08:07:00Z,9.03,9.194356003,1238.804786,NA,0.270633333,18.205,603.32,NA,NA
8/15/18,Hop Brook,upstream,2018-08-15T08:22:00Z,9.01,9.183264242,1330.470641,NA,0.270633333,18.284,67.72,NA,NA
8/15/18,Hop Brook,upstream,2018-08-15T08:37:00Z,9.01,9.185232305,1418.113191,NA,0.270633333,18.279,41.32,NA,NA
8/15/18,Hop Brook,upstream,2018-08-15T08:52:00Z,9.015306631,9.178363455,1501.357033,NA,0.270633333,18.32488687,32.21,NA,NA
8/15/18,Hop Brook,upstream,2018-08-15T09:07:00Z,9.015064532,9.172832381,1579.845608,NA,0.270633333,18.36270996,57.09,NA,NA
8/15/18,Hop Brook,upstream,2018-08-15T09:22:00Z,9.013919091,9.166147801,1653.242723,NA,0.270633333,18.40632434,46.93,NA,NA
8/15/18,Hop Brook,upstream,2018-08-15T09:37:00Z,9.011159223,9.157827934,1721.233992,NA,0.270633333,18.45898196,33.98,NA,NA
8/15/18,Hop Brook,upstream,2018-08-15T09:52:00Z,9.006073846,9.147391,1783.528187,NA,0.270633333,18.52393479,179.99,NA,NA
8/15/18,Hop Brook,upstream,2018-08-15T10:07:00Z,8.997951876,9.135167481,1839.85848,NA,0.270633333,18.608,71.22,NA,NA
8/15/18,Hop Brook,upstream,2018-08-15T10:22:00Z,8.99,9.118238814,1889.983589,NA,0.270633333,18.681,66.40614085,NA,NA
8/15/18,Hop Brook,upstream,2018-08-15T10:37:00Z,8.97,9.099240803,1933.688811,NA,0.270633333,18.84,45.15,NA,NA
8/15/18,Hop Brook,upstream,2018-08-15T10:52:00Z,8.95,9.079140788,1970.786941,NA,0.270633333,18.96,174.72,NA,NA
8/15/18,Hop Brook,upstream,2018-08-15T11:07:00Z,8.93,9.056580237,2001.119074,NA,0.270633333,19.104,60.86,NA,NA
8/15/18,Hop Brook,upstream,2018-08-15T11:22:00Z,8.9,9.026341541,2024.555287,NA,0.270633333,19.277,36.02,NA,NA
8/15/18,Hop Brook,upstream,2018-08-15T11:37:00Z,8.87,9.00439129,2040.995192,NA,0.270633333,19.42,51.22,NA,NA
8/15/18,Hop Brook,upstream,2018-08-15T11:52:00Z,8.85,8.994669213,2050.368372,NA,0.270633333,19.485,45.08,NA,NA
8/15/18,Hop Brook,upstream,2018-08-15T12:07:00Z,8.83,8.962594715,2052.634676,NA,0.270633333,19.701,50.63,NA,NA
8/15/18,Hop Brook,upstream,2018-08-15T12:22:00Z,8.81,8.949056586,2047.784396,NA,0.270633333,19.794,49.12,NA,NA
8/15/18,Hop Brook,upstream,2018-08-15T12:37:00Z,8.79,8.924919882,2035.838305,NA,0.270633333,19.949,50.2,NA,NA
8/15/18,Hop Brook,upstream,2018-08-15T12:52:00Z,8.76,8.911128405,2016.84757,NA,0.270633333,20.035,27.58,NA,NA
8/15/18,Hop Brook,upstream,2018-08-15T13:07:00Z,8.74,8.896447722,1990.893535,NA,0.270633333,20.143,59.79,NA,NA
8/15/18,Hop Brook,upstream,2018-08-15T13:22:00Z,8.72,8.881330809,1958.087366,NA,0.270633333,20.247,68.12,NA,NA
8/15/18,Hop Brook,upstream,2018-08-15T13:37:00Z,8.7,8.881185948,1918.569584,NA,0.270633333,20.248,36.34,NA,NA
8/15/18,Hop Brook,upstream,2018-08-15T13:52:00Z,8.69,8.859562884,1872.509452,NA,0.270633333,20.398,1156.23,NA,NA
8/15/18,Hop Brook,upstream,2018-08-15T14:07:00Z,8.66,8.845834286,1820.104262,NA,0.270633333,20.494,1099.59,NA,NA
8/15/18,Hop Brook,upstream,2018-08-15T14:22:00Z,8.65,8.83562264,1761.578481,NA,0.270633333,20.55,834.03,NA,NA
8/15/18,Hop Brook,upstream,2018-08-15T14:37:00Z,8.63,8.822887417,1697.182792,NA,0.270633333,20.632,47.81,NA,NA
8/15/18,Hop Brook,upstream,2018-08-15T14:52:00Z,8.6,8.813303425,1627.193022,NA,0.270633333,20.7,39.34,NA,NA
8/15/18,Hop Brook,upstream,2018-08-15T15:07:00Z,8.59,8.804041905,1551.908961,NA,0.270633333,20.766,53.72,NA,NA
8/15/18,Hop Brook,upstream,2018-08-15T15:22:00Z,8.58,8.799287755,1471.653073,NA,0.270633333,20.808,106.25,NA,NA
8/15/18,Hop Brook,upstream,2018-08-15T15:37:00Z,8.56,8.795381135,1386.769121,NA,0.270633333,20.836,35.88,NA,NA
8/15/18,Hop Brook,upstream,2018-08-15T15:52:00Z,8.55,8.79175996,1297.62069,NA,0.270633333,20.862,47.48,NA,NA
8/15/18,Hop Brook,upstream,2018-08-15T16:07:00Z,8.54,8.785777121,1204.589631,NA,0.270633333,20.897,38.03,NA,NA
8/15/18,Hop Brook,upstream,2018-08-15T16:22:00Z,8.53,8.782863713,1108.074428,NA,0.270633333,20.918,24.96,NA,NA
8/15/18,Hop Brook,upstream,2018-08-15T16:37:00Z,8.52,8.780231223,1008.488486,NA,0.270633333,20.937,20.89,NA,NA
8/15/18,Hop Brook,upstream,2018-08-15T16:52:00Z,8.51,8.780518039,906.2583655,NA,0.270633333,20.943,18.42,NA,NA
8/15/18,Hop Brook,upstream,2018-08-15T17:07:00Z,8.5,8.78330677,801.8219517,NA,0.270633333,20.939,15.84,NA,NA
8/15/18,Hop Brook,upstream,2018-08-15T17:22:00Z,8.49,8.783733051,695.6265808,NA,0.270633333,20.944,12.63,NA,NA
8/15/18,Hop Brook,upstream,2018-08-15T17:37:00Z,8.49,8.786459663,588.1271233,NA,0.270633333,20.927,9.65,NA,NA
8/15/18,Hop Brook,upstream,2018-08-15T17:52:00Z,8.5,8.790118205,479.7840357,NA,0.270633333,20.906,8.45,NA,NA
8/15/18,Hop Brook,upstream,2018-08-15T18:07:00Z,8.49,8.794760053,371.0613881,NA,0.270633333,20.886,5.38,NA,NA
8/15/18,Hop Brook,upstream,2018-08-15T18:22:00Z,8.49,8.800429721,262.4248766,NA,0.270633333,20.864,4.4,NA,NA
8/15/18,Hop Brook,upstream,2018-08-15T18:37:00Z,8.5,8.808803263,154.3398285,NA,0.270633333,20.828,2.45,NA,NA
8/15/18,Hop Brook,upstream,2018-08-15T18:52:00Z,8.49,8.818031654,47.26920933,NA,0.270633333,20.782,0.82,NA,NA
8/15/18,Hop Brook,upstream,2018-08-15T19:07:00Z,8.5,8.826677855,0,NA,0.270633333,20.731,0.33,NA,NA
8/15/18,Hop Brook,upstream,2018-08-15T19:22:00Z,8.51,8.835444437,0,NA,0.270633333,20.678,0.16,NA,NA
8/15/18,Hop Brook,upstream,2018-08-15T19:37:00Z,8.52,8.844334204,0,NA,0.270633333,20.623,0.16,NA,NA
8/15/18,Hop Brook,upstream,2018-08-15T19:52:00Z,8.53,8.854659485,0,NA,0.270633333,20.566,0.14,NA,NA
8/15/18,Hop Brook,upstream,2018-08-15T20:07:00Z,8.54,8.866137912,0,NA,0.270633333,20.509,0.18,NA,NA
8/15/18,Hop Brook,upstream,2018-08-15T20:22:00Z,8.55,8.875406358,0,NA,0.270633333,20.452,0.15,NA,NA
8/15/18,Hop Brook,upstream,2018-08-15T20:37:00Z,8.56,8.884560324,0,NA,0.270633333,20.396,0.35,NA,NA
8/15/18,Hop Brook,upstream,2018-08-15T20:52:00Z,8.57,8.893602791,0,NA,0.270633333,20.341,0.16,NA,NA
8/15/18,Hop Brook,upstream,2018-08-15T21:07:00Z,8.58,8.901838999,0,NA,0.270633333,20.284,0.16,NA,NA
8/15/18,Hop Brook,upstream,2018-08-15T21:22:00Z,8.6,8.911708836,0,NA,0.270633333,20.225,0.15,NA,NA
8/15/18,Hop Brook,upstream,2018-08-15T21:37:00Z,8.61,8.918151747,0,NA,0.270633333,20.164,0.18,NA,NA
8/15/18,Hop Brook,upstream,2018-08-15T21:52:00Z,8.61,8.926382644,0,NA,0.270633333,20.1,0.19,NA,NA
8/15/18,Hop Brook,upstream,2018-08-15T22:07:00Z,8.62,8.935776734,0,NA,0.270633333,20.036,0.13,NA,NA
8/15/18,Hop Brook,upstream,2018-08-15T22:22:00Z,8.63,8.944914429,0,NA,0.270633333,19.974,0.15,NA,NA
8/15/18,Hop Brook,upstream,2018-08-15T22:37:00Z,8.65,8.955364189,0,NA,0.270633333,19.911,0.18,NA,NA
8/15/18,Hop Brook,upstream,2018-08-15T22:52:00Z,8.66,8.966686713,0,NA,0.270633333,19.85,0.14,NA,NA
8/15/18,Hop Brook,upstream,2018-08-15T23:07:00Z,8.67,8.979026646,0,NA,0.270633333,19.79,0.14,NA,NA
8/15/18,Hop Brook,upstream,2018-08-15T23:22:00Z,8.69,8.988014599,0,NA,0.270633333,19.73,0.18,NA,NA
8/15/18,Hop Brook,upstream,2018-08-15T23:37:00Z,8.7,8.995755796,0,NA,0.270633333,19.671,0.13,NA,NA
8/15/18,Hop Brook,upstream,2018-08-15T23:52:00Z,8.71,9.00450978,0,NA,0.270633333,19.613,0.16,NA,NA
2/21/19,Rio Yahuecas,upstream,2019-02-21T00:04:00Z,8.14,8.501146701,0,0.06277,0.166112869,20.354,5.34,0.07378339,2.974659776
2/21/19,Rio Yahuecas,downstream,2019-02-21T00:04:00Z,8.18,8.511705429,0,0.06277,0.166112869,20.279,5.34,0.07378339,2.974659776
2/21/19,Rio Yahuecas,upstream,2019-02-21T00:19:00Z,8.15,8.506495052,0,0.06293,0.166265176,20.308,5.39,0.073883009,2.9739026
2/21/19,Rio Yahuecas,downstream,2019-02-21T00:19:00Z,8.18,8.517791711,0,0.06293,0.166265176,20.228,5.39,0.073883009,2.9739026
2/21/19,Rio Yahuecas,upstream,2019-02-21T00:34:00Z,8.16,8.51172018,0,0.06258,0.165931682,20.263,5.47,0.073664937,2.975561685
2/21/19,Rio Yahuecas,downstream,2019-02-21T00:34:00Z,8.19,8.523616334,0,0.06258,0.165931682,20.179,5.47,0.073664937,2.975561685
2/21/19,Rio Yahuecas,upstream,2019-02-21T00:49:00Z,8.16,8.516680439,0,0.06288,0.166217607,20.22,5.52,0.073851891,2.97413899
2/21/19,Rio Yahuecas,downstream,2019-02-21T00:49:00Z,8.19,8.528750675,0,0.06288,0.166217607,20.135,5.52,0.073851891,2.97413899
2/21/19,Rio Yahuecas,upstream,2019-02-21T01:04:00Z,8.17,8.5227784,0,0.06277,0.166112869,20.177,5.67,0.07378339,2.974659776
2/21/19,Rio Yahuecas,downstream,2019-02-21T01:04:00Z,8.2,8.536167052,0,0.06277,0.166112869,20.083,5.67,0.07378339,2.974659776
2/21/19,Rio Yahuecas,upstream,2019-02-21T01:19:00Z,8.16,8.527484777,0,0.06328,0.166597486,20.136,5.67,0.074100512,2.972253634
2/21/19,Rio Yahuecas,downstream,2019-02-21T01:19:00Z,8.23,8.540477732,0,0.06328,0.166597486,20.045,5.67,0.074100512,2.972253634
2/21/19,Rio Yahuecas,upstream,2019-02-21T01:34:00Z,8.18,8.531366984,0,0.06309,0.166417236,20.093,5.56,0.073982509,2.973147539
2/21/19,Rio Yahuecas,downstream,2019-02-21T01:34:00Z,8.23,8.543962856,0,0.06309,0.166417236,20.005,5.56,0.073982509,2.973147539
2/21/19,Rio Yahuecas,upstream,2019-02-21T01:49:00Z,8.17,8.53497791,0,0.06323,0.166550085,20.052,5.57,0.074069475,2.972488586
2/21/19,Rio Yahuecas,downstream,2019-02-21T01:49:00Z,8.23,8.548180314,0,0.06323,0.166550085,19.96,5.57,0.074069475,2.972488586
2/21/19,Rio Yahuecas,upstream,2019-02-21T02:04:00Z,8.16,8.537886385,0,0.06315,0.166474194,20.016,5.54,0.074019791,2.972864933
2/21/19,Rio Yahuecas,downstream,2019-02-21T02:04:00Z,8.26,8.551549699,0,0.06315,0.166474194,19.921,5.54,0.074019791,2.972864933
2/21/19,Rio Yahuecas,upstream,2019-02-21T02:19:00Z,8.17,8.543629325,0,0.06313,0.166455212,19.976,5.54,0.074007366,2.972959102
2/21/19,Rio Yahuecas,downstream,2019-02-21T02:19:00Z,8.26,8.556604334,0,0.06313,0.166455212,19.886,5.54,0.074007366,2.972959102
2/21/19,Rio Yahuecas,upstream,2019-02-21T02:34:00Z,8.17,8.547135473,0,0.06377,0.167060749,19.936,5.48,0.074404068,2.969961859
2/21/19,Rio Yahuecas,downstream,2019-02-21T02:34:00Z,8.27,8.559706703,0,0.06377,0.167060749,19.849,5.48,0.074404068,2.969961859
2/21/19,Rio Yahuecas,upstream,2019-02-21T02:49:00Z,8.17,8.551923942,0,0.06382,0.167107892,19.895,5.64,0.074434981,2.969729095
2/21/19,Rio Yahuecas,downstream,2019-02-21T02:49:00Z,8.27,8.565398629,0,0.06382,0.167107892,19.802,5.64,0.074434981,2.969729095
2/21/19,Rio Yahuecas,upstream,2019-02-21T03:04:00Z,8.17,8.558144311,0,0.06376,0.167051317,19.852,5.63,0.074397884,2.970008436
2/21/19,Rio Yahuecas,downstream,2019-02-21T03:04:00Z,8.28,8.571072956,0,0.06376,0.167051317,19.763,5.63,0.074397884,2.970008436
2/21/19,Rio Yahuecas,upstream,2019-02-21T03:19:00Z,8.17,8.563843903,0,0.06381,0.167098466,19.814,5.5,0.074428799,2.969775631
2/21/19,Rio Yahuecas,downstream,2019-02-21T03:19:00Z,8.28,8.57870298,0,0.06381,0.167098466,19.712,5.5,0.074428799,2.969775631
2/21/19,Rio Yahuecas,upstream,2019-02-21T03:34:00Z,8.17,8.570781624,0,0.06389,0.167173854,19.765,5.44,0.074478241,2.969403561
2/21/19,Rio Yahuecas,downstream,2019-02-21T03:34:00Z,8.3,8.583635149,0,0.06389,0.167173854,19.677,5.44,0.074478241,2.969403561
2/21/19,Rio Yahuecas,upstream,2019-02-21T03:49:00Z,8.18,8.576364613,0,0.06392,0.167202108,19.719,5.12,0.074496774,2.969264166
2/21/19,Rio Yahuecas,downstream,2019-02-21T03:49:00Z,8.29,8.586612155,0,0.06392,0.167202108,19.649,5.12,0.074496774,2.969264166
2/21/19,Rio Yahuecas,upstream,2019-02-21T04:04:00Z,8.19,8.583826196,0,0.06376,0.167051317,19.668,5.06,0.074397884,2.970008436
2/21/19,Rio Yahuecas,downstream,2019-02-21T04:04:00Z,8.29,8.59204705,0,0.06376,0.167051317,19.612,5.06,0.074397884,2.970008436
2/21/19,Rio Yahuecas,upstream,2019-02-21T04:19:00Z,8.19,8.590576907,0,0.06405,0.167324448,19.622,5.16,0.074577036,2.968660954
2/21/19,Rio Yahuecas,downstream,2019-02-21T04:19:00Z,8.31,8.599706775,0,0.06405,0.167324448,19.56,5.16,0.074577036,2.968660954
2/21/19,Rio Yahuecas,upstream,2019-02-21T04:34:00Z,8.2,8.596839607,0,0.06363,0.166928621,19.582,5.3,0.07431745,2.97061467
2/21/19,Rio Yahuecas,downstream,2019-02-21T04:34:00Z,8.32,8.607472466,0,0.06363,0.166928621,19.51,5.3,0.07431745,2.97061467
2/21/19,Rio Yahuecas,upstream,2019-02-21T04:49:00Z,8.21,8.604033453,0,0.06388,0.167164433,19.546,5.55,0.074472062,2.969450041
2/21/19,Rio Yahuecas,downstream,2019-02-21T04:49:00Z,8.31,8.616176037,0,0.06388,0.167164433,19.464,5.55,0.074472062,2.969450041
2/21/19,Rio Yahuecas,upstream,2019-02-21T05:04:00Z,8.21,8.60861656,0,0.06379,0.167079609,19.515,5.56,0.074416434,2.969868729
2/21/19,Rio Yahuecas,downstream,2019-02-21T05:04:00Z,8.31,8.621973236,0,0.06379,0.167079609,19.425,5.56,0.074416434,2.969868729
2/21/19,Rio Yahuecas,upstream,2019-02-21T05:19:00Z,8.22,8.613140768,0,0.06424,0.167502967,19.487,5.71,0.074694205,2.967781755
2/21/19,Rio Yahuecas,downstream,2019-02-21T05:19:00Z,8.33,8.626670489,0,0.06424,0.167502967,19.396,5.71,0.074694205,2.967781755
2/21/19,Rio Yahuecas,upstream,2019-02-21T05:34:00Z,8.23,8.618088974,0,0.06395,0.167230355,19.46,5.57,0.074515303,2.969124844
2/21/19,Rio Yahuecas,downstream,2019-02-21T05:34:00Z,8.34,8.631343899,0,0.06395,0.167230355,19.371,5.57,0.074515303,2.969124844
2/21/19,Rio Yahuecas,upstream,2019-02-21T05:49:00Z,8.23,8.625664259,0,0.06416,0.167427843,19.423,5.6,0.074644891,2.968151595
2/21/19,Rio Yahuecas,downstream,2019-02-21T05:49:00Z,8.35,8.637156066,0,0.06416,0.167427843,19.346,5.6,0.074644891,2.968151595
2/21/19,Rio Yahuecas,upstream,2019-02-21T06:04:00Z,8.23,8.633521999,0,0.06427,0.167531124,19.388,10.14,0.074712691,2.967643195
2/21/19,Rio Yahuecas,downstream,2019-02-21T06:04:00Z,8.36,8.644591422,0,0.06427,0.167531124,19.314,10.14,0.074712691,2.967643195
2/21/19,Rio Yahuecas,upstream,2019-02-21T06:19:00Z,8.27,8.641652699,0,0.06383,0.167117318,19.35,37.23,0.074441162,2.969682566
2/21/19,Rio Yahuecas,downstream,2019-02-21T06:19:00Z,8.37,8.650346612,0,0.06383,0.167117318,19.292,37.23,0.074441162,2.969682566
2/21/19,Rio Yahuecas,upstream,2019-02-21T06:34:00Z,8.31,8.648972511,36.14116864,0.0634,0.16671115,19.315,74.8,0.074174954,2.971690583
2/21/19,Rio Yahuecas,downstream,2019-02-21T06:34:00Z,8.39,8.656182112,36.14093374,0.0634,0.16671115,19.267,74.8,0.074174954,2.971690583
2/21/19,Rio Yahuecas,upstream,2019-02-21T06:49:00Z,8.36,8.655513619,176.6478172,0.06369,0.16698527,19.284,123.47,0.074354583,2.970334701
2/21/19,Rio Yahuecas,downstream,2019-02-21T06:49:00Z,8.45,8.662738245,176.6475613,0.06369,0.16698527,19.236,123.47,0.074354583,2.970334701
2/21/19,Rio Yahuecas,upstream,2019-02-21T07:04:00Z,8.41,8.659805075,315.7560545,0.06337,0.166682747,19.263,470.68,0.07415635,2.971831236
2/21/19,Rio Yahuecas,downstream,2019-02-21T07:04:00Z,8.52,8.66719078,315.755778,0.06337,0.166682747,19.214,470.68,0.07415635,2.971831236
2/21/19,Rio Yahuecas,upstream,2019-02-21T07:19:00Z,8.45,8.662515545,452.8701221,0.06314,0.166464704,19.245,470.57,0.074013579,2.972912014
2/21/19,Rio Yahuecas,downstream,2019-02-21T07:19:00Z,8.61,8.668851927,452.8698252,0.06314,0.166464704,19.203,470.57,0.074013579,2.972912014
2/21/19,Rio Yahuecas,upstream,2019-02-21T07:34:00Z,8.49,8.665344771,587.4028016,0.0629,0.166236638,19.235,501.58,0.07386434,2.974044409
2/21/19,Rio Yahuecas,downstream,2019-02-21T07:34:00Z,8.66,8.672744177,587.4024846,0.0629,0.166236638,19.186,501.58,0.07386434,2.974044409
2/21/19,Rio Yahuecas,upstream,2019-02-21T07:49:00Z,8.6,8.663054652,718.7779297,0.0628,0.166141446,19.264,294.01,0.073802078,2.974517644
2/21/19,Rio Yahuecas,downstream,2019-02-21T07:49:00Z,8.7,8.673614461,718.7775931,0.0628,0.166141446,19.194,294.01,0.073802078,2.974517644
2/21/19,Rio Yahuecas,upstream,2019-02-21T08:04:00Z,8.73,8.659305967,846.4328655,0.0626,0.165950771,19.304,387.2,0.073677414,2.975466606
2/21/19,Rio Yahuecas,downstream,2019-02-21T08:04:00Z,8.88,8.669539234,846.4325099,0.0626,0.165950771,19.236,387.2,0.073677414,2.975466606
2/21/19,Rio Yahuecas,upstream,2019-02-21T08:19:00Z,8.85,8.65730459,969.8209006,0.06247,0.165826623,19.34,366.73,0.073596282,2.976085221
2/21/19,Rio Yahuecas,downstream,2019-02-21T08:19:00Z,9.03,8.664959858,969.8205266,0.06247,0.165826623,19.289,366.73,0.073596282,2.976085221
2/21/19,Rio Yahuecas,upstream,2019-02-21T08:34:00Z,8.99,8.650505854,1088.4136,0.06256,0.165912589,19.393,597.82,0.073652459,2.975656798
2/21/19,Rio Yahuecas,downstream,2019-02-21T08:34:00Z,9.26,8.653196112,1088.413208,0.06256,0.165912589,19.375,597.82,0.073652459,2.975656798
2/21/19,Rio Yahuecas,upstream,2019-02-21T08:49:00Z,9.09,8.643346744,1201.703066,0.06276,0.166103342,19.441,1451.83,0.07377716,2.97470717
2/21/19,Rio Yahuecas,downstream,2019-02-21T08:49:00Z,9.43,8.637991622,1201.702657,0.06276,0.166103342,19.477,1451.83,0.07377716,2.97470717
2/21/19,Rio Yahuecas,upstream,2019-02-21T09:04:00Z,9.23,8.636781538,1309.204112,0.06238,0.165740577,19.508,513.31,0.073540068,2.976514323
2/21/19,Rio Yahuecas,downstream,2019-02-21T09:04:00Z,9.65,8.616989431,1309.203687,0.06238,0.165740577,19.642,513.31,0.073540068,2.976514323
2/21/19,Rio Yahuecas,upstream,2019-02-21T09:19:00Z,9.26,8.633762198,1410.456341,0.06238,0.165740577,19.536,420.3,0.073540068,2.976514323
2/21/19,Rio Yahuecas,downstream,2019-02-21T09:19:00Z,9.72,8.605649417,1410.455901,0.06238,0.165740577,19.727,420.3,0.073540068,2.976514323
2/21/19,Rio Yahuecas,upstream,2019-02-21T09:34:00Z,9.31,8.630253754,1505.02612,0.06231,0.165673598,19.575,511.39,0.073496319,2.97684854
2/21/19,Rio Yahuecas,downstream,2019-02-21T09:34:00Z,9.73,8.605419311,1505.025666,0.06231,0.165673598,19.744,511.39,0.073496319,2.97684854
2/21/19,Rio Yahuecas,upstream,2019-02-21T09:49:00Z,9.37,8.615078209,1592.508431,0.06191,0.165289933,19.655,880.81,0.073245881,2.97876631
2/21/19,Rio Yahuecas,downstream,2019-02-21T09:49:00Z,9.79,8.592120292,1592.507964,0.06191,0.165289933,19.812,880.81,0.073245881,2.97876631
2/21/19,Rio Yahuecas,upstream,2019-02-21T10:04:00Z,9.5,8.597549698,1672.528613,0.06197,0.165347584,19.767,1947.76,0.073283495,2.978477777
2/21/19,Rio Yahuecas,downstream,2019-02-21T10:04:00Z,9.81,8.567112268,1672.528135,0.06197,0.165347584,19.977,1947.76,0.073283495,2.978477777
2/21/19,Rio Yahuecas,upstream,2019-02-21T10:19:00Z,9.56,8.573167356,1744.743961,0.06258,0.165931682,19.935,1882.13,0.073664937,2.975561685
2/21/19,Rio Yahuecas,downstream,2019-02-21T10:19:00Z,9.97,8.542767994,1744.743472,0.06258,0.165931682,20.147,1882.13,0.073664937,2.975561685
2/21/19,Rio Yahuecas,upstream,2019-02-21T10:34:00Z,9.68,8.546822644,1808.845196,0.06229,0.165654452,20.112,2001.3,0.073483815,2.976944107
2/21/19,Rio Yahuecas,downstream,2019-02-21T10:34:00Z,9.96,8.499791695,1808.844697,0.06229,0.165654452,20.445,2001.3,0.073483815,2.976944107
2/21/19,Rio Yahuecas,upstream,2019-02-21T10:49:00Z,9.71,8.53226472,1864.557789,0.06188,0.165261094,20.213,1392.48,0.073227067,2.978910692
2/21/19,Rio Yahuecas,downstream,2019-02-21T10:49:00Z,10.3,8.475424872,1864.557281,0.06188,0.165261094,20.619,1392.48,0.073227067,2.978910692
2/21/19,Rio Yahuecas,upstream,2019-02-21T11:04:00Z,9.79,8.508336011,1911.643137,0.06162,0.165010782,20.368,1011.99,0.073063837,2.980165236
2/21/19,Rio Yahuecas,downstream,2019-02-21T11:04:00Z,10.2,8.452474725,1911.642623,0.06162,0.165010782,20.771,1011.99,0.073063837,2.980165236
2/21/19,Rio Yahuecas,upstream,2019-02-21T11:19:00Z,9.83,8.490337151,1949.899585,0.06211,0.165481963,20.486,1569.48,0.073371194,2.977805727
2/21/19,Rio Yahuecas,downstream,2019-02-21T11:19:00Z,10.19,8.436260157,1949.899065,0.06211,0.165481963,20.879,1569.48,0.073371194,2.977805727
2/21/19,Rio Yahuecas,upstream,2019-02-21T11:34:00Z,9.9,8.460478282,1979.163291,0.06194,0.165318763,20.695,2456.42,0.07326469,2.978622006
2/21/19,Rio Yahuecas,downstream,2019-02-21T11:34:00Z,10.2,8.412090812,1979.162766,0.06194,0.165318763,21.051,2456.42,0.07326469,2.978622006
2/21/19,Rio Yahuecas,upstream,2019-02-21T11:49:00Z,9.97,8.423070464,1999.308923,0.06231,0.165673598,20.953,2418.39,0.073496319,2.97684854
2/21/19,Rio Yahuecas,downstream,2019-02-21T11:49:00Z,10.29,8.38303226,1999.308395,0.06231,0.165673598,21.252,2418.39,0.073496319,2.97684854
2/21/19,Rio Yahuecas,upstream,2019-02-21T12:04:00Z,9.98,8.391338888,2010.250201,0.06297,0.166303214,21.17,2567.36,0.073907895,2.973713637
2/21/19,Rio Yahuecas,downstream,2019-02-21T12:04:00Z,10.33,8.336884059,2010.249672,0.06297,0.166303214,21.584,2567.36,0.073907895,2.973713637
2/21/19,Rio Yahuecas,upstream,2019-02-21T12:19:00Z,9.94165651,8.365136027,2011.940266,0.0625,0.165855287,21.3541,2318.86,0.073615012,2.975942338
2/21/19,Rio Yahuecas,downstream,2019-02-21T12:19:00Z,10.31,8.30168084,2011.939737,0.0625,0.165855287,21.849,2318.86,0.073615012,2.975942338
2/21/19,Rio Yahuecas,upstream,2019-02-21T12:34:00Z,9.889367564,8.343335006,2004.371876,0.062259251,0.165623841,21.5084,2186.985633,0.073464052,2.977091102
2/21/19,Rio Yahuecas,downstream,2019-02-21T12:34:00Z,10.30247658,8.271611845,2004.371348,0.062259251,0.165623841,22.07138025,2186.985633,0.073464052,2.977091102
2/21/19,Rio Yahuecas,upstream,2019-02-21T12:49:00Z,9.82,8.32497424,1987.577442,0.06208,0.165453184,21.636,2005.42,0.073352409,2.977949598
2/21/19,Rio Yahuecas,downstream,2019-02-21T12:49:00Z,10.28,8.247028689,1987.576917,0.06208,0.165453184,22.251,2005.42,0.073352409,2.977949598
2/21/19,Rio Yahuecas,upstream,2019-02-21T13:04:00Z,9.84,8.309357109,1961.628888,0.06169,0.16507824,21.74,2075.68,0.073107815,2.979826903
2/21/19,Rio Yahuecas,downstream,2019-02-21T13:04:00Z,10.23,8.227022529,1961.628367,0.06169,0.16507824,22.395,2075.68,0.073107815,2.979826903
2/21/19,Rio Yahuecas,upstream,2019-02-21T13:19:00Z,9.65,8.292686652,1926.637342,0.06141,0.164808114,21.853,1911.6,0.072931761,2.98118278
2/21/19,Rio Yahuecas,downstream,2019-02-21T13:19:00Z,10.03,8.220395176,1926.636826,0.06141,0.164808114,22.431,1911.6,0.072931761,2.98118278
2/21/19,Rio Yahuecas,upstream,2019-02-21T13:34:00Z,9.64,8.268173309,1882.75266,0.06136,0.164759794,22.029,2010.66,0.072900283,2.981425617
2/21/19,Rio Yahuecas,downstream,2019-02-21T13:34:00Z,9.99,8.211699666,1882.75215,0.06136,0.164759794,22.484,2010.66,0.072900283,2.981425617
2/21/19,Rio Yahuecas,upstream,2019-02-21T13:49:00Z,9.75,8.248534852,1830.162785,0.0613,0.164701777,22.168,832.7,0.072862494,2.981717308
2/21/19,Rio Yahuecas,downstream,2019-02-21T13:49:00Z,9.85,8.196219681,1830.162283,0.0613,0.164701777,22.593,832.7,0.072862494,2.981717308
2/21/19,Rio Yahuecas,upstream,2019-02-21T14:04:00Z,9.73,8.237982169,1769.092943,0.06114,0.164546887,22.235,1198.94,0.072761637,2.98249669
2/21/19,Rio Yahuecas,downstream,2019-02-21T14:04:00Z,9.98,8.187717256,1769.09245,0.06114,0.164546887,22.645,1198.94,0.072761637,2.98249669
2/21/19,Rio Yahuecas,upstream,2019-02-21T14:19:00Z,9.71,8.22869714,1699.804677,0.06123,0.164634044,22.301,989.08,0.072818384,2.982058012
2/21/19,Rio Yahuecas,downstream,2019-02-21T14:19:00Z,9.98,8.183234961,1699.804194,0.06123,0.164634044,22.673,989.08,0.072818384,2.982058012
2/21/19,Rio Yahuecas,upstream,2019-02-21T14:34:00Z,9.64,8.220186616,1622.594725,0.06071,0.16412933,22.361,1146.76,0.072489967,2.984602445
2/21/19,Rio Yahuecas,downstream,2019-02-21T14:34:00Z,10.01,8.178396832,1622.594254,0.06071,0.16412933,22.704,1146.76,0.072489967,2.984602445
2/21/19,Rio Yahuecas,upstream,2019-02-21T14:49:00Z,9.6,8.215823329,1537.793755,0.06122,0.164624364,22.386,1650.2,0.072812081,2.982106719
2/21/19,Rio Yahuecas,downstream,2019-02-21T14:49:00Z,10.07,8.173023559,1537.793297,0.06122,0.164624364,22.738,1650.2,0.072812081,2.982106719
2/21/19,Rio Yahuecas,upstream,2019-02-21T15:04:00Z,9.56,8.219823564,1445.764944,0.06064,0.164061177,22.355,570.38,0.072445656,2.984946795
2/21/19,Rio Yahuecas,downstream,2019-02-21T15:04:00Z,9.76,8.177297131,1445.764499,0.06064,0.164061177,22.704,570.38,0.072445656,2.984946795
2/21/19,Rio Yahuecas,upstream,2019-02-21T15:19:00Z,9.43,8.225749232,1346.902422,0.06071,0.16412933,22.307,285.6,0.072489967,2.984602445
2/21/19,Rio Yahuecas,downstream,2019-02-21T15:19:00Z,9.72,8.178863723,1346.901992,0.06071,0.16412933,22.691,285.6,0.072489967,2.984602445
2/21/19,Rio Yahuecas,upstream,2019-02-21T15:34:00Z,9.32,8.225018392,1241.629589,0.06066,0.164080655,22.304,1184.74,0.072458319,2.984848365
2/21/19,Rio Yahuecas,downstream,2019-02-21T15:34:00Z,9.65,8.186223129,1241.629174,0.06066,0.164080655,22.621,1184.74,0.072458319,2.984848365
2/21/19,Rio Yahuecas,upstream,2019-02-21T15:49:00Z,9.25,8.230453642,1130.397297,0.06061,0.164031953,22.269,761.41,0.072426658,2.985094508
2/21/19,Rio Yahuecas,downstream,2019-02-21T15:49:00Z,9.56,8.195820201,1130.396899,0.06061,0.164031953,22.551,761.41,0.072426658,2.985094508
2/21/19,Rio Yahuecas,upstream,2019-02-21T16:04:00Z,9.12,8.238635957,1013.681922,0.06044,0.163866176,22.212,820.34,0.072318921,2.985933066
2/21/19,Rio Yahuecas,downstream,2019-02-21T16:04:00Z,9.39,8.202283054,1013.681541,0.06044,0.163866176,22.507,820.34,0.072318921,2.985933066
2/21/19,Rio Yahuecas,upstream,2019-02-21T16:19:00Z,9.07,8.245532056,891.9833206,0.06022,0.163651196,22.167,687.84,0.072179285,2.98702212
2/21/19,Rio Yahuecas,downstream,2019-02-21T16:19:00Z,9.26,8.215690662,891.9829582,0.06022,0.163651196,22.408,687.84,0.072179285,2.98702212
2/21/19,Rio Yahuecas,upstream,2019-02-21T16:34:00Z,8.93,8.252745793,765.8226942,0.06037,0.163797827,22.124,543.56,0.072274518,2.98627911
2/21/19,Rio Yahuecas,downstream,2019-02-21T16:34:00Z,9.14,8.229729098,765.8223506,0.06037,0.163797827,22.309,543.56,0.072274518,2.98627911
2/21/19,Rio Yahuecas,upstream,2019-02-21T16:49:00Z,8.83,8.259625522,635.7403522,0.06018,0.163612055,22.075,404.38,0.072153871,2.987220599
2/21/19,Rio Yahuecas,downstream,2019-02-21T16:49:00Z,8.95,8.242996186,635.740028,0.06018,0.163612055,22.208,404.38,0.072153871,2.987220599
2/21/19,Rio Yahuecas,upstream,2019-02-21T17:04:00Z,8.73,8.266971891,502.2934003,0.06016,0.163592478,22.021,179.5,0.072141161,2.987319894
2/21/19,Rio Yahuecas,downstream,2019-02-21T17:04:00Z,8.73,8.257543089,502.2930959,0.06016,0.163592478,22.096,179.5,0.072141161,2.987319894
2/21/19,Rio Yahuecas,upstream,2019-02-21T17:19:00Z,8.66,8.273030618,366.0533542,0.05999,0.163425907,21.973,138.15,0.072033045,2.988165364
2/21/19,Rio Yahuecas,downstream,2019-02-21T17:19:00Z,8.6,8.270125108,366.0530701,0.05999,0.163425907,21.996,138.15,0.072033045,2.988165364
2/21/19,Rio Yahuecas,upstream,2019-02-21T17:34:00Z,8.57,8.28487415,227.6036918,0.05998,0.163416099,21.897,45.88,0.072026681,2.98821518
2/21/19,Rio Yahuecas,downstream,2019-02-21T17:34:00Z,8.48,8.283984882,227.6034284,0.05998,0.163416099,21.904,45.88,0.072026681,2.98821518
2/21/19,Rio Yahuecas,upstream,2019-02-21T17:49:00Z,8.47,8.294101881,87.53735463,0.06002,0.163455324,21.826,15.61,0.072052135,2.988015972
2/21/19,Rio Yahuecas,downstream,2019-02-21T17:49:00Z,8.42,8.290530717,87.53711208,0.06002,0.163455324,21.854,15.61,0.072052135,2.988015972
2/21/19,Rio Yahuecas,upstream,2019-02-21T18:04:00Z,8.37,8.305151131,0,0.05995,0.16338667,21.744,3.29,0.072007585,2.988364682
2/21/19,Rio Yahuecas,downstream,2019-02-21T18:04:00Z,8.25,8.305407839,0,0.05995,0.16338667,21.742,3.29,0.072007585,2.988364682
2/21/19,Rio Yahuecas,upstream,2019-02-21T18:19:00Z,8.3,8.317181513,0,0.0598,0.163239381,21.662,2.59,0.071912039,2.989113427
2/21/19,Rio Yahuecas,downstream,2019-02-21T18:19:00Z,8.17,8.316149433,0,0.0598,0.163239381,21.67,2.59,0.071912039,2.989113427
2/21/19,Rio Yahuecas,upstream,2019-02-21T18:34:00Z,8.25,8.327658148,0,0.05968,0.16312138,21.591,4.73,0.071835522,2.989713912
2/21/19,Rio Yahuecas,downstream,2019-02-21T18:34:00Z,8.11,8.329344314,0,0.05968,0.16312138,21.578,4.73,0.071835522,2.989713912
2/21/19,Rio Yahuecas,upstream,2019-02-21T18:49:00Z,8.2,8.339310478,0,0.05963,0.163072168,21.517,5.58,0.071803618,2.989964506
2/21/19,Rio Yahuecas,downstream,2019-02-21T18:49:00Z,8.06,8.340874577,0,0.05963,0.163072168,21.505,5.58,0.071803618,2.989964506
2/21/19,Rio Yahuecas,upstream,2019-02-21T19:04:00Z,8.17,8.347797252,0,0.05943,0.162875055,21.452,4.69,0.071675877,2.990969199
2/21/19,Rio Yahuecas,downstream,2019-02-21T19:04:00Z,8.04,8.354218637,0,0.05943,0.162875055,21.403,4.69,0.071675877,2.990969199
2/21/19,Rio Yahuecas,upstream,2019-02-21T19:19:00Z,8.14,8.358146465,0,0.05971,0.163150895,21.39,4.65,0.071854658,2.989563666
2/21/19,Rio Yahuecas,downstream,2019-02-21T19:19:00Z,8.02,8.365649274,0,0.05971,0.163150895,21.333,4.65,0.071854658,2.989563666
2/21/19,Rio Yahuecas,upstream,2019-02-21T19:34:00Z,8.12,8.367712737,0,0.05962,0.163062322,21.33,4.29,0.071797236,2.990014653
2/21/19,Rio Yahuecas,downstream,2019-02-21T19:34:00Z,8.02,8.378558125,0,0.05962,0.163062322,21.248,4.29,0.071797236,2.990014653
2/21/19,Rio Yahuecas,upstream,2019-02-21T19:49:00Z,8.09,8.378819735,0,0.05954,0.16298352,21.267,4.14,0.071746159,2.990416159
2/21/19,Rio Yahuecas,downstream,2019-02-21T19:49:00Z,8.01,8.391443301,0,0.05954,0.16298352,21.172,4.14,0.071746159,2.990416159
2/21/19,Rio Yahuecas,upstream,2019-02-21T20:04:00Z,8.07,8.387497218,0,0.05924,0.162687405,21.21,4.18,0.071554336,2.991927109
2/21/19,Rio Yahuecas,downstream,2019-02-21T20:04:00Z,8.02,8.403113637,0,0.05924,0.162687405,21.093,4.18,0.071554336,2.991927109
2/21/19,Rio Yahuecas,upstream,2019-02-21T20:19:00Z,8.06,8.395002793,0,0.05915,0.162598383,21.162,4.45,0.0714967,2.992382036
2/21/19,Rio Yahuecas,downstream,2019-02-21T20:19:00Z,8.02,8.412685758,0,0.05915,0.162598383,21.03,4.45,0.0714967,2.992382036
2/21/19,Rio Yahuecas,upstream,2019-02-21T20:34:00Z,8.07,8.401221452,0,0.05886,0.162310945,21.121,6.19,0.071310703,2.993853107
2/21/19,Rio Yahuecas,downstream,2019-02-21T20:34:00Z,8.01,8.422732496,0,0.05886,0.162310945,20.961,6.19,0.071310703,2.993853107
2/21/19,Rio Yahuecas,upstream,2019-02-21T20:49:00Z,8.06,8.407185812,0,0.05898,0.162429995,21.082,5.89,0.071387719,2.993243423
2/21/19,Rio Yahuecas,downstream,2019-02-21T20:49:00Z,8.02,8.432413211,0,0.05898,0.162429995,20.895,5.89,0.071387719,2.993243423
2/21/19,Rio Yahuecas,upstream,2019-02-21T21:04:00Z,8.06,8.414280287,0,0.05908,0.162529084,21.043,5.08,0.071451843,2.992736395
2/21/19,Rio Yahuecas,downstream,2019-02-21T21:04:00Z,8.03,8.438349796,0,0.05908,0.162529084,20.865,5.08,0.071451843,2.992736395
2/21/19,Rio Yahuecas,upstream,2019-02-21T21:19:00Z,8.07,8.420105885,0,0.05897,0.16242008,21.008,4.79,0.071381304,2.993294178
2/21/19,Rio Yahuecas,downstream,2019-02-21T21:19:00Z,8.02,8.443413667,0,0.05897,0.16242008,20.836,4.79,0.071381304,2.993294178
2/21/19,Rio Yahuecas,upstream,2019-02-21T21:34:00Z,8.07,8.425908679,0,0.05914,0.162588487,20.965,4.54,0.071490293,2.99243263
2/21/19,Rio Yahuecas,downstream,2019-02-21T21:34:00Z,8.05,8.448051597,0,0.05914,0.162588487,20.802,4.54,0.071490293,2.99243263
2/21/19,Rio Yahuecas,upstream,2019-02-21T21:49:00Z,8.08,8.431018668,0,0.05891,0.162360568,20.919,4.69,0.071342802,2.993598906
2/21/19,Rio Yahuecas,downstream,2019-02-21T21:49:00Z,8.03,8.451719564,0,0.05891,0.162360568,20.767,4.69,0.071342802,2.993598906
2/21/19,Rio Yahuecas,upstream,2019-02-21T22:04:00Z,8.08,8.436396035,0,0.05888,0.162330797,20.878,4.5,0.071323544,2.993751399
2/21/19,Rio Yahuecas,downstream,2019-02-21T22:04:00Z,8.04,8.456053814,0,0.05888,0.162330797,20.734,4.5,0.071323544,2.993751399
2/21/19,Rio Yahuecas,upstream,2019-02-21T22:19:00Z,8.07,8.442161149,0,0.05884,0.162291088,20.837,5.24,0.071297859,2.993954854
2/21/19,Rio Yahuecas,downstream,2019-02-21T22:19:00Z,8.06,8.460496336,0,0.05884,0.162291088,20.703,5.24,0.071297859,2.993954854
2/21/19,Rio Yahuecas,upstream,2019-02-21T22:34:00Z,8.08,8.447891043,0,0.05887,0.162320872,20.795,6.84,0.071317123,2.993802248
2/21/19,Rio Yahuecas,downstream,2019-02-21T22:34:00Z,8.07,8.465862367,0,0.05887,0.162320872,20.664,6.84,0.071317123,2.993802248
2/21/19,Rio Yahuecas,upstream,2019-02-21T22:49:00Z,8.09,8.453773388,0,0.05878,0.162231492,20.752,6.7,0.071259317,2.994260324
2/21/19,Rio Yahuecas,downstream,2019-02-21T22:49:00Z,8.07,8.469171211,0,0.05878,0.162231492,20.64,6.7,0.071259317,2.994260324
2/21/19,Rio Yahuecas,upstream,2019-02-21T23:04:00Z,8.09,8.460221516,0,0.05893,0.16238041,20.705,6.53,0.071355638,2.993497292
2/21/19,Rio Yahuecas,downstream,2019-02-21T23:04:00Z,8.08,8.475389018,0,0.05893,0.16238041,20.595,6.53,0.071355638,2.993497292
2/21/19,Rio Yahuecas,upstream,2019-02-21T23:19:00Z,8.08,8.464038518,0,0.05876,0.162211618,20.661,6.36,0.071246466,2.994362223
2/21/19,Rio Yahuecas,downstream,2019-02-21T23:19:00Z,8.08,8.478691673,0,0.05876,0.162211618,20.555,6.36,0.071246466,2.994362223
2/21/19,Rio Yahuecas,upstream,2019-02-21T23:34:00Z,8.07,8.468439017,0,0.05878,0.162231492,20.621,6.32,0.071259317,2.994260324
2/21/19,Rio Yahuecas,downstream,2019-02-21T23:34:00Z,8.1,8.483963115,0,0.05878,0.162231492,20.509,6.32,0.071259317,2.994260324
2/21/19,Rio Yahuecas,upstream,2019-02-21T23:49:00Z,8.06,8.468274514,0,0.05854,0.161992718,20.606,6.41,0.071104964,2.99548564
2/21/19,Rio Yahuecas,downstream,2019-02-21T23:49:00Z,8.09,8.488549764,0,0.05854,0.161992718,20.46,6.41,0.071104964,2.99548564
2/23/19,Rio Cupeyes,upstream,2019-02-23T00:04:00Z,8.27,8.773294334,0,0.02397,0.041111886,22.051,0,0.136366057,4.400026789
2/23/19,Rio Cupeyes,downstream,2019-02-23T00:04:00Z,8.07,8.786571867,0,0.02397,0.041111886,21.949,0,0.136366057,4.400026789
2/23/19,Rio Cupeyes,upstream,2019-02-23T00:19:00Z,8.27,8.778490348,0,0.02417,0.041300198,22.011,0,0.136729127,4.398930112
2/23/19,Rio Cupeyes,downstream,2019-02-23T00:19:00Z,8.08,8.791017994,0,0.02417,0.041300198,21.915,0,0.136729127,4.398930112
2/23/19,Rio Cupeyes,upstream,2019-02-23T00:34:00Z,8.28,8.77920454,0,0.02523,0.042286765,21.997,0,0.138620045,4.393269487
2/23/19,Rio Cupeyes,downstream,2019-02-23T00:34:00Z,8.09,8.794234356,0,0.02523,0.042286765,21.882,0,0.138620045,4.393269487
2/23/19,Rio Cupeyes,upstream,2019-02-23T00:49:00Z,8.29,8.781291762,0,0.02429,0.041412849,21.964,0,0.13694599,4.398276583
2/23/19,Rio Cupeyes,downstream,2019-02-23T00:49:00Z,8.09,8.796090009,0,0.02429,0.041412849,21.851,0,0.13694599,4.398276583
2/23/19,Rio Cupeyes,upstream,2019-02-23T01:04:00Z,8.28,8.784363842,0,0.02409,0.041224958,21.932,0,0.136584145,4.399367657
2/23/19,Rio Cupeyes,downstream,2019-02-23T01:04:00Z,8.1,8.799719918,0,0.02409,0.041224958,21.815,0,0.136584145,4.399367657
2/23/19,Rio Cupeyes,upstream,2019-02-23T01:19:00Z,8.29,8.786074929,0,0.02393,0.041074138,21.902,0,0.136293197,4.400247255
2/23/19,Rio Cupeyes,downstream,2019-02-23T01:19:00Z,8.1,8.801591906,0,0.02393,0.041074138,21.784,0,0.136293197,4.400247255
2/23/19,Rio Cupeyes,upstream,2019-02-23T01:34:00Z,8.29,8.788316752,0,0.02459,0.041693386,21.868,0,0.137484976,4.396657201
2/23/19,Rio Cupeyes,downstream,2019-02-23T01:34:00Z,8.11,8.803602468,0,0.02459,0.041693386,21.752,0,0.137484976,4.396657201
2/23/19,Rio Cupeyes,upstream,2019-02-23T01:49:00Z,8.3,8.79088755,0,0.02392,0.041064697,21.84,0,0.136274968,4.400302431
2/23/19,Rio Cupeyes,downstream,2019-02-23T01:49:00Z,8.11,8.806200942,0,0.02392,0.041064697,21.724,0,0.136274968,4.400302431
2/23/19,Rio Cupeyes,upstream,2019-02-23T02:04:00Z,8.3,8.791722957,0,0.02417,0.041300198,21.814,0,0.136729127,4.398930112
2/23/19,Rio Cupeyes,downstream,2019-02-23T02:04:00Z,8.12,8.807193366,0,0.02417,0.041300198,21.697,0,0.136729127,4.398930112
2/23/19,Rio Cupeyes,upstream,2019-02-23T02:19:00Z,8.3,8.792380451,0,0.02447,0.041581357,21.795,0,0.137269921,4.397302499
2/23/19,Rio Cupeyes,downstream,2019-02-23T02:19:00Z,8.12,8.808666353,0,0.02447,0.041581357,21.672,0,0.137269921,4.397302499
2/23/19,Rio Cupeyes,upstream,2019-02-23T02:34:00Z,8.31,8.793381735,0,0.02487,0.041953834,21.779,0,0.137984011,4.395164033
2/23/19,Rio Cupeyes,downstream,2019-02-23T02:34:00Z,8.12,8.809950163,0,0.02487,0.041953834,21.654,0,0.137984011,4.395164033
2/23/19,Rio Cupeyes,upstream,2019-02-23T02:49:00Z,8.31,8.796023383,0,0.0246,0.041702711,21.759,3.11E-06,0.137502865,4.396603572
2/23/19,Rio Cupeyes,downstream,2019-02-23T02:49:00Z,8.12,8.811548027,0,0.0246,0.041702711,21.642,3.11E-06,0.137502865,4.396603572
2/23/19,Rio Cupeyes,upstream,2019-02-23T03:04:00Z,8.31,8.797956749,0,0.02493,0.042009473,21.736,0,0.138090449,4.394846321
2/23/19,Rio Cupeyes,downstream,2019-02-23T03:04:00Z,8.13,8.812303949,0,0.02493,0.042009473,21.628,0,0.138090449,4.394846321
2/23/19,Rio Cupeyes,upstream,2019-02-23T03:19:00Z,8.32,8.800316383,0,0.02463,0.041730675,21.714,0,0.137556503,4.396442822
2/23/19,Rio Cupeyes,downstream,2019-02-23T03:19:00Z,8.13,8.814016735,0,0.02463,0.041730675,21.611,0,0.137556503,4.396442822
2/23/19,Rio Cupeyes,upstream,2019-02-23T03:34:00Z,8.32,8.805961102,0,0.02455,0.041656071,21.684,0,0.137413371,4.396871939
2/23/19,Rio Cupeyes,downstream,2019-02-23T03:34:00Z,8.13,8.817685047,0,0.02455,0.041656071,21.596,0,0.137413371,4.396871939
2/23/19,Rio Cupeyes,upstream,2019-02-23T03:49:00Z,8.32,8.808486579,0,0.0245,0.041609388,21.665,0,0.137323752,4.397140869
2/23/19,Rio Cupeyes,downstream,2019-02-23T03:49:00Z,8.14,8.820493,0,0.0245,0.041609388,21.575,0,0.137323752,4.397140869
2/23/19,Rio Cupeyes,upstream,2019-02-23T04:04:00Z,8.33,8.809239844,0,0.02432,0.041440973,21.651,0,0.137000091,4.39811372
2/23/19,Rio Cupeyes,downstream,2019-02-23T04:04:00Z,8.14,8.8213906,0,0.02432,0.041440973,21.56,0,0.137000091,4.39811372
2/23/19,Rio Cupeyes,upstream,2019-02-23T04:19:00Z,8.33,8.810393236,0,0.0236,0.040761634,21.634,0,0.13568891,4.402080717
2/23/19,Rio Cupeyes,downstream,2019-02-23T04:19:00Z,8.14,8.822959214,0,0.0236,0.040761634,21.54,0,0.13568891,4.402080717
2/23/19,Rio Cupeyes,upstream,2019-02-23T04:34:00Z,8.33,8.813193696,0,0.02376,0.040913395,21.613,0,0.13598261,4.40118849
2/23/19,Rio Cupeyes,downstream,2019-02-23T04:34:00Z,8.14,8.825374463,0,0.02376,0.040913395,21.522,0,0.13598261,4.40118849
2/23/19,Rio Cupeyes,upstream,2019-02-23T04:49:00Z,8.34,8.817952302,0,0.02344,0.040609408,21.594,0.036392136,0.135393853,4.402979196
2/23/19,Rio Cupeyes,downstream,2019-02-23T04:49:00Z,8.14,8.830688039,0,0.02344,0.040609408,21.499,0.036392136,0.135393853,4.402979196
2/23/19,Rio Cupeyes,upstream,2019-02-23T05:04:00Z,8.35,8.822139794,0,0.02385,0.040998559,21.571,0,0.136147226,4.400689328
2/23/19,Rio Cupeyes,downstream,2019-02-23T05:04:00Z,8.15,8.835030644,0,0.02385,0.040998559,21.475,0,0.136147226,4.400689328
2/23/19,Rio Cupeyes,upstream,2019-02-23T05:19:00Z,8.35,8.825525976,0,0.02417,0.041300198,21.554,0,0.136729127,4.398930112
2/23/19,Rio Cupeyes,downstream,2019-02-23T05:19:00Z,8.15,8.838702077,0,0.02417,0.041300198,21.456,0,0.136729127,4.398930112
2/23/19,Rio Cupeyes,upstream,2019-02-23T05:34:00Z,8.35,8.828348126,0,0.02421,0.041337776,21.544,0,0.136801496,4.398711898
2/23/19,Rio Cupeyes,downstream,2019-02-23T05:34:00Z,8.16,8.841264243,0,0.02421,0.041337776,21.448,0,0.136801496,4.398711898
2/23/19,Rio Cupeyes,upstream,2019-02-23T05:49:00Z,8.35,8.830065431,0,0.02376,0.040913395,21.545,0,0.13598261,4.40118849
2/23/19,Rio Cupeyes,downstream,2019-02-23T05:49:00Z,8.16,8.843927237,0,0.02376,0.040913395,21.442,0,0.13598261,4.40118849
2/23/19,Rio Cupeyes,upstream,2019-02-23T06:04:00Z,8.35,8.831578483,0,0.02391,0.041055254,21.542,3.84,0.136256735,4.400357631
2/23/19,Rio Cupeyes,downstream,2019-02-23T06:04:00Z,8.16,8.846254642,0,0.02391,0.041055254,21.433,3.84,0.136256735,4.400357631
2/23/19,Rio Cupeyes,upstream,2019-02-23T06:19:00Z,8.36,8.835448358,0,0.02334,0.04051403,21.538,15.83,0.135208746,4.403543959
2/23/19,Rio Cupeyes,downstream,2019-02-23T06:19:00Z,8.16,8.849185281,0,0.02334,0.04051403,21.436,15.83,0.135208746,4.403543959
2/23/19,Rio Cupeyes,upstream,2019-02-23T06:34:00Z,8.37,8.838007881,47.77299996,0.02389,0.041036363,21.541,52.46,0.136220253,4.400468101
2/23/19,Rio Cupeyes,downstream,2019-02-23T06:34:00Z,8.18,8.851204105,47.79204874,0.02389,0.041036363,21.443,52.46,0.136220253,4.400468101
2/23/19,Rio Cupeyes,upstream,2019-02-23T06:49:00Z,8.38,8.836537541,188.6692847,0.02447,0.041581357,21.563,105.01,0.137269921,4.397302499
2/23/19,Rio Cupeyes,downstream,2019-02-23T06:49:00Z,8.2,8.850930179,188.6901182,0.02447,0.041581357,21.456,105.01,0.137269921,4.397302499
2/23/19,Rio Cupeyes,upstream,2019-02-23T07:04:00Z,8.39,8.833858703,328.1548899,0.02488,0.041963112,21.583,198.36,0.138001763,4.395111026
2/23/19,Rio Cupeyes,downstream,2019-02-23T07:04:00Z,8.22,8.848097354,328.1774903,0.02488,0.041963112,21.477,198.36,0.138001763,4.395111026
2/23/19,Rio Cupeyes,upstream,2019-02-23T07:19:00Z,8.4,8.833003712,465.6324215,0.02446,0.04157201,21.606,225.47,0.137251967,4.39735642
2/23/19,Rio Cupeyes,downstream,2019-02-23T07:19:00Z,8.24,8.846818666,465.6567634,0.02446,0.04157201,21.503,225.47,0.137251967,4.39735642
2/23/19,Rio Cupeyes,upstream,2019-02-23T07:34:00Z,8.42,8.830107573,600.513086,0.02394,0.041083578,21.636,370.67,0.13631142,4.400192103
2/23/19,Rio Cupeyes,downstream,2019-02-23T07:34:00Z,8.27,8.843090023,600.5391364,0.02394,0.041083578,21.539,370.67,0.13631142,4.400192103
2/23/19,Rio Cupeyes,upstream,2019-02-23T07:49:00Z,8.41,8.829261875,732.2192111,0.02378,0.040932333,21.659,437.5,0.136019228,4.401077397
2/23/19,Rio Cupeyes,downstream,2019-02-23T07:49:00Z,8.27,8.841689883,732.2469298,0.02378,0.040932333,21.566,437.5,0.136019228,4.401077397
2/23/19,Rio Cupeyes,upstream,2019-02-23T08:04:00Z,8.43,8.826690278,860.1867205,0.02396,0.041102452,21.695,421.76,0.13634785,4.40008187
2/23/19,Rio Cupeyes,downstream,2019-02-23T08:04:00Z,8.29,8.838421474,860.2160602,0.02396,0.041102452,21.607,421.76,0.13634785,4.40008187
2/23/19,Rio Cupeyes,upstream,2019-02-23T08:19:00Z,8.46,8.825237868,983.8675496,0.02472,0.041814474,21.731,464.23,0.137717149,4.395961778
2/23/19,Rio Cupeyes,downstream,2019-02-23T08:19:00Z,8.33,8.835876241,983.898456,0.02472,0.041814474,21.651,464.23,0.137717149,4.395961778
2/23/19,Rio Cupeyes,upstream,2019-02-23T08:34:00Z,8.46,8.825893095,1102.731993,0.02502,0.042092817,21.74,444.08,0.138249781,4.394371228
2/23/19,Rio Cupeyes,downstream,2019-02-23T08:34:00Z,8.34,8.832798169,1102.764405,0.02502,0.042092817,21.688,444.08,0.138249781,4.394371228
2/23/19,Rio Cupeyes,upstream,2019-02-23T08:49:00Z,8.47,8.817005874,1216.270971,0.02606,0.043046308,21.81,580.74,0.140063291,4.389005543
2/23/19,Rio Cupeyes,downstream,2019-02-23T08:49:00Z,8.35,8.827589519,1216.304822,0.02606,0.043046308,21.73,580.74,0.140063291,4.389005543
2/23/19,Rio Cupeyes,upstream,2019-02-23T09:04:00Z,8.49,8.811922252,1323.998216,0.02555,0.042580914,21.857,628.09,0.139180247,4.391608677
2/23/19,Rio Cupeyes,downstream,2019-02-23T09:04:00Z,8.39,8.82194439,1324.03343,0.02555,0.042580914,21.781,628.09,0.139180247,4.391608677
2/23/19,Rio Cupeyes,upstream,2019-02-23T09:19:00Z,8.49,8.804642476,1425.452345,0.02717,0.04404527,21.904,1453.37,0.141945359,4.383516771
2/23/19,Rio Cupeyes,downstream,2019-02-23T09:19:00Z,8.38,8.813973572,1425.488845,0.02717,0.04404527,21.833,1453.37,0.141945359,4.383516771
2/23/19,Rio Cupeyes,upstream,2019-02-23T09:34:00Z,8.49,8.793078247,1520.198848,0.02617,0.043146148,21.967,1208.39,0.140252207,4.388450964
2/23/19,Rio Cupeyes,downstream,2019-02-23T09:34:00Z,8.42,8.79765219,1520.236548,0.02617,0.043146148,21.932,1208.39,0.140252207,4.388450964
2/23/19,Rio Cupeyes,upstream,2019-02-23T09:49:00Z,8.47,8.787408493,1607.831937,0.02622,0.043191467,22.002,795.51,0.1403379,4.388199676
2/23/19,Rio Cupeyes,downstream,2019-02-23T09:49:00Z,8.4,8.785976664,1607.870747,0.02622,0.043191467,22.013,795.51,0.1403379,4.388199676
2/23/19,Rio Cupeyes,upstream,2019-02-23T10:04:00Z,8.49,8.780903609,1687.976293,0.02592,0.042918964,22.035,2354.59,0.139822065,4.389714868
2/23/19,Rio Cupeyes,downstream,2019-02-23T10:04:00Z,8.39,8.779215542,1688.016118,0.02592,0.042918964,22.048,2354.59,0.139822065,4.389714868
2/23/19,Rio Cupeyes,upstream,2019-02-23T10:19:00Z,8.5,8.76995019,1760.288668,0.02571,0.042727366,22.111,782.09,0.139458561,4.390786289
2/23/19,Rio Cupeyes,downstream,2019-02-23T10:19:00Z,8.41,8.767754441,1760.329409,0.02571,0.042727366,22.128,782.09,0.139458561,4.390786289
2/23/19,Rio Cupeyes,upstream,2019-02-23T10:34:00Z,8.47,8.765377518,1824.459358,0.02305,0.040236388,22.155,996.44,0.134668869,4.405195975
2/23/19,Rio Cupeyes,downstream,2019-02-23T10:34:00Z,8.37,8.76963467,1824.500912,0.02305,0.040236388,22.122,996.44,0.134668869,4.405195975
2/23/19,Rio Cupeyes,upstream,2019-02-23T10:49:00Z,8.47,8.743470685,1880.213527,0.02429,0.041412849,22.3,2313.08,0.13694599,4.398276583
2/23/19,Rio Cupeyes,downstream,2019-02-23T10:49:00Z,8.38,8.735450364,1880.255788,0.02429,0.041412849,22.363,2313.08,0.13694599,4.398276583
2/23/19,Rio Cupeyes,upstream,2019-02-23T11:04:00Z,8.47,8.725764168,1927.312389,0.02456,0.041665402,22.422,2402.45,0.137431279,4.39681822
2/23/19,Rio Cupeyes,downstream,2019-02-23T11:04:00Z,8.38,8.717936961,1927.355246,0.02456,0.041665402,22.484,2402.45,0.137431279,4.39681822
2/23/19,Rio Cupeyes,upstream,2019-02-23T11:19:00Z,8.48,8.706810011,1965.554222,0.02493,0.042009473,22.555,2526.01,0.138090449,4.394846321
2/23/19,Rio Cupeyes,downstream,2019-02-23T11:19:00Z,8.39,8.699179119,1965.597564,0.02493,0.042009473,22.616,2526.01,0.138090449,4.394846321
2/23/19,Rio Cupeyes,upstream,2019-02-23T11:34:00Z,8.48,8.691472529,1994.775242,0.024,0.041140178,22.669,2292.59,0.136420649,4.399861688
2/23/19,Rio Cupeyes,downstream,2019-02-23T11:34:00Z,8.38,8.684025075,1994.818954,0.024,0.041140178,22.729,2292.59,0.136420649,4.399861688
2/23/19,Rio Cupeyes,upstream,2019-02-23T11:49:00Z,8.44,8.693109663,2014.850297,0.02353,0.040695092,22.647,1162.59,0.135559991,4.402473027
2/23/19,Rio Cupeyes,downstream,2019-02-23T11:49:00Z,8.37,8.698348574,2014.894263,0.02353,0.040695092,22.605,1162.59,0.135559991,4.402473027
2/23/19,Rio Cupeyes,upstream,2019-02-23T12:04:00Z,8.41,8.694889238,2025.693406,0.0235,0.040666547,22.618,780.58,0.13550466,4.402641528
2/23/19,Rio Cupeyes,downstream,2019-02-23T12:04:00Z,8.32,8.706782789,2025.737509,0.0235,0.040666547,22.523,780.58,0.13550466,4.402641528
2/23/19,Rio Cupeyes,upstream,2019-02-23T12:19:00Z,8.37,8.698042555,2027.258128,0.0237,0.040856538,22.581,502.3,0.135872631,4.401522348
2/23/19,Rio Cupeyes,downstream,2019-02-23T12:19:00Z,8.28,8.708958098,2027.302251,0.0237,0.040856538,22.494,502.3,0.135872631,4.401522348
2/23/19,Rio Cupeyes,upstream,2019-02-23T12:34:00Z,8.32,8.702386007,2019.53776,0.02284,0.040034355,22.539,322.9,0.134275032,4.406405683
2/23/19,Rio Cupeyes,downstream,2019-02-23T12:34:00Z,8.2,8.711944605,2019.581785,0.02284,0.040034355,22.463,322.9,0.134275032,4.406405683
2/23/19,Rio Cupeyes,upstream,2019-02-23T12:49:00Z,8.3,8.703387432,2002.565363,0.02297,0.040159521,22.512,407.31,0.134519125,4.405655472
2/23/19,Rio Cupeyes,downstream,2019-02-23T12:49:00Z,8.16,8.712204545,2002.609173,0.02297,0.040159521,22.442,407.31,0.134519125,4.405655472
2/23/19,Rio Cupeyes,upstream,2019-02-23T13:04:00Z,8.32,8.701684322,1976.413626,0.0214,0.038625806,22.508,432.73,0.131505804,4.415022777
2/23/19,Rio Cupeyes,downstream,2019-02-23T13:04:00Z,8.19,8.709492761,1976.457105,0.0214,0.038625806,22.446,432.73,0.131505804,4.415022777
2/23/19,Rio Cupeyes,upstream,2019-02-23T13:19:00Z,8.31,8.699730947,1941.194551,0.02144,0.038665498,22.506,281.54,0.131584412,4.414775444
2/23/19,Rio Cupeyes,downstream,2019-02-23T13:19:00Z,8.16,8.709938956,1941.237583,0.02144,0.038665498,22.425,281.54,0.131584412,4.414775444
2/23/19,Rio Cupeyes,upstream,2019-02-23T13:34:00Z,8.29,8.700011466,1897.058973,0.02071,0.037935781,22.495,337.32,0.13013381,4.419365883
2/23/19,Rio Cupeyes,downstream,2019-02-23T13:34:00Z,8.14,8.711744552,1897.101446,0.02071,0.037935781,22.402,337.32,0.13013381,4.419365883
2/23/19,Rio Cupeyes,upstream,2019-02-23T13:49:00Z,8.32,8.698907901,1844.195916,0.0209,0.038126807,22.495,461.94,0.130514669,4.418155255
2/23/19,Rio Cupeyes,downstream,2019-02-23T13:49:00Z,8.2,8.709501608,1844.23772,0.0209,0.038126807,22.411,461.94,0.130514669,4.418155255
2/23/19,Rio Cupeyes,upstream,2019-02-23T14:04:00Z,8.3,8.698115304,1782.831783,0.01974,0.036947998,22.494,263.5,0.128151473,4.425730324
2/23/19,Rio Cupeyes,downstream,2019-02-23T14:04:00Z,8.18,8.708835644,1782.87281,0.01974,0.036947998,22.409,263.5,0.128151473,4.425730324
2/23/19,Rio Cupeyes,upstream,2019-02-23T14:19:00Z,8.3,8.69575576,1713.229386,0.02047,0.037693355,22.504,404.21,0.129649314,4.420911554
2/23/19,Rio Cupeyes,downstream,2019-02-23T14:19:00Z,8.17,8.709124255,1713.269531,0.02047,0.037693355,22.398,404.21,0.129649314,4.420911554
2/23/19,Rio Cupeyes,upstream,2019-02-23T14:34:00Z,8.34,8.69205643,1635.686818,0.02098,0.038207005,22.532,676.66,0.130674326,4.417648905
2/23/19,Rio Cupeyes,downstream,2019-02-23T14:34:00Z,8.24,8.704894149,1635.725981,0.02098,0.038207005,22.43,676.66,0.130674326,4.417648905
2/23/19,Rio Cupeyes,upstream,2019-02-23T14:49:00Z,8.34,8.686719549,1550.536182,0.02036,0.037581815,22.557,646.86,0.129425962,4.421626235
2/23/19,Rio Cupeyes,downstream,2019-02-23T14:49:00Z,8.27,8.697769767,1550.574266,0.02036,0.037581815,22.469,646.86,0.129425962,4.421626235
2/23/19,Rio Cupeyes,upstream,2019-02-23T15:04:00Z,8.3,8.686376538,1458.142164,0.02053,0.037754081,22.548,388.89,0.129770799,4.420523393
2/23/19,Rio Cupeyes,downstream,2019-02-23T15:04:00Z,8.21,8.69907145,1458.179078,0.02053,0.037754081,22.447,388.89,0.129770799,4.420523393
2/23/19,Rio Cupeyes,upstream,2019-02-23T15:19:00Z,8.26,8.690452667,1358.900471,0.02074,0.037965996,22.536,200.88,0.130194103,4.419173973
2/23/19,Rio Cupeyes,downstream,2019-02-23T15:19:00Z,8.12,8.704296381,1358.936128,0.02074,0.037965996,22.426,200.88,0.130194103,4.419173973
2/23/19,Rio Cupeyes,upstream,2019-02-23T15:34:00Z,8.25,8.691205115,1253.23614,0.02003,0.037245559,22.53,191.42,0.128750943,4.423794386
2/23/19,Rio Cupeyes,downstream,2019-02-23T15:34:00Z,8.09,8.704675387,1253.270458,0.02003,0.037245559,22.423,191.42,0.128750943,4.423794386
2/23/19,Rio Cupeyes,upstream,2019-02-23T15:49:00Z,8.25,8.692181859,1141.601715,0.02113,0.038357006,22.531,186.03,0.130972571,4.416704836
2/23/19,Rio Cupeyes,downstream,2019-02-23T15:49:00Z,8.1,8.705399402,1141.634619,0.02113,0.038357006,22.426,186.03,0.130972571,4.416704836
2/23/19,Rio Cupeyes,upstream,2019-02-23T16:04:00Z,8.24,8.692181859,1024.475308,0.01989,0.037102153,22.531,139.59,0.128462286,4.424725346
2/23/19,Rio Cupeyes,downstream,2019-02-23T16:04:00Z,8.11,8.704894149,1024.506728,0.01989,0.037102153,22.43,139.59,0.128462286,4.424725346
2/23/19,Rio Cupeyes,upstream,2019-02-23T16:19:00Z,8.24,8.693159696,902.3585533,0.02038,0.037602115,22.532,170.9,0.129466632,4.421495998
2/23/19,Rio Cupeyes,downstream,2019-02-23T16:19:00Z,8.08,8.706250866,902.3884272,0.02038,0.037602115,22.428,170.9,0.129466632,4.421495998
2/23/19,Rio Cupeyes,upstream,2019-02-23T16:34:00Z,8.24,8.694821184,775.7744593,0.02087,0.038096697,22.529,149.97,0.13045469,4.418345652
2/23/19,Rio Cupeyes,downstream,2019-02-23T16:34:00Z,8.07,8.707916001,775.8027297,0.02087,0.038096697,22.425,149.97,0.13045469,4.418345652
2/23/19,Rio Cupeyes,upstream,2019-02-23T16:49:00Z,8.24,8.695991375,645.2651662,0.02102,0.038247052,22.527,293.51,0.130753999,4.417396475
2/23/19,Rio Cupeyes,downstream,2019-02-23T16:49:00Z,8.1,8.709215056,645.2917835,0.02102,0.038247052,22.422,293.51,0.130753999,4.417396475
2/23/19,Rio Cupeyes,upstream,2019-02-23T17:04:00Z,8.24,8.696107439,511.3896262,0.02089,0.038116773,22.529,126.87,0.130494682,4.41821869
2/23/19,Rio Cupeyes,downstream,2019-02-23T17:04:00Z,8.1,8.710088009,511.4145476,0.02089,0.038116773,22.418,126.87,0.130494682,4.41821869
2/23/19,Rio Cupeyes,upstream,2019-02-23T17:19:00Z,8.23,8.698600186,374.7212085,0.02142,0.038645656,22.515,45.96,0.13154512,4.414899051
2/23/19,Rio Cupeyes,downstream,2019-02-23T17:19:00Z,8.06,8.713987235,374.7443988,0.02142,0.038645656,22.393,45.96,0.13154512,4.414899051
2/23/19,Rio Cupeyes,upstream,2019-02-23T17:34:00Z,8.21,8.703570446,235.8452445,0.02104,0.038267063,22.493,13.84,0.130793797,4.417270446
2/23/19,Rio Cupeyes,downstream,2019-02-23T17:34:00Z,8.03,8.71872878,235.8666756,0.02104,0.038267063,22.373,13.84,0.130793797,4.417270446
2/23/19,Rio Cupeyes,upstream,2019-02-23T17:49:00Z,8.21,8.706688142,95.35652002,0.02128,0.038506529,22.477,8.41,0.13126938,4.415767644
2/23/19,Rio Cupeyes,downstream,2019-02-23T17:49:00Z,8.02,8.721229124,95.37617154,0.02128,0.038506529,22.362,8.41,0.13126938,4.415767644
2/23/19,Rio Cupeyes,upstream,2019-02-23T18:04:00Z,8.22,8.711985616,0,0.02123,0.038456741,22.435,0.16,0.131170602,4.416079283
2/23/19,Rio Cupeyes,downstream,2019-02-23T18:04:00Z,8.01,8.724786731,0,0.02123,0.038456741,22.334,0.16,0.131170602,4.416079283
2/23/19,Rio Cupeyes,upstream,2019-02-23T18:19:00Z,8.22,8.717044885,0,0.02128,0.038506529,22.395,0,0.13126938,4.415767644
2/23/19,Rio Cupeyes,downstream,2019-02-23T18:19:00Z,8.01,8.728988293,0,0.02128,0.038506529,22.301,0,0.13126938,4.415767644
2/23/19,Rio Cupeyes,upstream,2019-02-23T18:34:00Z,8.23,8.721571152,0,0.02051,0.037733848,22.368,0,0.129730331,4.42065265
2/23/19,Rio Cupeyes,downstream,2019-02-23T18:34:00Z,8.02,8.734686873,0,0.02051,0.037733848,22.265,0,0.129730331,4.42065265
2/23/19,Rio Cupeyes,upstream,2019-02-23T18:49:00Z,8.23,8.726272102,0,0.02078,0.038006251,22.331,0,0.130274402,4.418918537
2/23/19,Rio Cupeyes,downstream,2019-02-23T18:49:00Z,8.02,8.739676922,0,0.02078,0.038006251,22.226,0,0.130274402,4.418918537
2/23/19,Rio Cupeyes,upstream,2019-02-23T19:04:00Z,8.24,8.732854341,0,0.02155,0.03877448,22.288,0,0.13180007,4.41409772
2/23/19,Rio Cupeyes,downstream,2019-02-23T19:04:00Z,8.03,8.744372545,0,0.02155,0.03877448,22.198,0,0.13180007,4.41409772
2/23/19,Rio Cupeyes,upstream,2019-02-23T19:19:00Z,8.24,8.739616688,0,0.0215,0.038724974,22.261,0,0.131702137,4.414405333
2/23/19,Rio Cupeyes,downstream,2019-02-23T19:19:00Z,8.03,8.751158188,0,0.0215,0.038724974,22.171,0,0.131702137,4.414405333
2/23/19,Rio Cupeyes,upstream,2019-02-23T19:34:00Z,8.25,8.747410723,0,0.02154,0.038764583,22.226,0,0.131780496,4.414159184
2/23/19,Rio Cupeyes,downstream,2019-02-23T19:34:00Z,8.04,8.758466047,0,0.02154,0.038764583,22.14,0,0.131780496,4.414159184
2/23/19,Rio Cupeyes,upstream,2019-02-23T19:49:00Z,8.25,8.752906533,0,0.02117,0.038396925,22.209,0,0.13105186,4.41645425
2/23/19,Rio Cupeyes,downstream,2019-02-23T19:49:00Z,8.05,8.765138958,0,0.02117,0.038396925,22.114,0,0.13105186,4.41645425
2/23/19,Rio Cupeyes,upstream,2019-02-23T20:04:00Z,8.26,8.756837324,0,0.02135,0.038576144,22.187,0,0.131407404,4.415332614
2/23/19,Rio Cupeyes,downstream,2019-02-23T20:04:00Z,8.05,8.769088734,0,0.02135,0.038576144,22.092,0,0.131407404,4.415332614
2/23/19,Rio Cupeyes,upstream,2019-02-23T20:19:00Z,8.27,8.761192668,0,0.02125,0.038476662,22.136,0,0.131210132,4.415954537
2/23/19,Rio Cupeyes,downstream,2019-02-23T20:19:00Z,8.06,8.770371897,0,0.02125,0.038476662,22.065,0,0.131210132,4.415954537
2/23/19,Rio Cupeyes,upstream,2019-02-23T20:34:00Z,8.27,8.762224752,0,0.02214,0.039354796,22.128,0,0.132944187,4.410522411
2/23/19,Rio Cupeyes,downstream,2019-02-23T20:34:00Z,8.06,8.774653275,0,0.02214,0.039354796,22.032,0,0.132944187,4.410522411
2/23/19,Rio Cupeyes,upstream,2019-02-23T20:49:00Z,8.28,8.769327591,0,0.02175,0.038971989,22.093,0,0.132190266,4.412874574
2/23/19,Rio Cupeyes,downstream,2019-02-23T20:49:00Z,8.07,8.781917594,0,0.02175,0.038971989,21.996,0,0.132190266,4.412874574
2/23/19,Rio Cupeyes,upstream,2019-02-23T21:04:00Z,8.28,8.77628525,0,0.02115,0.03837697,22.045,0,0.131012228,4.416579482
2/23/19,Rio Cupeyes,downstream,2019-02-23T21:04:00Z,8.07,8.787349459,0,0.02115,0.03837697,21.96,0,0.131012228,4.416579482
2/23/19,Rio Cupeyes,upstream,2019-02-23T21:19:00Z,8.3,8.777646568,0,0.02087,0.038096697,22.026,0,0.13045469,4.418345652
2/23/19,Rio Cupeyes,downstream,2019-02-23T21:19:00Z,8.08,8.790947337,0,0.02087,0.038096697,21.924,0,0.13045469,4.418345652
2/23/19,Rio Cupeyes,upstream,2019-02-23T21:34:00Z,8.29,8.781288675,0,0.02161,0.038833819,21.998,0,0.131917387,4.413729553
2/23/19,Rio Cupeyes,downstream,2019-02-23T21:34:00Z,8.09,8.794483425,0,0.02161,0.038833819,21.897,0,0.131917387,4.413729553
2/23/19,Rio Cupeyes,upstream,2019-02-23T21:49:00Z,8.29,8.786903541,0,0.02171,0.038932553,21.962,0,0.132112423,4.413118274
2/23/19,Rio Cupeyes,downstream,2019-02-23T21:49:00Z,8.09,8.79829212,0,0.02171,0.038932553,21.875,0,0.132112423,4.413118274
2/23/19,Rio Cupeyes,upstream,2019-02-23T22:04:00Z,8.29,8.788655296,0,0.02229,0.039501221,21.95,0,0.133231751,4.409629077
2/23/19,Rio Cupeyes,downstream,2019-02-23T22:04:00Z,8.1,8.800973158,0,0.02229,0.039501221,21.856,0,0.133231751,4.409629077
2/23/19,Rio Cupeyes,upstream,2019-02-23T22:19:00Z,8.29,8.789247063,0,0.02132,0.038546321,21.937,0,0.131348288,4.415518876
2/23/19,Rio Cupeyes,downstream,2019-02-23T22:19:00Z,8.09,8.801706431,0,0.02132,0.038546321,21.842,0,0.131348288,4.415518876
2/23/19,Rio Cupeyes,upstream,2019-02-23T22:34:00Z,8.3,8.790101784,0,0.02109,0.038317053,21.922,0,0.13089318,4.416955911
2/23/19,Rio Cupeyes,downstream,2019-02-23T22:34:00Z,8.1,8.802836281,0,0.02109,0.038317053,21.825,0,0.13089318,4.416955911
2/23/19,Rio Cupeyes,upstream,2019-02-23T22:49:00Z,8.31,8.789255125,0,0.02175,0.038971989,21.92,0,0.132190266,4.412874574
2/23/19,Rio Cupeyes,downstream,2019-02-23T22:49:00Z,8.09,8.802649193,0,0.02175,0.038971989,21.818,0,0.132190266,4.412874574
2/23/19,Rio Cupeyes,upstream,2019-02-23T23:04:00Z,8.3,8.791541736,0,0.02156,0.038784375,21.911,0,0.131819638,4.414036285
2/23/19,Rio Cupeyes,downstream,2019-02-23T23:04:00Z,8.1,8.804549275,0,0.02156,0.038784375,21.812,0,0.131819638,4.414036285
2/23/19,Rio Cupeyes,upstream,2019-02-23T23:19:00Z,8.31,8.793566045,0,0.02169,0.038912822,21.904,0,0.132073465,4.413240297
2/23/19,Rio Cupeyes,downstream,2019-02-23T23:19:00Z,8.1,8.806844377,0,0.02169,0.038912822,21.803,0,0.132073465,4.413240297
2/23/19,Rio Cupeyes,upstream,2019-02-23T23:34:00Z,8.31,8.795343077,0,0.02174,0.038962133,21.882,0,0.132170815,4.412935456
2/23/19,Rio Cupeyes,downstream,2019-02-23T23:34:00Z,8.11,8.808904354,0,0.02174,0.038962133,21.779,0,0.132170815,4.412935456
2/23/19,Rio Cupeyes,upstream,2019-02-23T23:49:00Z,8.31,8.800391173,0,0.02269,0.039889533,21.852,0,0.133992211,4.407276794
2/23/19,Rio Cupeyes,downstream,2019-02-23T23:49:00Z,8.11,8.813715902,0,0.02269,0.039889533,21.751,0,0.133992211,4.407276794
3/3/19,Quebrada Prieta,NA,2019-03-03T00:07:27Z,8.52,8.402366864,0,0.00328523,0.07613663,21.9,NA,NA,NA
3/3/19,Quebrada Prieta,NA,2019-03-03T00:22:27Z,8.53,8.403940887,0,0.00345427,0.077268068,21.9,NA,NA,NA
3/3/19,Quebrada Prieta,NA,2019-03-03T00:37:27Z,8.49,8.405940594,0,0.00333276,0.076458838,21.88,NA,NA,NA
3/3/19,Quebrada Prieta,NA,2019-03-03T00:52:27Z,8.51,8.392504931,0,0.00345427,0.077268068,21.96,NA,NA,NA
3/3/19,Quebrada Prieta,NA,2019-03-03T01:07:27Z,8.49,8.389328063,0,0.00342966,0.077105813,22,NA,NA,NA
3/3/19,Quebrada Prieta,NA,2019-03-03T01:22:27Z,8.47,8.369565217,0,0.00321506,0.075654872,22.06,NA,NA,NA
3/3/19,Quebrada Prieta,NA,2019-03-03T01:37:27Z,8.46,8.367952522,0,0.00350397,0.077593271,22.08,NA,NA,NA
3/3/19,Quebrada Prieta,NA,2019-03-03T01:52:27Z,8.43,8.371400199,0,0.00355429,0.077919229,22.06,NA,NA,NA
3/3/19,Quebrada Prieta,NA,2019-03-03T02:07:27Z,8.42,8.369781312,0,0.0033809,0.076781892,22.04,NA,NA,NA
3/3/19,Quebrada Prieta,NA,2019-03-03T02:22:27Z,8.42,8.378109453,0,0.00333276,0.076458838,21.98,NA,NA,NA
3/3/19,Quebrada Prieta,NA,2019-03-03T02:37:27Z,8.43,8.37972167,0,0.00335676,0.076620305,21.96,NA,NA,NA
3/3/19,Quebrada Prieta,NA,2019-03-03T02:52:27Z,8.41,8.368159204,0,0.00347904,0.077430556,22.02,NA,NA,NA
3/3/19,Quebrada Prieta,NA,2019-03-03T03:07:27Z,8.36,8.368368368,0,0.00347904,0.077430556,22.04,NA,NA,NA
3/3/19,Quebrada Prieta,NA,2019-03-03T03:22:27Z,8.35,8.375125376,0,0.00333276,0.076458838,22,NA,NA,NA
3/3/19,Quebrada Prieta,NA,2019-03-03T03:37:27Z,8.36,8.376753507,0,0.0034052,0.076943731,21.98,NA,NA,NA
3/3/19,Quebrada Prieta,NA,2019-03-03T03:52:27Z,8.33,8.388721047,0,0.00352905,0.077756142,21.92,NA,NA,NA
3/3/19,Quebrada Prieta,NA,2019-03-03T04:07:27Z,8.29,8.390688259,0,0.00333276,0.076458838,21.88,NA,NA,NA
3/3/19,Quebrada Prieta,NA,2019-03-03T04:22:27Z,8.29,8.399189463,0,0.00335676,0.076620305,21.86,NA,NA,NA
3/3/19,Quebrada Prieta,NA,2019-03-03T04:37:27Z,8.28,8.406091371,0,0.0033809,0.076781892,21.8,NA,NA,NA
3/3/19,Quebrada Prieta,NA,2019-03-03T04:52:27Z,8.25,8.418367347,0,0.00352905,0.077756142,21.76,NA,NA,NA
3/3/19,Quebrada Prieta,NA,2019-03-03T05:07:27Z,8.16,8.429752066,0,0.00342966,0.077105813,21.7,NA,NA,NA
3/3/19,Quebrada Prieta,NA,2019-03-03T05:22:27Z,8.24,8.433981576,0,0.00328523,0.07613663,21.66,NA,NA,NA
3/3/19,Quebrada Prieta,NA,2019-03-03T05:37:27Z,8.23,8.441025641,0,0.00333276,0.076458838,21.62,NA,NA,NA
3/3/19,Quebrada Prieta,NA,2019-03-03T05:52:27Z,8.22,8.448098664,0,0.00326169,0.075975831,21.58,NA,NA,NA
3/3/19,Quebrada Prieta,NA,2019-03-03T06:07:27Z,8.2,8.453608247,0,0.0033809,0.076781892,21.54,NA,NA,NA
3/3/19,Quebrada Prieta,NA,2019-03-03T06:22:27Z,8.18,8.459152017,0,0.00326169,0.075975831,21.5,NA,NA,NA
3/3/19,Quebrada Prieta,NA,2019-03-03T06:37:27Z,8.17,8.466321244,61.13677943,0.00316902,0.075334733,21.48,NA,NA,NA
3/3/19,Quebrada Prieta,NA,2019-03-03T06:52:27Z,8.16,8.473520249,128.111221,0.00305647,0.07453805,21.44,NA,NA,NA
3/3/19,Quebrada Prieta,NA,2019-03-03T07:07:27Z,8.17,8.483904465,194.3233126,0.00316902,0.075334733,21.4,NA,NA,NA
3/3/19,Quebrada Prieta,NA,2019-03-03T07:22:27Z,8.17,8.492723493,259.489446,0.00292611,0.073588976,21.38,NA,NA,NA
3/3/19,Quebrada Prieta,NA,2019-03-03T07:37:27Z,8.18,8.494288681,323.3304934,0.00312357,0.075015459,21.36,NA,NA,NA
3/3/19,Quebrada Prieta,NA,2019-03-03T07:52:27Z,8.2,8.497409326,385.5730023,0.00316902,0.075334733,21.34,NA,NA,NA
3/3/19,Quebrada Prieta,NA,2019-03-03T08:07:27Z,8.2,8.506224066,445.9503674,0.0028628,0.073117253,21.3,NA,NA,NA
3/3/19,Quebrada Prieta,NA,2019-03-03T08:22:27Z,8.2,8.506224066,504.2039722,0.0032383,0.075815243,21.28,NA,NA,NA
3/3/19,Quebrada Prieta,NA,2019-03-03T08:37:27Z,8.2,8.515057113,560.0842971,0.0030787,0.074697027,21.26,NA,NA,NA
3/3/19,Quebrada Prieta,NA,2019-03-03T08:52:27Z,8.21,8.51659751,613.3519876,0.00310106,0.074856117,21.24,NA,NA,NA
3/3/19,Quebrada Prieta,NA,2019-03-03T09:07:27Z,8.21,8.51659751,663.7788803,0.00328523,0.07613663,21.22,NA,NA,NA
3/3/19,Quebrada Prieta,NA,2019-03-03T09:22:27Z,8.22,8.518134715,711.1489795,0.00319197,0.075494723,21.2,NA,NA,NA
3/3/19,Quebrada Prieta,NA,2019-03-03T09:37:27Z,8.22,8.526970954,755.2593827,0.00299066,0.074062577,21.18,NA,NA,NA
3/3/19,Quebrada Prieta,NA,2019-03-03T09:52:27Z,8.23,8.528497409,795.9211499,0.00310106,0.074856117,21.18,NA,NA,NA
3/3/19,Quebrada Prieta,NA,2019-03-03T10:07:27Z,8.22,8.526970954,832.9601126,0.00310106,0.074856117,21.16,NA,NA,NA
3/3/19,Quebrada Prieta,NA,2019-03-03T10:22:27Z,8.21,8.51659751,866.2176197,0.0030344,0.074379408,21.16,NA,NA,NA
3/3/19,Quebrada Prieta,NA,2019-03-03T10:37:27Z,8.22,8.526970954,895.5512176,0.00312357,0.075015459,21.14,NA,NA,NA
3/3/19,Quebrada Prieta,NA,2019-03-03T10:52:27Z,8.22,8.526970954,920.8352599,0.00319197,0.075494723,21.12,NA,NA,NA
3/3/19,Quebrada Prieta,NA,2019-03-03T11:07:27Z,8.22,8.526970954,941.9614458,0.00314622,0.075174976,21.12,NA,NA,NA
3/3/19,Quebrada Prieta,NA,2019-03-03T11:22:27Z,8.24,8.530020704,958.8392838,0.00312357,0.075015459,21.1,NA,NA,NA
3/3/19,Quebrada Prieta,NA,2019-03-03T11:37:27Z,8.23,8.528497409,971.3964798,0.00326169,0.075975831,21.1,NA,NA,NA
3/3/19,Quebrada Prieta,NA,2019-03-03T11:52:27Z,8.22,8.526970954,979.5792462,0.00310106,0.074856117,21.1,NA,NA,NA
3/3/19,Quebrada Prieta,NA,2019-03-03T12:07:27Z,8.23,8.528497409,983.3525324,0.00316902,0.075334733,21.08,NA,NA,NA
3/3/19,Quebrada Prieta,NA,2019-03-03T12:22:27Z,8.23,8.537344398,982.7001755,0.0030787,0.074697027,21.08,NA,NA,NA
3/3/19,Quebrada Prieta,NA,2019-03-03T12:37:27Z,8.23,8.537344398,977.6249688,0.00316902,0.075334733,21.08,NA,NA,NA
3/3/19,Quebrada Prieta,NA,2019-03-03T12:52:27Z,8.22,8.535825545,968.1486502,0.00312357,0.075015459,21.08,NA,NA,NA
3/3/19,Quebrada Prieta,NA,2019-03-03T13:07:27Z,8.22,8.526970954,954.3118092,0.00321506,0.075654872,21.08,NA,NA,NA
3/3/19,Quebrada Prieta,NA,2019-03-03T13:22:27Z,8.23,8.528497409,936.1737126,0.00314622,0.075174976,21.08,NA,NA,NA
3/3/19,Quebrada Prieta,NA,2019-03-03T13:37:27Z,8.23,8.519668737,913.8120514,0.0030787,0.074697027,21.08,NA,NA,NA
3/3/19,Quebrada Prieta,NA,2019-03-03T13:52:27Z,8.23,8.528497409,887.3226073,0.00316902,0.075334733,21.06,NA,NA,NA
3/3/19,Quebrada Prieta,NA,2019-03-03T14:07:27Z,8.23,8.528497409,856.8188427,0.00319197,0.075494723,21.04,NA,NA,NA
3/3/19,Quebrada Prieta,NA,2019-03-03T14:22:27Z,8.23,8.528497409,822.431415,0.00310106,0.074856117,21.04,NA,NA,NA
3/3/19,Quebrada Prieta,NA,2019-03-03T14:37:27Z,8.22,8.526970954,784.3076164,0.00314622,0.075174976,21.02,NA,NA,NA
3/3/19,Quebrada Prieta,NA,2019-03-03T14:52:27Z,8.23,8.528497409,742.6107436,0.00321506,0.075654872,21.02,NA,NA,NA
3/3/19,Quebrada Prieta,NA,2019-03-03T15:07:27Z,8.24,8.530020704,697.5193978,0.00326169,0.075975831,21,NA,NA,NA
3/3/19,Quebrada Prieta,NA,2019-03-03T15:22:27Z,8.23,8.528497409,649.22672,0.00312357,0.075015459,21,NA,NA,NA
3/3/19,Quebrada Prieta,NA,2019-03-03T15:37:27Z,8.22,8.535825545,597.9395639,0.00312357,0.075015459,21,NA,NA,NA
3/3/19,Quebrada Prieta,NA,2019-03-03T15:52:27Z,8.22,8.535825545,543.8776094,0.00305647,0.07453805,21,NA,NA,NA
3/3/19,Quebrada Prieta,NA,2019-03-03T16:07:27Z,8.21,8.534303534,487.2724221,0.00305647,0.07453805,20.98,NA,NA,NA
3/3/19,Quebrada Prieta,NA,2019-03-03T16:22:27Z,8.22,8.535825545,428.3664609,0.00310106,0.074856117,20.98,NA,NA,NA
3/3/19,Quebrada Prieta,NA,2019-03-03T16:37:27Z,8.23,8.537344398,367.4120402,0.00310106,0.074856117,20.98,NA,NA,NA
3/3/19,Quebrada Prieta,NA,2019-03-03T16:52:27Z,8.21,8.534303534,304.6702484,0.0030344,0.074379408,20.98,NA,NA,NA
3/3/19,Quebrada Prieta,NA,2019-03-03T17:07:27Z,8.21,8.534303534,240.4098301,0.0030344,0.074379408,20.98,NA,NA,NA
3/3/19,Quebrada Prieta,NA,2019-03-03T17:22:27Z,8.22,8.535825545,174.9060349,0.00305647,0.07453805,20.98,NA,NA,NA
3/3/19,Quebrada Prieta,NA,2019-03-03T17:37:27Z,8.22,8.535825545,108.439438,0.00305647,0.07453805,20.96,NA,NA,NA
3/3/19,Quebrada Prieta,NA,2019-03-03T17:52:27Z,8.23,8.537344398,41.29473893,0.00301246,0.074220892,20.94,NA,NA,NA
3/3/19,Quebrada Prieta,NA,2019-03-03T18:07:27Z,8.23,8.546209761,0,0.0032383,0.075815243,20.94,NA,NA,NA
3/3/19,Quebrada Prieta,NA,2019-03-03T18:22:27Z,8.22,8.544698545,0,0.00301246,0.074220892,20.92,NA,NA,NA
3/3/19,Quebrada Prieta,NA,2019-03-03T18:37:27Z,8.22,8.55359001,0,0.00328523,0.07613663,20.9,NA,NA,NA
3/3/19,Quebrada Prieta,NA,2019-03-03T18:52:27Z,8.23,8.555093555,0,0.0032383,0.075815243,20.9,NA,NA,NA
3/3/19,Quebrada Prieta,NA,2019-03-03T19:07:27Z,8.25,8.558091286,0,0.00321506,0.075654872,20.9,NA,NA,NA
3/3/19,Quebrada Prieta,NA,2019-03-03T19:22:27Z,8.27,8.561076605,0,0.00316902,0.075334733,20.9,NA,NA,NA
3/3/19,Quebrada Prieta,NA,2019-03-03T19:37:27Z,8.28,8.562564633,0,0.00321506,0.075654872,20.9,NA,NA,NA
3/3/19,Quebrada Prieta,NA,2019-03-03T19:52:27Z,8.29,8.555211558,0,0.00316902,0.075334733,20.9,NA,NA,NA
3/3/19,Quebrada Prieta,NA,2019-03-03T20:07:27Z,8.3,8.565531476,0,0.00326169,0.075975831,20.9,NA,NA,NA
3/3/19,Quebrada Prieta,NA,2019-03-03T20:22:27Z,8.3,8.565531476,0,0.00299066,0.074062577,20.9,NA,NA,NA
3/3/19,Quebrada Prieta,NA,2019-03-03T20:37:27Z,8.34,8.562628337,0,0.00321506,0.075654872,20.92,NA,NA,NA
3/3/19,Quebrada Prieta,NA,2019-03-03T20:52:27Z,8.37,8.558282209,0,0.00326169,0.075975831,20.96,NA,NA,NA
3/3/19,Quebrada Prieta,NA,2019-03-03T21:07:27Z,8.41,8.555442523,0,0.00312357,0.075015459,21,NA,NA,NA
3/3/19,Quebrada Prieta,NA,2019-03-03T21:22:27Z,8.42,8.54822335,0,0.0032383,0.075815243,21.02,NA,NA,NA
3/3/19,Quebrada Prieta,NA,2019-03-03T21:37:27Z,8.44,8.542510121,0,0.00321506,0.075654872,21.08,NA,NA,NA
3/3/19,Quebrada Prieta,NA,2019-03-03T21:52:27Z,8.44,8.533872599,0,0.0030344,0.074379408,21.12,NA,NA,NA
3/3/19,Quebrada Prieta,NA,2019-03-03T22:07:27Z,8.45,8.518145161,0,0.00319197,0.075494723,21.22,NA,NA,NA
3/3/19,Quebrada Prieta,NA,2019-03-03T22:22:27Z,8.45,8.509566969,0,0.00328523,0.07613663,21.28,NA,NA,NA
3/3/19,Quebrada Prieta,NA,2019-03-03T22:37:27Z,8.47,8.478478478,0,0.00310106,0.074856117,21.44,NA,NA,NA
3/3/19,Quebrada Prieta,NA,2019-03-03T22:52:27Z,8.44,8.44,0,0.00310106,0.074856117,21.66,NA,NA,NA
3/3/19,Quebrada Prieta,NA,2019-03-03T23:07:27Z,8.46,8.417910448,0,0.00312357,0.075015459,21.8,NA,NA,NA
3/3/19,Quebrada Prieta,NA,2019-03-03T23:22:27Z,8.44,8.414755733,0,0.00326169,0.075975831,21.8,NA,NA,NA
3/3/19,Quebrada Prieta,NA,2019-03-03T23:37:27Z,8.44,8.406374502,0,0.00299066,0.074062577,21.84,NA,NA,NA
3/3/19,Quebrada Prieta,NA,2019-03-03T23:52:27Z,8.45,8.391261172,0,0.00319197,0.075494723,21.9,NA,NA,NA
3/5/19,Quebrada Sonadora,NA,2019-03-05T00:15:00Z,8.815,8.959556834,0,NA,0.250205128,20.485,0,NA,NA
3/5/19,Quebrada Sonadora,NA,2019-03-05T00:30:00Z,8.81,8.95722546,0,NA,0.250205128,20.48,0,NA,NA
3/5/19,Quebrada Sonadora,NA,2019-03-05T00:45:00Z,8.805,8.955612758,0,NA,0.250205128,20.47,0,NA,NA
3/5/19,Quebrada Sonadora,NA,2019-03-05T01:00:00Z,8.81,8.957194739,0,NA,0.250205128,20.455,0,NA,NA
3/5/19,Quebrada Sonadora,NA,2019-03-05T01:15:00Z,8.81,8.958116165,0,NA,0.250205128,20.445,0,NA,NA
3/5/19,Quebrada Sonadora,NA,2019-03-05T01:30:00Z,8.805,8.956073041,0,NA,0.250205128,20.44,0,NA,NA
3/5/19,Quebrada Sonadora,NA,2019-03-05T01:45:00Z,8.8,8.954865334,0,NA,0.250205128,20.43,0,NA,NA
3/5/19,Quebrada Sonadora,NA,2019-03-05T02:00:00Z,8.8,8.956624582,0,NA,0.250205128,20.415,0,NA,NA
3/5/19,Quebrada Sonadora,NA,2019-03-05T02:15:00Z,8.8,8.958213072,0,NA,0.250205128,20.4,0,NA,NA
3/5/19,Quebrada Sonadora,NA,2019-03-05T02:30:00Z,8.805,8.958390052,0,NA,0.250205128,20.39,0,NA,NA
3/5/19,Quebrada Sonadora,NA,2019-03-05T02:45:00Z,8.81,8.957730057,0,NA,0.250205128,20.385,0,NA,NA
3/5/19,Quebrada Sonadora,NA,2019-03-05T03:00:00Z,8.805,8.957792824,0,NA,0.250205128,20.375,0,NA,NA
3/5/19,Quebrada Sonadora,NA,2019-03-05T03:15:00Z,8.805,8.95854756,0,NA,0.250205128,20.365,0,NA,NA
3/5/19,Quebrada Sonadora,NA,2019-03-05T03:30:00Z,8.81,8.96126193,0,NA,0.250205128,20.355,0,NA,NA
3/5/19,Quebrada Sonadora,NA,2019-03-05T03:45:00Z,8.81,8.963977483,0,NA,0.250205128,20.345,0,NA,NA
3/5/19,Quebrada Sonadora,NA,2019-03-05T04:00:00Z,8.805,8.965681425,0,NA,0.250205128,20.34,0,NA,NA
3/5/19,Quebrada Sonadora,NA,2019-03-05T04:15:00Z,8.805,8.96625763,0,NA,0.250205128,20.34,0,NA,NA
3/5/19,Quebrada Sonadora,NA,2019-03-05T04:30:00Z,8.815,8.968168281,0,NA,0.250205128,20.33,0,NA,NA
3/5/19,Quebrada Sonadora,NA,2019-03-05T04:45:00Z,8.81,8.971347852,0,NA,0.250205128,20.32,0,NA,NA
3/5/19,Quebrada Sonadora,NA,2019-03-05T05:00:00Z,8.8,8.972212322,0,NA,0.250205128,20.32,0,NA,NA
3/5/19,Quebrada Sonadora,NA,2019-03-05T05:15:00Z,8.8,8.973364948,0,NA,0.250205128,20.32,0,NA,NA
3/5/19,Quebrada Sonadora,NA,2019-03-05T05:30:00Z,8.8,8.975935084,0,NA,0.250205128,20.315,0,NA,NA
3/5/19,Quebrada Sonadora,NA,2019-03-05T05:45:00Z,8.805,8.978563266,0,NA,0.250205128,20.31,0,NA,NA
3/5/19,Quebrada Sonadora,NA,2019-03-05T06:00:00Z,8.805,8.978643883,0,NA,0.250205128,20.315,107.65,NA,NA
3/5/19,Quebrada Sonadora,NA,2019-03-05T06:15:00Z,8.8,8.977042668,0,NA,0.250205128,20.33,360.6,NA,NA
3/5/19,Quebrada Sonadora,NA,2019-03-05T06:30:00Z,8.8,8.978357932,72.23077041,NA,0.250205128,20.34,495.15,NA,NA
3/5/19,Quebrada Sonadora,NA,2019-03-05T06:45:00Z,8.805,8.980144167,214.6402838,NA,0.250205128,20.34,1318.6,NA,NA
3/5/19,Quebrada Sonadora,NA,2019-03-05T07:00:00Z,8.805,8.980720372,355.7199745,NA,0.250205128,20.34,1851.4,NA,NA
3/5/19,Quebrada Sonadora,NA,2019-03-05T07:15:00Z,8.805,8.981815161,494.8655373,NA,0.250205128,20.34,1140.95,NA,NA
3/5/19,Quebrada Sonadora,NA,2019-03-05T07:30:00Z,8.81,8.984004739,631.4809508,NA,0.250205128,20.34,672.7,NA,NA
3/5/19,Quebrada Sonadora,NA,2019-03-05T07:45:00Z,8.81,8.986943384,764.9810318,NA,0.250205128,20.34,823.4,NA,NA
3/5/19,Quebrada Sonadora,NA,2019-03-05T08:00:00Z,8.82,8.988787239,894.7939407,NA,0.250205128,20.34,3013.9,NA,NA
3/5/19,Quebrada Sonadora,NA,2019-03-05T08:15:00Z,8.825,8.989709167,1020.363632,NA,0.250205128,20.34,4908.4,NA,NA
3/5/19,Quebrada Sonadora,NA,2019-03-05T08:30:00Z,8.825,8.990596898,1141.152235,NA,0.250205128,20.345,3530.6,NA,NA
3/5/19,Quebrada Sonadora,NA,2019-03-05T08:45:00Z,8.83,8.990380121,1256.642358,NA,0.250205128,20.36,3100,NA,NA
3/5/19,Quebrada Sonadora,NA,2019-03-05T09:00:00Z,8.835,8.988000783,1366.339307,NA,0.250205128,20.38,4650,NA,NA
3/5/19,Quebrada Sonadora,NA,2019-03-05T09:15:00Z,8.835,8.986226558,1469.7732,NA,0.250205128,20.405,4047.25,NA,NA
3/5/19,Quebrada Sonadora,NA,2019-03-05T09:30:00Z,8.83,8.984630099,1566.500984,NA,0.250205128,20.43,4047.25,NA,NA
3/5/19,Quebrada Sonadora,NA,2019-03-05T09:45:00Z,8.83,8.980648884,1656.108329,NA,0.250205128,20.46,6975.05,NA,NA
3/5/19,Quebrada Sonadora,NA,2019-03-05T10:00:00Z,8.83,8.976532452,1738.211406,NA,0.250205128,20.495,9127.85,NA,NA
3/5/19,Quebrada Sonadora,NA,2019-03-05T10:15:00Z,8.835,8.967981354,1812.458532,NA,0.250205128,20.555,11022.3,NA,NA
3/5/19,Quebrada Sonadora,NA,2019-03-05T10:30:00Z,8.83,8.954592446,1878.531671,NA,0.250205128,20.65,12400.1,NA,NA
3/5/19,Quebrada Sonadora,NA,2019-03-05T10:45:00Z,8.81,8.938973242,1936.147802,NA,0.250205128,20.75,9816.75,NA,NA
3/5/19,Quebrada Sonadora,NA,2019-03-05T11:00:00Z,8.785,8.923592384,1985.060127,NA,0.250205128,20.84,10850.1,NA,NA
3/5/19,Quebrada Sonadora,NA,2019-03-05T11:15:00Z,8.77,8.91322966,2025.059132,NA,0.250205128,20.9,11366.75,NA,NA
3/5/19,Quebrada Sonadora,NA,2019-03-05T11:30:00Z,8.765,8.905425176,2055.973483,NA,0.250205128,20.93,13088.95,NA,NA
3/5/19,Quebrada Sonadora,NA,2019-03-05T11:45:00Z,8.76,8.894952825,2077.670756,NA,0.250205128,20.985,75089.35,NA,NA
3/5/19,Quebrada Sonadora,NA,2019-03-05T12:00:00Z,8.735,8.878166412,2090.058012,NA,0.250205128,21.09,126756.35,NA,NA
3/5/19,Quebrada Sonadora,NA,2019-03-05T12:15:00Z,8.71,8.863256853,2093.082189,NA,0.250205128,21.18,86800.55,NA,NA
3/5/19,Quebrada Sonadora,NA,2019-03-05T12:30:00Z,8.696666667,8.858666331,2086.730331,NA,0.250205128,21.21,124000.8333,NA,NA
3/5/19,Quebrada Sonadora,NA,2019-03-05T12:45:00Z,8.69,8.859769475,2071.029645,NA,0.250205128,21.19666667,70726.43333,NA,NA
3/5/19,Quebrada Sonadora,NA,2019-03-05T13:00:00Z,8.685,8.86239952,2046.047381,NA,0.250205128,21.17,14811.25,NA,NA
3/5/19,Quebrada Sonadora,NA,2019-03-05T13:15:00Z,8.673333333,8.86442737,2011.890548,NA,0.250205128,21.13666667,24111.3,NA,NA
3/5/19,Quebrada Sonadora,NA,2019-03-05T13:30:00Z,8.685,8.862978605,1968.705452,NA,0.250205128,21.135,21872.4,NA,NA
3/5/19,Quebrada Sonadora,NA,2019-03-05T13:45:00Z,8.695,8.860517163,1916.677075,NA,0.250205128,21.14,7750.05,NA,NA
3/5/19,Quebrada Sonadora,NA,2019-03-05T14:00:00Z,8.675,8.860176901,1856.028274,NA,0.250205128,21.13,6888.9,NA,NA
3/5/19,Quebrada Sonadora,NA,2019-03-05T14:15:00Z,8.675,8.861043217,1787.018834,NA,0.250205128,21.11,20322.35,NA,NA
3/5/19,Quebrada Sonadora,NA,2019-03-05T14:30:00Z,8.69,8.860307098,1709.944352,NA,0.250205128,21.095,23077.95,NA,NA
3/5/19,Quebrada Sonadora,NA,2019-03-05T14:45:00Z,8.675,8.85997296,1625.13497,NA,0.250205128,21.08,35478,NA,NA
3/5/19,Quebrada Sonadora,NA,2019-03-05T15:00:00Z,8.67,8.861476054,1532.953965,NA,0.250205128,21.06,33066.85,NA,NA
3/5/19,Quebrada Sonadora,NA,2019-03-05T15:15:00Z,8.686666667,8.865753096,1433.796187,NA,0.250205128,21.03666667,9644.5,NA,NA
3/5/19,Quebrada Sonadora,NA,2019-03-05T15:30:00Z,8.685,8.866318871,1328.086373,NA,0.250205128,21.025,7922.25,NA,NA
3/5/19,Quebrada Sonadora,NA,2019-03-05T15:45:00Z,8.68,8.86965777,1216.277323,NA,0.250205128,21.01,5252.8,NA,NA
3/5/19,Quebrada Sonadora,NA,2019-03-05T16:00:00Z,8.685,8.875633906,1098.847966,NA,0.250205128,20.995,4563.95,NA,NA
3/5/19,Quebrada Sonadora,NA,2019-03-05T16:15:00Z,8.69,8.879558432,976.3013027,NA,0.250205128,20.975,3444.5,NA,NA
3/5/19,Quebrada Sonadora,NA,2019-03-05T16:30:00Z,8.68,8.882922657,849.162256,NA,0.250205128,20.95,2454.2,NA,NA
3/5/19,Quebrada Sonadora,NA,2019-03-05T16:45:00Z,8.68,8.885241929,717.9754186,NA,0.250205128,20.935,1937.5,NA,NA
3/5/19,Quebrada Sonadora,NA,2019-03-05T17:00:00Z,8.685,8.889350248,583.3027225,NA,0.250205128,20.915,1512.3,NA,NA
3/5/19,Quebrada Sonadora,NA,2019-03-05T17:15:00Z,8.69,8.895090484,445.7210313,NA,0.250205128,20.885,1054.85,NA,NA
3/5/19,Quebrada Sonadora,NA,2019-03-05T17:30:00Z,8.7,8.900897179,305.8196694,NA,0.250205128,20.855,570.5,NA,NA
3/5/19,Quebrada Sonadora,NA,2019-03-05T17:45:00Z,8.7,8.904475779,164.1978974,NA,0.250205128,20.825,226.05,NA,NA
3/5/19,Quebrada Sonadora,NA,2019-03-05T18:00:00Z,8.7,8.906670305,21.46234564,NA,0.250205128,20.8,64.6,NA,NA
3/5/19,Quebrada Sonadora,NA,2019-03-05T18:15:00Z,8.7,8.909527454,0,NA,0.250205128,20.785,5.4,NA,NA
3/5/19,Quebrada Sonadora,NA,2019-03-05T18:30:00Z,8.705,8.913592152,0,NA,0.250205128,20.77,0,NA,NA
3/5/19,Quebrada Sonadora,NA,2019-03-05T18:45:00Z,8.715,8.918669386,0,NA,0.250205128,20.745,0,NA,NA
3/5/19,Quebrada Sonadora,NA,2019-03-05T19:00:00Z,8.72,8.924040212,0,NA,0.250205128,20.72,0,NA,NA
3/5/19,Quebrada Sonadora,NA,2019-03-05T19:15:00Z,8.73,8.928575231,0,NA,0.250205128,20.705,0,NA,NA
3/5/19,Quebrada Sonadora,NA,2019-03-05T19:30:00Z,8.745,8.932806182,0,NA,0.250205128,20.695,0,NA,NA
3/5/19,Quebrada Sonadora,NA,2019-03-05T19:45:00Z,8.75,8.938055608,0,NA,0.250205128,20.675,0,NA,NA
3/5/19,Quebrada Sonadora,NA,2019-03-05T20:00:00Z,8.755,8.943733296,0,NA,0.250205128,20.65,0,NA,NA
3/5/19,Quebrada Sonadora,NA,2019-03-05T20:15:00Z,8.755,8.947936169,0,NA,0.250205128,20.635,0,NA,NA
3/5/19,Quebrada Sonadora,NA,2019-03-05T20:30:00Z,8.755,8.952222243,0,NA,0.250205128,20.615,0,NA,NA
3/5/19,Quebrada Sonadora,NA,2019-03-05T20:45:00Z,8.76,8.956512581,0,NA,0.250205128,20.595,0,NA,NA
3/5/19,Quebrada Sonadora,NA,2019-03-05T21:00:00Z,8.765,8.958343156,0,NA,0.250205128,20.585,0,NA,NA
3/5/19,Quebrada Sonadora,NA,2019-03-05T21:15:00Z,8.77,8.959887266,0,NA,0.250205128,20.575,0,NA,NA
3/5/19,Quebrada Sonadora,NA,2019-03-05T21:30:00Z,8.77,8.961029832,0,NA,0.250205128,20.565,0,NA,NA
3/5/19,Quebrada Sonadora,NA,2019-03-05T21:45:00Z,8.775,8.963892727,0,NA,0.250205128,20.545,0,NA,NA
3/5/19,Quebrada Sonadora,NA,2019-03-05T22:00:00Z,8.775,8.965493903,0,NA,0.250205128,20.525,0,NA,NA
3/5/19,Quebrada Sonadora,NA,2019-03-05T22:15:00Z,8.765,8.964167232,0,NA,0.250205128,20.515,0,NA,NA
3/5/19,Quebrada Sonadora,NA,2019-03-05T22:30:00Z,8.755,8.964912149,0,NA,0.250205128,20.505,0,NA,NA
3/5/19,Quebrada Sonadora,NA,2019-03-05T22:45:00Z,8.765,8.968044951,0,NA,0.250205128,20.49,0,NA,NA
3/5/19,Quebrada Sonadora,NA,2019-03-05T23:00:00Z,8.78,8.97092125,0,NA,0.250205128,20.47,0,NA,NA
3/5/19,Quebrada Sonadora,NA,2019-03-05T23:15:00Z,8.785,8.971296626,0,NA,0.250205128,20.455,0,NA,NA
3/5/19,Quebrada Sonadora,NA,2019-03-05T23:30:00Z,8.785,8.97250718,0,NA,0.250205128,20.445,0,NA,NA
3/5/19,Quebrada Sonadora,NA,2019-03-05T23:45:00Z,8.78,8.973833772,0,NA,0.250205128,20.435,0,NA,NA
3/5/19,Quebrada Sonadora,NA,2019-03-06T00:00:00Z,8.78,8.973461116,0,NA,0.250205128,20.43,0,NA,NA
5/10/19,Kings Creek,NA,NA,NA,NA,NA,NA,NA,NA,NA,NA,NA
5/14/19,Sycamore Creek,upstream,2019-05-14T00:09:00Z,6.55,8.482683209,0,0.024918828,0.058233464,19.148,0,0.136956193,2.305023333
5/14/19,Sycamore Creek,downstream,2019-05-14T00:09:00Z,5.03,8.491972602,0,0.024918828,0.058233464,19.086,0,0.136956193,2.305023333
5/14/19,Sycamore Creek,upstream,2019-05-14T00:24:00Z,6.62,8.489358876,0,0.024918828,0.058233464,19.111,0,0.136956193,2.305023333
5/14/19,Sycamore Creek,downstream,2019-05-14T00:24:00Z,5,8.499422949,0,0.024918828,0.058233464,19.044,0,0.136956193,2.305023333
5/14/19,Sycamore Creek,upstream,2019-05-14T00:39:00Z,6.59,8.494650603,0,0.024918828,0.058233464,19.077,0,0.136956193,2.305023333
5/14/19,Sycamore Creek,downstream,2019-05-14T00:39:00Z,5.01,8.503529683,0,0.024918828,0.058233464,19.018,0,0.136956193,2.305023333
5/14/19,Sycamore Creek,upstream,2019-05-14T00:54:00Z,6.59,8.499573477,0,0.024918828,0.058233464,19.043,0,0.136956193,2.305023333
5/14/19,Sycamore Creek,downstream,2019-05-14T00:54:00Z,5.03,8.507866978,0,0.024918828,0.058233464,18.988,0,0.136956193,2.305023333
5/14/19,Sycamore Creek,upstream,2019-05-14T01:09:00Z,6.56,8.502956188,0,0.024918828,0.058233464,19.013,0,0.136956193,2.305023333
5/14/19,Sycamore Creek,downstream,2019-05-14T01:09:00Z,4.97,8.512172601,0,0.024918828,0.058233464,18.952,0,0.136956193,2.305023333
5/14/19,Sycamore Creek,upstream,2019-05-14T01:24:00Z,6.59,8.509226801,0,0.024918828,0.058233464,18.979,0,0.136956193,2.305023333
5/14/19,Sycamore Creek,downstream,2019-05-14T01:24:00Z,5.02,8.516795252,0,0.024918828,0.058233464,18.929,0,0.136956193,2.305023333
5/14/19,Sycamore Creek,upstream,2019-05-14T01:39:00Z,6.52,8.512929596,0,0.024918828,0.058233464,18.947,0,0.136956193,2.305023333
5/14/19,Sycamore Creek,downstream,2019-05-14T01:39:00Z,5.01,8.521879941,0,0.024918828,0.058233464,18.888,0,0.136956193,2.305023333
5/14/19,Sycamore Creek,upstream,2019-05-14T01:54:00Z,6.55,8.516718107,0,0.024918828,0.058233464,18.922,0,0.136956193,2.305023333
5/14/19,Sycamore Creek,downstream,2019-05-14T01:54:00Z,5.02,8.526139062,0,0.024918828,0.058233464,18.86,0,0.136956193,2.305023333
5/14/19,Sycamore Creek,upstream,2019-05-14T02:09:00Z,6.55,8.520360622,0,0.024918828,0.058233464,18.898,0,0.136956193,2.305023333
5/14/19,Sycamore Creek,downstream,2019-05-14T02:09:00Z,5.03,8.529185832,0,0.024918828,0.058233464,18.84,0,0.136956193,2.305023333
5/14/19,Sycamore Creek,upstream,2019-05-14T02:24:00Z,6.55,8.525452038,0,0.024918828,0.058233464,18.872,0,0.136956193,2.305023333
5/14/19,Sycamore Creek,downstream,2019-05-14T02:24:00Z,5.02,8.533834201,0,0.024918828,0.058233464,18.817,0,0.136956193,2.305023333
5/14/19,Sycamore Creek,upstream,2019-05-14T02:39:00Z,6.57,8.52796667,0,0.024918828,0.058233464,18.848,0,0.136956193,2.305023333
5/14/19,Sycamore Creek,downstream,2019-05-14T02:39:00Z,5.06,8.534068545,0,0.024918828,0.058233464,18.808,0,0.136956193,2.305023333
5/14/19,Sycamore Creek,upstream,2019-05-14T02:54:00Z,6.56,8.533071002,0,0.024918828,0.058233464,18.822,0,0.136956193,2.305023333
5/14/19,Sycamore Creek,downstream,2019-05-14T02:54:00Z,5.07,8.537959574,0,0.024918828,0.058233464,18.79,0,0.136956193,2.305023333
5/14/19,Sycamore Creek,upstream,2019-05-14T03:09:00Z,6.55,8.53673652,0,0.027467345,0.060311021,18.798,0,0.142812418,2.249588382
5/14/19,Sycamore Creek,downstream,2019-05-14T03:09:00Z,5.09,8.541785536,0,0.027467345,0.060311021,18.765,0,0.142812418,2.249588382
5/14/19,Sycamore Creek,upstream,2019-05-14T03:24:00Z,6.52,8.541241789,0,0.027467345,0.060311021,18.776,0,0.142812418,2.249588382
5/14/19,Sycamore Creek,downstream,2019-05-14T03:24:00Z,5.08,8.546144744,0,0.027467345,0.060311021,18.744,0,0.142812418,2.249588382
5/14/19,Sycamore Creek,upstream,2019-05-14T03:39:00Z,6.58,8.546212109,0,0.027467345,0.060311021,18.751,0,0.142812418,2.249588382
5/14/19,Sycamore Creek,downstream,2019-05-14T03:39:00Z,5.11,8.549740882,0,0.027467345,0.060311021,18.728,0,0.142812418,2.249588382
5/14/19,Sycamore Creek,upstream,2019-05-14T03:54:00Z,6.56,8.55103544,0,0.027467345,0.060311021,18.727,0,0.142812418,2.249588382
5/14/19,Sycamore Creek,downstream,2019-05-14T03:54:00Z,5.11,8.555031133,0,0.027467345,0.060311021,18.701,0,0.142812418,2.249588382
5/14/19,Sycamore Creek,upstream,2019-05-14T04:09:00Z,6.59,8.553582224,0,0.027467345,0.060311021,18.703,0,0.142812418,2.249588382
5/14/19,Sycamore Creek,downstream,2019-05-14T04:09:00Z,5.13,8.555889891,0,0.027467345,0.060311021,18.688,0,0.142812418,2.249588382
5/14/19,Sycamore Creek,upstream,2019-05-14T04:24:00Z,6.6,8.559341403,0,0.027184176,0.060086444,18.673,0,0.142177462,2.255423939
5/14/19,Sycamore Creek,downstream,2019-05-14T04:24:00Z,5.14,8.560420141,0,0.027184176,0.060086444,18.666,0,0.142177462,2.255423939
5/14/19,Sycamore Creek,upstream,2019-05-14T04:39:00Z,6.63,8.564955572,0,0.027184176,0.060086444,18.644,0,0.142177462,2.255423939
5/14/19,Sycamore Creek,downstream,2019-05-14T04:39:00Z,5.14,8.563875272,0,0.027184176,0.060086444,18.651,0,0.142177462,2.255423939
5/14/19,Sycamore Creek,upstream,2019-05-14T04:54:00Z,6.62,8.569959991,0,0.027184176,0.060086444,18.619,1.98,0.142177462,2.255423939
5/14/19,Sycamore Creek,downstream,2019-05-14T04:54:00Z,5.17,8.568414328,0,0.027184176,0.060086444,18.629,1.98,0.142177462,2.255423939
5/14/19,Sycamore Creek,upstream,2019-05-14T05:09:00Z,6.65,8.575268627,23.67619495,0.030015861,0.062268581,18.597,15.21,0.148366431,2.200237324
5/14/19,Sycamore Creek,downstream,2019-05-14T05:09:00Z,5.21,8.57201897,23.66413029,0.030015861,0.062268581,18.618,15.21,0.148366431,2.200237324
5/14/19,Sycamore Creek,upstream,2019-05-14T05:24:00Z,6.65,8.57896081,142.2093234,0.029732693,0.062056461,18.583,40.16,0.147762941,2.205457378
5/14/19,Sycamore Creek,downstream,2019-05-14T05:24:00Z,5.26,8.575553185,142.1983826,0.029732693,0.062056461,18.605,40.16,0.147762941,2.205457378
5/14/19,Sycamore Creek,upstream,2019-05-14T05:39:00Z,6.73,8.581867783,261.84671,0.029732693,0.062056461,18.579,106.84,0.147762941,2.205457378
5/14/19,Sycamore Creek,downstream,2019-05-14T05:39:00Z,5.4,8.578149074,261.8369036,0.029732693,0.062056461,18.603,106.84,0.147762941,2.205457378
5/14/19,Sycamore Creek,upstream,2019-05-14T05:54:00Z,6.89,8.580007736,382.0760429,0.029732693,0.062056461,18.591,195.89,0.147762941,2.205457378
5/14/19,Sycamore Creek,downstream,2019-05-14T05:54:00Z,5.5,8.575518335,382.0673765,0.029732693,0.062056461,18.62,195.89,0.147762941,2.205457378
5/14/19,Sycamore Creek,upstream,2019-05-14T06:09:00Z,7.03,8.574032518,502.3824752,0.029732693,0.062056461,18.637,308.63,0.147762941,2.205457378
5/14/19,Sycamore Creek,downstream,2019-05-14T06:09:00Z,5.7,8.569864044,502.3749494,0.029732693,0.062056461,18.664,308.63,0.147762941,2.205457378
5/14/19,Sycamore Creek,upstream,2019-05-14T06:24:00Z,7.15,8.561459424,622.2508302,0.029732693,0.062056461,18.726,432,0.147762941,2.205457378
5/14/19,Sycamore Creek,downstream,2019-05-14T06:24:00Z,5.92,8.55946241,622.244441,0.029732693,0.062056461,18.739,432,0.147762941,2.205457378
5/14/19,Sycamore Creek,upstream,2019-05-14T06:39:00Z,7.32,8.544604113,741.1678073,0.029732693,0.062056461,18.851,545.02,0.147762941,2.205457378
5/14/19,Sycamore Creek,downstream,2019-05-14T06:39:00Z,6.24,8.544299104,741.1625456,0.029732693,0.062056461,18.853,545.02,0.147762941,2.205457378
5/14/19,Sycamore Creek,upstream,2019-05-14T06:54:00Z,7.52,8.518290052,858.6241801,0.032564378,0.064122446,19.032,653.94,0.153657654,2.155864861
5/14/19,Sycamore Creek,downstream,2019-05-14T06:54:00Z,6.56,8.521761347,858.6200321,0.032564378,0.064122446,19.009,653.94,0.153657654,2.155864861
5/14/19,Sycamore Creek,upstream,2019-05-14T07:09:00Z,7.72,8.484686643,974.116977,0.032564378,0.064122446,19.264,763.98,0.153657654,2.155864861
5/14/19,Sycamore Creek,downstream,2019-05-14T07:09:00Z,6.9,8.492727998,974.1139241,0.032564378,0.064122446,19.21,763.98,0.153657654,2.155864861
5/14/19,Sycamore Creek,upstream,2019-05-14T07:24:00Z,7.92,8.44324098,1087.151635,0.032564378,0.064122446,19.553,871.17,0.153657654,2.155864861
5/14/19,Sycamore Creek,downstream,2019-05-14T07:24:00Z,7.36,8.463330644,1087.149654,0.032564378,0.064122446,19.416,871.17,0.153657654,2.155864861
5/14/19,Sycamore Creek,upstream,2019-05-14T07:39:00Z,8.14,8.398288165,1197.244117,0.032564378,0.064122446,19.856,979.37,0.153657654,2.155864861
5/14/19,Sycamore Creek,downstream,2019-05-14T07:39:00Z,7.67,8.425089134,1197.24318,0.032564378,0.064122446,19.67,979.37,0.153657654,2.155864861
5/14/19,Sycamore Creek,upstream,2019-05-14T07:54:00Z,8.23,8.354733584,1303.922986,0.032564378,0.064122446,20.171,1081.9,0.153657654,2.155864861
5/14/19,Sycamore Creek,downstream,2019-05-14T07:54:00Z,8.11,8.388127317,1303.92306,0.032564378,0.064122446,19.935,1081.9,0.153657654,2.155864861
5/14/19,Sycamore Creek,upstream,2019-05-14T08:09:00Z,8.36,8.308177317,1406.731423,0.035396063,0.066076414,20.506,1183.63,0.159266865,2.111390148
5/14/19,Sycamore Creek,downstream,2019-05-14T08:09:00Z,8.28,8.344364559,1406.732472,0.035396063,0.066076414,20.245,1183.63,0.159266865,2.111390148
5/14/19,Sycamore Creek,upstream,2019-05-14T08:24:00Z,8.58,8.266814353,1505.229181,0.035396063,0.066076414,20.818,1281.83,0.159266865,2.111390148
5/14/19,Sycamore Creek,downstream,2019-05-14T08:24:00Z,8.74,8.301336686,1505.231164,0.035396063,0.066076414,20.564,1281.83,0.159266865,2.111390148
5/14/19,Sycamore Creek,upstream,2019-05-14T08:39:00Z,8.74,8.223711879,1598.994476,0.035396063,0.066076414,21.141,1378.43,0.159266865,2.111390148
5/14/19,Sycamore Creek,downstream,2019-05-14T08:39:00Z,9.21,8.257263627,1598.997348,0.035396063,0.066076414,20.889,1378.43,0.159266865,2.111390148
5/14/19,Sycamore Creek,upstream,2019-05-14T08:54:00Z,8.96,8.179368862,1687.625786,0.035396063,0.066076414,21.489,1463.99,0.159266865,2.111390148
5/14/19,Sycamore Creek,downstream,2019-05-14T08:54:00Z,9.4,8.2123163,1687.629498,0.035396063,0.066076414,21.236,1463.99,0.159266865,2.111390148
5/14/19,Sycamore Creek,upstream,2019-05-14T09:09:00Z,9.04,8.133176071,1770.743575,0.035396063,0.066076414,21.842,1542.94,0.159266865,2.111390148
5/14/19,Sycamore Creek,downstream,2019-05-14T09:09:00Z,9.73,8.168722207,1770.748075,0.035396063,0.066076414,21.563,1542.94,0.159266865,2.111390148
5/14/19,Sycamore Creek,upstream,2019-05-14T09:24:00Z,9.23,8.090714544,1847.991918,0.035396063,0.066076414,22.182,1624.98,0.159266865,2.111390148
5/14/19,Sycamore Creek,downstream,2019-05-14T09:24:00Z,9.96,8.126495514,1847.997151,0.035396063,0.066076414,21.895,1624.98,0.159266865,2.111390148
5/14/19,Sycamore Creek,upstream,2019-05-14T09:39:00Z,9.44,8.047247044,1919.040025,0.035396063,0.066076414,22.538,1689.8,0.159266865,2.111390148
5/14/19,Sycamore Creek,downstream,2019-05-14T09:39:00Z,10.11,8.089850119,1919.045931,0.035396063,0.066076414,22.189,1689.8,0.159266865,2.111390148
5/14/19,Sycamore Creek,upstream,2019-05-14T09:54:00Z,9.51,8.007597649,1983.583653,0.035396063,0.066076414,22.867,1747.99,0.159266865,2.111390148
5/14/19,Sycamore Creek,downstream,2019-05-14T09:54:00Z,10.31,8.052682117,1983.590171,0.035396063,0.066076414,22.49,1747.99,0.159266865,2.111390148
5/14/19,Sycamore Creek,upstream,2019-05-14T10:09:00Z,9.66,7.965244888,2041.346416,0.035396063,0.066076414,23.214,287.9,0.159266865,2.111390148
5/14/19,Sycamore Creek,downstream,2019-05-14T10:09:00Z,10.43,8.018683186,2041.353482,0.035396063,0.066076414,22.758,287.9,0.159266865,2.111390148
5/14/19,Sycamore Creek,upstream,2019-05-14T10:24:00Z,9.79,7.92609486,2092.080964,0.035396063,0.066076414,23.557,202.48,0.159266865,2.111390148
5/14/19,Sycamore Creek,downstream,2019-05-14T10:24:00Z,10.56,7.984396387,2092.088512,0.035396063,0.066076414,23.049,202.48,0.159266865,2.111390148
5/14/19,Sycamore Creek,upstream,2019-05-14T10:39:00Z,9.84,7.884765302,2135.570044,0.035396063,0.066076414,23.903,205.69,0.159266865,2.111390148
5/14/19,Sycamore Creek,downstream,2019-05-14T10:39:00Z,10.69,7.944132332,2135.578004,0.035396063,0.066076414,23.374,205.69,0.159266865,2.111390148
5/14/19,Sycamore Creek,upstream,2019-05-14T10:54:00Z,9.93,7.847143952,2171.627428,0.035112894,0.065885624,24.233,1985.8,0.158717733,2.11563417
5/14/19,Sycamore Creek,downstream,2019-05-14T10:54:00Z,10.78,7.907896468,2171.63573,0.035112894,0.065885624,23.68,1985.8,0.158717733,2.11563417
5/14/19,Sycamore Creek,upstream,2019-05-14T11:09:00Z,9.97,7.814633078,2200.098713,0.035112894,0.065885624,24.517,1973.95,0.158717733,2.11563417
5/14/19,Sycamore Creek,downstream,2019-05-14T11:09:00Z,10.77,7.87664899,2200.107285,0.035112894,0.065885624,23.942,1973.95,0.158717733,2.11563417
5/14/19,Sycamore Creek,upstream,2019-05-14T11:24:00Z,10,7.786576258,2220.861982,0.035112894,0.065885624,24.762,1992.95,0.158717733,2.11563417
5/14/19,Sycamore Creek,downstream,2019-05-14T11:24:00Z,10.73,7.847135919,2220.87075,0.035112894,0.065885624,24.191,1992.95,0.158717733,2.11563417
5/14/19,Sycamore Creek,upstream,2019-05-14T11:39:00Z,10.04,7.756962021,2233.828322,0.035112894,0.065885624,25.03,2010.49,0.158717733,2.11563417
5/14/19,Sycamore Creek,downstream,2019-05-14T11:39:00Z,10.82,7.82590275,2233.837214,0.035112894,0.065885624,24.37,2010.49,0.158717733,2.11563417
5/14/19,Sycamore Creek,upstream,2019-05-14T11:54:00Z,10.09,7.734287518,2238.942213,0.032281209,0.063921154,25.225,2020.26,0.153081678,2.160577162
5/14/19,Sycamore Creek,downstream,2019-05-14T11:54:00Z,10.73,7.803363866,2238.951153,0.032281209,0.063921154,24.555,2020.26,0.153081678,2.160577162
5/14/19,Sycamore Creek,upstream,2019-05-14T12:09:00Z,10.06,7.71132093,2236.181756,0.032281209,0.063921154,25.422,2023.7,0.153081678,2.160577162
5/14/19,Sycamore Creek,downstream,2019-05-14T12:09:00Z,10.71,7.783213254,2236.19067,0.032281209,0.063921154,24.716,2023.7,0.153081678,2.160577162
5/14/19,Sycamore Creek,upstream,2019-05-14T12:24:00Z,10.07,7.692391596,2225.558775,0.032281209,0.063921154,25.588,2017.75,0.153081678,2.160577162
5/14/19,Sycamore Creek,downstream,2019-05-14T12:24:00Z,10.66,7.767075224,2225.567588,0.032281209,0.063921154,24.847,2017.75,0.153081678,2.160577162
5/14/19,Sycamore Creek,upstream,2019-05-14T12:39:00Z,10.07,7.669923897,2207.11876,0.032281209,0.063921154,25.785,2008.66,0.153081678,2.160577162
5/14/19,Sycamore Creek,downstream,2019-05-14T12:39:00Z,10.47,7.753001604,2207.127398,0.032281209,0.063921154,24.952,2008.66,0.153081678,2.160577162
5/14/19,Sycamore Creek,upstream,2019-05-14T12:54:00Z,9.51,7.69450884,2180.940677,0.032281209,0.063921154,25.517,1984.35,0.153081678,2.160577162
5/14/19,Sycamore Creek,downstream,2019-05-14T12:54:00Z,10.42,7.748092927,2180.949067,0.032281209,0.063921154,24.984,1984.35,0.153081678,2.160577162
5/14/19,Sycamore Creek,upstream,2019-05-14T13:09:00Z,9.43,7.698421769,2147.136627,0.032281209,0.063921154,25.461,1946.29,0.153081678,2.160577162
5/14/19,Sycamore Creek,downstream,2019-05-14T13:09:00Z,10.26,7.743702757,2147.144696,0.032281209,0.063921154,25.011,1946.29,0.153081678,2.160577162
5/14/19,Sycamore Creek,upstream,2019-05-14T13:24:00Z,9.37,7.707579028,2105.851366,0.032281209,0.063921154,25.358,1904.16,0.153081678,2.160577162
5/14/19,Sycamore Creek,downstream,2019-05-14T13:24:00Z,10.14,7.742514957,2105.859044,0.032281209,0.063921154,25.012,1904.16,0.153081678,2.160577162
5/14/19,Sycamore Creek,upstream,2019-05-14T13:39:00Z,9.3,7.694088471,2057.261688,0.032281209,0.063921154,25.461,1857.21,0.153081678,2.160577162
5/14/19,Sycamore Creek,downstream,2019-05-14T13:39:00Z,9.9,7.747658345,2057.268905,0.032281209,0.063921154,24.93,1857.21,0.153081678,2.160577162
5/14/19,Sycamore Creek,upstream,2019-05-14T13:54:00Z,9.21,7.694598559,2001.575664,0.032281209,0.063921154,25.434,1797.51,0.153081678,2.160577162
5/14/19,Sycamore Creek,downstream,2019-05-14T13:54:00Z,9.67,7.752693638,2001.582353,0.032281209,0.063921154,24.86,1797.51,0.153081678,2.160577162
5/14/19,Sycamore Creek,upstream,2019-05-14T14:09:00Z,9.05,7.711528641,1939.031753,0.032281209,0.063921154,25.232,1726.36,0.153081678,2.160577162
5/14/19,Sycamore Creek,downstream,2019-05-14T14:09:00Z,9.4,7.763949035,1939.037849,0.032281209,0.063921154,24.72,1726.36,0.153081678,2.160577162
5/14/19,Sycamore Creek,upstream,2019-05-14T14:24:00Z,8.92,7.71958442,1869.897782,0.029449524,0.061843044,25.12,1665.6,0.147156166,2.210739949
5/14/19,Sycamore Creek,downstream,2019-05-14T14:24:00Z,9.03,7.787266913,1869.903223,0.029449524,0.061843044,24.467,1665.6,0.147156166,2.210739949
5/14/19,Sycamore Creek,upstream,2019-05-14T14:39:00Z,8.58,7.74263798,1794.469796,0.029449524,0.061843044,24.882,1592.34,0.147156166,2.210739949
5/14/19,Sycamore Creek,downstream,2019-05-14T14:39:00Z,8.54,7.81443307,1794.474522,0.029449524,0.061843044,24.201,1592.34,0.147156166,2.210739949
5/14/19,Sycamore Creek,upstream,2019-05-14T14:54:00Z,8.4,7.75913793,1713.070793,0.029449524,0.061843044,24.714,1518.73,0.147156166,2.210739949
5/14/19,Sycamore Creek,downstream,2019-05-14T14:54:00Z,8.11,7.838195452,1713.074747,0.029449524,0.061843044,23.974,1518.73,0.147156166,2.210739949
5/14/19,Sycamore Creek,upstream,2019-05-14T15:09:00Z,8.29,7.776543204,1626.04934,0.029449524,0.061843044,24.541,1428.11,0.147156166,2.210739949
5/14/19,Sycamore Creek,downstream,2019-05-14T15:09:00Z,7.77,7.868527494,1626.052469,0.029449524,0.061843044,23.693,1428.11,0.147156166,2.210739949
5/14/19,Sycamore Creek,upstream,2019-05-14T15:24:00Z,8.19,7.802723681,1533.77808,0.029449524,0.061843044,24.293,1317.39,0.147156166,2.210739949
5/14/19,Sycamore Creek,downstream,2019-05-14T15:24:00Z,7.38,7.901581554,1533.780333,0.029449524,0.061843044,23.398,1317.39,0.147156166,2.210739949
5/14/19,Sycamore Creek,upstream,2019-05-14T15:39:00Z,8.35,7.823255874,1436.652135,0.026901008,0.059860365,24.101,1248.56,0.141538724,2.261335979
5/14/19,Sycamore Creek,downstream,2019-05-14T15:39:00Z,7.05,7.934477762,1436.653468,0.026901008,0.059860365,23.11,1248.56,0.141538724,2.261335979
5/14/19,Sycamore Creek,upstream,2019-05-14T15:54:00Z,7.77,7.848994702,1335.087419,0.026901008,0.059860365,23.846,1131.21,0.141538724,2.261335979
5/14/19,Sycamore Creek,downstream,2019-05-14T15:54:00Z,6.85,7.954681829,1335.087789,0.026901008,0.059860365,22.918,1131.21,0.141538724,2.261335979
5/14/19,Sycamore Creek,upstream,2019-05-14T16:09:00Z,7.93,7.880120578,1229.51885,0.026901008,0.059860365,23.557,1043.48,0.141538724,2.261335979
5/14/19,Sycamore Creek,downstream,2019-05-14T16:09:00Z,6.69,7.983051184,1229.518219,0.026901008,0.059860365,22.669,1043.48,0.141538724,2.261335979
5/14/19,Sycamore Creek,upstream,2019-05-14T16:24:00Z,7.82,7.916893972,1120.398493,0.026901008,0.059860365,23.229,947.76,0.141538724,2.261335979
5/14/19,Sycamore Creek,downstream,2019-05-14T16:24:00Z,6.57,8.008212022,1120.396827,0.026901008,0.059860365,22.455,947.76,0.141538724,2.261335979
5/14/19,Sycamore Creek,upstream,2019-05-14T16:39:00Z,7.71,7.945499819,1008.193622,0.026901008,0.059860365,22.987,844,0.141538724,2.261335979
5/14/19,Sycamore Creek,downstream,2019-05-14T16:39:00Z,6.44,8.031281083,1008.190892,0.026901008,0.059860365,22.27,844,0.141538724,2.261335979
5/14/19,Sycamore Creek,upstream,2019-05-14T16:54:00Z,7.63,7.970143452,893.3847179,0.026901008,0.059860365,22.759,145.16,0.141538724,2.261335979
5/14/19,Sycamore Creek,downstream,2019-05-14T16:54:00Z,6.33,8.056199893,893.3808995,0.026901008,0.059860365,22.05,145.16,0.141538724,2.261335979
5/14/19,Sycamore Creek,upstream,2019-05-14T17:09:00Z,7.39,8.005832153,776.4634145,0.024352491,0.057753499,22.461,129.8,0.135608984,2.31830932
5/14/19,Sycamore Creek,downstream,2019-05-14T17:09:00Z,6.22,8.081071751,776.4584875,0.024352491,0.057753499,21.851,129.8,0.135608984,2.31830932
5/14/19,Sycamore Creek,upstream,2019-05-14T17:24:00Z,7.37,8.033976081,657.9303896,0.024352491,0.057753499,22.23,116.72,0.135608984,2.31830932
5/14/19,Sycamore Creek,downstream,2019-05-14T17:24:00Z,6.12,8.10664624,657.9243387,0.024352491,0.057753499,21.649,116.72,0.135608984,2.31830932
5/14/19,Sycamore Creek,upstream,2019-05-14T17:39:00Z,7.36,8.063724442,538.2932232,0.024352491,0.057753499,21.991,105.03,0.135608984,2.31830932
5/14/19,Sycamore Creek,downstream,2019-05-14T17:39:00Z,6.02,8.131964291,538.2860379,0.024352491,0.057753499,21.453,105.03,0.135608984,2.31830932
5/14/19,Sycamore Creek,upstream,2019-05-14T17:54:00Z,7.26,8.099730381,418.0642228,0.024352491,0.057753499,21.699,92.22,0.135608984,2.31830932
5/14/19,Sycamore Creek,downstream,2019-05-14T17:54:00Z,5.9,8.156020495,418.0558976,0.024352491,0.057753499,21.262,92.22,0.135608984,2.31830932
5/14/19,Sycamore Creek,upstream,2019-05-14T18:09:00Z,7.13,8.132425083,297.7582303,0.024352491,0.057753499,21.448,77.8,0.135608984,2.31830932
5/14/19,Sycamore Creek,downstream,2019-05-14T18:09:00Z,5.81,8.182736421,297.7487644,0.024352491,0.057753499,21.063,77.8,0.135608984,2.31830932
5/14/19,Sycamore Creek,upstream,2019-05-14T18:24:00Z,7.03,8.16498637,177.8904172,0.024352491,0.057753499,21.202,59.53,0.135608984,2.31830932
5/14/19,Sycamore Creek,downstream,2019-05-14T18:24:00Z,5.71,8.209653536,177.8798147,0.024352491,0.057753499,20.865,59.53,0.135608984,2.31830932
5/14/19,Sycamore Creek,upstream,2019-05-14T18:39:00Z,6.96,8.194595359,58.97407824,0.024352491,0.057753499,20.982,36.31,0.135608984,2.31830932
5/14/19,Sycamore Creek,downstream,2019-05-14T18:39:00Z,5.59,8.234600793,58.96234827,0.024352491,0.057753499,20.684,36.31,0.135608984,2.31830932
5/14/19,Sycamore Creek,upstream,2019-05-14T18:54:00Z,6.8,8.220459677,0,0.024352491,0.057753499,20.797,11.22,0.135608984,2.31830932
5/14/19,Sycamore Creek,downstream,2019-05-14T18:54:00Z,5.48,8.258746876,0,0.024352491,0.057753499,20.515,11.22,0.135608984,2.31830932
5/14/19,Sycamore Creek,upstream,2019-05-14T19:09:00Z,6.71,8.241860543,0,0.024352491,0.057753499,20.647,1.18,0.135608984,2.31830932
5/14/19,Sycamore Creek,downstream,2019-05-14T19:09:00Z,5.36,8.280377203,0,0.024352491,0.057753499,20.366,1.18,0.135608984,2.31830932
5/14/19,Sycamore Creek,upstream,2019-05-14T19:24:00Z,6.69,8.261424954,0,0.024352491,0.057753499,20.52,0,0.135608984,2.31830932
5/14/19,Sycamore Creek,downstream,2019-05-14T19:24:00Z,5.27,8.300257521,0,0.024352491,0.057753499,20.239,0,0.135608984,2.31830932
5/14/19,Sycamore Creek,upstream,2019-05-14T19:39:00Z,6.63,8.277390244,0,0.024352491,0.057753499,20.412,0,0.135608984,2.31830932
5/14/19,Sycamore Creek,downstream,2019-05-14T19:39:00Z,5.2,8.315648943,0,0.024352491,0.057753499,20.137,0,0.135608984,2.31830932
5/14/19,Sycamore Creek,upstream,2019-05-14T19:54:00Z,6.6,8.289573171,0,0.024352491,0.057753499,20.332,0,0.135608984,2.31830932
5/14/19,Sycamore Creek,downstream,2019-05-14T19:54:00Z,5.16,8.328028052,0,0.024352491,0.057753499,20.057,0,0.135608984,2.31830932
5/14/19,Sycamore Creek,upstream,2019-05-14T20:09:00Z,6.56,8.302652169,0,0.022087143,0.055758736,20.246,0,0.130033366,2.375594676
5/14/19,Sycamore Creek,downstream,2019-05-14T20:09:00Z,5.14,8.339617423,0,0.022087143,0.055758736,19.983,0,0.130033366,2.375594676
5/14/19,Sycamore Creek,upstream,2019-05-14T20:24:00Z,6.49,8.316171237,0,0.021803975,0.055500324,20.16,0,0.129313879,2.383270365
5/14/19,Sycamore Creek,downstream,2019-05-14T20:24:00Z,5.13,8.350207885,0,0.021803975,0.055500324,19.919,0,0.129313879,2.383270365
5/14/19,Sycamore Creek,upstream,2019-05-14T20:39:00Z,6.44,8.328443198,0,0.021803975,0.055500324,20.086,0,0.129313879,2.383270365
5/14/19,Sycamore Creek,downstream,2019-05-14T20:39:00Z,5.12,8.361499273,0,0.021803975,0.055500324,19.853,0,0.129313879,2.383270365
5/14/19,Sycamore Creek,upstream,2019-05-14T20:54:00Z,6.56,8.340156806,0,0.021803975,0.055500324,20.011,0,0.129313879,2.383270365
5/14/19,Sycamore Creek,downstream,2019-05-14T20:54:00Z,5.11,8.371075073,0,0.021803975,0.055500324,19.794,0,0.129313879,2.383270365
5/14/19,Sycamore Creek,upstream,2019-05-14T21:09:00Z,6.49,8.350785954,0,0.021803975,0.055500324,19.944,0,0.129313879,2.383270365
5/14/19,Sycamore Creek,downstream,2019-05-14T21:09:00Z,5.09,8.380828624,0,0.021803975,0.055500324,19.734,0,0.129313879,2.383270365
5/14/19,Sycamore Creek,upstream,2019-05-14T21:24:00Z,6.49,8.360756238,0,0.021803975,0.055500324,19.874,0,0.129313879,2.383270365
5/14/19,Sycamore Creek,downstream,2019-05-14T21:24:00Z,5.09,8.388473527,0,0.021803975,0.055500324,19.681,0,0.129313879,2.383270365
5/14/19,Sycamore Creek,upstream,2019-05-14T21:39:00Z,6.51,8.370895216,0,0.021803975,0.055500324,19.811,0,0.129313879,2.383270365
5/14/19,Sycamore Creek,downstream,2019-05-14T21:39:00Z,5.09,8.397854079,0,0.021803975,0.055500324,19.624,0,0.129313879,2.383270365
5/14/19,Sycamore Creek,upstream,2019-05-14T21:54:00Z,6.52,8.379775402,0,0.021803975,0.055500324,19.757,0,0.129313879,2.383270365
5/14/19,Sycamore Creek,downstream,2019-05-14T21:54:00Z,5.09,8.406536693,0,0.021803975,0.055500324,19.572,0,0.129313879,2.383270365
5/14/19,Sycamore Creek,upstream,2019-05-14T22:09:00Z,6.49,8.387166245,0,0.021803975,0.055500324,19.707,0,0.129313879,2.383270365
5/14/19,Sycamore Creek,downstream,2019-05-14T22:09:00Z,5.08,8.412990329,0,0.021803975,0.055500324,19.529,0,0.129313879,2.383270365
5/14/19,Sycamore Creek,upstream,2019-05-14T22:24:00Z,6.46,8.392755693,0,0.021803975,0.055500324,19.667,0,0.129313879,2.383270365
5/14/19,Sycamore Creek,downstream,2019-05-14T22:24:00Z,5.07,8.417913,0,0.021803975,0.055500324,19.494,0,0.129313879,2.383270365
5/14/19,Sycamore Creek,upstream,2019-05-14T22:39:00Z,6.47,8.396839226,0,0.021803975,0.055500324,19.631,0,0.129313879,2.383270365
5/14/19,Sycamore Creek,downstream,2019-05-14T22:39:00Z,5.07,8.421172275,0,0.021803975,0.055500324,19.464,0,0.129313879,2.383270365
5/14/19,Sycamore Creek,upstream,2019-05-14T22:54:00Z,6.43,8.400642058,0,0.021803975,0.055500324,19.597,0,0.129313879,2.383270365
5/14/19,Sycamore Creek,downstream,2019-05-14T22:54:00Z,5.06,8.424144512,0,0.021803975,0.055500324,19.436,0,0.129313879,2.383270365
5/14/19,Sycamore Creek,upstream,2019-05-14T23:09:00Z,6.41,8.40729897,0,0.021803975,0.055500324,19.559,0,0.129313879,2.383270365
5/14/19,Sycamore Creek,downstream,2019-05-14T23:09:00Z,5.05,8.430123908,0,0.021803975,0.055500324,19.403,0,0.129313879,2.383270365
5/14/19,Sycamore Creek,upstream,2019-05-14T23:24:00Z,6.47,8.412838408,0,0.021803975,0.055500324,19.521,0,0.129313879,2.383270365
5/14/19,Sycamore Creek,downstream,2019-05-14T23:24:00Z,5.05,8.434833498,0,0.021803975,0.055500324,19.371,0,0.129313879,2.383270365
5/14/19,Sycamore Creek,upstream,2019-05-14T23:39:00Z,6.49,8.419041327,0,0.021803975,0.055500324,19.485,0,0.129313879,2.383270365
5/14/19,Sycamore Creek,downstream,2019-05-14T23:39:00Z,5.05,8.439906368,0,0.021803975,0.055500324,19.343,0,0.129313879,2.383270365
5/14/19,Sycamore Creek,upstream,2019-05-14T23:54:00Z,6.47,8.423077141,0,0.021803975,0.055500324,19.451,0,0.129313879,2.383270365
5/14/19,Sycamore Creek,downstream,2019-05-14T23:54:00Z,5.06,8.443837249,0,0.021803975,0.055500324,19.31,0,0.129313879,2.383270365
5/16/19,Wet Beaver Creek,NA,2019-05-16T00:04:26Z,7.5,8.152173913,0,0.201333,0.255313811,18.28,NA,NA,NA
5/16/19,Wet Beaver Creek,NA,2019-05-16T00:19:26Z,7.51,8.154180239,0,0.201333,0.255313811,18.21,NA,NA,NA
5/16/19,Wet Beaver Creek,NA,2019-05-16T00:34:26Z,7.53,8.175895765,0,0.201333,0.255313811,18.14,NA,NA,NA
5/16/19,Wet Beaver Creek,NA,2019-05-16T00:49:26Z,7.54,8.177874187,0,0.201333,0.255313811,18.07,NA,NA,NA
5/16/19,Wet Beaver Creek,NA,2019-05-16T01:04:26Z,7.56,8.199566161,0,0.201333,0.255313811,18,NA,NA,NA
5/16/19,Wet Beaver Creek,NA,2019-05-16T01:19:26Z,7.56,8.199566161,0,0.201333,0.255313811,17.94,NA,NA,NA
5/16/19,Wet Beaver Creek,NA,2019-05-16T01:34:26Z,7.57,8.210412148,0,0.201333,0.255313811,17.88,NA,NA,NA
5/16/19,Wet Beaver Creek,NA,2019-05-16T01:49:26Z,7.58,8.221258134,0,0.201333,0.255313811,17.82,NA,NA,NA
5/16/19,Wet Beaver Creek,NA,2019-05-16T02:04:26Z,7.59,8.232104121,0,0.201333,0.255313811,17.76,NA,NA,NA
5/16/19,Wet Beaver Creek,NA,2019-05-16T02:19:26Z,7.61,8.253796095,0,0.201333,0.255313811,17.7,NA,NA,NA
5/16/19,Wet Beaver Creek,NA,2019-05-16T02:34:26Z,7.62,8.255687974,0,0.201333,0.255313811,17.64,NA,NA,NA
5/16/19,Wet Beaver Creek,NA,2019-05-16T02:49:26Z,7.63,8.257575758,0,0.201333,0.255313811,17.6,NA,NA,NA
5/16/19,Wet Beaver Creek,NA,2019-05-16T03:04:26Z,7.64,8.277356446,0,0.201333,0.255313811,17.55,NA,NA,NA
5/16/19,Wet Beaver Creek,NA,2019-05-16T03:19:26Z,7.65,8.288190683,0,0.201333,0.255313811,17.49,NA,NA,NA
5/16/19,Wet Beaver Creek,NA,2019-05-16T03:34:26Z,7.66,8.29004329,0,0.201333,0.255313811,17.44,NA,NA,NA
5/16/19,Wet Beaver Creek,NA,2019-05-16T03:49:26Z,7.67,8.300865801,0,0.201333,0.255313811,17.38,NA,NA,NA
5/16/19,Wet Beaver Creek,NA,2019-05-16T04:04:26Z,7.68,8.311688312,0,0.201333,0.255313811,17.33,NA,NA,NA
5/16/19,Wet Beaver Creek,NA,2019-05-16T04:19:26Z,7.68,8.311688312,0,0.201333,0.255313811,17.29,NA,NA,NA
5/16/19,Wet Beaver Creek,NA,2019-05-16T04:34:26Z,7.69,8.322510823,0,0.201333,0.255313811,17.25,NA,NA,NA
5/16/19,Wet Beaver Creek,NA,2019-05-16T04:49:26Z,7.7,8.324324324,0,0.201333,0.255313811,17.2,NA,NA,NA
5/16/19,Wet Beaver Creek,NA,2019-05-16T05:04:26Z,7.71,8.344155844,6.811875202,0.201333,0.255313811,17.16,NA,NA,NA
5/16/19,Wet Beaver Creek,NA,2019-05-16T05:19:26Z,7.73,8.356756757,61.89895582,0.201333,0.255313811,17.11,NA,NA,NA
5/16/19,Wet Beaver Creek,NA,2019-05-16T05:34:26Z,7.75,8.351293103,117.5732592,0.201333,0.255313811,17.07,NA,NA,NA
5/16/19,Wet Beaver Creek,NA,2019-05-16T05:49:26Z,7.81,8.370846731,173.5963828,0.201333,0.255313811,17.03,NA,NA,NA
5/16/19,Wet Beaver Creek,NA,2019-05-16T06:04:26Z,7.83,8.374331551,229.7284303,0.201333,0.255313811,16.98,NA,NA,NA
5/16/19,Wet Beaver Creek,NA,2019-05-16T06:19:26Z,7.88,8.374070138,285.7290394,0.201333,0.255313811,16.96,NA,NA,NA
5/16/19,Wet Beaver Creek,NA,2019-05-16T06:34:26Z,7.93,8.373812038,341.3584103,0.201333,0.255313811,16.97,NA,NA,NA
5/16/19,Wet Beaver Creek,NA,2019-05-16T06:49:26Z,7.96,8.361344538,396.3783333,0.201333,0.255313811,17,NA,NA,NA
5/16/19,Wet Beaver Creek,NA,2019-05-16T07:04:26Z,8.02,8.371607516,450.5532082,0.201333,0.255313811,16.99,NA,NA,NA
5/16/19,Wet Beaver Creek,NA,2019-05-16T07:19:26Z,8.04,8.36628512,503.6510537,0.201333,0.255313811,17.03,NA,NA,NA
5/16/19,Wet Beaver Creek,NA,2019-05-16T07:34:26Z,7.98,8.364779874,555.4445004,0.201333,0.255313811,17,NA,NA,NA
5/16/19,Wet Beaver Creek,NA,2019-05-16T07:49:26Z,7.96,8.370136698,605.7117645,0.201333,0.255313811,17,NA,NA,NA
5/16/19,Wet Beaver Creek,NA,2019-05-16T08:04:26Z,7.98,8.364779874,654.2375976,0.201333,0.255313811,17.01,NA,NA,NA
5/16/19,Wet Beaver Creek,NA,2019-05-16T08:19:26Z,8.01,8.361169102,700.8142082,0.201333,0.255313811,17.04,NA,NA,NA
5/16/19,Wet Beaver Creek,NA,2019-05-16T08:34:26Z,8.03,8.355879292,745.2421518,0.201333,0.255313811,17.04,NA,NA,NA
5/16/19,Wet Beaver Creek,NA,2019-05-16T08:49:26Z,8.07,8.354037267,787.3311845,0.201333,0.255313811,17.1,NA,NA,NA
5/16/19,Wet Beaver Creek,NA,2019-05-16T09:04:26Z,8.14,8.348717949,826.9010782,0.201333,0.255313811,17.1,NA,NA,NA
5/16/19,Wet Beaver Creek,NA,2019-05-16T09:19:26Z,8.2,8.350305499,863.7823917,0.201333,0.255313811,17.14,NA,NA,NA
5/16/19,Wet Beaver Creek,NA,2019-05-16T09:34:26Z,8.24,8.340080972,897.8171968,0.19397,0.252532495,17.15,NA,NA,NA
5/16/19,Wet Beaver Creek,NA,2019-05-16T09:49:26Z,8.25,8.350202429,928.8597542,0.19397,0.252532495,17.14,NA,NA,NA
5/16/19,Wet Beaver Creek,NA,2019-05-16T10:04:26Z,8.25,8.333333333,956.7771378,0.19397,0.252532495,17.21,NA,NA,NA
5/16/19,Wet Beaver Creek,NA,2019-05-16T10:19:26Z,8.22,8.311425683,981.4498036,0.208695,0.258023849,17.3,NA,NA,NA
5/16/19,Wet Beaver Creek,NA,2019-05-16T10:34:26Z,8.25,8.299798793,1002.772102,0.19397,0.252532495,17.38,NA,NA,NA
5/16/19,Wet Beaver Creek,NA,2019-05-16T10:49:26Z,8.26,8.284854564,1020.65273,0.19397,0.252532495,17.46,NA,NA,NA
5/16/19,Wet Beaver Creek,NA,2019-05-16T11:04:26Z,8.26,8.276553106,1035.015122,0.19397,0.252532495,17.52,NA,NA,NA
5/16/19,Wet Beaver Creek,NA,2019-05-16T11:19:26Z,8.24,8.256513026,1045.797778,0.19397,0.252532495,17.63,NA,NA,NA
5/16/19,Wet Beaver Creek,NA,2019-05-16T11:34:26Z,8.25,8.25,1052.954527,0.19397,0.252532495,17.68,NA,NA,NA
5/16/19,Wet Beaver Creek,NA,2019-05-16T11:49:26Z,8.24,8.223552894,1056.454722,0.187174,0.249898409,17.81,NA,NA,NA
5/16/19,Wet Beaver Creek,NA,2019-05-16T12:04:26Z,8.23,8.205383848,1056.283378,0.19397,0.252532495,17.91,NA,NA,NA
5/16/19,Wet Beaver Creek,NA,2019-05-16T12:19:26Z,8.2,8.183632735,1052.441228,0.19397,0.252532495,18.06,NA,NA,NA
5/16/19,Wet Beaver Creek,NA,2019-05-16T12:34:26Z,8.18,8.163672655,1044.944726,0.180661,0.247309867,18.17,NA,NA,NA
5/16/19,Wet Beaver Creek,NA,2019-05-16T12:49:26Z,8.19,8.141153082,1033.825973,0.180661,0.247309867,18.32,NA,NA,NA
5/16/19,Wet Beaver Creek,NA,2019-05-16T13:04:26Z,8.19,8.125,1019.132581,0.180661,0.247309867,18.42,NA,NA,NA
5/16/19,Wet Beaver Creek,NA,2019-05-16T13:19:26Z,8.18,8.115079365,1000.927469,0.180661,0.247309867,18.48,NA,NA,NA
5/16/19,Wet Beaver Creek,NA,2019-05-16T13:34:26Z,8.18,8.099009901,979.2885932,0.180661,0.247309867,18.57,NA,NA,NA
5/16/19,Wet Beaver Creek,NA,2019-05-16T13:49:26Z,8.16,8.079207921,954.3086137,0.174148,0.244654577,18.67,NA,NA,NA
5/16/19,Wet Beaver Creek,NA,2019-05-16T14:04:26Z,8.12,8.055555556,926.0944971,0.174148,0.244654577,18.79,NA,NA,NA
5/16/19,Wet Beaver Creek,NA,2019-05-16T14:19:26Z,8.09,8.049751244,894.7670591,0.180661,0.247309867,18.88,NA,NA,NA
5/16/19,Wet Beaver Creek,NA,2019-05-16T14:34:26Z,8.05,8.025922233,860.4604467,0.174148,0.244654577,19.02,NA,NA,NA
5/16/19,Wet Beaver Creek,NA,2019-05-16T14:49:26Z,8.02,8.003992016,823.3215636,0.174148,0.244654577,19.13,NA,NA,NA
5/16/19,Wet Beaver Creek,NA,2019-05-16T15:04:26Z,8,7.992007992,783.5094418,0.174148,0.244654577,19.22,NA,NA,NA
5/16/19,Wet Beaver Creek,NA,2019-05-16T15:19:26Z,7.93,7.993951613,741.1945602,0.174148,0.244654577,19.21,NA,NA,NA
5/16/19,Wet Beaver Creek,NA,2019-05-16T15:34:26Z,7.84,8,696.5581144,0.174148,0.244654577,19.17,NA,NA,NA
5/16/19,Wet Beaver Creek,NA,2019-05-16T15:49:26Z,7.79,7.997946612,649.7912412,0.174148,0.244654577,19.2,NA,NA,NA
5/16/19,Wet Beaver Creek,NA,2019-05-16T16:04:26Z,7.81,7.993858751,601.0942,0.180661,0.247309867,19.22,NA,NA,NA
5/16/19,Wet Beaver Creek,NA,2019-05-16T16:19:26Z,7.74,7.995867769,550.6755152,0.180661,0.247309867,19.21,NA,NA,NA
5/16/19,Wet Beaver Creek,NA,2019-05-16T16:34:26Z,7.7,8.004158004,498.7510831,0.180661,0.247309867,19.13,NA,NA,NA
5/16/19,Wet Beaver Creek,NA,2019-05-16T16:49:26Z,7.7,8.012486993,445.5432481,0.180661,0.247309867,19.11,NA,NA,NA
5/16/19,Wet Beaver Creek,NA,2019-05-16T17:04:26Z,7.59,8.023255814,391.2798497,0.174148,0.244654577,19.06,NA,NA,NA
5/16/19,Wet Beaver Creek,NA,2019-05-16T17:19:26Z,7.57,8.010582011,336.1932476,0.180661,0.247309867,19.09,NA,NA,NA
5/16/19,Wet Beaver Creek,NA,2019-05-16T17:34:26Z,7.57,8.002114165,280.5193262,0.180661,0.247309867,19.12,NA,NA,NA
5/16/19,Wet Beaver Creek,NA,2019-05-16T17:49:26Z,7.59,8.014783527,224.496485,0.180661,0.247309867,19.13,NA,NA,NA
5/16/19,Wet Beaver Creek,NA,2019-05-16T18:04:26Z,7.53,8.010638298,168.3646173,0.180661,0.247309867,19.11,NA,NA,NA
5/16/19,Wet Beaver Creek,NA,2019-05-16T18:19:26Z,7.47,8.006430868,112.3640833,0.180661,0.247309867,19.08,NA,NA,NA
5/16/19,Wet Beaver Creek,NA,2019-05-16T18:34:26Z,7.44,8.00861141,56.73468065,0.180661,0.247309867,19.09,NA,NA,NA
5/16/19,Wet Beaver Creek,NA,2019-05-16T18:49:26Z,7.42,8.012958963,1.714617862,0.180661,0.247309867,19.07,NA,NA,NA
5/16/19,Wet Beaver Creek,NA,2019-05-16T19:04:26Z,7.39,8.032608696,0,0.180661,0.247309867,19,NA,NA,NA
5/16/19,Wet Beaver Creek,NA,2019-05-16T19:19:26Z,7.38,8.0304679,0,0.180661,0.247309867,18.93,NA,NA,NA
5/16/19,Wet Beaver Creek,NA,2019-05-16T19:34:26Z,7.38,8.047982552,0,0.180661,0.247309867,18.88,NA,NA,NA
5/16/19,Wet Beaver Creek,NA,2019-05-16T19:49:26Z,7.37,8.045851528,0,0.180661,0.247309867,18.87,NA,NA,NA
5/16/19,Wet Beaver Creek,NA,2019-05-16T20:04:26Z,7.38,8.056768559,0,0.180661,0.247309867,18.84,NA,NA,NA
5/16/19,Wet Beaver Creek,NA,2019-05-16T20:19:26Z,7.38,8.056768559,0,0.180661,0.247309867,18.8,NA,NA,NA
5/16/19,Wet Beaver Creek,NA,2019-05-16T20:34:26Z,7.39,8.06768559,0,0.180661,0.247309867,18.73,NA,NA,NA
5/16/19,Wet Beaver Creek,NA,2019-05-16T20:49:26Z,7.4,8.087431694,0,0.180661,0.247309867,18.67,NA,NA,NA
5/16/19,Wet Beaver Creek,NA,2019-05-16T21:04:26Z,7.4,8.087431694,0,0.180661,0.247309867,18.63,NA,NA,NA
5/16/19,Wet Beaver Creek,NA,2019-05-16T21:19:26Z,7.41,8.089519651,0,0.180661,0.247309867,18.58,NA,NA,NA
5/16/19,Wet Beaver Creek,NA,2019-05-16T21:34:26Z,7.43,8.111353712,0,0.180661,0.247309867,18.5,NA,NA,NA
5/16/19,Wet Beaver Creek,NA,2019-05-16T21:49:26Z,7.44,8.131147541,0,0.180661,0.247309867,18.42,NA,NA,NA
5/16/19,Wet Beaver Creek,NA,2019-05-16T22:04:26Z,7.46,8.144104803,0,0.180661,0.247309867,18.33,NA,NA,NA
5/16/19,Wet Beaver Creek,NA,2019-05-16T22:19:26Z,7.47,8.155021834,0,0.180661,0.247309867,18.24,NA,NA,NA
5/16/19,Wet Beaver Creek,NA,2019-05-16T22:34:26Z,7.48,8.157033806,0,0.180661,0.247309867,18.18,NA,NA,NA
5/16/19,Wet Beaver Creek,NA,2019-05-16T22:49:26Z,7.5,8.187772926,0,0.180661,0.247309867,18.09,NA,NA,NA
5/16/19,Wet Beaver Creek,NA,2019-05-16T23:04:26Z,7.51,8.189749182,0,0.180661,0.247309867,17.98,NA,NA,NA
5/16/19,Wet Beaver Creek,NA,2019-05-16T23:19:26Z,7.52,8.209606987,0,0.180661,0.247309867,17.89,NA,NA,NA
5/16/19,Wet Beaver Creek,NA,2019-05-16T23:34:26Z,7.54,8.222464558,0,0.180661,0.247309867,17.83,NA,NA,NA
5/16/19,Wet Beaver Creek,NA,2019-05-16T23:49:26Z,7.56,8.235294118,0,0.180661,0.247309867,17.74,NA,NA,NA
5/24/19,Arikaree River,downstream,2019-05-24T00:00:00Z,7.17,9.412728732,0,0.08157,0.123595334,10.572,0,0.113110691,NA
5/24/19,Arikaree River,downstream,2019-05-24T00:15:00Z,7.16,9.420181226,0,0.08097,0.123458537,10.528,0,0.112444598,NA
5/24/19,Arikaree River,downstream,2019-05-24T00:30:00Z,7.14,9.429989862,0,0.08038,0.123323177,10.467,0,0.111788644,NA
5/24/19,Arikaree River,downstream,2019-05-24T00:45:00Z,7.14,9.448761454,0,0.08013,0.123265567,10.376,0,0.111510407,NA
5/24/19,Arikaree River,downstream,2019-05-24T01:00:00Z,7.14,9.462736984,0,0.07902,0.123007915,10.291,0,0.110272928,NA
5/24/19,Arikaree River,downstream,2019-05-24T01:15:00Z,7.13,9.482689375,0,0.07981,0.123191602,10.204,0,0.11115401,NA
5/24/19,Arikaree River,downstream,2019-05-24T01:30:00Z,7.12,9.508898174,0,0.0816,0.123602151,10.106,0,0.11314397,NA
5/24/19,Arikaree River,downstream,2019-05-24T01:45:00Z,7.13,9.529039298,0,0.08122,0.12351564,10.005,0,0.112722257,NA
5/24/19,Arikaree River,downstream,2019-05-24T02:00:00Z,7.14,9.555494868,0,0.08313,0.123947044,9.901,0,0.114837971,NA
5/24/19,Arikaree River,downstream,2019-05-24T02:15:00Z,7.15,9.585663988,0,0.08514,0.124392029,9.795,0,0.117053985,NA
5/24/19,Arikaree River,downstream,2019-05-24T02:30:00Z,7.16,9.615455839,0,0.08755,0.124913946,9.686,0,0.119697259,NA
5/24/19,Arikaree River,downstream,2019-05-24T02:45:00Z,7.18,9.641798671,0,0.08863,0.12514388,9.581,0,0.120877059,NA
5/24/19,Arikaree River,downstream,2019-05-24T03:00:00Z,7.19,9.665216069,0,0.08973,0.125375638,9.483,0,0.122075755,NA
5/24/19,Arikaree River,downstream,2019-05-24T03:15:00Z,7.21,9.687803802,0,0.09068,0.125573856,9.394,0,0.123108629,NA
5/24/19,Arikaree River,downstream,2019-05-24T03:30:00Z,7.23,9.712900246,0,0.09317,0.126085144,9.306,0,0.125805655,NA
5/24/19,Arikaree River,downstream,2019-05-24T03:45:00Z,7.24,9.737096948,0,0.09494,0.126441573,9.222,0,0.127714047,NA
5/24/19,Arikaree River,downstream,2019-05-24T04:00:00Z,7.26,9.758756647,0,0.0958,0.126612718,9.138,0,0.128638715,NA
5/24/19,Arikaree River,downstream,2019-05-24T04:15:00Z,7.27,9.776827316,0,0.09579,0.126610735,9.058,0.01,0.128627973,NA
5/24/19,Arikaree River,downstream,2019-05-24T04:30:00Z,7.28,9.797418862,0,0.09735,0.126917906,8.984,1.89,0.130301091,NA
5/24/19,Arikaree River,downstream,2019-05-24T04:45:00Z,7.3,9.817836574,1.399183494,0.09867,0.127174569,8.911,14.3,0.13171262,NA
5/24/19,Arikaree River,downstream,2019-05-24T05:00:00Z,7.33,9.837189652,106.8468269,0.10016,0.127460804,8.839,68.1,0.133301409,NA
5/24/19,Arikaree River,downstream,2019-05-24T05:15:00Z,7.36,9.856556364,214.0501173,0.10224,0.127854386,8.774,147.58,0.13551144,NA
5/24/19,Arikaree River,downstream,2019-05-24T05:30:00Z,7.4,9.873791841,322.550046,0.10379,0.128143279,8.719,244.6,0.13715249,NA
5/24/19,Arikaree River,downstream,2019-05-24T05:45:00Z,7.45,9.88576124,431.8820526,0.10497,0.128360761,8.684,357.43,0.138398519,NA
5/24/19,Arikaree River,downstream,2019-05-24T06:00:00Z,7.52,9.888165221,541.5780142,0.10542,0.128443153,8.68,477.37,0.138872961,NA
5/24/19,Arikaree River,downstream,2019-05-24T06:15:00Z,7.62,9.875421247,651.1682496,0.10517,0.128397417,8.728,480.02,0.138609432,NA
5/24/19,Arikaree River,downstream,2019-05-24T06:30:00Z,7.74,9.857197961,760.1835306,0.10547,0.128452289,8.807,720.73,0.138925652,NA
5/24/19,Arikaree River,downstream,2019-05-24T06:45:00Z,7.85,9.818333638,868.1570908,0.10471,0.128313021,8.96,839.85,0.138124212,NA
5/24/19,Arikaree River,downstream,2019-05-24T07:00:00Z,7.98,9.758663654,974.6266241,0.10309,0.128013268,9.194,942.47,0.136411982,NA
5/24/19,Arikaree River,downstream,2019-05-24T07:15:00Z,8.12,9.694137778,1079.136264,0.10026,0.127479884,9.44,890.12,0.133407869,NA
5/24/19,Arikaree River,downstream,2019-05-24T07:30:00Z,8.23,9.628508699,1181.238538,0.09749,0.126945268,9.702,963.4,0.130450979,NA
5/24/19,Arikaree River,downstream,2019-05-24T07:45:00Z,8.34,9.54691047,1280.496277,0.09383,0.126218717,10.034,1169.77,0.126518099,NA
5/24/19,Arikaree River,downstream,2019-05-24T08:00:00Z,8.44,9.45145726,1376.484495,0.08944,0.125314774,10.425,1244.77,0.121760022,NA
5/24/19,Arikaree River,downstream,2019-05-24T08:15:00Z,8.53,9.349602322,1468.792203,0.08435,0.12421821,10.85,1332.63,0.116184276,NA
5/24/19,Arikaree River,downstream,2019-05-24T08:30:00Z,8.59,9.249595162,1557.024173,0.07897,0.122996237,11.278,1383.6,0.110217104,NA
5/24/19,Arikaree River,downstream,2019-05-24T08:45:00Z,8.66,9.164252019,1640.802626,0.07278,0.12149945,11.639,1170.2,0.103249731,NA
5/24/19,Arikaree River,downstream,2019-05-24T09:00:00Z,8.7,9.113956209,1719.768853,0.06923,0.120591488,11.85,1405.87,0.099200703,NA
5/24/19,Arikaree River,downstream,2019-05-24T09:15:00Z,8.75,9.013315997,1793.584747,0.06439,0.119287591,12.306,1704.39,0.093612539,NA
5/24/19,Arikaree River,downstream,2019-05-24T09:30:00Z,8.81,8.904934794,1861.934256,0.05888,0.117697618,12.816,1662.95,0.087147218,NA
5/24/19,Arikaree River,downstream,2019-05-24T09:45:00Z,8.85,8.827116965,1924.524731,0.05515,0.116547868,13.207,1559.44,0.08270194,NA
5/24/19,Arikaree River,downstream,2019-05-24T10:00:00Z,8.89,8.755748593,1981.088183,0.05708,0.117150757,13.55,1751.17,0.085009303,NA
5/24/19,Arikaree River,downstream,2019-05-24T10:15:00Z,8.93,8.671125196,2031.382428,0.05419,0.116241278,13.981,1725.56,0.081548243,NA
5/24/19,Arikaree River,downstream,2019-05-24T10:30:00Z,8.98,8.579666633,2075.192125,0.05103,0.115198372,14.451,1940.33,0.077721244,NA
5/24/19,Arikaree River,downstream,2019-05-24T10:45:00Z,8.99,8.490986827,2112.329696,0.05156,0.115377053,14.914,1986.09,0.078366349,NA
5/24/19,Arikaree River,downstream,2019-05-24T11:00:00Z,9.01,8.404833148,2142.636133,0.04762,0.114009467,15.385,2016.28,0.073537828,NA
5/24/19,Arikaree River,downstream,2019-05-24T11:15:00Z,9.02,8.321593896,2165.981675,0.04722,0.113865302,15.846,1924.74,0.073043247,NA
5/24/19,Arikaree River,downstream,2019-05-24T11:30:00Z,9.02,8.245380222,2182.266366,0.04582,0.113352413,16.282,2068.27,0.071305553,NA
5/24/19,Arikaree River,downstream,2019-05-24T11:45:00Z,9.01,8.163526013,2191.420482,0.04611,0.113459737,16.751,2083.42,0.071666366,NA
5/24/19,Arikaree River,downstream,2019-05-24T12:00:00Z,9,8.091353914,2193.40483,0.04302,0.112285342,17.172,1992.82,0.067797801,NA
5/24/19,Arikaree River,downstream,2019-05-24T12:15:00Z,8.98,8.027179823,2188.210915,0.04455,0.112875493,17.564,2078.62,0.069720012,NA
5/24/19,Arikaree River,downstream,2019-05-24T12:30:00Z,8.96,7.960936145,2175.860975,0.04003,0.111078586,17.959,2073.05,0.064001147,NA
5/24/19,Arikaree River,downstream,2019-05-24T12:45:00Z,8.94,7.910162428,2156.407892,0.03746,0.109978469,18.291,2055.51,0.060692287,NA
5/24/19,Arikaree River,downstream,2019-05-24T13:00:00Z,8.91,7.863410798,2129.934957,0.03788,0.110162555,18.592,2033.1,0.061236063,NA
5/24/19,Arikaree River,downstream,2019-05-24T13:15:00Z,8.88,7.818224302,2096.55552,0.03573,0.109201212,18.897,2001.12,0.058439393,NA
5/24/19,Arikaree River,downstream,2019-05-24T13:30:00Z,8.84,7.776781014,2056.4125,0.03631,0.109465293,19.184,1963.28,0.05919708,NA
5/24/19,Arikaree River,downstream,2019-05-24T13:45:00Z,8.8,7.741094391,2009.677777,0.03427,0.108519959,19.424,1914.34,0.056521095,NA
5/24/19,Arikaree River,downstream,2019-05-24T14:00:00Z,8.76,7.712713858,1956.551454,0.03262,0.107719691,19.631,1860.18,0.054333346,NA
5/24/19,Arikaree River,downstream,2019-05-24T14:15:00Z,8.71,7.688064724,1897.261,0.03442,0.108591076,19.805,1800.84,0.056718923,NA
5/24/19,Arikaree River,downstream,2019-05-24T14:30:00Z,8.66,7.672148861,1832.060277,0.03303,0.107921703,19.915,1733.7,0.054878994,NA
5/24/19,Arikaree River,downstream,2019-05-24T14:45:00Z,8.6,7.656127416,1761.228452,0.03195,0.10738488,20.014,1662.02,0.053438711,NA
5/24/19,Arikaree River,downstream,2019-05-24T15:00:00Z,8.54,7.643943635,1685.068803,0.03319,0.10799996,20.099,1583.24,0.055091562,NA
5/24/19,Arikaree River,downstream,2019-05-24T15:15:00Z,8.47,7.635371387,1603.90742,0.03249,0.107655188,20.149,1500.09,0.05416005,NA
5/24/19,Arikaree River,downstream,2019-05-24T15:30:00Z,8.39,7.626692277,1518.091807,0.03118,0.106992644,20.207,1410.67,0.052405899,NA
5/24/19,Arikaree River,downstream,2019-05-24T15:45:00Z,8.3,7.623565458,1427.989397,0.03063,0.106707404,20.215,1320.4,0.051665054,NA
5/24/19,Arikaree River,downstream,2019-05-24T16:00:00Z,8.22,7.621490361,1333.985977,0.03031,0.106539437,20.232,1236.58,0.051232793,NA
5/24/19,Arikaree River,downstream,2019-05-24T16:15:00Z,8.13,7.622783007,1236.484036,0.03012,0.106438991,20.204,1134.06,0.050975707,NA
5/24/19,Arikaree River,downstream,2019-05-24T16:30:00Z,8.04,7.630468265,1135.901045,0.03047,0.106623608,20.131,1034.4,0.051449037,NA
5/24/19,Arikaree River,downstream,2019-05-24T16:45:00Z,7.94,7.644433243,1032.667662,0.03105,0.106925612,20.02,932.26,0.052231028,NA
5/24/19,Arikaree River,downstream,2019-05-24T17:00:00Z,7.84,7.664886546,927.2258982,0.03163,0.107222859,19.873,829.8,0.053010102,NA
5/24/19,Arikaree River,downstream,2019-05-24T17:15:00Z,7.73,7.685572858,820.0272161,0.03256,0.107689947,19.716,726.68,0.05425338,NA
5/24/19,Arikaree River,downstream,2019-05-24T17:30:00Z,7.59,7.706334119,711.5306025,0.03344,0.108121595,19.564,623.21,0.05542329,NA
5/24/19,Arikaree River,downstream,2019-05-24T17:45:00Z,7.45,7.733646037,602.2006009,0.03467,0.10870902,19.376,520.54,0.057048254,NA
5/24/19,Arikaree River,downstream,2019-05-24T18:00:00Z,7.31,7.760504405,492.505323,0.0362,0.109415485,19.192,406.12,0.059053568,NA
5/24/19,Arikaree River,downstream,2019-05-24T18:15:00Z,7.16,7.782699211,382.9144442,0.03747,0.109982873,19.04,289.56,0.060705248,NA
5/24/19,Arikaree River,downstream,2019-05-24T18:30:00Z,7.01,7.804501821,273.8971929,0.03905,0.110666369,18.9,184.32,0.062744566,NA
5/24/19,Arikaree River,downstream,2019-05-24T18:45:00Z,6.85,7.832435261,165.9203411,0.04081,0.111400591,18.723,103.4,0.064996888,NA
5/24/19,Arikaree River,downstream,2019-05-24T19:00:00Z,6.69,7.859569452,59.44620637,0.0427,0.112159661,18.543,47.28,0.067394055,NA
5/24/19,Arikaree River,downstream,2019-05-24T19:15:00Z,6.54,7.886714811,0,0.04493,0.113019392,18.37,17.39,0.070195362,NA
5/24/19,Arikaree River,downstream,2019-05-24T19:30:00Z,6.38,7.905257853,0,0.04626,0.113515025,18.251,2.92,0.071852815,NA
5/24/19,Arikaree River,downstream,2019-05-24T19:45:00Z,6.24,7.922036791,0,0.04746,0.113951925,18.142,0.15,0.073340096,NA
5/24/19,Arikaree River,downstream,2019-05-24T20:00:00Z,6.12,7.940602756,0,0.04889,0.114460466,18.027,0,0.075102659,NA
5/24/19,Arikaree River,downstream,2019-05-24T20:15:00Z,6.03,7.958834106,0,0.0504,0.114983913,17.915,0,0.076952674,NA
5/24/19,Arikaree River,downstream,2019-05-24T20:30:00Z,5.92,7.980567095,0,0.0526,0.115723182,17.796,0,0.07962838,NA
5/24/19,Arikaree River,downstream,2019-05-24T20:45:00Z,5.86,7.999976554,0,0.05404,0.116192958,17.678,0,0.08136761,NA
5/24/19,Arikaree River,downstream,2019-05-24T21:00:00Z,5.81,8.024177089,0,0.05642,0.116946564,17.545,0,0.084222039,NA
5/24/19,Arikaree River,downstream,2019-05-24T21:15:00Z,5.77,8.046291187,0,0.05824,0.117504828,17.419,0,0.086388589,NA
5/24/19,Arikaree River,downstream,2019-05-24T21:30:00Z,5.74,8.069929782,0,0.06071,0.118239216,17.299,0,0.089307405,NA
5/24/19,Arikaree River,downstream,2019-05-24T21:45:00Z,5.7,8.093249179,0,0.06253,0.118764261,17.165,0,0.091442908,NA
5/24/19,Arikaree River,downstream,2019-05-24T22:00:00Z,5.67,8.115712976,0,0.06451,0.119320911,17.035,0,0.093752082,NA
5/24/19,Arikaree River,downstream,2019-05-24T22:15:00Z,5.64,8.136883991,0,0.06609,0.119754783,16.908,0,0.095584591,NA
5/24/19,Arikaree River,downstream,2019-05-24T22:30:00Z,5.62,8.159873081,0,0.06827,0.120339164,16.778,0,0.09809869,NA
5/24/19,Arikaree River,downstream,2019-05-24T22:45:00Z,5.59,8.181588978,0,0.07052,0.120925906,16.665,0,0.100676736,NA
5/24/19,Arikaree River,downstream,2019-05-24T23:00:00Z,5.57,8.203910576,0,0.07266,0.12146938,16.548,0,0.103113517,NA
5/24/19,Arikaree River,downstream,2019-05-24T23:15:00Z,5.55,8.226432187,0,0.07483,0.122006752,16.426,0,0.105569845,NA
5/24/19,Arikaree River,downstream,2019-05-24T23:30:00Z,5.53,8.245423261,0,0.07706,0.122545355,16.327,0,0.108079292,NA
5/24/19,Arikaree River,downstream,2019-05-24T23:45:00Z,5.51,8.261816305,0,0.07866,0.122923692,16.237,0,0.109870839,NA
6/13/19,Pilgrim River,NA,2019-06-13T00:06:54Z,8.348,10.52275982,0,0.38595,0.590356061,13.059,NA,NA,NA
6/13/19,Pilgrim River,NA,2019-06-13T00:21:54Z,8.3885,10.54642514,0,0.38595,0.590356061,12.9585,NA,NA,NA
6/13/19,Pilgrim River,NA,2019-06-13T00:36:54Z,8.436,10.5661455,0,0.38595,0.590356061,12.875,NA,NA,NA
6/13/19,Pilgrim River,NA,2019-06-13T00:51:54Z,8.45,10.5964218,0,0.38595,0.590356061,12.7475,NA,NA,NA
6/13/19,Pilgrim River,NA,2019-06-13T01:06:54Z,8.464,10.61415103,0,0.38595,0.590356061,12.673,NA,NA,NA
6/13/19,Pilgrim River,NA,2019-06-13T01:21:54Z,8.4895,10.64045793,0,0.38595,0.590356061,12.563,NA,NA,NA
6/13/19,Pilgrim River,NA,2019-06-13T01:36:54Z,8.48,10.65436389,0,0.38595,0.590356061,12.505,NA,NA,NA
6/13/19,Pilgrim River,NA,2019-06-13T01:51:54Z,8.5125,10.68520903,0,0.38595,0.590356061,12.377,NA,NA,NA
6/13/19,Pilgrim River,NA,2019-06-13T02:06:54Z,8.551,10.70331989,0,0.38595,0.590356061,12.302,NA,NA,NA
6/13/19,Pilgrim River,NA,2019-06-13T02:21:54Z,8.575,10.73123848,0,0.38595,0.590356061,12.187,NA,NA,NA
6/13/19,Pilgrim River,NA,2019-06-13T02:36:54Z,8.614,10.75268817,0,0.38595,0.590356061,12.099,NA,NA,NA
6/13/19,Pilgrim River,NA,2019-06-13T02:51:54Z,8.6275,10.77346686,0,0.38595,0.590356061,12.014,NA,NA,NA
6/13/19,Pilgrim River,NA,2019-06-13T03:06:54Z,8.694,10.79629841,0,0.38595,0.590356061,11.921,NA,NA,NA
6/13/19,Pilgrim River,NA,2019-06-13T03:21:54Z,8.7005,10.8148859,0,0.38595,0.590356061,11.8455,NA,NA,NA
6/13/19,Pilgrim River,NA,2019-06-13T03:36:54Z,8.74,10.83578089,0,0.38595,0.590356061,11.761,NA,NA,NA
6/13/19,Pilgrim River,NA,2019-06-13T03:51:54Z,8.7525,10.85573317,0,0.38595,0.590356061,11.6805,NA,NA,NA
6/13/19,Pilgrim River,NA,2019-06-13T04:06:54Z,8.79,10.87575165,0,0.38595,0.590356061,11.6,NA,NA,NA
6/13/19,Pilgrim River,NA,2019-06-13T04:21:54Z,8.8055,10.89572499,30.94279459,0.38595,0.590356061,11.52,NA,NA,NA
6/13/19,Pilgrim River,NA,2019-06-13T04:36:54Z,8.823,10.91574475,72.57497937,0.38595,0.590356061,11.44,NA,NA,NA
6/13/19,Pilgrim River,NA,2019-06-13T04:51:54Z,8.8895,10.93270169,115.248767,0.38595,0.590356061,11.3725,NA,NA,NA
6/13/19,Pilgrim River,NA,2019-06-13T05:06:54Z,8.936,10.94969219,158.7814722,0.38595,0.590356061,11.305,NA,NA,NA
6/13/19,Pilgrim River,NA,2019-06-13T05:21:54Z,8.9905,10.97218663,202.9867328,0.38595,0.590356061,11.216,NA,NA,NA
6/13/19,Pilgrim River,NA,2019-06-13T05:36:54Z,9.062,10.98357675,247.6753076,0.38595,0.590356061,11.171,NA,NA,NA
6/13/19,Pilgrim River,NA,2019-06-13T05:51:54Z,9.1265,10.99616734,292.6558861,0.38595,0.590356061,11.1215,NA,NA,NA
6/13/19,Pilgrim River,NA,2019-06-13T06:06:54Z,9.212,11.00643396,337.735908,0.38595,0.590356061,11.081,NA,NA,NA
6/13/19,Pilgrim River,NA,2019-06-13T06:21:54Z,9.2975,11.01559066,382.7223872,0.38595,0.590356061,11.045,NA,NA,NA
6/13/19,Pilgrim River,NA,2019-06-13T06:36:54Z,9.37,11.01561113,427.422738,0.38595,0.590356061,11.045,NA,NA,NA
6/13/19,Pilgrim River,NA,2019-06-13T06:51:54Z,9.4515,11.00985721,471.6455997,0.38595,0.590356061,11.0675,NA,NA,NA
6/13/19,Pilgrim River,NA,2019-06-13T07:06:54Z,9.861,10.9972833,515.2016558,0.38595,0.590356061,11.117,NA,NA,NA
6/13/19,Pilgrim River,NA,2019-06-13T07:21:54Z,10.086,10.97327725,557.9044443,0.38595,0.590356061,11.2115,NA,NA,NA
6/13/19,Pilgrim River,NA,2019-06-13T07:36:54Z,10.201,10.95625874,599.571156,0.38595,0.590356061,11.279,NA,NA,NA
6/13/19,Pilgrim River,NA,2019-06-13T07:51:54Z,10.189,10.92937792,640.0234173,0.38595,0.590356061,11.386,NA,NA,NA
6/13/19,Pilgrim River,NA,2019-06-13T08:06:54Z,10.157,10.9202607,679.0880534,0.38595,0.590356061,11.422,NA,NA,NA
6/13/19,Pilgrim River,NA,2019-06-13T08:21:54Z,10.2645,10.9136087,716.5978301,0.38595,0.590356061,11.4485,NA,NA,NA
6/13/19,Pilgrim River,NA,2019-06-13T08:36:54Z,10.541,10.88897911,752.3921693,0.38595,0.590356061,11.547,NA,NA,NA
6/13/19,Pilgrim River,NA,2019-06-13T08:51:54Z,10.685,10.85570598,786.317837,0.38595,0.590356061,11.6805,NA,NA,NA
6/13/19,Pilgrim River,NA,2019-06-13T09:06:54Z,10.569,10.84023348,818.2295985,0.38595,0.590356061,11.743,NA,NA,NA
6/13/19,Pilgrim River,NA,2019-06-13T09:21:54Z,10.802,10.80506864,847.9908408,0.38595,0.590356061,11.8855,NA,NA,NA
6/13/19,Pilgrim River,NA,2019-06-13T09:36:54Z,10.873,10.77003843,875.4741573,0.38595,0.590356061,12.028,NA,NA,NA
6/13/19,Pilgrim River,NA,2019-06-13T09:51:54Z,10.882,10.7225556,900.561893,0.38595,0.590356061,12.2225,NA,NA,NA
6/13/19,Pilgrim River,NA,2019-06-13T10:06:54Z,10.967,10.67774002,923.1466483,0.38595,0.590356061,12.408,NA,NA,NA
6/13/19,Pilgrim River,NA,2019-06-13T10:21:54Z,10.8915,10.63633434,943.1317389,0.38595,0.590356061,12.5805,NA,NA,NA
6/13/19,Pilgrim River,NA,2019-06-13T10:36:54Z,10.876,10.58491484,960.4316093,0.38595,0.590356061,12.796,NA,NA,NA
6/13/19,Pilgrim River,NA,2019-06-13T10:51:54Z,10.6785,10.54854196,974.9721997,0.38595,0.590356061,12.9495,NA,NA,NA
6/13/19,Pilgrim River,NA,2019-06-13T11:06:54Z,10.651,10.52491156,986.6912625,0.38595,0.590356061,13.05,NA,NA,NA
6/13/19,Pilgrim River,NA,2019-06-13T11:21:54Z,10.751,10.48878049,995.5386289,0.38595,0.590356061,13.204,NA,NA,NA
6/13/19,Pilgrim River,NA,2019-06-13T11:36:54Z,10.854,10.44919807,1001.476424,0.38595,0.590356061,13.374,NA,NA,NA
6/13/19,Pilgrim River,NA,2019-06-13T11:51:54Z,10.8705,10.39175199,1004.479228,0.38595,0.590356061,13.6225,NA,NA,NA
6/13/19,Pilgrim River,NA,2019-06-13T12:06:54Z,10.901,10.33319115,1004.534187,0.38595,0.590356061,13.879,NA,NA,NA
6/13/19,Pilgrim River,NA,2019-06-13T12:21:54Z,10.947,10.27038691,1001.641065,0.38595,0.590356061,14.157,NA,NA,NA
6/13/19,Pilgrim River,NA,2019-06-13T12:36:54Z,10.945,10.20255973,995.8122484,0.38595,0.590356061,14.46,NA,NA,NA
6/13/19,Pilgrim River,NA,2019-06-13T12:51:54Z,10.9205,10.1359755,987.0726897,0.38595,0.590356061,14.7615,NA,NA,NA
6/13/19,Pilgrim River,NA,2019-06-13T13:06:54Z,10.884,10.06268375,975.4598029,0.38595,0.590356061,15.097,NA,NA,NA
6/13/19,Pilgrim River,NA,2019-06-13T13:21:54Z,10.846,9.999078086,961.0233026,0.38595,0.590356061,15.3925,NA,NA,NA
6/13/19,Pilgrim River,NA,2019-06-13T13:36:54Z,10.818,9.935982806,943.824991,0.38595,0.590356061,15.688,NA,NA,NA
6/13/19,Pilgrim River,NA,2019-06-13T13:51:54Z,10.718,9.879524736,923.9384937,0.38595,0.590356061,15.956,NA,NA,NA
6/13/19,Pilgrim River,NA,2019-06-13T14:06:54Z,10.599,9.82872298,901.4489441,0.38595,0.590356061,16.199,NA,NA,NA
6/13/19,Pilgrim River,NA,2019-06-13T14:21:54Z,10.549,9.777732463,876.4526192,0.38595,0.590356061,16.4455,NA,NA,NA
6/13/19,Pilgrim River,NA,2019-06-13T14:36:54Z,10.458,9.742691584,849.0565276,0.38595,0.590356061,16.616,NA,NA,NA
6/13/19,Pilgrim River,NA,2019-06-13T14:51:54Z,10.2935,9.717724805,819.3779509,0.38595,0.590356061,16.7385,NA,NA,NA
6/13/19,Pilgrim River,NA,2019-06-13T15:06:54Z,10.142,9.692648802,787.5439421,0.38595,0.590356061,16.862,NA,NA,NA
6/13/19,Pilgrim River,NA,2019-06-13T15:21:54Z,10.0425,9.68241113,753.6907816,0.38595,0.590356061,16.9125,NA,NA,NA
6/13/19,Pilgrim River,NA,2019-06-13T15:36:54Z,10.013,9.660302361,717.9633934,0.38595,0.590356061,17.022,NA,NA,NA
6/13/19,Pilgrim River,NA,2019-06-13T15:51:54Z,9.9865,9.646555388,680.5147253,0.38595,0.590356061,17.0905,NA,NA,NA
6/13/19,Pilgrim River,NA,2019-06-13T16:06:54Z,9.982,9.644817191,641.5050936,0.38595,0.590356061,17.099,NA,NA,NA
6/13/19,Pilgrim River,NA,2019-06-13T16:21:54Z,9.9115,9.652522813,601.1014971,0.38595,0.590356061,17.0605,NA,NA,NA
6/13/19,Pilgrim River,NA,2019-06-13T16:36:54Z,9.749,9.666927783,559.476902,0.38595,0.590356061,16.989,NA,NA,NA
6/13/19,Pilgrim River,NA,2019-06-13T16:51:54Z,9.4295,9.684900511,516.8095017,0.38595,0.590356061,16.9,NA,NA,NA
6/13/19,Pilgrim River,NA,2019-06-13T17:06:54Z,9.321,9.699534014,473.2819536,0.38595,0.590356061,16.828,NA,NA,NA
6/13/19,Pilgrim River,NA,2019-06-13T17:21:54Z,9.25,9.718632457,429.0805976,0.38595,0.590356061,16.734,NA,NA,NA
6/13/19,Pilgrim River,NA,2019-06-13T17:36:54Z,9.138,9.735787061,384.3946577,0.38595,0.590356061,16.65,NA,NA,NA
6/13/19,Pilgrim River,NA,2019-06-13T17:51:54Z,9.0325,9.75580515,339.4154328,0.38595,0.590356061,16.552,NA,NA,NA
6/13/19,Pilgrim River,NA,2019-06-13T18:06:54Z,8.92,9.77413208,294.3354772,0.38595,0.590356061,16.463,NA,NA,NA
6/13/19,Pilgrim River,NA,2019-06-13T18:21:54Z,8.828,9.805783724,249.3477761,0.38595,0.590356061,16.3095,NA,NA,NA
6/13/19,Pilgrim River,NA,2019-06-13T18:36:54Z,8.713,9.835817593,204.6449203,0.38595,0.590356061,16.165,NA,NA,NA
6/13/19,Pilgrim River,NA,2019-06-13T18:51:54Z,8.592,9.861557144,160.4182806,0.38595,0.590356061,16.0415,NA,NA,NA
6/13/19,Pilgrim River,NA,2019-06-13T19:06:54Z,8.488,9.891044689,116.8571896,0.38595,0.590356061,15.901,NA,NA,NA
6/13/19,Pilgrim River,NA,2019-06-13T19:21:54Z,8.387,9.910818,74.14813041,0.38595,0.590356061,15.807,NA,NA,NA
6/13/19,Pilgrim River,NA,2019-06-13T19:36:54Z,8.271,9.932402979,32.47393864,0.38595,0.590356061,15.705,NA,NA,NA
6/13/19,Pilgrim River,NA,2019-06-13T19:51:54Z,8.217,9.956922406,0,0.38595,0.590356061,15.5895,NA,NA,NA
6/13/19,Pilgrim River,NA,2019-06-13T20:06:54Z,8.186,9.979847681,0,0.38595,0.590356061,15.482,NA,NA,NA
6/13/19,Pilgrim River,NA,2019-06-13T20:21:54Z,8.1045,9.996213415,0,0.38595,0.590356061,15.4055,NA,NA,NA
6/13/19,Pilgrim River,NA,2019-06-13T20:36:54Z,8.054,10.02383367,0,0.38595,0.590356061,15.277,NA,NA,NA
6/13/19,Pilgrim River,NA,2019-06-13T20:51:54Z,8.0465,10.04701049,0,0.38595,0.590356061,15.1695,NA,NA,NA
6/13/19,Pilgrim River,NA,2019-06-13T21:06:54Z,8.016,10.07400928,0,0.38595,0.590356061,15.045,NA,NA,NA
6/13/19,Pilgrim River,NA,2019-06-13T21:21:54Z,8.002,10.10024512,0,0.38595,0.590356061,14.9245,NA,NA,NA
6/13/19,Pilgrim River,NA,2019-06-13T21:36:54Z,7.99,10.1266272,0,0.38595,0.590356061,14.804,NA,NA,NA
6/13/19,Pilgrim River,NA,2019-06-13T21:51:54Z,7.987,10.15013611,0,0.38595,0.590356061,14.697,NA,NA,NA
6/13/19,Pilgrim River,NA,2019-06-13T22:06:54Z,7.994,10.1817274,0,0.38595,0.590356061,14.554,NA,NA,NA
6/13/19,Pilgrim River,NA,2019-06-13T22:21:54Z,8.0015,10.21040986,0,0.38595,0.590356061,14.425,NA,NA,NA
6/13/19,Pilgrim River,NA,2019-06-13T22:36:54Z,8.005,10.23737146,0,0.38595,0.590356061,14.304,NA,NA,NA
6/13/19,Pilgrim River,NA,2019-06-13T22:51:54Z,8.05,10.26551336,0,0.38595,0.590356061,14.1785,NA,NA,NA
6/13/19,Pilgrim River,NA,2019-06-13T23:06:54Z,8.085,10.28995136,0,0.38595,0.590356061,14.07,NA,NA,NA
6/13/19,Pilgrim River,NA,2019-06-13T23:21:54Z,8.1065,10.32141338,0,0.38595,0.590356061,13.931,NA,NA,NA
6/13/19,Pilgrim River,NA,2019-06-13T23:36:54Z,8.132,10.34505569,0,0.38595,0.590356061,13.827,NA,NA,NA
6/13/19,Pilgrim River,NA,2019-06-13T23:51:54Z,8.1355,10.36595233,0,0.38595,0.590356061,13.7355,NA,NA,NA
7/9/19,Caribou Creek,upstream,2019-07-09T00:07:00Z,11.19,12.28080573,0,0.1651,0.206855023,5.753,1.03,0.291478238,1.268335923
7/9/19,Caribou Creek,downstream,2019-07-09T00:07:00Z,10.94,12.42653793,0,0.1651,0.206855023,5.347,1.03,0.291478238,1.268335923
7/9/19,Caribou Creek,upstream,2019-07-09T00:22:00Z,11.2,12.33315017,0,0.16454,0.206510927,5.606,1.32,0.291072481,1.269715669
7/9/19,Caribou Creek,downstream,2019-07-09T00:22:00Z,10.96,12.45751302,0,0.16454,0.206510927,5.262,1.32,0.291072481,1.269715669
7/9/19,Caribou Creek,upstream,2019-07-09T00:37:00Z,11.21,12.3641147,0,0.1613,0.204508256,5.519,1.71,0.288708736,1.277821994
7/9/19,Caribou Creek,downstream,2019-07-09T00:37:00Z,10.98,12.48767561,0,0.1613,0.204508256,5.179,1.71,0.288708736,1.277821994
7/9/19,Caribou Creek,upstream,2019-07-09T00:52:00Z,11.23,12.41928223,0,0.16157,0.204675924,5.363,2.12,0.288906779,1.277138287
7/9/19,Caribou Creek,downstream,2019-07-09T00:52:00Z,11.01,12.51776167,0,0.16157,0.204675924,5.094,2.12,0.288906779,1.277138287
7/9/19,Caribou Creek,upstream,2019-07-09T01:07:00Z,11.26,12.45897468,0,0.15836,0.202673187,5.258,2.99,0.286539492,1.285365973
7/9/19,Caribou Creek,downstream,2019-07-09T01:07:00Z,11.03,12.54993515,0,0.15836,0.202673187,5.011,2.99,0.286539492,1.285365973
7/9/19,Caribou Creek,upstream,2019-07-09T01:22:00Z,11.3,12.49602185,0,0.16597,0.207388421,5.153,4.06,0.292107003,1.266204599
7/9/19,Caribou Creek,downstream,2019-07-09T01:22:00Z,11.06,12.57860897,0,0.16597,0.207388421,4.93,4.06,0.292107003,1.266204599
7/9/19,Caribou Creek,upstream,2019-07-09T01:37:00Z,11.34,12.54069245,0,0.16695,0.207987556,5.032,5.87,0.292812942,1.263821389
7/9/19,Caribou Creek,downstream,2019-07-09T01:37:00Z,11.08,12.60963954,0,0.16695,0.207987556,4.847,5.87,0.292812942,1.263821389
7/9/19,Caribou Creek,upstream,2019-07-09T01:52:00Z,11.37,12.58006781,5.217555996,0.16228,0.205116149,4.93,9.09,0.289426628,1.275347564
7/9/19,Caribou Creek,downstream,2019-07-09T01:52:00Z,11.1,12.64154122,5.237447112,0.16228,0.205116149,4.766,9.09,0.289426628,1.275347564
7/9/19,Caribou Creek,upstream,2019-07-09T02:07:00Z,11.4,12.64258045,33.57610844,0.16338,0.205796252,4.76,14.31,0.290229384,1.272593531
7/9/19,Caribou Creek,downstream,2019-07-09T02:07:00Z,11.12,12.6697743,33.59542345,0.16338,0.205796252,4.688,14.31,0.290229384,1.272593531
7/9/19,Caribou Creek,upstream,2019-07-09T02:22:00Z,11.42,12.67028751,65.26103373,0.16205,0.204973649,4.686,21.37,0.289258373,1.275926523
7/9/19,Caribou Creek,downstream,2019-07-09T02:22:00Z,11.15,12.69836635,65.27970505,0.16205,0.204973649,4.612,21.37,0.289258373,1.275926523
7/9/19,Caribou Creek,upstream,2019-07-09T02:37:00Z,11.43,12.68582881,100.1366813,0.155,0.200554558,4.645,29.74,0.284031058,1.294217337
7/9/19,Caribou Creek,downstream,2019-07-09T02:37:00Z,11.18,12.72581008,100.1546441,0.155,0.200554558,4.54,29.74,0.284031058,1.294217337
7/9/19,Caribou Creek,upstream,2019-07-09T02:52:00Z,11.44,12.71621382,138.0537404,0.16637,0.207633183,4.569,41.02,0.292395438,1.265229622
7/9/19,Caribou Creek,downstream,2019-07-09T02:52:00Z,11.2,12.75293398,138.0709329,0.16637,0.207633183,4.473,41.02,0.292395438,1.265229622
7/9/19,Caribou Creek,upstream,2019-07-09T03:07:00Z,11.45,12.73148735,178.8498791,0.16305,0.205592467,4.529,61.42,0.289988893,1.273417165
7/9/19,Caribou Creek,downstream,2019-07-09T03:07:00Z,11.22,12.77676543,178.8662429,0.16305,0.205592467,4.411,61.42,0.289988893,1.273417165
7/9/19,Caribou Creek,upstream,2019-07-09T03:22:00Z,11.47,12.72905806,222.3504395,0.15858,0.202811103,4.536,87.27,0.286702635,1.284795078
7/9/19,Caribou Creek,downstream,2019-07-09T03:22:00Z,11.24,12.7962986,222.3659195,0.15858,0.202811103,4.361,87.27,0.286702635,1.284795078
7/9/19,Caribou Creek,upstream,2019-07-09T03:37:00Z,11.5,12.71773947,268.3691851,0.15941,0.203330547,4.565,110.58,0.287316929,1.282650624
7/9/19,Caribou Creek,downstream,2019-07-09T03:37:00Z,11.27,12.81191018,268.3837303,0.15941,0.203330547,4.32,110.58,0.287316929,1.282650624
7/9/19,Caribou Creek,upstream,2019-07-09T03:52:00Z,11.52,12.70135853,316.7090988,0.16539,0.207032981,4.608,135.43,0.291688043,1.267623838
7/9/19,Caribou Creek,downstream,2019-07-09T03:52:00Z,11.29,12.82780955,316.7226619,0.16539,0.207032981,4.279,135.43,0.291688043,1.267623838
7/9/19,Caribou Creek,upstream,2019-07-09T04:07:00Z,11.54,12.67634772,367.1632256,0.16488,0.206719913,4.67,146.26,0.29131893,1.268877228
7/9/19,Caribou Creek,downstream,2019-07-09T04:07:00Z,11.3,12.83915159,367.1757637,0.16488,0.206719913,4.246,146.26,0.29131893,1.268877228
7/9/19,Caribou Creek,upstream,2019-07-09T04:22:00Z,11.57,12.65176543,419.5155591,0.15592,0.201136968,4.735,170.67,0.284721055,1.291768745
7/9/19,Caribou Creek,downstream,2019-07-09T04:22:00Z,11.32,12.84966448,419.5270337,0.15592,0.201136968,4.219,170.67,0.284721055,1.291768745
7/9/19,Caribou Creek,upstream,2019-07-09T04:37:00Z,11.58,12.62502677,473.5419662,0.16197,0.204924059,4.806,234.73,0.289199817,1.276128154
7/9/19,Caribou Creek,downstream,2019-07-09T04:37:00Z,11.33,12.85746318,473.5523433,0.16197,0.204924059,4.199,234.73,0.289199817,1.276128154
7/9/19,Caribou Creek,upstream,2019-07-09T04:52:00Z,11.61,12.60027621,529.0111467,0.16231,0.205134728,4.872,269.61,0.289448564,1.275272127
7/9/19,Caribou Creek,downstream,2019-07-09T04:52:00Z,11.34,12.86370911,529.0203968,0.16231,0.205134728,4.183,269.61,0.289448564,1.275272127
7/9/19,Caribou Creek,upstream,2019-07-09T05:07:00Z,11.61,12.49125923,585.6856231,0.16248,0.205239978,5.162,282.3,0.289572822,1.274845001
7/9/19,Caribou Creek,downstream,2019-07-09T05:07:00Z,11.35,12.86651654,585.693722,0.16248,0.205239978,4.172,282.3,0.289572822,1.274845001
7/9/19,Caribou Creek,upstream,2019-07-09T05:22:00Z,11.62,12.48978917,643.3227582,0.1602,0.203823678,5.166,370.42,0.287899867,1.280623163
7/9/19,Caribou Creek,downstream,2019-07-09T05:22:00Z,11.36,12.86768903,643.3296861,0.1602,0.203823678,4.169,370.42,0.287899867,1.280623163
7/9/19,Caribou Creek,upstream,2019-07-09T05:37:00Z,11.63,12.44696196,701.6757929,0.16224,0.205091374,5.279,395.69,0.289397376,1.275448175
7/9/19,Caribou Creek,downstream,2019-07-09T05:37:00Z,11.37,12.86346496,701.6815354,0.16224,0.205091374,4.176,395.69,0.289397376,1.275448175
7/9/19,Caribou Creek,upstream,2019-07-09T05:52:00Z,11.63,12.42584552,760.4949035,0.16382,0.206067639,5.333,401.47,0.290549594,1.271498762
7/9/19,Caribou Creek,downstream,2019-07-09T05:52:00Z,11.37,12.86002357,760.499451,0.16382,0.206067639,4.181,401.47,0.290549594,1.271498762
7/9/19,Caribou Creek,upstream,2019-07-09T06:07:00Z,11.65,12.33885886,819.5282704,0.16185,0.204849651,5.574,468.38,0.28911195,1.276430848
7/9/19,Caribou Creek,downstream,2019-07-09T06:07:00Z,11.38,12.85299854,819.5316187,0.16185,0.204849651,4.199,468.38,0.28911195,1.276430848
7/9/19,Caribou Creek,upstream,2019-07-09T06:22:00Z,11.65,12.24010904,878.5231571,0.16263,0.2053328,5.852,503.41,0.289682398,1.274468614
7/9/19,Caribou Creek,downstream,2019-07-09T06:22:00Z,11.38,12.84325457,878.5253069,0.16263,0.2053328,4.224,503.41,0.289682398,1.274468614
7/9/19,Caribou Creek,upstream,2019-07-09T06:37:00Z,11.64,12.06055378,937.2269916,0.16346,0.205845623,6.37,552.59,0.290287642,1.272394193
7/9/19,Caribou Creek,downstream,2019-07-09T06:37:00Z,11.38,12.83119301,937.2279488,0.16346,0.205845623,4.255,552.59,0.290287642,1.272394193
7/9/19,Caribou Creek,upstream,2019-07-09T06:52:00Z,11.64,11.90674968,995.3884478,0.16979,0.209713765,6.823,590.68,0.294845022,1.257017958
7/9/19,Caribou Creek,downstream,2019-07-09T06:52:00Z,11.38,12.81805819,995.3882234,0.16979,0.209713765,4.285,590.68,0.294845022,1.257017958
7/9/19,Caribou Creek,upstream,2019-07-09T07:07:00Z,11.63,12.07656753,1052.758522,0.16878,0.209101566,6.319,525.12,0.29412466,1.259420164
7/9/19,Caribou Creek,downstream,2019-07-09T07:07:00Z,11.38,12.8037206,1052.757132,0.16878,0.209101566,4.322,525.12,0.29412466,1.259420164
7/9/19,Caribou Creek,upstream,2019-07-09T07:22:00Z,11.62,11.95071939,1109.091597,0.20152,0.228079315,6.691,739.35,0.316300791,1.189957765
7/9/19,Caribou Creek,downstream,2019-07-09T07:22:00Z,11.37,12.78015466,1109.089063,0.20152,0.228079315,4.383,739.35,0.316300791,1.189957765
7/9/19,Caribou Creek,upstream,2019-07-09T07:37:00Z,11.6,11.86675555,1164.146499,0.17639,0.213669358,6.944,763.72,0.299491264,1.241771504
7/9/19,Caribou Creek,downstream,2019-07-09T07:37:00Z,11.36,12.75590944,1164.142846,0.17639,0.213669358,4.446,763.72,0.299491264,1.241771504
7/9/19,Caribou Creek,upstream,2019-07-09T07:52:00Z,11.58,11.78043121,1217.687521,0.17183,0.210944647,7.204,754.08,0.296292338,1.25222301
7/9/19,Caribou Creek,downstream,2019-07-09T07:52:00Z,11.35,12.72569377,1217.682781,0.17183,0.210944647,4.521,754.08,0.296292338,1.25222301
7/9/19,Caribou Creek,upstream,2019-07-09T08:07:00Z,11.56,11.84105299,1269.485442,0.18601,0.219302099,7.018,806.84,0.306083356,1.220848413
7/9/19,Caribou Creek,downstream,2019-07-09T08:07:00Z,11.34,12.69937307,1269.479649,0.18601,0.219302099,4.59,806.84,0.306083356,1.220848413
7/9/19,Caribou Creek,upstream,2019-07-09T08:22:00Z,11.53,11.902631,1319.318501,0.17491,0.212789002,6.827,872.16,0.298458421,1.245124194
7/9/19,Caribou Creek,downstream,2019-07-09T08:22:00Z,11.33,12.66904051,1319.311696,0.17491,0.212789002,4.666,872.16,0.298458421,1.245124194
7/9/19,Caribou Creek,upstream,2019-07-09T08:37:00Z,11.52,11.87715707,1366.973349,0.17877,0.215077202,6.904,964.63,0.30114152,1.236457154
7/9/19,Caribou Creek,downstream,2019-07-09T08:37:00Z,11.31,12.63202845,1366.965576,0.17877,0.215077202,4.764,964.63,0.30114152,1.236457154
7/9/19,Caribou Creek,upstream,2019-07-09T08:52:00Z,11.5,11.83663642,1412.245964,0.17902,0.215224529,7.023,1021.32,0.301314112,1.235904347
7/9/19,Caribou Creek,downstream,2019-07-09T08:52:00Z,11.29,12.5907858,1412.237271,0.17902,0.215224529,4.87,1021.32,0.301314112,1.235904347
7/9/19,Caribou Creek,upstream,2019-07-09T09:07:00Z,11.48,11.83237905,1454.942522,0.17517,0.212943933,7.036,513.12,0.298640239,1.244532502
7/9/19,Caribou Creek,downstream,2019-07-09T09:07:00Z,11.27,12.55349793,1454.932962,0.17517,0.212943933,4.97,513.12,0.298640239,1.244532502
7/9/19,Caribou Creek,upstream,2019-07-09T09:22:00Z,11.47,11.78308795,1494.880227,0.17631,0.213621868,7.183,536.97,0.299435566,1.24195178
7/9/19,Caribou Creek,downstream,2019-07-09T09:22:00Z,11.25,12.50944472,1494.869856,0.17631,0.213621868,5.085,536.97,0.299435566,1.24195178
7/9/19,Caribou Creek,upstream,2019-07-09T09:37:00Z,11.45,11.67510269,1531.888096,0.17838,0.214847163,7.515,1093,0.300871991,1.237321575
7/9/19,Caribou Creek,downstream,2019-07-09T09:37:00Z,11.22,12.46167362,1531.876973,0.17838,0.214847163,5.211,1093,0.300871991,1.237321575
7/9/19,Caribou Creek,upstream,2019-07-09T09:52:00Z,11.39,11.51877127,1565.807688,0.17274,0.211491313,8.01,1191.48,0.296934685,1.250108257
7/9/19,Caribou Creek,downstream,2019-07-09T09:52:00Z,11.19,12.41318067,1565.795876,0.17274,0.211491313,5.34,1191.48,0.296934685,1.250108257
7/9/19,Caribou Creek,upstream,2019-07-09T10:07:00Z,11.34,11.29906061,1596.493784,0.17283,0.211545299,8.734,1200.52,0.296998105,1.249899905
7/9/19,Caribou Creek,downstream,2019-07-09T10:07:00Z,11.16,12.35966766,1596.481348,0.17283,0.211545299,5.484,1200.52,0.296998105,1.249899905
7/9/19,Caribou Creek,upstream,2019-07-09T10:22:00Z,11.29,11.30496378,1623.815008,0.16576,0.207259801,8.714,1211.82,0.29195541,1.266717704
7/9/19,Caribou Creek,downstream,2019-07-09T10:22:00Z,11.12,12.31841669,1623.802017,0.16576,0.207259801,5.599,1211.82,0.29195541,1.266717704
7/9/19,Caribou Creek,upstream,2019-07-09T10:37:00Z,11.26,11.27124994,1647.654391,0.17281,0.211533303,8.824,1122.09,0.296984013,1.249946193
7/9/19,Caribou Creek,downstream,2019-07-09T10:37:00Z,11.08,12.26822264,1647.640916,0.17281,0.211533303,5.736,1122.09,0.296984013,1.249946193
7/9/19,Caribou Creek,upstream,2019-07-09T10:52:00Z,11.24,11.24884271,1667.909869,0.1675,0.20832302,8.896,1221.58,0.293208062,1.262491948
7/9/19,Caribou Creek,downstream,2019-07-09T10:52:00Z,11.04,12.2128283,1667.895983,0.1675,0.20832302,5.889,1221.58,0.293208062,1.262491948
7/9/19,Caribou Creek,upstream,2019-07-09T11:07:00Z,11.2,11.24546587,1684.494724,0.16672,0.207847104,8.903,1263.3,0.292647483,1.264379053
7/9/19,Caribou Creek,downstream,2019-07-09T11:07:00Z,11,12.15968899,1684.480501,0.16672,0.207847104,6.037,1263.3,0.292647483,1.264379053
7/9/19,Caribou Creek,upstream,2019-07-09T11:22:00Z,11.13,11.09616758,1697.337951,0.17236,0.211263214,9.418,1239.29,0.296666695,1.250989548
7/9/19,Caribou Creek,downstream,2019-07-09T11:22:00Z,10.96,12.10944126,1697.323466,0.17236,0.211263214,6.178,1239.29,0.296666695,1.250989548
7/9/19,Caribou Creek,upstream,2019-07-09T11:37:00Z,11.08,11.11184626,1706.384563,0.16814,0.208712671,9.358,1264.01,0.293666876,1.260952198
7/9/19,Caribou Creek,downstream,2019-07-09T11:37:00Z,10.92,12.05381566,1706.369895,0.16814,0.208712671,6.336,1264.01,0.293666876,1.260952198
7/9/19,Caribou Creek,upstream,2019-07-09T11:52:00Z,11.06,10.95027318,1711.59583,0.16705,0.208048591,9.931,1309.23,0.292884839,1.263579243
7/9/19,Caribou Creek,downstream,2019-07-09T11:52:00Z,10.88,11.99521538,1711.581056,0.16705,0.208048591,6.503,1309.23,0.292884839,1.263579243
7/9/19,Caribou Creek,upstream,2019-07-09T12:07:00Z,11.04,10.91582001,1712.94944,0.16415,0.206270936,10.054,1275.76,0.290789418,1.270680229
7/9/19,Caribou Creek,downstream,2019-07-09T12:07:00Z,10.84,11.94550318,1712.934639,0.16415,0.206270936,6.648,1275.76,0.290789418,1.270680229
7/9/19,Caribou Creek,upstream,2019-07-09T12:22:00Z,10.97,10.79673182,1710.439598,0.15753,0.202151984,10.488,1334.36,0.285922793,1.287529265
7/9/19,Caribou Creek,downstream,2019-07-09T12:22:00Z,10.8,11.89503168,1710.424847,0.15753,0.202151984,6.791,1334.36,0.285922793,1.287529265
7/9/19,Caribou Creek,upstream,2019-07-09T12:37:00Z,10.9,10.82829128,1704.077048,0.15976,0.203549177,10.362,1195.18,0.287575402,1.281750749
7/9/19,Caribou Creek,downstream,2019-07-09T12:37:00Z,10.76,11.84963947,1704.062427,0.15976,0.203549177,6.922,1195.18,0.287575402,1.281750749
7/9/19,Caribou Creek,upstream,2019-07-09T12:52:00Z,10.88,10.83115362,1693.88903,0.1575,0.202133119,10.344,1171.02,0.285900466,1.287607738
7/9/19,Caribou Creek,downstream,2019-07-09T12:52:00Z,10.72,11.79873062,1693.874615,0.1575,0.202133119,7.071,1171.02,0.285900466,1.287607738
7/9/19,Caribou Creek,upstream,2019-07-09T13:07:00Z,10.86,10.66914428,1679.91916,0.16582,0.207296558,10.957,1175.57,0.291998734,1.266571015
7/9/19,Caribou Creek,downstream,2019-07-09T13:07:00Z,10.67,11.75220474,1679.905029,0.16582,0.207296558,7.21,1175.57,0.291998734,1.266571015
7/9/19,Caribou Creek,upstream,2019-07-09T13:22:00Z,10.81,10.7582618,1662.227246,0.15472,0.200376953,10.611,1115.05,0.283820579,1.294966371
7/9/19,Caribou Creek,downstream,2019-07-09T13:22:00Z,10.64,11.71037911,1662.213475,0.15472,0.200376953,7.337,1115.05,0.283820579,1.294966371
7/9/19,Caribou Creek,upstream,2019-07-09T13:37:00Z,10.75,10.75969709,1640.889033,0.16013,0.203780033,10.599,1099.81,0.287848283,1.280802278
7/9/19,Caribou Creek,downstream,2019-07-09T13:37:00Z,10.6,11.67114082,1640.875695,0.16013,0.203780033,7.454,1099.81,0.287848283,1.280802278
7/9/19,Caribou Creek,upstream,2019-07-09T13:52:00Z,10.72,10.74871545,1615.995874,0.16106,0.204359097,10.631,1164.41,0.288532534,1.278431004
7/9/19,Caribou Creek,downstream,2019-07-09T13:52:00Z,10.57,11.62684064,1615.983042,0.16106,0.204359097,7.585,1164.41,0.288532534,1.278431004
7/9/19,Caribou Creek,upstream,2019-07-09T14:07:00Z,10.71,10.71269102,1587.654342,0.15907,0.20311793,10.759,1083.01,0.287065519,1.283527289
7/9/19,Caribou Creek,downstream,2019-07-09T14:07:00Z,10.54,11.58821575,1587.642086,0.15907,0.20311793,7.699,1083.01,0.287065519,1.283527289
7/9/19,Caribou Creek,upstream,2019-07-09T14:22:00Z,10.68,10.68725846,1555.985776,0.16024,0.203848614,10.857,945.92,0.287929338,1.280520858
7/9/19,Caribou Creek,downstream,2019-07-09T14:22:00Z,10.5,11.55975316,1555.974163,0.16024,0.203848614,7.79,945.92,0.287929338,1.280520858
7/9/19,Caribou Creek,upstream,2019-07-09T14:37:00Z,10.62,10.76907839,1521.125755,0.15612,0.201263347,10.534,958.52,0.284870736,1.291238965
7/9/19,Caribou Creek,downstream,2019-07-09T14:37:00Z,10.47,11.53617158,1521.11485,0.15612,0.201263347,7.857,958.52,0.284870736,1.291238965
7/9/19,Caribou Creek,upstream,2019-07-09T14:52:00Z,10.58,10.72815646,1483.223524,0.16109,0.204377748,10.68,914.71,0.288554568,1.278354812
7/9/19,Caribou Creek,downstream,2019-07-09T14:52:00Z,10.44,11.50434046,1483.213389,0.16109,0.204377748,7.951,914.71,0.288554568,1.278354812
7/9/19,Caribou Creek,upstream,2019-07-09T15:07:00Z,10.56,10.64667063,1442.441353,0.15974,0.20353669,10.993,863.99,0.287560642,1.281802101
7/9/19,Caribou Creek,downstream,2019-07-09T15:07:00Z,10.41,11.47894107,1442.432047,0.15974,0.20353669,8.032,863.99,0.287560642,1.281802101
7/9/19,Caribou Creek,upstream,2019-07-09T15:22:00Z,10.55,10.69199461,1398.953841,0.1531,0.199346148,10.809,827.02,0.282598377,1.299335474
7/9/19,Caribou Creek,downstream,2019-07-09T15:22:00Z,10.39,11.45950735,1398.945418,0.1531,0.199346148,8.088,827.02,0.282598377,1.299335474
7/9/19,Caribou Creek,upstream,2019-07-09T15:37:00Z,10.54,10.77980018,1352.947168,0.15403,0.199938583,10.469,792.98,0.283300939,1.296819869
7/9/19,Caribou Creek,downstream,2019-07-09T15:37:00Z,10.36,11.44317432,1352.93968,0.15403,0.199938583,8.137,792.98,0.283300939,1.296819869
7/9/19,Caribou Creek,upstream,2019-07-09T15:52:00Z,10.52,10.77612636,1304.618301,0.15585,0.201092716,10.478,752.49,0.284668639,1.29195438
7/9/19,Caribou Creek,downstream,2019-07-09T15:52:00Z,10.34,11.42810727,1304.611795,0.15585,0.201092716,8.182,752.49,0.284668639,1.29195438
7/9/19,Caribou Creek,upstream,2019-07-09T16:07:00Z,10.49,10.76906817,1254.174149,0.14826,0.196232873,10.499,750.4,0.278900744,1.312761036
7/9/19,Caribou Creek,downstream,2019-07-09T16:07:00Z,10.32,11.41498041,1254.168667,0.14826,0.196232873,8.22,750.4,0.278900744,1.312761036
7/9/19,Caribou Creek,upstream,2019-07-09T16:22:00Z,10.46,10.81190507,1201.830676,0.15273,0.199109938,10.332,704.27,0.282318163,1.300341922
7/9/19,Caribou Creek,downstream,2019-07-09T16:22:00Z,10.31,11.40491064,1201.826258,0.15273,0.199109938,8.248,704.27,0.282318163,1.300341922
7/9/19,Caribou Creek,upstream,2019-07-09T16:37:00Z,10.44,10.84349551,1147.811979,0.14978,0.197216106,10.206,669.38,0.280069557,1.308483144
7/9/19,Caribou Creek,downstream,2019-07-09T16:37:00Z,10.29,11.3981137,1147.808658,0.14978,0.197216106,8.263,669.38,0.280069557,1.308483144
7/9/19,Caribou Creek,upstream,2019-07-09T16:52:00Z,10.42,10.82230385,1092.349325,0.15584,0.201086393,10.285,656.61,0.28466115,1.291980908
7/9/19,Caribou Creek,downstream,2019-07-09T16:52:00Z,10.28,11.39266849,1092.347131,0.15584,0.201086393,8.281,656.61,0.28466115,1.291980908
7/9/19,Caribou Creek,upstream,2019-07-09T17:07:00Z,10.41,10.80365027,1035.680166,0.1492,0.196841528,10.35,568.31,0.279624392,1.310108708
7/9/19,Caribou Creek,downstream,2019-07-09T17:07:00Z,10.27,11.3904122,1035.679123,0.1492,0.196841528,8.284,568.31,0.279624392,1.310108708
7/9/19,Caribou Creek,upstream,2019-07-09T17:22:00Z,10.41,10.86619248,978.0471165,0.15393,0.199874968,10.117,493.23,0.283225515,1.297089401
7/9/19,Caribou Creek,downstream,2019-07-09T17:22:00Z,10.26,11.39404066,978.0472444,0.15393,0.199874968,8.272,493.23,0.283225515,1.297089401
7/9/19,Caribou Creek,upstream,2019-07-09T17:37:00Z,10.4,10.8822235,919.6969193,0.14933,0.19692555,10.053,433.85,0.279724259,1.309743633
7/9/19,Caribou Creek,downstream,2019-07-09T17:37:00Z,10.25,11.39874102,919.6982326,0.14933,0.19692555,8.252,433.85,0.279724259,1.309743633
7/9/19,Caribou Creek,upstream,2019-07-09T17:52:00Z,10.4,10.92236211,860.8793872,0.14937,0.196951395,9.897,388.83,0.279754977,1.309631386
7/9/19,Caribou Creek,downstream,2019-07-09T17:52:00Z,10.25,11.40323208,860.8818954,0.14937,0.196951395,8.229,388.83,0.279754977,1.309631386
7/9/19,Caribou Creek,upstream,2019-07-09T18:07:00Z,10.39,10.93668505,801.8463341,0.14716,0.195518113,9.844,347.27,0.278050477,1.315893153
7/9/19,Caribou Creek,downstream,2019-07-09T18:07:00Z,10.24,11.41180788,801.8500416,0.14716,0.195518113,8.2,347.27,0.278050477,1.315893153
7/9/19,Caribou Creek,upstream,2019-07-09T18:22:00Z,10.4,10.96260095,742.8504963,0.15174,0.198476477,9.746,301.84,0.281566426,1.303050752
7/9/19,Caribou Creek,downstream,2019-07-09T18:22:00Z,10.24,11.41949453,742.8554023,0.15174,0.198476477,8.171,301.84,0.281566426,1.303050752
7/9/19,Caribou Creek,upstream,2019-07-09T18:37:00Z,10.4,10.99977124,684.144451,0.15187,0.198559779,9.616,249.51,0.281665303,1.302693718
7/9/19,Caribou Creek,downstream,2019-07-09T18:37:00Z,10.24,11.43311422,684.1505496,0.15187,0.198559779,8.13,249.51,0.281665303,1.302693718
7/9/19,Caribou Creek,upstream,2019-07-09T18:52:00Z,10.41,11.03276652,625.9795348,0.15399,0.199913139,9.498,219.58,0.283270773,1.296927654
7/9/19,Caribou Creek,downstream,2019-07-09T18:52:00Z,10.24,11.44747107,625.986815,0.15399,0.199913139,8.083,219.58,0.283270773,1.296927654
7/9/19,Caribou Creek,upstream,2019-07-09T19:07:00Z,10.42,11.0660916,568.6047676,0.15076,0.197847336,9.375,171.76,0.280819426,1.305755294
7/9/19,Caribou Creek,downstream,2019-07-09T19:07:00Z,10.25,11.46357832,568.6132134,0.15076,0.197847336,8.026,171.76,0.280819426,1.305755294
7/9/19,Caribou Creek,upstream,2019-07-09T19:22:00Z,10.44,11.10241972,512.2657865,0.15266,0.199065217,9.247,151.53,0.282265104,1.300532693
7/9/19,Caribou Creek,downstream,2019-07-09T19:22:00Z,10.25,11.48326091,512.2753768,0.15266,0.199065217,7.962,151.53,0.282265104,1.300532693
7/9/19,Caribou Creek,upstream,2019-07-09T19:37:00Z,10.47,11.13788365,457.2037942,0.15213,0.198726273,9.123,127.48,0.281862909,1.30198086
7/9/19,Caribou Creek,downstream,2019-07-09T19:37:00Z,10.26,11.50271123,457.2145031,0.15213,0.198726273,7.899,127.48,0.281862909,1.30198086
7/9/19,Caribou Creek,upstream,2019-07-09T19:52:00Z,10.48,11.17354937,403.6545263,0.14891,0.196653961,9,102.24,0.279401426,1.310924621
7/9/19,Caribou Creek,downstream,2019-07-09T19:52:00Z,10.27,11.52525982,403.6663231,0.14891,0.196653961,7.827,102.24,0.279401426,1.310924621
7/9/19,Caribou Creek,upstream,2019-07-09T20:07:00Z,10.5,11.2129962,351.847242,0.1487,0.19651802,8.868,75.44,0.279239809,1.311516766
7/9/19,Caribou Creek,downstream,2019-07-09T20:07:00Z,10.28,11.55069176,351.8600913,0.1487,0.19651802,7.749,75.44,0.279239809,1.311516766
7/9/19,Caribou Creek,upstream,2019-07-09T20:22:00Z,10.5,11.25033435,302.0037429,0.15493,0.200510172,8.745,59.26,0.283978459,1.294404428
7/9/19,Caribou Creek,downstream,2019-07-09T20:22:00Z,10.29,11.57866611,302.0176048,0.15493,0.200510172,7.664,59.26,0.283978459,1.294404428
7/9/19,Caribou Creek,upstream,2019-07-09T20:37:00Z,10.51,11.28706358,254.3374228,0.15398,0.199906778,8.625,44.13,0.283263231,1.296954606
7/9/19,Caribou Creek,downstream,2019-07-09T20:37:00Z,10.31,11.60773225,254.3522531,0.15398,0.199906778,7.576,44.13,0.283263231,1.296954606
7/9/19,Caribou Creek,upstream,2019-07-09T20:52:00Z,10.52,11.31913825,209.0523547,0.15461,0.200307135,8.517,37.52,0.28373783,1.295261125
7/9/19,Caribou Creek,downstream,2019-07-09T20:52:00Z,10.32,11.63684801,209.0681049,0.15461,0.200307135,7.484,37.52,0.28373783,1.295261125
7/9/19,Caribou Creek,upstream,2019-07-09T21:07:00Z,10.55,11.37924116,166.3424168,0.14948,0.197022451,8.321,27.87,0.279839426,1.309322913
7/9/19,Caribou Creek,downstream,2019-07-09T21:07:00Z,10.34,11.66814523,166.3590346,0.14948,0.197022451,7.39,27.87,0.279839426,1.309322913
7/9/19,Caribou Creek,upstream,2019-07-09T21:22:00Z,10.59,11.42451666,126.3904624,0.14738,0.195661282,8.176,21.66,0.27822083,1.315264263
7/9/19,Caribou Creek,downstream,2019-07-09T21:22:00Z,10.36,11.70122379,126.4078918,0.14738,0.195661282,7.291,21.66,0.27822083,1.315264263
7/9/19,Caribou Creek,upstream,2019-07-09T21:37:00Z,10.64,11.46348866,89.36753719,0.1529,0.199218503,8.044,17.13,0.28244696,1.299879101
7/9/19,Caribou Creek,downstream,2019-07-09T21:37:00Z,10.38,11.73205977,89.38571879,0.1529,0.199218503,7.191,17.13,0.28244696,1.299879101
7/9/19,Caribou Creek,upstream,2019-07-09T21:52:00Z,10.65,11.50754181,55.43214704,0.15531,0.200751001,7.901,13.22,0.284263826,1.29339013
7/9/19,Caribou Creek,downstream,2019-07-09T21:52:00Z,10.4,11.76674904,55.45101804,0.15531,0.200751001,7.084,13.22,0.284263826,1.29339013
7/9/19,Caribou Creek,upstream,2019-07-09T22:07:00Z,10.66,11.54761351,24.72957914,0.15591,0.201130647,7.772,7.77,0.284713568,1.291795257
7/9/19,Caribou Creek,downstream,2019-07-09T22:07:00Z,10.43,11.80232117,24.74907387,0.15591,0.201130647,6.975,7.77,0.284713568,1.291795257
7/9/19,Caribou Creek,upstream,2019-07-09T22:22:00Z,10.68,11.60542788,0,0.15344,0.199562949,7.592,4.6,0.282855519,1.298413457
7/9/19,Caribou Creek,downstream,2019-07-09T22:22:00Z,10.46,11.83952416,0,0.15344,0.199562949,6.866,4.6,0.282855519,1.298413457
7/9/19,Caribou Creek,upstream,2019-07-09T22:37:00Z,10.72,11.65336878,0,0.15188,0.198566185,7.445,3.84,0.281672907,1.302666271
7/9/19,Caribou Creek,downstream,2019-07-09T22:37:00Z,10.49,11.87764079,0,0.15188,0.198566185,6.755,3.84,0.281672907,1.302666271
7/9/19,Caribou Creek,upstream,2019-07-09T22:52:00Z,10.77,11.70389079,0,0.15456,0.200275391,7.287,3.09,0.283700205,1.295395195
7/9/19,Caribou Creek,downstream,2019-07-09T22:52:00Z,10.52,11.91494703,0,0.15456,0.200275391,6.643,3.09,0.283700205,1.295395195
7/9/19,Caribou Creek,upstream,2019-07-09T23:07:00Z,10.81,11.7545792,0,0.15158,0.198373902,7.13,2.2,0.281444661,1.303490732
7/9/19,Caribou Creek,downstream,2019-07-09T23:07:00Z,10.54,11.95183737,0,0.15158,0.198373902,6.533,2.2,0.281444661,1.303490732
7/9/19,Caribou Creek,upstream,2019-07-09T23:22:00Z,10.83,11.80701224,0,0.15033,0.197570626,6.972,1.49,0.280490757,1.306949317
7/9/19,Caribou Creek,downstream,2019-07-09T23:22:00Z,10.57,11.99025572,0,0.15033,0.197570626,6.422,1.49,0.280490757,1.306949317
7/9/19,Caribou Creek,upstream,2019-07-09T23:37:00Z,10.84,11.85584941,0,0.15535,0.200776334,6.825,1.21,0.284293841,1.293283552
7/9/19,Caribou Creek,downstream,2019-07-09T23:37:00Z,10.6,12.02778132,0,0.15535,0.200776334,6.313,1.21,0.284293841,1.293283552
7/9/19,Caribou Creek,upstream,2019-07-09T23:52:00Z,10.86,11.90266037,0,0.15184,0.198540559,6.684,1.1,0.28164249,1.302776075
7/9/19,Caribou Creek,downstream,2019-07-09T23:52:00Z,10.63,12.06474341,0,0.15184,0.198540559,6.205,1.1,0.28164249,1.302776075
7/10/19,Poker Creek,NA,2019-07-10T00:13:00Z,11.23,11.48261759,0,0.21120014,0.30294529,9.275636364,NA,NA,NA
7/10/19,Poker Creek,NA,2019-07-10T00:28:00Z,11.26181818,11.50338936,0,0.210993012,0.302749087,9.187363636,NA,NA,NA
7/10/19,Poker Creek,NA,2019-07-10T00:43:00Z,11.29545455,11.52597403,0,0.212024517,0.303726185,9.097636364,NA,NA,NA
7/10/19,Poker Creek,NA,2019-07-10T00:58:00Z,11.31,11.5526047,0,0.210993012,0.302749087,9.007272727,NA,NA,NA
7/10/19,Poker Creek,NA,2019-07-10T01:13:00Z,11.32,11.57464213,0,0.210375763,0.302164396,8.917,NA,NA,NA
7/10/19,Poker Creek,NA,2019-07-10T01:28:00Z,11.32727273,11.60581222,0,0.212231645,0.303922387,8.828272727,NA,NA,NA
7/10/19,Poker Creek,NA,2019-07-10T01:43:00Z,11.32272727,11.62497667,0,0.212641766,0.304310877,8.735909091,NA,NA,NA
7/10/19,Poker Creek,NA,2019-07-10T01:58:00Z,11.34,11.65467626,13.2351298,0.21490777,0.306457358,8.644272727,NA,NA,NA
7/10/19,Poker Creek,NA,2019-07-10T02:13:00Z,11.38181818,11.67910448,43.14152944,0.212641766,0.304310877,8.557545455,NA,NA,NA
7/10/19,Poker Creek,NA,2019-07-10T02:28:00Z,11.42,11.70081967,76.31715924,0.211817389,0.303529982,8.473454545,NA,NA,NA
7/10/19,Poker Creek,NA,2019-07-10T02:43:00Z,11.44727273,11.72439479,112.6199853,0.211407268,0.303141493,8.397454545,NA,NA,NA
7/10/19,Poker Creek,NA,2019-07-10T02:58:00Z,11.47909091,11.74932539,151.8945855,0.209758514,0.301579704,8.321,NA,NA,NA
7/10/19,Poker Creek,NA,2019-07-10T03:13:00Z,11.50363636,11.76240937,193.9728143,0.211817389,0.303529982,8.253,NA,NA,NA
7/10/19,Poker Creek,NA,2019-07-10T03:28:00Z,11.52909091,11.78405501,238.6745233,0.212848894,0.304507079,8.193545455,NA,NA,NA
7/10/19,Poker Creek,NA,2019-07-10T03:43:00Z,11.55363636,11.79818047,285.8083321,0.213466143,0.305091771,8.139,NA,NA,NA
7/10/19,Poker Creek,NA,2019-07-10T03:58:00Z,11.58545455,11.81422082,335.1724476,0.213466143,0.305091771,8.089181818,NA,NA,NA
7/10/19,Poker Creek,NA,2019-07-10T04:13:00Z,11.61909091,11.83206814,386.5555284,0.21429052,0.305872666,8.042181818,NA,NA,NA
7/10/19,Poker Creek,NA,2019-07-10T04:28:00Z,11.65,11.83943089,439.7375888,0.210993012,0.302749087,8.004,NA,NA,NA
7/10/19,Poker Creek,NA,2019-07-10T04:43:00Z,11.69090909,11.8448927,494.4909416,0.214083393,0.305676463,7.983,NA,NA,NA
7/10/19,Poker Creek,NA,2019-07-10T04:58:00Z,11.72181818,11.84565916,550.5811721,0.214083393,0.305676463,7.974,NA,NA,NA
7/10/19,Poker Creek,NA,2019-07-10T05:13:00Z,11.75,11.84475806,607.768142,0.213259016,0.304895569,7.971,NA,NA,NA
7/10/19,Poker Creek,NA,2019-07-10T05:28:00Z,11.77181818,11.84937775,665.8070176,0.21490777,0.306457358,7.967818182,NA,NA,NA
7/10/19,Poker Creek,NA,2019-07-10T05:43:00Z,11.80909091,11.84462478,724.4493177,0.213259016,0.304895569,7.976,NA,NA,NA
7/10/19,Poker Creek,NA,2019-07-10T05:58:00Z,11.82818182,11.84972678,783.4439779,0.213876265,0.30548026,7.975,NA,NA,NA
7/10/19,Poker Creek,NA,2019-07-10T06:13:00Z,11.84727273,11.84727273,842.5384249,0.214700642,0.306261155,7.974,NA,NA,NA
7/10/19,Poker Creek,NA,2019-07-10T06:28:00Z,11.87272727,11.83721563,901.4796582,0.212641766,0.304310877,7.993090909,NA,NA,NA
7/10/19,Poker Creek,NA,2019-07-10T06:43:00Z,11.9,11.82902584,960.0153334,0.214700642,0.306261155,8.016818182,NA,NA,NA
7/10/19,Poker Creek,NA,2019-07-10T06:58:00Z,11.93,11.8310494,1017.894842,0.213876265,0.30548026,8.042,NA,NA,NA
7/10/19,Poker Creek,NA,2019-07-10T07:13:00Z,11.94545455,11.81548422,1074.870385,0.217583894,0.308992328,8.069545455,NA,NA,NA
7/10/19,Poker Creek,NA,2019-07-10T07:28:00Z,11.96181818,11.80831015,1130.698033,0.216759517,0.308211434,8.101363636,NA,NA,NA
7/10/19,Poker Creek,NA,2019-07-10T07:43:00Z,11.96818182,11.80188256,1185.138772,0.218818393,0.310161712,8.128454545,NA,NA,NA
7/10/19,Poker Creek,NA,2019-07-10T07:58:00Z,11.98090909,11.79012346,1237.959525,0.217791022,0.309188531,8.171,NA,NA,NA
7/10/19,Poker Creek,NA,2019-07-10T08:13:00Z,11.99727273,11.77357481,1288.93415,0.218615399,0.309969426,8.227272727,NA,NA,NA
7/10/19,Poker Creek,NA,2019-07-10T08:28:00Z,12.00363636,11.75674472,1337.84441,0.219232648,0.310554117,8.293454545,NA,NA,NA
7/10/19,Poker Creek,NA,2019-07-10T08:43:00Z,12.00545455,11.7303251,1384.480905,0.220057025,0.311335012,8.379,NA,NA,NA
7/10/19,Poker Creek,NA,2019-07-10T08:58:00Z,12.00454545,11.70863628,1428.64397,0.219025521,0.310357915,8.458363636,NA,NA,NA
7/10/19,Poker Creek,NA,2019-07-10T09:13:00Z,12.00181818,11.6862884,1470.144531,0.217583894,0.308992328,8.538727273,NA,NA,NA
7/10/19,Poker Creek,NA,2019-07-10T09:28:00Z,12,11.65048544,1508.80491,0.21799815,0.309384734,8.648545455,NA,NA,NA
7/10/19,Poker Creek,NA,2019-07-10T09:43:00Z,12.00181818,11.61841063,1544.45959,0.219646904,0.310946523,8.776090909,NA,NA,NA
7/10/19,Poker Creek,NA,2019-07-10T09:58:00Z,11.99636364,11.58458432,1576.955923,0.219232648,0.310554117,8.896181818,NA,NA,NA
7/10/19,Poker Creek,NA,2019-07-10T10:13:00Z,11.98090909,11.54230163,1606.154783,0.220264153,0.311531215,9.039363636,NA,NA,NA
7/10/19,Poker Creek,NA,2019-07-10T10:28:00Z,11.96,11.5,1631.931158,0.219439776,0.31075032,9.191909091,NA,NA,NA
7/10/19,Poker Creek,NA,2019-07-10T10:43:00Z,11.94090909,11.46861084,1654.174694,0.219849898,0.311138809,9.316818182,NA,NA,NA
7/10/19,Poker Creek,NA,2019-07-10T10:58:00Z,11.92181818,11.43230756,1672.790157,0.21799815,0.309384734,9.450818182,NA,NA,NA
7/10/19,Poker Creek,NA,2019-07-10T11:13:00Z,11.89909091,11.40454823,1687.69785,0.220057025,0.311335012,9.562454545,NA,NA,NA
7/10/19,Poker Creek,NA,2019-07-10T11:28:00Z,11.88,11.37633847,1698.833947,0.218615399,0.309969426,9.658090909,NA,NA,NA
7/10/19,Poker Creek,NA,2019-07-10T11:43:00Z,11.85818182,11.3426087,1706.150771,0.219439776,0.31075032,9.782090909,NA,NA,NA
7/10/19,Poker Creek,NA,2019-07-10T11:58:00Z,11.89181818,11.32064042,1709.616995,0.221498652,0.312700599,9.876,NA,NA,NA
7/10/19,Poker Creek,NA,2019-07-10T12:13:00Z,11.83,11.29894938,1709.21778,0.223764655,0.31484708,9.933454545,NA,NA,NA
7/10/19,Poker Creek,NA,2019-07-10T12:28:00Z,11.79090909,11.28022265,1704.954834,0.219439776,0.31075032,10.02018182,NA,NA,NA
7/10/19,Poker Creek,NA,2019-07-10T12:43:00Z,11.76545455,11.25195618,1696.846407,0.222940278,0.314066185,10.12436364,NA,NA,NA
7/10/19,Poker Creek,NA,2019-07-10T12:58:00Z,11.77,11.22020972,1684.927214,0.22108853,0.312312109,10.243,NA,NA,NA
7/10/19,Poker Creek,NA,2019-07-10T13:13:00Z,11.76363636,11.17829993,1669.248283,0.223764655,0.31484708,10.40445455,NA,NA,NA
7/10/19,Poker Creek,NA,2019-07-10T13:28:00Z,11.73,11.12903226,1649.87674,0.222323029,0.313481493,10.57736364,NA,NA,NA
7/10/19,Poker Creek,NA,2019-07-10T13:43:00Z,11.68,11.08733172,1626.89552,0.222940278,0.314066185,10.748,NA,NA,NA
7/10/19,Poker Creek,NA,2019-07-10T13:58:00Z,11.64363636,11.04614058,1600.403012,0.220674275,0.311919704,10.919,NA,NA,NA
7/10/19,Poker Creek,NA,2019-07-10T14:13:00Z,11.61,11.00473934,1570.512638,0.219439776,0.31075032,11.05109091,NA,NA,NA
7/10/19,Poker Creek,NA,2019-07-10T14:28:00Z,11.57454545,10.98059508,1537.352368,0.221498652,0.312700599,11.16536364,NA,NA,NA
7/10/19,Poker Creek,NA,2019-07-10T14:43:00Z,11.53,10.94872238,1501.064169,0.225206281,0.316212666,11.30136364,NA,NA,NA
7/10/19,Poker Creek,NA,2019-07-10T14:58:00Z,11.48,10.92293054,1461.803403,0.221705779,0.312896801,11.38818182,NA,NA,NA
7/10/19,Poker Creek,NA,2019-07-10T15:13:00Z,11.45,10.9047619,1419.738156,0.220881402,0.312115907,11.47863636,NA,NA,NA
7/10/19,Poker Creek,NA,2019-07-10T15:28:00Z,11.45,10.88403042,1375.048522,0.223147406,0.314262388,11.56236364,NA,NA,NA
7/10/19,Poker Creek,NA,2019-07-10T15:43:00Z,11.43545455,10.87020394,1327.925831,0.222940278,0.314066185,11.61,NA,NA,NA
7/10/19,Poker Creek,NA,2019-07-10T15:58:00Z,11.41818182,10.85941553,1278.571829,0.222323029,0.313481493,11.65145455,NA,NA,NA
7/10/19,Poker Creek,NA,2019-07-10T16:13:00Z,11.37181818,10.84908933,1227.197814,0.221498652,0.312700599,11.69490909,NA,NA,NA
7/10/19,Poker Creek,NA,2019-07-10T16:28:00Z,11.33181818,10.85612263,1174.023736,0.224381904,0.315431772,11.66263636,NA,NA,NA
7/10/19,Poker Creek,NA,2019-07-10T16:43:00Z,11.29818182,10.86933706,1119.277247,0.223557527,0.314650877,11.61363636,NA,NA,NA
7/10/19,Poker Creek,NA,2019-07-10T16:58:00Z,11.29,10.87668593,1063.192735,0.224381904,0.315431772,11.59163636,NA,NA,NA
7/10/19,Poker Creek,NA,2019-07-10T17:13:00Z,11.28727273,10.87977567,1006.010314,0.224174776,0.315235569,11.57536364,NA,NA,NA
7/10/19,Poker Creek,NA,2019-07-10T17:28:00Z,11.26727273,10.89103691,947.9748001,0.219849898,0.311138809,11.52072727,NA,NA,NA
7/10/19,Poker Creek,NA,2019-07-10T17:43:00Z,11.25,10.90404441,889.3346602,0.220057025,0.311335012,11.46718182,NA,NA,NA
7/10/19,Poker Creek,NA,2019-07-10T17:58:00Z,11.21,10.92979968,830.3409513,0.220057025,0.311335012,11.37227273,NA,NA,NA
7/10/19,Poker Creek,NA,2019-07-10T18:13:00Z,11.19,10.9569165,771.2462436,0.219646904,0.310946523,11.26936364,NA,NA,NA
7/10/19,Poker Creek,NA,2019-07-10T18:28:00Z,11.2,10.96963761,712.3035398,0.220881402,0.312115907,11.21045455,NA,NA,NA
7/10/19,Poker Creek,NA,2019-07-10T18:43:00Z,11.20181818,10.98217469,653.765192,0.21799815,0.309384734,11.153,NA,NA,NA
7/10/19,Poker Creek,NA,2019-07-10T18:58:00Z,11.19090909,11.00384375,595.881821,0.220881402,0.312115907,11.07545455,NA,NA,NA
7/10/19,Poker Creek,NA,2019-07-10T19:13:00Z,11.18181818,11.0274341,538.9012438,0.221498652,0.312700599,10.98054545,NA,NA,NA
7/10/19,Poker Creek,NA,2019-07-10T19:28:00Z,11.18454545,11.05788244,483.0674119,0.219232648,0.310554117,10.86536364,NA,NA,NA
7/10/19,Poker Creek,NA,2019-07-10T19:43:00Z,11.18,11.09126984,428.6193678,0.222323029,0.313481493,10.74627273,NA,NA,NA
7/10/19,Poker Creek,NA,2019-07-10T19:58:00Z,11.15272727,11.1163465,375.7902205,0.222323029,0.313481493,10.63618182,NA,NA,NA
7/10/19,Poker Creek,NA,2019-07-10T20:13:00Z,11.13727273,11.14740673,324.8061485,0.220264153,0.311531215,10.537,NA,NA,NA
7/10/19,Poker Creek,NA,2019-07-10T20:28:00Z,11.12272727,11.16943582,275.8854307,0.220057025,0.311335012,10.43845455,NA,NA,NA
7/10/19,Poker Creek,NA,2019-07-10T20:43:00Z,11.11,11.19754444,229.2375126,0.22108853,0.312312109,10.33018182,NA,NA,NA
7/10/19,Poker Creek,NA,2019-07-10T20:58:00Z,11.11363636,11.22589532,185.0621086,0.218822527,0.310165628,10.22418182,NA,NA,NA
7/10/19,Poker Creek,NA,2019-07-10T21:13:00Z,11.13,11.25379171,143.5483481,0.219439776,0.31075032,10.11563636,NA,NA,NA
7/10/19,Poker Creek,NA,2019-07-10T21:28:00Z,11.15181818,11.28518859,104.8739649,0.219439776,0.31075032,10.00236364,NA,NA,NA
7/10/19,Poker Creek,NA,2019-07-10T21:43:00Z,11.16,11.31428571,69.20453652,0.218205278,0.309580936,9.896636364,NA,NA,NA
7/10/19,Poker Creek,NA,2019-07-10T21:58:00Z,11.16,11.33832086,36.69277563,0.217173773,0.308603839,9.797090909,NA,NA,NA
7/10/19,Poker Creek,NA,2019-07-10T22:13:00Z,11.16,11.36456212,7.477875749,0.218822527,0.310165628,9.704272727,NA,NA,NA
7/10/19,Poker Creek,NA,2019-07-10T22:28:00Z,11.16,11.3877551,0,0.217173773,0.308603839,9.614454545,NA,NA,NA
7/10/19,Poker Creek,NA,2019-07-10T22:43:00Z,11.15636364,11.41369048,0,0.216763652,0.30821535,9.522090909,NA,NA,NA
7/10/19,Poker Creek,NA,2019-07-10T22:58:00Z,11.15545455,11.4361603,0,0.217380901,0.308800042,9.427272727,NA,NA,NA
7/10/19,Poker Creek,NA,2019-07-10T23:13:00Z,11.16272727,11.46070562,0,0.217173773,0.308603839,9.340454545,NA,NA,NA
7/10/19,Poker Creek,NA,2019-07-10T23:28:00Z,11.18,11.48701663,0,0.217791022,0.309188531,9.259363636,NA,NA,NA
7/10/19,Poker Creek,NA,2019-07-10T23:43:00Z,11.20181818,11.50620973,0,0.215322025,0.306849763,9.184,NA,NA,NA
7/10/19,Poker Creek,NA,2019-07-10T23:58:00Z,11.23,11.52224606,0,0.215732147,0.307238252,9.115,NA,NA,NA
7/30/19,Blacktail Deer Creek,upstream,2019-07-30T00:03:00Z,10.4,7.841798884,0,0.13088,0.150265116,13.289,0.27,0.2744108,3.674820683
7/30/19,Blacktail Deer Creek,upstream,2019-07-30T00:18:00Z,10.41,7.845195804,0,0.12883,0.149460709,13.239,0.26,0.272167294,3.671921077
7/30/19,Blacktail Deer Creek,upstream,2019-07-30T00:33:00Z,10.42,7.836094761,0,0.13124,0.150405518,13.175,0.29,0.274803036,3.675325424
7/30/19,Blacktail Deer Creek,upstream,2019-07-30T00:48:00Z,10.42,7.850642108,0,0.13109,0.150347048,13.117,0.3,0.274639667,3.675115276
7/30/19,Blacktail Deer Creek,upstream,2019-07-30T01:03:00Z,10.44,7.865975978,0,0.13281,0.151014872,13.042,0.24,0.276507614,3.677511391
7/30/19,Blacktail Deer Creek,upstream,2019-07-30T01:18:00Z,10.46,7.887910164,0,0.13172,0.150592326,12.939,0.3,0.275325215,3.67599637
7/30/19,Blacktail Deer Creek,upstream,2019-07-30T01:33:00Z,10.48,7.906575019,0,0.13516,0.151918141,12.829,0.28,0.279041082,3.680737933
7/30/19,Blacktail Deer Creek,upstream,2019-07-30T01:48:00Z,10.51,7.928745354,0,0.13578,0.15215472,12.725,0.27,0.279705953,3.681580305
7/30/19,Blacktail Deer Creek,upstream,2019-07-30T02:03:00Z,10.54,7.951285443,0,0.13647,0.152417172,12.608,0.29,0.28044418,3.682513498
7/30/19,Blacktail Deer Creek,upstream,2019-07-30T02:18:00Z,10.57,7.97366329,0,0.135,0.151856972,12.499,0.3,0.278869264,3.68051995
7/30/19,Blacktail Deer Creek,upstream,2019-07-30T02:33:00Z,10.6,7.994152644,0,0.13496,0.151841672,12.394,0.23,0.278826295,3.680465417
7/30/19,Blacktail Deer Creek,upstream,2019-07-30T02:48:00Z,10.63,8.011914237,0,0.13996,0.153731404,12.294,0.32,0.284150966,3.687165949
7/30/19,Blacktail Deer Creek,upstream,2019-07-30T03:03:00Z,10.65,8.030635286,0,0.13762,0.152852654,12.196,0.26,0.281670587,3.684058904
7/30/19,Blacktail Deer Creek,upstream,2019-07-30T03:18:00Z,10.67,8.052624916,0,0.13787,0.152947005,12.102,0.27,0.281936546,3.684393238
7/30/19,Blacktail Deer Creek,upstream,2019-07-30T03:33:00Z,10.7,8.071507284,0,0.14266,0.154733379,12.022,0.24,0.286988336,3.69069026
7/30/19,Blacktail Deer Creek,upstream,2019-07-30T03:48:00Z,10.73,8.093160706,0,0.14081,0.154048206,11.965,0.25,0.285047024,3.68828237
7/30/19,Blacktail Deer Creek,upstream,2019-07-30T04:03:00Z,10.75,8.104534109,0,0.1389,0.153334548,11.895,0.3,0.283029862,3.685764647
7/30/19,Blacktail Deer Creek,upstream,2019-07-30T04:18:00Z,10.77,8.112853472,0,0.14186,0.154437812,11.83,0.76,0.286150341,3.689652673
7/30/19,Blacktail Deer Creek,upstream,2019-07-30T04:33:00Z,10.78,8.127688031,0,0.1408,0.154044486,11.762,5.85,0.285036497,3.688269273
7/30/19,Blacktail Deer Creek,upstream,2019-07-30T04:48:00Z,10.81,8.142923323,11.62171888,0.14542,0.155744767,11.681,20.26,0.28986224,3.694227992
7/30/19,Blacktail Deer Creek,upstream,2019-07-30T05:03:00Z,10.84,8.160960118,108.7311868,0.14305,0.154877071,11.599,48.12,0.28739604,3.691194082
7/30/19,Blacktail Deer Creek,upstream,2019-07-30T05:18:00Z,10.88,8.174069724,207.6548915,0.14655,0.156155194,11.526,126.59,0.291031313,3.695658039
7/30/19,Blacktail Deer Creek,upstream,2019-07-30T05:33:00Z,10.92,8.185218924,307.9692092,0.14588,0.155912096,11.475,209.23,0.29033867,3.694811405
7/30/19,Blacktail Deer Creek,upstream,2019-07-30T05:48:00Z,10.95,8.191386622,409.2445609,0.14643,0.156111708,11.436,226.67,0.29090737,3.695506673
7/30/19,Blacktail Deer Creek,upstream,2019-07-30T06:03:00Z,10.98,8.195724258,511.047252,0.14863,0.156905243,11.412,436.84,0.29317198,3.698263163
7/30/19,Blacktail Deer Creek,upstream,2019-07-30T06:18:00Z,11.01,8.194645276,612.9413293,0.14583,0.155893925,11.405,389.05,0.290286919,3.694748075
7/30/19,Blacktail Deer Creek,upstream,2019-07-30T06:33:00Z,11.02,8.195702372,714.4904484,0.14903,0.157048688,11.406,216.25,0.293581994,3.698760175
7/30/19,Blacktail Deer Creek,upstream,2019-07-30T06:48:00Z,11.05,8.191163843,815.2597416,0.15028,0.157495322,11.433,285.66,0.294859896,3.700305209
7/30/19,Blacktail Deer Creek,upstream,2019-07-30T07:03:00Z,11.06,8.185789674,914.8176809,0.14929,0.157141791,11.46,804.08,0.29384822,3.699082553
7/30/19,Blacktail Deer Creek,upstream,2019-07-30T07:18:00Z,11.06,8.180213625,1012.737925,0.15145,0.157911155,11.487,842.39,0.296051398,3.701740339
7/30/19,Blacktail Deer Creek,upstream,2019-07-30T07:33:00Z,11.06,8.170322202,1108.601147,0.1486,0.156894475,11.535,937.38,0.293141207,3.698225836
7/30/19,Blacktail Deer Creek,upstream,2019-07-30T07:48:00Z,11.06,8.152227147,1201.996826,0.15186,0.158056372,11.617,1026.44,0.296467886,3.702240757
7/30/19,Blacktail Deer Creek,upstream,2019-07-30T08:03:00Z,11.05,8.125223355,1292.525011,0.1524,0.15824724,11.737,1105.74,0.29701561,3.702897889
7/30/19,Blacktail Deer Creek,upstream,2019-07-30T08:18:00Z,11.04,8.091588136,1379.798029,0.15078,0.157673289,11.897,1194.63,0.295369628,3.700919807
7/30/19,Blacktail Deer Creek,upstream,2019-07-30T08:33:00Z,11.01,8.053673703,1463.442145,0.15015,0.157448986,12.08,1276.45,0.294727233,3.700145095
7/30/19,Blacktail Deer Creek,upstream,2019-07-30T08:48:00Z,10.97,8.012999436,1543.099167,0.15158,0.157957227,12.279,1349.93,0.296183514,3.701899147
7/30/19,Blacktail Deer Creek,upstream,2019-07-30T09:03:00Z,10.94,7.969940303,1618.427975,0.15137,0.157882789,12.499,1423.84,0.295970068,3.701642547
7/30/19,Blacktail Deer Creek,upstream,2019-07-30T09:18:00Z,10.9,7.924737997,1689.105984,0.15387,0.158764573,12.733,1490.69,0.298501933,3.704675604
7/30/19,Blacktail Deer Creek,upstream,2019-07-30T09:33:00Z,10.85,7.875569375,1754.830526,0.15307,0.158483438,12.989,1556.82,0.297693899,3.703710151
7/30/19,Blacktail Deer Creek,upstream,2019-07-30T09:48:00Z,10.8,7.823175028,1815.320144,0.15267,0.158342506,13.264,1619.55,0.297289122,3.703225626
7/30/19,Blacktail Deer Creek,upstream,2019-07-30T10:03:00Z,10.74,7.768363941,1870.315801,0.14921,0.157113155,13.56,1671.81,0.293766328,3.698983417
7/30/19,Blacktail Deer Creek,upstream,2019-07-30T10:18:00Z,10.67,7.713310857,1919.581984,0.15219,0.158173067,13.858,1730.49,0.296802717,3.702642601
7/30/19,Blacktail Deer Creek,upstream,2019-07-30T10:33:00Z,10.6,7.657570142,1962.907718,0.15413,0.158855734,14.164,1794.32,0.298764109,3.70498835
7/30/19,Blacktail Deer Creek,upstream,2019-07-30T10:48:00Z,10.54,7.602777271,2000.107465,0.153,0.158458792,14.462,1004.91,0.2976231,3.703625446
7/30/19,Blacktail Deer Creek,upstream,2019-07-30T11:03:00Z,10.48,7.553392712,2031.021922,0.15418,0.158873253,14.743,1861.35,0.298814503,3.705048436
7/30/19,Blacktail Deer Creek,upstream,2019-07-30T11:18:00Z,10.36,7.534989073,2055.5187,0.15357,0.15865926,14.837,941.29,0.298199157,3.704314119
7/30/19,Blacktail Deer Creek,upstream,2019-07-30T11:33:00Z,10.34,7.490262136,2073.492896,0.15263,0.1583284,15.081,1673.71,0.297248616,3.703177107
7/30/19,Blacktail Deer Creek,upstream,2019-07-30T11:48:00Z,10.32,7.44635935,2084.867535,0.15044,0.157552314,15.338,1976.76,0.295023099,3.700502091
7/30/19,Blacktail Deer Creek,upstream,2019-07-30T12:03:00Z,10.26,7.399553033,2089.593906,0.14995,0.157377649,15.618,1987.8,0.294523027,3.699898509
7/30/19,Blacktail Deer Creek,upstream,2019-07-30T12:18:00Z,10.19,7.340244688,2087.651767,0.1503,0.157502448,15.986,1939.53,0.294880301,3.70032983
7/30/19,Blacktail Deer Creek,upstream,2019-07-30T12:33:00Z,10.1,7.289807842,2079.049434,0.15221,0.158180134,16.305,1925.31,0.296822998,3.702666928
7/30/19,Blacktail Deer Creek,upstream,2019-07-30T12:48:00Z,10.04,7.249555216,2063.823744,0.14774,0.156585162,16.556,1933.77,0.292257793,3.697152737
7/30/19,Blacktail Deer Creek,upstream,2019-07-30T13:03:00Z,9.98,7.21747139,2042.039896,0.1469,0.156281894,16.762,1955.5,0.291392537,3.696098849
7/30/19,Blacktail Deer Creek,upstream,2019-07-30T13:18:00Z,9.92,7.186789123,2013.791176,0.14724,0.156404783,16.956,1844.14,0.291743045,3.696526111
7/30/19,Blacktail Deer Creek,upstream,2019-07-30T13:33:00Z,9.86,7.160272916,1979.198553,0.14659,0.156169684,17.132,1820.49,0.291072617,3.695708468
7/30/19,Blacktail Deer Creek,upstream,2019-07-30T13:48:00Z,9.81,7.1319253,1938.410164,0.14567,0.15583575,17.317,1886.9,0.290121259,3.694545281
7/30/19,Blacktail Deer Creek,upstream,2019-07-30T14:03:00Z,9.77,7.112663612,1891.600677,0.14389,0.155185687,17.447,1101.66,0.288272364,3.692274819
7/30/19,Blacktail Deer Creek,upstream,2019-07-30T14:18:00Z,9.74,7.101481979,1838.970546,0.14399,0.155222348,17.525,1803.08,0.288376525,3.692403078
7/30/19,Blacktail Deer Creek,upstream,2019-07-30T14:33:00Z,9.71,7.090738139,1780.74515,0.14359,0.155075604,17.599,1206.82,0.287959674,3.691889531
7/30/19,Blacktail Deer Creek,upstream,2019-07-30T14:48:00Z,9.69,7.077826001,1717.17383,0.13996,0.153731404,17.695,661.85,0.284150966,3.687165949
7/30/19,Blacktail Deer Creek,upstream,2019-07-30T15:03:00Z,9.65,7.084070042,1648.528821,0.13924,0.153462059,17.669,584.17,0.283389907,3.686215225
7/30/19,Blacktail Deer Creek,upstream,2019-07-30T15:18:00Z,9.68,7.095780454,1575.104083,0.14087,0.15407052,17.596,640.17,0.285110176,3.688360934
7/30/19,Blacktail Deer Creek,upstream,2019-07-30T15:33:00Z,9.68,7.110008867,1497.214046,0.13916,0.153432075,17.51,324.78,0.283305229,3.6861093
7/30/19,Blacktail Deer Creek,upstream,2019-07-30T15:48:00Z,9.58,7.139413106,1415.192263,0.13848,0.153176751,17.363,59.37,0.282584515,3.685206602
7/30/19,Blacktail Deer Creek,upstream,2019-07-30T16:03:00Z,9.62,7.160866876,1329.389979,0.13895,0.153353313,17.275,1104.89,0.283082836,3.685830974
7/30/19,Blacktail Deer Creek,upstream,2019-07-30T16:18:00Z,9.7,7.17356951,1240.174629,0.1355,0.152047966,17.188,370.02,0.279405869,3.681200332
7/30/19,Blacktail Deer Creek,upstream,2019-07-30T16:33:00Z,9.71,7.191040253,1147.928266,0.13653,0.152439953,17.076,1010.8,0.280508288,3.682594433
7/30/19,Blacktail Deer Creek,upstream,2019-07-30T16:48:00Z,9.75,7.199658321,1053.04592,0.13656,0.152451341,16.994,384.11,0.280540338,3.682634888
7/30/19,Blacktail Deer Creek,upstream,2019-07-30T17:03:00Z,9.75,7.205007362,955.9339126,0.135,0.151856972,16.943,718.19,0.278869264,3.68051995
7/30/19,Blacktail Deer Creek,upstream,2019-07-30T17:18:00Z,9.71,7.21950815,857.008111,0.13564,0.152101361,16.847,249.36,0.279555948,3.681390411
7/30/19,Blacktail Deer Creek,upstream,2019-07-30T17:33:00Z,9.68,7.233589133,756.6921512,0.13247,0.150883315,16.753,204.13,0.276139294,3.677040087
7/30/19,Blacktail Deer Creek,upstream,2019-07-30T17:48:00Z,9.7,7.2500347,655.4156224,0.1317,0.150584551,16.639,478.15,0.275303476,3.67596846
7/30/19,Blacktail Deer Creek,upstream,2019-07-30T18:03:00Z,9.7,7.271201568,553.6122274,0.12975,0.149822748,16.509,169.82,0.273176239,3.673227746
7/30/19,Blacktail Deer Creek,upstream,2019-07-30T18:18:00Z,9.71,7.291040272,451.7179255,0.13287,0.151038065,16.381,117.87,0.276572565,3.677594443
7/30/19,Blacktail Deer Creek,upstream,2019-07-30T18:33:00Z,9.72,7.310868158,350.1690652,0.1311,0.150350948,16.254,62.17,0.274650561,3.675129293
7/30/19,Blacktail Deer Creek,upstream,2019-07-30T18:48:00Z,9.72,7.333841254,249.400516,0.13056,0.150140101,16.108,30.69,0.274061711,3.674370916
7/30/19,Blacktail Deer Creek,upstream,2019-07-30T19:03:00Z,9.74,7.361213478,149.8438061,0.12903,0.149539558,15.943,16.27,0.272386923,3.672205888
7/30/19,Blacktail Deer Creek,upstream,2019-07-30T19:18:00Z,9.76,7.388747704,51.92527422,0.12578,0.14824812,15.792,6.56,0.268797434,3.667524868
7/30/19,Blacktail Deer Creek,upstream,2019-07-30T19:33:00Z,9.79,7.41716671,0,0.12699,0.148731478,15.643,1.22,0.270138972,3.669280931
7/30/19,Blacktail Deer Creek,upstream,2019-07-30T19:48:00Z,9.83,7.447855021,0,0.12723,0.148826989,15.502,0.25,0.270404332,3.669627351
7/30/19,Blacktail Deer Creek,upstream,2019-07-30T20:03:00Z,9.86,7.471565934,0,0.12551,0.148139845,15.395,0.24,0.268497238,3.667130829
7/30/19,Blacktail Deer Creek,upstream,2019-07-30T20:18:00Z,9.89,7.500757348,0,0.12795,0.14911281,15.282,0.32,0.271198974,3.670662899
7/30/19,Blacktail Deer Creek,upstream,2019-07-30T20:33:00Z,9.92,7.534540609,0,0.12899,0.149523794,15.165,0.32,0.27234301,3.672148959
7/30/19,Blacktail Deer Creek,upstream,2019-07-30T20:48:00Z,9.95,7.550625029,0,0.13065,0.150175282,15.048,0.25,0.274159934,3.674497519
7/30/19,Blacktail Deer Creek,upstream,2019-07-30T21:03:00Z,9.97,7.55008276,0,0.13004,0.149936518,14.93,0.28,0.273493564,3.673637806
7/30/19,Blacktail Deer Creek,upstream,2019-07-30T21:18:00Z,9.99,7.569485592,0,0.13204,0.150716614,14.817,0.24,0.275672827,3.676442378
7/30/19,Blacktail Deer Creek,upstream,2019-07-30T21:33:00Z,10.01,7.585479022,0,0.13486,0.15180341,14.699,0.26,0.278718844,3.680329015
7/30/19,Blacktail Deer Creek,upstream,2019-07-30T21:48:00Z,10.04,7.60545065,0,0.13364,0.151335095,14.583,0.28,0.277404853,3.678657129
7/30/19,Blacktail Deer Creek,upstream,2019-07-30T22:03:00Z,10.07,7.630623574,0,0.13432,0.151596469,14.454,0.22,0.278137948,3.67959078
7/30/19,Blacktail Deer Creek,upstream,2019-07-30T22:18:00Z,10.11,7.652683891,0,0.13581,0.152166149,14.322,0.19,0.279738087,3.681620972
7/30/19,Blacktail Deer Creek,upstream,2019-07-30T22:33:00Z,10.15,7.675039026,0,0.13587,0.152189002,14.195,0.26,0.279802345,3.681702281
7/30/19,Blacktail Deer Creek,upstream,2019-07-30T22:48:00Z,10.18,7.699764171,0,0.13901,0.153375824,14.076,0.23,0.283146393,3.685910537
7/30/19,Blacktail Deer Creek,upstream,2019-07-30T23:03:00Z,10.21,7.720968389,0,0.14145,0.154285907,13.964,0.27,0.28571999,3.689118752
7/30/19,Blacktail Deer Creek,upstream,2019-07-30T23:18:00Z,10.24,7.744740321,0,0.13797,0.152984715,13.843,0.27,0.282042864,3.68452681
7/30/19,Blacktail Deer Creek,upstream,2019-07-30T23:33:00Z,10.27,7.768139331,0,0.14062,0.153977501,13.716,0.34,0.284846954,3.688033374
7/30/19,Blacktail Deer Creek,upstream,2019-07-30T23:48:00Z,10.31,7.790083705,0,0.14141,0.154271072,13.589,0.26,0.285677972,3.689066584
8/3/19,McRae Creek,NA,NA,NA,NA,NA,NA,NA,NA,NA,NA,NA
8/6/19,Martha Creek,upstream,2019-08-06T00:03:00Z,8.75,11.27605354,0,NA,0.114133929,8.322,0.11,NA,NA
8/6/19,Martha Creek,downstream,2019-08-06T00:03:00Z,8.87,9.520325334,0,NA,0.114133929,15.576,0.11,NA,NA
8/6/19,Martha Creek,upstream,2019-08-06T00:18:00Z,8.76,11.2811452,0,NA,0.114133929,8.305,0.1,NA,NA
8/6/19,Martha Creek,downstream,2019-08-06T00:18:00Z,8.87,9.532084737,0,NA,0.114133929,15.515,0.1,NA,NA
8/6/19,Martha Creek,upstream,2019-08-06T00:33:00Z,8.76,11.28572189,0,NA,0.114133929,8.304,0.12,NA,NA
8/6/19,Martha Creek,downstream,2019-08-06T00:33:00Z,8.89,9.541464045,0,NA,0.114133929,15.452,0.12,NA,NA
8/6/19,Martha Creek,upstream,2019-08-06T00:48:00Z,8.76,11.28990296,0,NA,0.114133929,8.265,0.1,NA,NA
8/6/19,Martha Creek,downstream,2019-08-06T00:48:00Z,8.9,9.550796836,0,NA,0.114133929,15.397,0.1,NA,NA
8/6/19,Martha Creek,upstream,2019-08-06T01:03:00Z,8.79,11.29472503,0,NA,0.114133929,8.278,0.12,NA,NA
8/6/19,Martha Creek,downstream,2019-08-06T01:03:00Z,8.91,9.560091675,0,NA,0.114133929,15.372,0.12,NA,NA
8/6/19,Martha Creek,upstream,2019-08-06T01:18:00Z,8.79,11.30009274,0,NA,0.114133929,8.213,0.12,NA,NA
8/6/19,Martha Creek,downstream,2019-08-06T01:18:00Z,8.91,9.569357124,0,NA,0.114133929,15.301,0.12,NA,NA
8/6/19,Martha Creek,upstream,2019-08-06T01:33:00Z,8.79,11.30591078,0,NA,0.114133929,8.217,0.11,NA,NA
8/6/19,Martha Creek,downstream,2019-08-06T01:33:00Z,8.93,9.578601749,0,NA,0.114133929,15.254,0.11,NA,NA
8/6/19,Martha Creek,upstream,2019-08-06T01:48:00Z,8.8,11.31208379,0,NA,0.114133929,8.18,0.12,NA,NA
8/6/19,Martha Creek,downstream,2019-08-06T01:48:00Z,8.94,9.587834113,0,NA,0.114133929,15.23,0.12,NA,NA
8/6/19,Martha Creek,upstream,2019-08-06T02:03:00Z,8.81,11.31784051,0,NA,0.114133929,8.183,0.12,NA,NA
8/6/19,Martha Creek,downstream,2019-08-06T02:03:00Z,8.94,9.597062779,0,NA,0.114133929,15.182,0.12,NA,NA
8/6/19,Martha Creek,upstream,2019-08-06T02:18:00Z,8.81,11.32539379,0,NA,0.114133929,8.158,0.11,NA,NA
8/6/19,Martha Creek,downstream,2019-08-06T02:18:00Z,8.96,9.606934516,0,NA,0.114133929,15.132,0.11,NA,NA
8/6/19,Martha Creek,upstream,2019-08-06T02:33:00Z,8.81,11.3367523,0,NA,0.114133929,8.116,0.12,NA,NA
8/6/19,Martha Creek,downstream,2019-08-06T02:33:00Z,8.96,9.613062923,0,NA,0.114133929,15.095,0.12,NA,NA
8/6/19,Martha Creek,upstream,2019-08-06T02:48:00Z,8.82,11.33114199,0,NA,0.114133929,8.139,0.11,NA,NA
8/6/19,Martha Creek,downstream,2019-08-06T02:48:00Z,8.97,9.619813149,0,NA,0.114133929,15.067,0.11,NA,NA
8/6/19,Martha Creek,upstream,2019-08-06T03:03:00Z,8.82,11.34925937,0,NA,0.114133929,8.08,0.13,NA,NA
8/6/19,Martha Creek,downstream,2019-08-06T03:03:00Z,8.98,9.627763586,0,NA,0.114133929,15.028,0.13,NA,NA
8/6/19,Martha Creek,upstream,2019-08-06T03:18:00Z,8.83,11.35282207,0,NA,0.114133929,8.072,0.13,NA,NA
8/6/19,Martha Creek,downstream,2019-08-06T03:18:00Z,8.98,9.636332829,0,NA,0.114133929,14.99,0.13,NA,NA
8/6/19,Martha Creek,upstream,2019-08-06T03:33:00Z,8.82,11.35000974,0,NA,0.114133929,8.082,0.11,NA,NA
8/6/19,Martha Creek,downstream,2019-08-06T03:33:00Z,8.99,9.64252287,0,NA,0.114133929,14.96,0.11,NA,NA
8/6/19,Martha Creek,upstream,2019-08-06T03:48:00Z,8.82,11.37092759,0,NA,0.114133929,8.017,0.12,NA,NA
8/6/19,Martha Creek,downstream,2019-08-06T03:48:00Z,9.02,9.651524919,0,NA,0.114133929,14.92,0.12,NA,NA
8/6/19,Martha Creek,upstream,2019-08-06T04:03:00Z,8.85,11.37168065,0,NA,0.114133929,8.041,0.11,NA,NA
8/6/19,Martha Creek,downstream,2019-08-06T04:03:00Z,9.01,9.659791072,0,NA,0.114133929,14.892,0.11,NA,NA
8/6/19,Martha Creek,upstream,2019-08-06T04:18:00Z,8.84,11.37799142,0,NA,0.114133929,7.997,0.17,NA,NA
8/6/19,Martha Creek,downstream,2019-08-06T04:18:00Z,9.03,9.667602617,0,NA,0.114133929,14.854,0.17,NA,NA
8/6/19,Martha Creek,upstream,2019-08-06T04:33:00Z,8.87,11.38401865,0,NA,0.114133929,7.971,0.73,NA,NA
8/6/19,Martha Creek,downstream,2019-08-06T04:33:00Z,9.02,9.674794617,0,NA,0.114133929,14.82,0.73,NA,NA
8/6/19,Martha Creek,upstream,2019-08-06T04:48:00Z,8.88,11.38977931,0,NA,0.114133929,7.963,3.3,NA,NA
8/6/19,Martha Creek,downstream,2019-08-06T04:48:00Z,9.03,9.681202139,0,NA,0.114133929,14.791,3.3,NA,NA
8/6/19,Martha Creek,upstream,2019-08-06T05:03:00Z,8.88,11.39529032,71.57196012,NA,0.114133929,7.92,8.77,NA,NA
8/6/19,Martha Creek,downstream,2019-08-06T05:03:00Z,9.05,9.686660247,71.59631476,NA,0.114133929,14.77,8.77,NA,NA
8/6/19,Martha Creek,upstream,2019-08-06T05:18:00Z,8.89,11.39719323,170.0939658,NA,0.114133929,7.94,15.51,NA,NA
8/6/19,Martha Creek,downstream,2019-08-06T05:18:00Z,9.07,9.691004005,170.1156017,NA,0.114133929,14.736,15.51,NA,NA
8/6/19,Martha Creek,upstream,2019-08-06T05:33:00Z,8.9,11.40837343,269.9871253,NA,0.114133929,7.908,21.83,NA,NA
8/6/19,Martha Creek,downstream,2019-08-06T05:33:00Z,9.1,9.693624461,270.0060047,NA,0.114133929,14.729,21.83,NA,NA
8/6/19,Martha Creek,upstream,2019-08-06T05:48:00Z,8.89,11.41298288,370.82362,NA,0.114133929,7.893,27.76,NA,NA
8/6/19,Martha Creek,downstream,2019-08-06T05:48:00Z,9.14,9.697479418,370.8397168,NA,0.114133929,14.71,27.76,NA,NA
8/6/19,Martha Creek,upstream,2019-08-06T06:03:00Z,8.92,11.41113859,472.1715906,NA,0.114133929,7.899,33.47,NA,NA
8/6/19,Martha Creek,downstream,2019-08-06T06:03:00Z,9.18,9.699713287,472.1848907,NA,0.114133929,14.699,33.47,NA,NA
8/6/19,Martha Creek,upstream,2019-08-06T06:18:00Z,8.92,11.41851979,573.5969874,NA,0.114133929,7.875,38.71,NA,NA
8/6/19,Martha Creek,downstream,2019-08-06T06:18:00Z,9.22,9.695449934,573.6074887,NA,0.114133929,14.72,38.71,NA,NA
8/6/19,Martha Creek,upstream,2019-08-06T06:33:00Z,8.94,11.42067468,674.6654289,NA,0.114133929,7.868,44.23,NA,NA
8/6/19,Martha Creek,downstream,2019-08-06T06:33:00Z,9.27,9.689773989,674.6731412,NA,0.114133929,14.748,44.23,NA,NA
8/6/19,Martha Creek,upstream,2019-08-06T06:48:00Z,8.94,11.41772835,774.944062,NA,0.114133929,7.882,49.53,NA,NA
8/6/19,Martha Creek,downstream,2019-08-06T06:48:00Z,9.35,9.663140209,774.9490072,NA,0.114133929,14.886,49.53,NA,NA
8/6/19,Martha Creek,upstream,2019-08-06T07:03:00Z,8.97,11.43157685,874.0034163,NA,0.114133929,7.84,55.45,NA,NA
8/6/19,Martha Creek,downstream,2019-08-06T07:03:00Z,9.41,9.630566958,874.005628,NA,0.114133929,15.053,55.45,NA,NA
8/6/19,Martha Creek,upstream,2019-08-06T07:18:00Z,9.01,11.42450171,971.419243,NA,0.114133929,7.86,61.87,NA,NA
8/6/19,Martha Creek,downstream,2019-08-06T07:18:00Z,9.44,9.610147537,971.4187665,NA,0.114133929,15.152,61.87,NA,NA
8/6/19,Martha Creek,upstream,2019-08-06T07:33:00Z,9.01,11.42943351,1066.774332,NA,0.114133929,7.844,70.49,NA,NA
8/6/19,Martha Creek,downstream,2019-08-06T07:33:00Z,9.46,9.604225024,1066.771224,NA,0.114133929,15.182,70.49,NA,NA
8/6/19,Martha Creek,upstream,2019-08-06T07:48:00Z,9.03,11.43084583,1159.660298,NA,0.114133929,7.835,74.83,NA,NA
8/6/19,Martha Creek,downstream,2019-08-06T07:48:00Z,9.48,9.602045576,1159.654627,NA,0.114133929,15.187,74.83,NA,NA
8/6/19,Martha Creek,upstream,2019-08-06T08:03:00Z,9.03,11.42375468,1249.679332,NA,0.114133929,7.858,95.54,NA,NA
8/6/19,Martha Creek,downstream,2019-08-06T08:03:00Z,9.47,9.59063078,1249.671177,NA,0.114133929,15.245,95.54,NA,NA
8/6/19,Martha Creek,upstream,2019-08-06T08:18:00Z,9.04,11.4281166,1336.445902,NA,0.114133929,7.835,105.41,NA,NA
8/6/19,Martha Creek,downstream,2019-08-06T08:18:00Z,9.48,9.583926366,1336.435353,NA,0.114133929,15.267,105.41,NA,NA
8/6/19,Martha Creek,upstream,2019-08-06T08:33:00Z,9.03,11.41245221,1419.588405,NA,0.114133929,7.877,98.96,NA,NA
8/6/19,Martha Creek,downstream,2019-08-06T08:33:00Z,9.48,9.566866899,1419.575562,NA,0.114133929,15.342,98.96,NA,NA
8/6/19,Martha Creek,upstream,2019-08-06T08:48:00Z,9.08,11.41539761,1498.75076,NA,0.114133929,7.863,109.71,NA,NA
8/6/19,Martha Creek,downstream,2019-08-06T08:48:00Z,9.49,9.55709875,1498.735732,NA,0.114133929,15.386,109.71,NA,NA
8/6/19,Martha Creek,upstream,2019-08-06T09:03:00Z,9.07,11.40467383,1573.593932,NA,0.114133929,7.889,120.49,NA,NA
8/6/19,Martha Creek,downstream,2019-08-06T09:03:00Z,9.49,9.541121769,1573.576838,NA,0.114133929,15.456,120.49,NA,NA
8/6/19,Martha Creek,upstream,2019-08-06T09:18:00Z,9.08,11.40208257,1643.797382,NA,0.114133929,7.893,1031.84,NA,NA
8/6/19,Martha Creek,downstream,2019-08-06T09:18:00Z,9.48,9.511190033,1643.778351,NA,0.114133929,15.605,1031.84,NA,NA
8/6/19,Martha Creek,upstream,2019-08-06T09:33:00Z,9.09,11.40102755,1709.060445,NA,0.114133929,7.892,1278.12,NA,NA
8/6/19,Martha Creek,downstream,2019-08-06T09:33:00Z,9.47,9.492007229,1709.039613,NA,0.114133929,15.699,1278.12,NA,NA
8/6/19,Martha Creek,upstream,2019-08-06T09:48:00Z,9.1,11.3826408,1769.103611,NA,0.114133929,7.949,1335.29,NA,NA
8/6/19,Martha Creek,downstream,2019-08-06T09:48:00Z,9.48,9.466311329,1769.081122,NA,0.114133929,15.83,1335.29,NA,NA
8/6/19,Martha Creek,upstream,2019-08-06T10:03:00Z,9.08,11.38449993,1823.669728,NA,0.114133929,7.937,1394.58,NA,NA
8/6/19,Martha Creek,downstream,2019-08-06T10:03:00Z,9.47,9.4267258,1823.645734,NA,0.114133929,16.032,1394.58,NA,NA
8/6/19,Martha Creek,upstream,2019-08-06T10:18:00Z,9.08,11.36549478,1872.525101,NA,0.114133929,7.991,1441.1,NA,NA
8/6/19,Martha Creek,downstream,2019-08-06T10:18:00Z,9.46,9.397389402,1872.499758,NA,0.114133929,16.178,1441.1,NA,NA
8/6/19,Martha Creek,upstream,2019-08-06T10:33:00Z,9.09,11.35780978,1915.46049,NA,0.114133929,8.011,1477.67,NA,NA
8/6/19,Martha Creek,downstream,2019-08-06T10:33:00Z,9.46,9.368355773,1915.433963,NA,0.114133929,16.328,1477.67,NA,NA
8/6/19,Martha Creek,upstream,2019-08-06T10:48:00Z,9.11,11.34839085,1952.292013,NA,0.114133929,8.033,1508.04,NA,NA
8/6/19,Martha Creek,downstream,2019-08-06T10:48:00Z,9.43,9.325179363,1952.264469,NA,0.114133929,16.552,1508.04,NA,NA
8/6/19,Martha Creek,upstream,2019-08-06T11:03:00Z,9.11,11.32820056,1982.861925,NA,0.114133929,8.095,1536.15,NA,NA
8/6/19,Martha Creek,downstream,2019-08-06T11:03:00Z,9.42,9.28339091,1982.833538,NA,0.114133929,16.778,1536.15,NA,NA
8/6/19,Martha Creek,upstream,2019-08-06T11:18:00Z,9.11,11.32639619,2007.039303,NA,0.114133929,8.092,1558.45,NA,NA
8/6/19,Martha Creek,downstream,2019-08-06T11:18:00Z,9.39,9.269301405,2007.010248,NA,0.114133929,16.844,1558.45,NA,NA
8/6/19,Martha Creek,upstream,2019-08-06T11:33:00Z,9.11,11.30628994,2024.720596,NA,0.114133929,8.145,1576.97,NA,NA
8/6/19,Martha Creek,downstream,2019-08-06T11:33:00Z,9.36,9.243855305,2024.691054,NA,0.114133929,16.968,1576.97,NA,NA
8/6/19,Martha Creek,upstream,2019-08-06T11:48:00Z,9.12,11.298447,2035.83008,NA,0.114133929,8.162,1585.4,NA,NA
8/6/19,Martha Creek,downstream,2019-08-06T11:48:00Z,9.34,9.204573565,2035.800232,NA,0.114133929,17.179,1585.4,NA,NA
8/6/19,Martha Creek,upstream,2019-08-06T12:03:00Z,9.1,11.29091295,2040.320173,NA,0.114133929,8.181,1595.37,NA,NA
8/6/19,Martha Creek,downstream,2019-08-06T12:03:00Z,9.29,9.170683413,2040.290201,NA,0.114133929,17.366,1595.37,NA,NA
8/6/19,Martha Creek,upstream,2019-08-06T12:18:00Z,9.09,11.27241182,2038.171644,NA,0.114133929,8.235,1594.88,NA,NA
8/6/19,Martha Creek,downstream,2019-08-06T12:18:00Z,9.27,9.127626727,2038.14173,NA,0.114133929,17.607,1594.88,NA,NA
8/6/19,Martha Creek,upstream,2019-08-06T12:33:00Z,9.11,11.27188518,2029.393692,NA,0.114133929,8.23,1584.45,NA,NA
8/6/19,Martha Creek,downstream,2019-08-06T12:33:00Z,9.22,9.096755636,2029.364021,NA,0.114133929,17.78,1584.45,NA,NA
8/6/19,Martha Creek,upstream,2019-08-06T12:48:00Z,9.08,11.24021571,2014.02391,NA,0.114133929,8.329,1569.54,NA,NA
8/6/19,Martha Creek,downstream,2019-08-06T12:48:00Z,9.2,9.057272744,2013.994663,NA,0.114133929,18.007,1569.54,NA,NA
8/6/19,Martha Creek,upstream,2019-08-06T13:03:00Z,9.07,11.23976047,1992.128123,NA,0.114133929,8.326,1542.77,NA,NA
8/6/19,Martha Creek,downstream,2019-08-06T13:03:00Z,9.16,9.013375654,1992.09948,NA,0.114133929,18.268,1542.77,NA,NA
8/6/19,Martha Creek,upstream,2019-08-06T13:18:00Z,9.06,11.22274951,1963.800103,NA,0.114133929,8.371,1514.09,NA,NA
8/6/19,Martha Creek,downstream,2019-08-06T13:18:00Z,9.12,8.965241522,1963.772242,NA,0.114133929,18.548,1514.09,NA,NA
8/6/19,Martha Creek,upstream,2019-08-06T13:33:00Z,9.05,11.21797599,1929.161172,NA,0.114133929,8.381,1480.43,NA,NA
8/6/19,Martha Creek,downstream,2019-08-06T13:33:00Z,9.09,8.919119979,1929.134267,NA,0.114133929,18.83,1480.43,NA,NA
8/6/19,Martha Creek,upstream,2019-08-06T13:48:00Z,9.04,11.21916579,1888.35968,NA,0.114133929,8.377,1435.57,NA,NA
8/6/19,Martha Creek,downstream,2019-08-06T13:48:00Z,9.06,8.888433527,1888.333901,NA,0.114133929,19.027,1435.57,NA,NA
8/6/19,Martha Creek,upstream,2019-08-06T14:03:00Z,9.01,11.20237577,1841.57037,NA,0.114133929,8.429,1385.07,NA,NA
8/6/19,Martha Creek,downstream,2019-08-06T14:03:00Z,9.04,8.845099314,1841.545882,NA,0.114133929,19.302,1385.07,NA,NA
8/6/19,Martha Creek,upstream,2019-08-06T14:18:00Z,9,11.20036339,1788.993629,NA,0.114133929,8.432,1324.99,NA,NA
8/6/19,Martha Creek,downstream,2019-08-06T14:18:00Z,9.03,8.846588408,1788.970592,NA,0.114133929,19.286,1324.99,NA,NA
8/6/19,Martha Creek,upstream,2019-08-06T14:33:00Z,8.96,11.18859129,1730.854631,NA,0.114133929,8.471,266.58,NA,NA
8/6/19,Martha Creek,downstream,2019-08-06T14:33:00Z,8.97,8.864279199,1730.833198,NA,0.114133929,19.169,266.58,NA,NA
8/6/19,Martha Creek,upstream,2019-08-06T14:48:00Z,8.96,11.17957493,1667.402372,NA,0.114133929,8.5,110.74,NA,NA
8/6/19,Martha Creek,downstream,2019-08-06T14:48:00Z,8.92,8.865281906,1667.38269,NA,0.114133929,19.16,110.74,NA,NA
8/6/19,Martha Creek,upstream,2019-08-06T15:03:00Z,8.94,11.17433467,1598.908603,NA,0.114133929,8.517,102.09,NA,NA
8/6/19,Martha Creek,downstream,2019-08-06T15:03:00Z,8.92,8.866166779,1598.890811,NA,0.114133929,19.153,102.09,NA,NA
8/6/19,Martha Creek,upstream,2019-08-06T15:18:00Z,8.9,11.15466012,1525.666668,NA,0.114133929,8.577,93.42,NA,NA
8/6/19,Martha Creek,downstream,2019-08-06T15:18:00Z,8.9,8.86830415,1525.650897,NA,0.114133929,19.128,93.42,NA,NA
8/6/19,Martha Creek,upstream,2019-08-06T15:33:00Z,8.91,11.1514297,1447.990245,NA,0.114133929,8.588,90.8,NA,NA
8/6/19,Martha Creek,downstream,2019-08-06T15:33:00Z,8.86,8.886826269,1447.976617,NA,0.114133929,19.008,90.8,NA,NA
8/6/19,Martha Creek,upstream,2019-08-06T15:48:00Z,8.87,11.133092,1366.212006,NA,0.114133929,8.646,77.91,NA,NA
8/6/19,Martha Creek,downstream,2019-08-06T15:48:00Z,8.82,8.914361535,1366.200635,NA,0.114133929,18.824,77.91,NA,NA
8/6/19,Martha Creek,upstream,2019-08-06T16:03:00Z,8.85,11.13355478,1280.682189,NA,0.114133929,8.649,72.62,NA,NA
8/6/19,Martha Creek,downstream,2019-08-06T16:03:00Z,8.72,8.962974239,1280.673179,NA,0.114133929,18.524,72.62,NA,NA
8/6/19,Martha Creek,upstream,2019-08-06T16:18:00Z,8.85,11.12216128,1191.767101,NA,0.114133929,8.688,65.52,NA,NA
8/6/19,Martha Creek,downstream,2019-08-06T16:18:00Z,8.67,8.997066576,1191.760544,NA,0.114133929,18.312,65.52,NA,NA
8/6/19,Martha Creek,upstream,2019-08-06T16:33:00Z,8.8,11.11641535,1099.847544,NA,0.114133929,8.71,59.76,NA,NA
8/6/19,Martha Creek,downstream,2019-08-06T16:33:00Z,8.66,9.018445524,1099.843524,NA,0.114133929,18.184,59.76,NA,NA
8/6/19,Martha Creek,upstream,2019-08-06T16:48:00Z,8.79,11.1170846,1005.317192,NA,0.114133929,8.71,54.93,NA,NA
8/6/19,Martha Creek,downstream,2019-08-06T16:48:00Z,8.65,9.034406131,1005.31578,NA,0.114133929,18.09,54.93,NA,NA
8/6/19,Martha Creek,upstream,2019-08-06T17:03:00Z,8.79,11.10146064,908.5808974,NA,0.114133929,8.766,51.04,NA,NA
8/6/19,Martha Creek,downstream,2019-08-06T17:03:00Z,8.65,9.053102555,908.5821548,NA,0.114133929,17.98,51.04,NA,NA
8/6/19,Martha Creek,upstream,2019-08-06T17:18:00Z,8.77,11.10782683,810.0529623,NA,0.114133929,8.751,46.41,NA,NA
8/6/19,Martha Creek,downstream,2019-08-06T17:18:00Z,8.65,9.072746083,810.0569386,NA,0.114133929,17.872,46.41,NA,NA
8/6/19,Martha Creek,upstream,2019-08-06T17:33:00Z,8.75,11.10230554,710.1553613,NA,0.114133929,8.77,41.52,NA,NA
8/6/19,Martha Creek,downstream,2019-08-06T17:33:00Z,8.64,9.090783829,710.1620943,NA,0.114133929,17.764,41.52,NA,NA
8/6/19,Martha Creek,upstream,2019-08-06T17:48:00Z,8.75,11.10422197,609.3159353,NA,0.114133929,8.768,37.02,NA,NA
8/6/19,Martha Creek,downstream,2019-08-06T17:48:00Z,8.64,9.109591523,609.325451,NA,0.114133929,17.659,37.02,NA,NA
8/6/19,Martha Creek,upstream,2019-08-06T18:03:00Z,8.73,11.11016291,507.9665592,NA,0.114133929,8.756,32.24,NA,NA
8/6/19,Martha Creek,downstream,2019-08-06T18:03:00Z,8.63,9.126599484,507.9788716,NA,0.114133929,17.571,32.24,NA,NA
8/6/19,Martha Creek,upstream,2019-08-06T18:18:00Z,8.72,11.10053018,406.541292,NA,0.114133929,8.793,26.25,NA,NA
8/6/19,Martha Creek,downstream,2019-08-06T18:18:00Z,8.62,9.143557817,406.5564032,NA,0.114133929,17.477,26.25,NA,NA
8/6/19,Martha Creek,upstream,2019-08-06T18:33:00Z,8.69,11.11073338,305.4745176,NA,0.114133929,8.764,20.23,NA,NA
8/6/19,Martha Creek,downstream,2019-08-06T18:33:00Z,8.61,9.160161919,305.4924177,NA,0.114133929,17.389,20.23,NA,NA
8/6/19,Martha Creek,upstream,2019-08-06T18:48:00Z,8.69,11.11236242,205.1990851,NA,0.114133929,8.763,13.61,NA,NA
8/6/19,Martha Creek,downstream,2019-08-06T18:48:00Z,8.6,9.177329968,205.2197523,NA,0.114133929,17.296,13.61,NA,NA
8/6/19,Martha Creek,upstream,2019-08-06T19:03:00Z,8.68,11.11868138,106.1444545,NA,0.114133929,8.752,7.14,NA,NA
8/6/19,Martha Creek,downstream,2019-08-06T19:03:00Z,8.59,9.197182936,106.1678551,NA,0.114133929,17.197,7.14,NA,NA
8/6/19,Martha Creek,upstream,2019-08-06T19:18:00Z,8.66,11.12790176,8.734857314,NA,0.114133929,8.728,2.39,NA,NA
8/6/19,Martha Creek,downstream,2019-08-06T19:18:00Z,8.59,9.216549867,8.76094594,NA,0.114133929,17.097,2.39,NA,NA
8/6/19,Martha Creek,upstream,2019-08-06T19:33:00Z,8.66,11.12264584,0,NA,0.114133929,8.756,0.46,NA,NA
8/6/19,Martha Creek,downstream,2019-08-06T19:33:00Z,8.57,9.23608359,0,NA,0.114133929,17,0.46,NA,NA
8/6/19,Martha Creek,upstream,2019-08-06T19:48:00Z,8.65,11.14405157,0,NA,0.114133929,8.704,0.14,NA,NA
8/6/19,Martha Creek,downstream,2019-08-06T19:48:00Z,8.57,9.252805398,0,NA,0.114133929,16.936,0.14,NA,NA
8/6/19,Martha Creek,upstream,2019-08-06T20:03:00Z,8.64,11.14444555,0,NA,0.114133929,8.708,0.1,NA,NA
8/6/19,Martha Creek,downstream,2019-08-06T20:03:00Z,8.57,9.275093895,0,NA,0.114133929,16.818,0.1,NA,NA
8/6/19,Martha Creek,upstream,2019-08-06T20:18:00Z,8.64,11.15543176,0,NA,0.114133929,8.675,0.12,NA,NA
8/6/19,Martha Creek,downstream,2019-08-06T20:18:00Z,8.59,9.290896279,0,NA,0.114133929,16.736,0.12,NA,NA
8/6/19,Martha Creek,upstream,2019-08-06T20:33:00Z,8.63,11.16040933,0,NA,0.114133929,8.658,0.13,NA,NA
8/6/19,Martha Creek,downstream,2019-08-06T20:33:00Z,8.61,9.305246381,0,NA,0.114133929,16.656,0.13,NA,NA
8/6/19,Martha Creek,upstream,2019-08-06T20:48:00Z,8.64,11.15777351,0,NA,0.114133929,8.667,0.1,NA,NA
8/6/19,Martha Creek,downstream,2019-08-06T20:48:00Z,8.62,9.318583691,0,NA,0.114133929,16.582,0.1,NA,NA
8/6/19,Martha Creek,upstream,2019-08-06T21:03:00Z,8.64,11.17396042,0,NA,0.114133929,8.608,0.11,NA,NA
8/6/19,Martha Creek,downstream,2019-08-06T21:03:00Z,8.64,9.331004886,0,NA,0.114133929,16.508,0.11,NA,NA
8/6/19,Martha Creek,upstream,2019-08-06T21:18:00Z,8.66,11.16979286,0,NA,0.114133929,8.626,0.11,NA,NA
8/6/19,Martha Creek,downstream,2019-08-06T21:18:00Z,8.65,9.346536356,0,NA,0.114133929,16.428,0.11,NA,NA
8/6/19,Martha Creek,upstream,2019-08-06T21:33:00Z,8.65,11.18848431,0,NA,0.114133929,8.567,0.11,NA,NA
8/6/19,Martha Creek,downstream,2019-08-06T21:33:00Z,8.66,9.363437008,0,NA,0.114133929,16.342,0.11,NA,NA
8/6/19,Martha Creek,upstream,2019-08-06T21:48:00Z,8.67,11.18406724,0,NA,0.114133929,8.582,0.14,NA,NA
8/6/19,Martha Creek,downstream,2019-08-06T21:48:00Z,8.68,9.380539025,0,NA,0.114133929,16.249,0.14,NA,NA
8/6/19,Martha Creek,upstream,2019-08-06T22:03:00Z,8.66,11.19261055,0,NA,0.114133929,8.553,0.1,NA,NA
8/6/19,Martha Creek,downstream,2019-08-06T22:03:00Z,8.69,9.395699941,0,NA,0.114133929,16.167,0.1,NA,NA
8/6/19,Martha Creek,upstream,2019-08-06T22:18:00Z,8.67,11.20192198,0,NA,0.114133929,8.526,0.12,NA,NA
8/6/19,Martha Creek,downstream,2019-08-06T22:18:00Z,8.72,9.407834139,0,NA,0.114133929,16.108,0.12,NA,NA
8/6/19,Martha Creek,upstream,2019-08-06T22:33:00Z,8.67,11.20162661,0,NA,0.114133929,8.527,0.11,NA,NA
8/6/19,Martha Creek,downstream,2019-08-06T22:33:00Z,8.73,9.424063998,0,NA,0.114133929,16.021,0.11,NA,NA
8/6/19,Martha Creek,upstream,2019-08-06T22:48:00Z,8.69,11.21684932,0,NA,0.114133929,8.471,0.11,NA,NA
8/6/19,Martha Creek,downstream,2019-08-06T22:48:00Z,8.74,9.437884225,0,NA,0.114133929,15.941,0.11,NA,NA
8/6/19,Martha Creek,upstream,2019-08-06T23:03:00Z,8.68,11.21463957,0,NA,0.114133929,8.483,0.12,NA,NA
8/6/19,Martha Creek,downstream,2019-08-06T23:03:00Z,8.76,9.453195909,0,NA,0.114133929,15.866,0.12,NA,NA
8/6/19,Martha Creek,upstream,2019-08-06T23:18:00Z,8.69,11.22471896,0,NA,0.114133929,8.449,0.12,NA,NA
8/6/19,Martha Creek,downstream,2019-08-06T23:18:00Z,8.78,9.464737252,0,NA,0.114133929,15.805,0.12,NA,NA
8/6/19,Martha Creek,upstream,2019-08-06T23:33:00Z,8.71,11.23058551,0,NA,0.114133929,8.43,0.12,NA,NA
8/6/19,Martha Creek,downstream,2019-08-06T23:33:00Z,8.78,9.477280967,0,NA,0.114133929,15.74,0.12,NA,NA
8/6/19,Martha Creek,upstream,2019-08-06T23:48:00Z,8.7,11.23655648,0,NA,0.114133929,8.415,0.13,NA,NA
8/6/19,Martha Creek,downstream,2019-08-06T23:48:00Z,8.81,9.489758786,0,NA,0.114133929,15.674,0.13,NA,NA
8/10/19,Blaine Creek,NA,2019-08-10T00:04:00Z,5.6355,9.200208822,0,NA,0.28,14.2425,NA,NA,NA
8/10/19,Blaine Creek,NA,2019-08-10T00:19:00Z,5.6305,9.212782819,0,NA,0.28,14.173,NA,NA,NA
8/10/19,Blaine Creek,NA,2019-08-10T00:34:00Z,5.633,9.220356098,0,NA,0.28,14.134,NA,NA,NA
8/10/19,Blaine Creek,NA,2019-08-10T00:49:00Z,5.6435,9.245498064,0,NA,0.28,14.008,NA,NA,NA
8/10/19,Blaine Creek,NA,2019-08-10T01:04:00Z,5.6505,9.258438456,0,NA,0.28,13.943,NA,NA,NA
8/10/19,Blaine Creek,NA,2019-08-10T01:19:00Z,5.6615,9.285619144,0,NA,0.28,13.808,NA,NA,NA
8/10/19,Blaine Creek,NA,2019-08-10T01:34:00Z,5.6695,9.302991606,0,NA,0.28,13.7255,NA,NA,NA
8/10/19,Blaine Creek,NA,2019-08-10T01:49:00Z,5.6995,9.325268669,0,NA,0.28,13.6205,NA,NA,NA
8/10/19,Blaine Creek,NA,2019-08-10T02:04:00Z,5.7085,9.335601001,0,NA,0.28,13.5725,NA,NA,NA
8/10/19,Blaine Creek,NA,2019-08-10T02:19:00Z,5.724,9.361558756,0,NA,0.28,13.4505,NA,NA,NA
8/10/19,Blaine Creek,NA,2019-08-10T02:34:00Z,5.7285,9.368031065,0,NA,0.28,13.4195,NA,NA,NA
8/10/19,Blaine Creek,NA,2019-08-10T02:49:00Z,5.7465,9.39190052,0,NA,0.28,13.3055,NA,NA,NA
8/10/19,Blaine Creek,NA,2019-08-10T03:04:00Z,5.749,9.397359464,0,NA,0.28,13.2795,NA,NA,NA
8/10/19,Blaine Creek,NA,2019-08-10T03:19:00Z,5.7685,9.415772098,0,NA,0.28,13.192,NA,NA,NA
8/10/19,Blaine Creek,NA,2019-08-10T03:34:00Z,5.784,9.426637442,0,NA,0.28,13.144,NA,NA,NA
8/10/19,Blaine Creek,NA,2019-08-10T03:49:00Z,5.798,9.43249877,0,NA,0.28,13.1215,NA,NA,NA
8/10/19,Blaine Creek,NA,2019-08-10T04:04:00Z,5.806,9.437890404,0,NA,0.28,13.0995,NA,NA,NA
8/10/19,Blaine Creek,NA,2019-08-10T04:19:00Z,5.8415,9.441750008,0,NA,0.28,13.0865,NA,NA,NA
8/10/19,Blaine Creek,NA,2019-08-10T04:34:00Z,5.854,9.449720988,0,NA,0.28,13.056,NA,NA,NA
8/10/19,Blaine Creek,NA,2019-08-10T04:49:00Z,5.8815,9.454847873,0,NA,0.28,13.0425,NA,NA,NA
8/10/19,Blaine Creek,NA,2019-08-10T05:04:00Z,5.9245,9.465703393,86.70703935,NA,0.28,12.9985,NA,NA,NA
8/10/19,Blaine Creek,NA,2019-08-10T05:19:00Z,6.009,9.469776945,181.6807883,NA,0.28,12.99,NA,NA,NA
8/10/19,Blaine Creek,NA,2019-08-10T05:34:00Z,6.0595,9.473512941,277.9179567,NA,0.28,12.981,NA,NA,NA
8/10/19,Blaine Creek,NA,2019-08-10T05:49:00Z,6.2005,9.475286679,375.0062769,NA,0.28,12.9855,NA,NA,NA
8/10/19,Blaine Creek,NA,2019-08-10T06:04:00Z,6.296,9.466791932,472.5298351,NA,0.28,13.034,NA,NA,NA
8/10/19,Blaine Creek,NA,2019-08-10T06:19:00Z,6.6425,9.468670407,570.0708524,NA,0.28,13.038,NA,NA,NA
8/10/19,Blaine Creek,NA,2019-08-10T06:34:00Z,6.8765,9.454466809,667.2114752,NA,0.28,13.1085,NA,NA,NA
8/10/19,Blaine Creek,NA,2019-08-10T06:49:00Z,7.477,9.436138339,763.5355643,NA,0.28,13.2005,NA,NA,NA
8/10/19,Blaine Creek,NA,2019-08-10T07:04:00Z,7.818,9.41655166,858.6304786,NA,0.28,13.297,NA,NA,NA
8/10/19,Blaine Creek,NA,2019-08-10T07:19:00Z,8.479,9.382761685,952.088842,NA,0.28,13.4635,NA,NA,NA
8/10/19,Blaine Creek,NA,2019-08-10T07:34:00Z,8.74,9.369591671,1043.510289,NA,0.28,13.529,NA,NA,NA
8/10/19,Blaine Creek,NA,2019-08-10T07:49:00Z,9.1875,9.335015379,1132.50318,NA,0.28,13.699,NA,NA,NA
8/10/19,Blaine Creek,NA,2019-08-10T08:04:00Z,9.422,9.321037168,1218.686278,NA,0.28,13.769,NA,NA,NA
8/10/19,Blaine Creek,NA,2019-08-10T08:19:00Z,9.833,9.285962355,1301.690384,NA,0.28,13.943,NA,NA,NA
8/10/19,Blaine Creek,NA,2019-08-10T08:34:00Z,10.081,9.259276268,1381.159915,NA,0.28,14.0735,NA,NA,NA
8/10/19,Blaine Creek,NA,2019-08-10T08:49:00Z,10.5925,9.212666596,1456.754432,NA,0.28,14.303,NA,NA,NA
8/10/19,Blaine Creek,NA,2019-08-10T09:04:00Z,10.79,9.189070518,1528.150093,NA,0.28,14.42,NA,NA,NA
8/10/19,Blaine Creek,NA,2019-08-10T09:19:00Z,11.102,9.09686952,1595.041047,NA,0.28,14.882,NA,NA,NA
8/10/19,Blaine Creek,NA,2019-08-10T09:34:00Z,11.2765,9.025368354,1657.140736,NA,0.28,15.248,NA,NA,NA
8/10/19,Blaine Creek,NA,2019-08-10T09:49:00Z,11.692,8.888257775,1714.18313,NA,0.28,15.9635,NA,NA,NA
8/10/19,Blaine Creek,NA,2019-08-10T10:04:00Z,11.8525,8.85073597,1765.923864,NA,0.28,16.164,NA,NA,NA
8/10/19,Blaine Creek,NA,2019-08-10T10:19:00Z,12.0365,8.735657255,1812.141283,NA,0.28,16.785,NA,NA,NA
8/10/19,Blaine Creek,NA,2019-08-10T10:34:00Z,12.163,8.665477529,1852.637394,NA,0.28,17.1665,NA,NA,NA
8/10/19,Blaine Creek,NA,2019-08-10T10:49:00Z,12.383,8.519807865,1887.238713,NA,0.28,17.9775,NA,NA,NA
8/10/19,Blaine Creek,NA,2019-08-10T11:04:00Z,12.476,8.460383956,1915.797008,NA,0.28,18.3145,NA,NA,NA
8/10/19,Blaine Creek,NA,2019-08-10T11:19:00Z,12.6015,8.330595248,1938.189937,NA,0.28,19.067,NA,NA,NA
8/10/19,Blaine Creek,NA,2019-08-10T11:34:00Z,12.628,8.285420382,1954.321567,NA,0.28,19.3315,NA,NA,NA
8/10/19,Blaine Creek,NA,2019-08-10T11:49:00Z,12.7275,8.186530524,1964.122788,NA,0.28,19.922,NA,NA,NA
8/10/19,Blaine Creek,NA,2019-08-10T12:04:00Z,12.754,8.143522049,1967.551612,NA,0.28,20.1815,NA,NA,NA
8/10/19,Blaine Creek,NA,2019-08-10T12:19:00Z,12.818,8.029114203,1964.593346,NA,0.28,20.888,NA,NA,NA
8/10/19,Blaine Creek,NA,2019-08-10T12:34:00Z,12.8365,7.982150305,1955.26066,NA,0.28,21.185,NA,NA,NA
8/10/19,Blaine Creek,NA,2019-08-10T12:49:00Z,12.8475,7.951907196,1939.593531,NA,0.28,21.3775,NA,NA,NA
8/10/19,Blaine Creek,NA,2019-08-10T13:04:00Z,12.8305,7.904495506,1917.659075,NA,0.28,21.6825,NA,NA,NA
8/10/19,Blaine Creek,NA,2019-08-10T13:19:00Z,12.7915,7.840384465,1889.551252,NA,0.28,22.1,NA,NA,NA
8/10/19,Blaine Creek,NA,2019-08-10T13:34:00Z,12.779,7.818923776,1855.390472,NA,0.28,22.2335,NA,NA,NA
8/10/19,Blaine Creek,NA,2019-08-10T13:49:00Z,12.7025,7.784921524,1815.323075,NA,0.28,22.447,NA,NA,NA
8/10/19,Blaine Creek,NA,2019-08-10T14:04:00Z,12.6375,7.769328471,1769.520702,NA,0.28,22.543,NA,NA,NA
8/10/19,Blaine Creek,NA,2019-08-10T14:19:00Z,12.5225,7.761868931,1718.179565,NA,0.28,22.581,NA,NA,NA
8/10/19,Blaine Creek,NA,2019-08-10T14:34:00Z,12.446,7.764028112,1661.519603,NA,0.28,22.556,NA,NA,NA
8/10/19,Blaine Creek,NA,2019-08-10T14:49:00Z,12.217,7.781834717,1599.78354,NA,0.28,22.4215,NA,NA,NA
8/10/19,Blaine Creek,NA,2019-08-10T15:04:00Z,12.119,7.790936091,1533.235846,NA,0.28,22.3505,NA,NA,NA
8/10/19,Blaine Creek,NA,2019-08-10T15:19:00Z,12.0365,7.830868964,1462.161605,NA,0.28,22.071,NA,NA,NA
8/10/19,Blaine Creek,NA,2019-08-10T15:34:00Z,11.9205,7.864595153,1386.865291,NA,0.28,21.841,NA,NA,NA
8/10/19,Blaine Creek,NA,2019-08-10T15:49:00Z,11.6405,7.910104038,1307.669466,NA,0.28,21.532,NA,NA,NA
8/10/19,Blaine Creek,NA,2019-08-10T16:04:00Z,11.5315,7.930118957,1224.913397,NA,0.28,21.394,NA,NA,NA
8/10/19,Blaine Creek,NA,2019-08-10T16:19:00Z,11.361,7.967846733,1138.951604,NA,0.28,21.139,NA,NA,NA
8/10/19,Blaine Creek,NA,2019-08-10T16:34:00Z,11.2865,7.990522212,1050.152339,NA,0.28,20.993,NA,NA,NA
8/10/19,Blaine Creek,NA,2019-08-10T16:49:00Z,11.096,8.025864244,958.8960117,NA,0.28,20.767,NA,NA,NA
8/10/19,Blaine Creek,NA,2019-08-10T17:04:00Z,10.975,8.046199433,865.5735565,NA,0.28,20.6375,NA,NA,NA
8/10/19,Blaine Creek,NA,2019-08-10T17:19:00Z,10.658,8.093423376,770.5847595,NA,0.28,20.3405,NA,NA,NA
8/10/19,Blaine Creek,NA,2019-08-10T17:34:00Z,10.397,8.119136435,674.3365458,NA,0.28,20.1815,NA,NA,NA
8/10/19,Blaine Creek,NA,2019-08-10T17:49:00Z,9.6975,8.17445034,577.241236,NA,0.28,19.8425,NA,NA,NA
8/10/19,Blaine Creek,NA,2019-08-10T18:04:00Z,9.328,8.197896093,479.7147798,NA,0.28,19.7,NA,NA,NA
8/10/19,Blaine Creek,NA,2019-08-10T18:19:00Z,8.672,8.252075914,382.1749744,NA,0.28,19.3735,NA,NA,NA
8/10/19,Blaine Creek,NA,2019-08-10T18:34:00Z,8.24,8.288353362,285.0396744,NA,0.28,19.172,NA,NA,NA
8/10/19,Blaine Creek,NA,2019-08-10T18:49:00Z,7.623,8.408060624,188.7250018,NA,0.28,18.4915,NA,NA,NA
8/10/19,Blaine Creek,NA,2019-08-10T19:04:00Z,7.4325,8.480820866,93.64356344,NA,0.28,18.0875,NA,NA,NA
8/10/19,Blaine Creek,NA,2019-08-10T19:19:00Z,7.015,8.547165812,0.20268335,NA,0.28,17.733,NA,NA,NA
8/10/19,Blaine Creek,NA,2019-08-10T19:34:00Z,6.7695,8.568507081,0,NA,0.28,17.5895,NA,NA,NA
8/10/19,Blaine Creek,NA,2019-08-10T19:49:00Z,6.4405,8.639001717,0,NA,0.28,17.162,NA,NA,NA
8/10/19,Blaine Creek,NA,2019-08-10T20:04:00Z,6.2745,8.670188902,0,NA,0.28,16.967,NA,NA,NA
8/10/19,Blaine Creek,NA,2019-08-10T20:19:00Z,5.9965,8.725963197,0,NA,0.28,16.628,NA,NA,NA
8/10/19,Blaine Creek,NA,2019-08-10T20:34:00Z,5.8725,8.755655315,0,NA,0.28,16.4875,NA,NA,NA
8/10/19,Blaine Creek,NA,2019-08-10T20:49:00Z,5.6765,8.810462963,0,NA,0.28,16.2235,NA,NA,NA
8/10/19,Blaine Creek,NA,2019-08-10T21:04:00Z,5.5885,8.831850253,0,NA,0.28,16.1295,NA,NA,NA
8/10/19,Blaine Creek,NA,2019-08-10T21:19:00Z,5.442,8.871274919,0,NA,0.28,15.9505,NA,NA,NA
8/10/19,Blaine Creek,NA,2019-08-10T21:34:00Z,5.3845,8.892102186,0,NA,0.28,15.839,NA,NA,NA
8/10/19,Blaine Creek,NA,2019-08-10T21:49:00Z,5.273,8.932377708,0,NA,0.28,15.6255,NA,NA,NA
8/10/19,Blaine Creek,NA,2019-08-10T22:04:00Z,5.2425,8.955873649,0,NA,0.28,15.5015,NA,NA,NA
8/10/19,Blaine Creek,NA,2019-08-10T22:19:00Z,5.187,9.002797036,0,NA,0.28,15.2565,NA,NA,NA
8/10/19,Blaine Creek,NA,2019-08-10T22:34:00Z,5.165,9.023524365,0,NA,0.28,15.1405,NA,NA,NA
8/10/19,Blaine Creek,NA,2019-08-10T22:49:00Z,5.135,9.061185045,0,NA,0.28,14.934,NA,NA,NA
8/10/19,Blaine Creek,NA,2019-08-10T23:04:00Z,5.138,9.079599565,0,NA,0.28,14.831,NA,NA,NA
8/10/19,Blaine Creek,NA,2019-08-10T23:19:00Z,5.1405,9.108451464,0,NA,0.28,14.671,NA,NA,NA
8/10/19,Blaine Creek,NA,2019-08-10T23:34:00Z,5.147,9.121825547,0,NA,0.28,14.602,NA,NA,NA
8/10/19,Blaine Creek,NA,2019-08-10T23:49:00Z,5.178,9.159398869,0,NA,0.28,14.4115,NA,NA,NA
9/9/19,Pilgrim River,NA,NA,NA,NA,NA,NA,NA,NA,NA,NA,NA