site,date,Year,GPP_mean,GPP_sd,GPP_2.5pct,GPP_50pct,GPP_97.5pct,ER_mean,ER_sd,ER_2.5pct,ER_50pct,ER_97.5pct,K600_daily_mean,K600_daily_sd,K600_daily_2.5pct,K600_daily_50pct,K600_daily_97.5pct,warnings,errors,AR_mean,AR_2.5pct,AR_97.5pct,HR_mean,HR_2.5pct,HR_97.5pct
Pilgrim1,2019-05-31,2019,NA,NA,NA,NA,NA,NA,NA,NA,NA,NA,NA,NA,NA,NA,NA,NA,data don't start when expected,NA,NA,NA,NA,NA,NA
Pilgrim1,2019-06-01,2019,5.892635466,0.593685386,4.749224964,5.886396033,7.03806965,-8.47279491,0.842901411,-10.10294471,-8.449454347,-6.893314259,18.76899621,1.361386005,16.17767202,18.72698714,21.45231866,NA,NA,-3.653433989,-5.008740146,-2.828465024,-4.819360921,-3.464054764,-5.644329886
Pilgrim1,2019-06-02,2019,5.171792471,0.572969116,4.143662397,5.159710573,6.400773543,-7.915868167,0.837694998,-9.6787282,-7.879771595,-6.371985781,18.42402817,1.364409068,15.85589757,18.36887407,21.22437567,NA,NA,-3.206511332,-4.3960236,-2.482460386,-4.709356835,-3.519844567,-5.433407781
Pilgrim1,2019-06-03,2019,4.983872339,0.571362015,3.916938372,4.972789392,6.171348771,-8.61472469,0.895285467,-10.41181547,-8.624960632,-6.929402491,18.87631668,1.475095309,16.15990042,18.83549266,21.90337573,NA,NA,-3.09000085,-4.236291488,-2.392258723,-5.52472384,-4.378433202,-6.222465968
Pilgrim1,2019-06-04,2019,6.040719218,0.594464412,4.922451405,6.028095117,7.204644551,-9.949865482,0.908565411,-11.83035123,-9.919863106,-8.163878307,18.42681557,1.369442809,15.83158804,18.39487006,21.32874716,NA,NA,-3.745245915,-5.134611336,-2.899545225,-6.204619566,-4.815254146,-7.050320257
Pilgrim1,2019-06-05,2019,4.607294458,0.495971098,3.603641901,4.606484463,5.530545702,-9.016750317,0.824265015,-10.63638674,-9.039403389,-7.388855329,17.90206152,1.282551328,15.30692447,17.91878283,20.39921144,NA,NA,-2.856522564,-3.916200289,-2.21150134,-6.160227754,-5.100550028,-6.805248978
Pilgrim1,2019-06-06,2019,6.597383121,0.623399323,5.387281046,6.57197864,7.863564246,-10.08963138,0.91009835,-11.8852147,-10.05724874,-8.355073509,18.64646167,1.351817334,15.97726723,18.61024558,21.40410392,NA,NA,-4.090377535,-5.607775653,-3.166743898,-5.999253846,-4.481855728,-6.922887483
Pilgrim1,2019-06-07,2019,7.37603582,0.675025636,6.027222148,7.374059329,8.6880445,-10.82796783,0.956158906,-12.78708696,-10.84437033,-8.960169041,19.01497184,1.35612851,16.4317879,18.971359,21.77900968,NA,NA,-4.573142208,-6.269630447,-3.540497194,-6.25482562,-4.558337381,-7.287470635
Pilgrim1,2019-06-08,2019,7.404839817,0.665914637,6.138221266,7.398807976,8.802377161,-11.96590461,1.002432529,-14.05924036,-11.93788631,-10.10481899,18.65701551,1.315177186,16.28523402,18.60644216,21.37320371,NA,NA,-4.591000687,-6.294113844,-3.554323112,-7.374903922,-5.671790764,-8.411581496
Pilgrim1,2019-06-09,2019,6.183420927,0.58525949,5.066008818,6.1796628,7.339954002,-11.66061327,1.00679719,-13.75079083,-11.67193964,-9.70798132,18.98600401,1.347230457,16.45096286,18.94363904,21.70352438,NA,NA,-3.833720975,-5.255907788,-2.968042045,-7.826892297,-6.404705484,-8.692571227
Pilgrim1,2019-06-10,2019,5.854650005,0.566312542,4.730414497,5.859610093,6.956699172,-10.92631728,0.940324414,-12.75716964,-10.92309548,-9.055620504,18.78117967,1.319985713,16.12345631,18.76361409,21.45789185,NA,NA,-3.629883003,-4.976452504,-2.810232003,-7.296434272,-5.949864771,-8.116085273
Pilgrim1,2019-06-11,2019,5.700593021,0.603311397,4.508723329,5.718949009,6.855293441,-11.44506014,1.045555829,-13.51909343,-11.43569011,-9.435627933,18.96521056,1.432831916,16.27970136,18.90033621,21.83033738,NA,NA,-3.534367673,-4.845504068,-2.73628465,-7.910692471,-6.599556076,-8.708775494
Pilgrim1,2019-06-12,2019,4.253521038,0.475037174,3.349612246,4.24607577,5.151482535,-9.619536206,0.862752474,-11.35274588,-9.602711069,-7.978113099,17.6899356,1.289812507,15.09739356,17.67992806,20.24356269,NA,NA,-2.637183043,-3.615492882,-2.041690098,-6.982353162,-6.004043324,-7.577846108
Pilgrim1,2019-06-13,2019,5.857817765,0.592486132,4.687165044,5.86047879,7.026525843,-11.26142566,1.009199413,-13.21209603,-11.26477267,-9.308412607,19.05688893,1.384594451,16.38317512,19.05766409,21.71953186,NA,NA,-3.631847014,-4.9791451,-2.811752527,-7.629578644,-6.282280558,-8.449673131
Pilgrim1,2019-06-14,2019,3.272224647,0.463340395,2.382919009,3.26771819,4.211060755,-10.11817238,0.919555419,-11.89804783,-10.09454955,-8.332845045,18.33957491,1.350879104,15.77154398,18.29377265,21.00781856,NA,NA,-2.028779281,-2.78139095,-1.570667831,-8.0893931,-7.336781431,-8.547504551
Pilgrim1,2019-06-15,2019,6.811489469,0.650206607,5.569737981,6.806477331,8.10036042,-11.57709352,1.023670421,-13.72754055,-11.52647966,-9.709946425,18.64051942,1.340919605,16.22625318,18.62080276,21.35366265,NA,NA,-4.223123471,-5.789766049,-3.269514945,-7.353970045,-5.787327468,-8.307578571
Pilgrim1,2019-06-16,2019,8.409116634,0.655216783,7.125789365,8.419424606,9.75347065,-12.06232716,0.953738006,-14.02569666,-12.0398112,-10.19240055,19.0600704,1.251482255,16.5614336,19.04610282,21.67438252,NA,NA,-5.213652313,-7.147749139,-4.036375984,-6.848674844,-4.914578019,-8.025951173
Pilgrim1,2019-06-17,2019,8.039241248,0.642361643,6.807670122,8.020917438,9.358551853,-11.68866315,0.925687337,-13.52780767,-11.66928413,-9.928122053,19.0758654,1.261920687,16.78789266,19.03293614,21.74243512,NA,NA,-4.984329574,-6.833355061,-3.858835799,-6.70433358,-4.855308093,-7.829827354
Pilgrim1,2019-06-18,2019,8.541035751,0.716752461,7.11203612,8.538166179,9.94217159,-12.10325177,1.000312232,-14.06613027,-12.08120686,-10.12709426,18.79184367,1.301179788,16.22908205,18.76887698,21.41909709,NA,NA,-5.295442166,-7.259880389,-4.099697161,-6.807809602,-4.843371379,-8.003554607
Pilgrim1,2019-06-19,2019,10.41615404,0.813804134,8.844690799,10.39360688,12.052977,-14.24614964,1.104865413,-16.46129354,-14.26116024,-12.13488929,19.31079084,1.299832291,16.9034172,19.29692122,21.90192151,NA,NA,-6.458015508,-8.853730938,-4.999753941,-7.788134129,-5.392418699,-9.246395696
Pilgrim1,2019-06-20,2019,8.647719768,0.77427999,7.142776392,8.645178209,10.15311173,-12.90496286,1.140389146,-15.16345354,-12.89787192,-10.73602462,17.108265,1.262442875,14.70564616,17.08913438,19.6037766,NA,NA,-5.361586256,-7.350561802,-4.150905488,-7.543376601,-5.554401054,-8.754057368
Pilgrim1,2019-06-21,2019,7.418186963,0.610156267,6.207690529,7.415477534,8.620557295,-9.906939464,0.832783346,-11.51257393,-9.886842257,-8.323644649,17.44225169,1.098662731,15.26127563,17.41929275,19.68334126,NA,NA,-4.599275917,-6.305458918,-3.560729742,-5.307663547,-3.601480545,-6.346209722
Pilgrim1,2019-06-22,2019,6.956298559,0.607063198,5.760647273,6.931938975,8.212417921,-10.03218803,0.865785928,-11.74870575,-10.03970379,-8.396299586,17.3863421,1.170635726,15.08853237,17.39714202,19.7789004,NA,NA,-4.312905106,-5.912853775,-3.339023308,-5.719282924,-4.119334255,-6.693164722
Pilgrim1,2019-06-23,2019,4.825784495,0.505705171,3.811358812,4.821707076,5.796352029,-10.73200537,0.931857771,-12.642985,-10.71939054,-8.992856596,17.71716606,1.267116588,15.2781168,17.6640013,20.27694726,NA,NA,-2.991986387,-4.101916821,-2.316376558,-7.740018979,-6.630088545,-8.415628808
Pilgrim1,2019-06-24,2019,3.309945962,0.496527965,2.356485817,3.311114963,4.253057538,-10.41058791,1.020006364,-12.37594746,-10.42053122,-8.417242647,18.64510285,1.488425186,15.70097782,18.65482914,21.49769266,NA,NA,-2.052166497,-2.813454068,-1.588774062,-8.358421411,-7.59713384,-8.821813846
Pilgrim1,2019-06-25,2019,6.490335424,0.638692671,5.271685912,6.486142378,7.718445826,-12.6495635,1.083758475,-14.77292478,-12.63997546,-10.55846823,18.79948232,1.3799129,16.11816237,18.78622423,21.56344689,NA,NA,-4.024007963,-5.516785111,-3.115361004,-8.625555537,-7.13277839,-9.534202497
Pilgrim1,2019-06-26,2019,7.186501733,0.651712627,5.877266902,7.185733291,8.453385103,-13.00881694,1.090008825,-15.17559589,-13.03326185,-10.80504392,18.32668878,1.34412179,15.63087171,18.31259971,21.02354492,NA,NA,-4.455631075,-6.108526473,-3.449520832,-8.553185864,-6.900290465,-9.559296106
Pilgrim1,2019-06-27,2019,5.983840502,0.594554485,4.790483957,5.977871878,7.131992631,-12.43209967,1.063329539,-14.45429022,-12.42822807,-10.27549418,18.41190695,1.384857064,15.64599219,18.42934313,21.09566567,NA,NA,-3.709981112,-5.086264427,-2.872243441,-8.722118559,-7.345835243,-9.559856229
Pilgrim1,2019-06-28,2019,6.086937032,0.625729991,4.916524069,6.07883316,7.330091266,-12.56461205,1.100900489,-14.8681737,-12.54343857,-10.48531979,19.03153253,1.384728849,16.4083367,18.99521223,21.93842509,NA,NA,-3.77390096,-5.173896477,-2.921729775,-8.790711092,-7.390715575,-9.642882277
Pilgrim1,2019-06-29,2019,5.826755252,0.601173832,4.641154854,5.80770926,6.981003031,-12.27683605,1.076945282,-14.40006918,-12.22091532,-10.24024163,18.77061169,1.371424452,16.19520112,18.71353432,21.52887833,NA,NA,-3.612588257,-4.952741965,-2.796842521,-8.664247795,-7.324094087,-9.47999353
Pilgrim1,2019-06-30,2019,4.219978051,0.494472635,3.228498146,4.220018862,5.164929549,-10.28944453,0.918613109,-12.04923883,-10.30664421,-8.380677089,17.16504516,1.297377969,14.59517265,17.16430751,19.65369203,NA,NA,-2.616386392,-3.586981343,-2.025589464,-7.673058136,-6.702463185,-8.263855063
Pilgrim1,2019-07-01,2019,3.813329158,0.47243444,2.913948792,3.814314306,4.714366034,-10.32890459,0.936001261,-12.10738875,-10.37586531,-8.416844455,17.49789647,1.308800491,14.99524708,17.52439656,20.0446467,NA,NA,-2.364264078,-3.241329784,-1.830397996,-7.964640508,-7.087574801,-8.49850659
Pilgrim1,2019-07-02,2019,5.166071277,0.550136059,4.116360468,5.160462975,6.289085398,-11.58302687,0.975784326,-13.60429269,-11.52997002,-9.726823693,18.35210552,1.278087631,15.88772563,18.32341909,21.02367649,NA,NA,-3.202964191,-4.391160585,-2.479714213,-8.38006268,-7.191866287,-9.103312659
Pilgrim1,2019-07-03,2019,5.37650739,0.581332652,4.217488219,5.373044971,6.483204229,-12.9068864,1.129012572,-15.23734337,-12.89150398,-10.70419876,18.63273908,1.411254876,15.82794694,18.5843482,21.3747589,NA,NA,-3.333434582,-4.570031281,-2.580723547,-9.57345182,-8.33685512,-10.32616285
Pilgrim1,2019-07-04,2019,5.075092034,0.56255169,3.988330798,5.056507539,6.177230047,-11.97128517,1.069446611,-14.04355633,-11.97591128,-9.859489649,16.62338354,1.254312219,14.07361608,16.63101961,19.0674476,NA,NA,-3.146557061,-4.313828229,-2.436044176,-8.824728109,-7.657456941,-9.535240994
Pilgrim1,2019-07-05,2019,5.249712324,0.553829591,4.198561897,5.252603138,6.364456631,-11.98046801,1.022719711,-14.03852351,-11.97612362,-9.997402644,18.89502021,1.361254704,16.35523021,18.87008794,21.6731751,NA,NA,-3.254821641,-4.462255475,-2.519861915,-8.725646373,-7.518212539,-9.460606099
Pilgrim1,2019-07-06,2019,5.429371072,0.554648748,4.332059977,5.437306923,6.491589046,-10.61019259,0.938380407,-12.47829479,-10.59950098,-8.858817611,18.17516082,1.294387104,15.82633557,18.15208955,20.80828627,NA,NA,-3.366210064,-4.614965411,-2.606098114,-7.243982529,-5.995227183,-8.004094479
Pilgrim1,2019-07-07,2019,5.266359962,0.516376834,4.226643111,5.294379385,6.228888547,-9.643522888,0.843633188,-11.2532923,-9.65256248,-7.898315101,17.64709674,1.206612044,15.22259485,17.66788294,19.96948589,NA,NA,-3.265143176,-4.476405968,-2.527852782,-6.378379712,-5.16711692,-7.115670106
Pilgrim1,2019-07-08,2019,6.222456869,0.643692601,4.956900597,6.235276135,7.477287825,-10.21413433,0.96834042,-12.1124851,-10.22013559,-8.256452107,18.69577704,1.405750648,16.02774819,18.64213758,21.63602549,NA,NA,-3.857923259,-5.289088339,-2.986779297,-6.356211071,-4.925045991,-7.227355033
Pilgrim1,2019-07-09,2019,6.939234373,0.67249709,5.669322401,6.913345395,8.314867863,-12.04707745,1.089712,-14.35530907,-11.99744222,-9.983210557,19.34546243,1.493599255,16.61598893,19.29308054,22.43874726,NA,NA,-4.302325311,-5.898349217,-3.330832499,-7.744752139,-6.148728233,-8.716244951
Pilgrim1,2019-07-10,2019,6.282437647,0.637562384,5.0582304,6.262066931,7.576142063,-11.35879803,1.042719049,-13.4788074,-11.31256766,-9.364459662,18.38652614,1.361154619,15.80939705,18.35523843,21.19774874,NA,NA,-3.895111341,-5.340072,-3.015570071,-7.463686691,-6.018726032,-8.343227961
Pilgrim1,2019-07-11,2019,8.438156149,0.687437022,7.154656589,8.425891036,9.773705079,-11.54676596,0.951675364,-13.40518501,-11.53450484,-9.726733502,18.75156184,1.251570088,16.37533286,18.7046656,21.19337827,NA,NA,-5.231656812,-7.172432726,-4.050314951,-6.31510915,-4.374333236,-7.496451011
Pilgrim1,2019-07-12,2019,6.662132893,0.609571012,5.48782828,6.687334639,7.884720124,-11.21574443,0.950368777,-13.04056366,-11.23822191,-9.36005315,17.36052261,1.222689585,14.9058683,17.42198543,19.7327864,NA,NA,-4.130522394,-5.662812959,-3.197823789,-7.085222032,-5.552931466,-8.017920637
Pilgrim1,2019-07-13,2019,8.155993502,0.708429898,6.894173455,8.120422998,9.628680234,-11.77422152,1.001793722,-13.90406517,-11.73239094,-9.948304678,19.09662687,1.341134549,16.62286447,19.02505498,21.9883686,NA,NA,-5.056715971,-6.932594477,-3.914876881,-6.717505548,-4.841627043,-7.859344639
Pilgrim1,2019-07-14,2019,8.471201931,0.676662509,7.19565732,8.456343689,9.862432788,-10.97856519,0.908894778,-12.86497906,-10.952918,-9.210865645,18.16210854,1.23706118,15.83516576,18.13536238,20.79806282,NA,NA,-5.252145197,-7.200521641,-4.066176927,-5.726419994,-3.77804355,-6.912388264
Pilgrim1,2019-07-15,2019,7.288221064,0.637825585,6.032229696,7.284193619,8.569021205,-9.578567726,0.857108213,-11.32291545,-9.581985756,-7.915835291,18.02387177,1.215391593,15.70020681,17.97174356,20.51509091,NA,NA,-4.51869706,-6.194987905,-3.498346111,-5.059870667,-3.383579822,-6.080221616
Pilgrim1,2019-07-16,2019,2.239362185,0.431595615,1.384137393,2.239746252,3.05735727,-9.530068873,0.911387947,-11.32237594,-9.535366645,-7.700700162,18.72072631,1.428372049,15.95866523,18.68749331,21.60036445,NA,NA,-1.388404555,-1.903457857,-1.074893849,-8.141664318,-7.626611016,-8.455175024
Pilgrim1,2019-07-17,2019,3.991878643,0.51334918,3.000055769,3.988835932,5.025058709,-10.54037599,0.984437091,-12.48888016,-10.51504535,-8.551453727,18.65591862,1.438643992,15.83834856,18.6024136,21.63716981,NA,NA,-2.474964759,-3.393096847,-1.916101749,-8.065411229,-7.147279141,-8.624274239
Pilgrim1,2019-07-18,2019,1.922158201,0.450731421,1.079790906,1.907901924,2.86675936,-9.631378198,0.987292596,-11.67268273,-9.613677672,-7.758843295,18.57123676,1.489015863,15.78188932,18.54182116,21.4535098,NA,NA,-1.191738085,-1.633834471,-0.922635936,-8.439640113,-7.997543727,-8.708742261
Pilgrim1,2019-07-19,2019,3.398104512,0.468363975,2.489476149,3.398329176,4.320817274,-9.594907976,0.908828676,-11.33095921,-9.611035631,-7.901303104,18.64932036,1.392510559,15.9851327,18.64148488,21.36782692,NA,NA,-2.106824798,-2.888388835,-1.631090166,-7.488083178,-6.706519141,-7.96381781
Pilgrim1,2019-07-20,2019,3.240757314,0.447967845,2.353045605,3.253556748,4.123283431,-9.156708867,0.850563855,-10.92100099,-9.165875994,-7.526754849,18.39808518,1.354041575,15.86259422,18.38413266,21.22829601,NA,NA,-2.009269535,-2.754643717,-1.555563511,-7.147439332,-6.40206515,-7.601145356
Pilgrim1,2019-07-21,2019,4.611030284,0.530895076,3.584291239,4.593957524,5.68090061,-9.249072545,0.895154401,-11.05697948,-9.244081264,-7.538730373,18.07446592,1.355305446,15.48612184,18.08296646,20.7305674,NA,NA,-2.858838776,-3.919375742,-2.213294537,-6.390233769,-5.329696803,-7.035778009
Pilgrim1,2019-07-22,2019,5.724814601,0.569296452,4.594893663,5.721646001,6.827405029,-9.317727128,0.861952123,-10.9286254,-9.307981014,-7.515577777,18.7858008,1.341066411,16.19862215,18.76428972,21.40844034,NA,NA,-3.549385053,-4.866092411,-2.747911009,-5.768342075,-4.451634717,-6.56981612
Pilgrim1,2019-07-23,2019,6.174476906,0.589811391,5.013092895,6.174005953,7.341876091,-9.62189398,0.908979814,-11.42156421,-9.617715178,-7.861027629,18.29379773,1.362210971,15.65046428,18.30342939,20.96712965,NA,NA,-3.828175682,-5.24830537,-2.963748915,-5.793718298,-4.37358861,-6.658145065
Pilgrim1,2019-07-24,2019,7.864722622,0.633325452,6.627019382,7.85743187,9.127399168,-10.44966711,0.862828398,-12.17466678,-10.45689008,-8.799315669,18.47485803,1.260390902,16.08838835,18.44609677,21.14132723,NA,NA,-4.876128026,-6.685014229,-3.775066859,-5.573539082,-3.764652878,-6.674600249
Pilgrim1,2019-07-25,2019,7.419909199,0.58974571,6.33041789,7.413622567,8.603001534,-9.737117212,0.801882672,-11.33859429,-9.717926232,-8.248917245,17.57850312,1.181545351,15.27208746,17.52956842,19.958592,NA,NA,-4.600343703,-6.306922819,-3.561556415,-5.136773508,-3.430194393,-6.175560796
Pilgrim1,2019-07-26,2019,6.029421884,0.540361757,5.008222621,6.036154131,7.09908866,-8.637435876,0.782720301,-10.25337618,-8.626239789,-7.212950443,15.51822014,1.11280198,13.29461913,15.55202471,17.70698441,NA,NA,-3.738241568,-5.125008601,-2.894122504,-4.899194308,-3.512427275,-5.743313372
Pilgrim1,2019-07-27,2019,7.225641984,0.618629732,5.985011351,7.23400123,8.456812512,-10.82800343,0.914425424,-12.62980566,-10.80611218,-9.072758799,17.94823977,1.261879714,15.45809873,17.93578021,20.37434408,NA,NA,-4.47989803,-6.141795687,-3.468308152,-6.348105401,-4.686207745,-7.359695279
Pilgrim1,2019-07-28,2019,7.399003938,0.592079106,6.275208101,7.393630853,8.613343612,-11.16759231,0.886351603,-12.89242724,-11.15669324,-9.41383894,18.26239057,1.220484356,15.88518711,18.25045816,20.68485171,NA,NA,-4.587382441,-6.289153347,-3.55152189,-6.580209871,-4.878438965,-7.616070422
Pilgrim1,2019-07-29,2019,6.933291489,0.583935897,5.828750075,6.945287059,8.065545016,-11.05487259,0.902272142,-12.79157217,-11.07500312,-9.336489844,17.76842878,1.215397257,15.3764711,17.80330074,20.08757894,NA,NA,-4.298640723,-5.893297765,-3.327979915,-6.756231868,-5.161574826,-7.726892676
Pilgrim1,2019-07-30,2019,4.171031128,0.63850564,2.850593358,4.188955584,5.392436975,-8.086231505,1.087320014,-10.09192613,-8.15380869,-5.787304751,13.71697914,1.416957076,10.71313991,13.77752975,16.29804172,NA,NA,-2.586039299,-3.545376459,-2.002094941,-5.500192205,-4.540855046,-6.084136563
Pilgrim1,2019-07-31,2019,8.519235517,0.660703353,7.222697243,8.542800445,9.829830593,-10.46795408,0.858945481,-12.09911018,-10.49344675,-8.714554879,18.95939548,1.240416163,16.50912768,18.98750929,21.23816287,NA,NA,-5.281926021,-7.24135019,-4.089233048,-5.186028063,-3.226603894,-6.378721036
Pilgrim1,2019-08-01,2019,8.741561047,0.716602785,7.329480291,8.735054539,10.13424853,-11.42444441,0.953223307,-13.33192144,-11.41722968,-9.526742747,19.39263762,1.363293865,16.82737336,19.34276788,22.10874158,NA,NA,-5.419767849,-7.43032689,-4.195949303,-6.004676558,-3.994117517,-7.228495105
Pilgrim1,2019-08-02,2019,9.709820871,0.726941545,8.296698201,9.688122742,11.11360506,-12.23736221,0.948239943,-14.13749428,-12.20722393,-10.40158042,18.94652377,1.247574968,16.52038699,18.93246911,21.46241151,NA,NA,-6.02008894,-8.25334774,-4.660714018,-6.217273274,-3.984014474,-7.576648196
Pilgrim1,2019-08-03,2019,7.549231682,0.590988,6.388940548,7.562407401,8.661670647,-9.116505213,0.795945187,-10.66052692,-9.117160474,-7.56337207,14.89191327,1.079218496,12.66802536,14.94591641,16.90062511,NA,NA,-4.680523643,-6.41684693,-3.623631207,-4.435981571,-2.699658284,-5.492874006
Pilgrim1,2019-08-04,2019,9.411844639,0.672619233,8.134489891,9.387208244,10.75979637,-10.87247869,0.840833367,-12.58243125,-10.84793774,-9.262405563,17.90026647,1.141407665,15.70629144,17.85551677,20.28779423,NA,NA,-5.835343676,-8.000067944,-4.517685427,-5.037135013,-2.872410746,-6.354793263
Pilgrim1,2019-08-05,2019,4.979498463,0.500437324,4.034669675,4.976914635,5.954390904,-8.309039005,0.789552059,-9.832041898,-8.292773585,-6.729455673,16.56639321,1.191454534,14.27854034,16.58165598,18.85437311,NA,NA,-3.087289047,-4.232573694,-2.390159262,-5.221749958,-4.076465311,-5.918879743
Pilgrim1,2019-08-06,2019,8.170629168,0.655715664,6.850464794,8.17541532,9.446069082,-11.94269643,0.945142291,-13.80924231,-11.92065056,-10.0584389,18.52418676,1.25061381,16.08413714,18.51933368,20.99691914,NA,NA,-5.065790084,-6.945034793,-3.921902001,-6.876906341,-4.997661633,-8.020794425
Pilgrim1,2019-08-07,2019,7.327463348,0.585869518,6.191563868,7.327597104,8.448707618,-10.45889601,0.855189217,-12.11297183,-10.48238828,-8.745706241,15.15122556,1.098265818,12.94358843,15.18066365,17.25839971,NA,NA,-4.543027275,-6.228343845,-3.517182407,-5.915868739,-4.230552169,-6.941713608
Pilgrim1,2019-08-08,2019,9.865489592,0.700600384,8.489557297,9.890487431,11.21593253,-12.68072741,0.946321134,-14.50400161,-12.70913063,-10.7942615,17.89536173,1.143656361,15.69819103,17.90692929,20.17414253,NA,NA,-6.116603547,-8.385666153,-4.735435004,-6.564123863,-4.295061257,-7.945292406
Pilgrim1,2019-08-09,2019,10.10104312,0.708443649,8.758425098,10.10265921,11.53720418,-11.9336892,0.907518297,-13.69143278,-11.9364201,-10.19005458,17.43693119,1.108618424,15.33643323,17.43002831,19.6262001,NA,NA,-6.262646735,-8.585886653,-4.848500698,-5.671042469,-3.347802551,-7.085188506
Pilgrim1,2019-08-10,2019,11.60323077,0.758202635,10.10544054,11.62489848,13.02754393,-12.03493846,0.865875536,-13.68836942,-12.04714989,-10.32475838,17.0733553,1.026418764,15.03953224,17.09826542,19.10771645,NA,NA,-7.194003078,-9.862746156,-5.56955077,-4.840935385,-2.172192307,-6.465387693
Pilgrim1,2019-08-11,2019,11.71059236,0.803666758,10.17021348,11.69743379,13.28147546,-11.36539829,0.873570032,-13.11156317,-11.38443817,-9.706402668,17.11322988,1.087449606,14.99466142,17.10988948,19.299048,NA,NA,-7.260567264,-9.954003507,-5.621084333,-4.104831024,-1.411394781,-5.744313954
Pilgrim1,2019-08-12,2019,10.03400984,0.685290064,8.726583781,10.03822155,11.35660539,-11.25147585,0.848545013,-12.87367432,-11.26447899,-9.653645849,17.02194043,1.07285429,14.96365714,17.04171555,19.05569157,NA,NA,-6.221086101,-8.528908364,-4.816324723,-5.03038975,-2.722567487,-6.435151128
Pilgrim1,2019-08-13,2019,9.718583219,0.675946646,8.463476344,9.693514199,11.08532055,-10.61550543,0.826740698,-12.23461964,-10.61271711,-9.005184616,16.14232255,1.061476441,14.14413479,16.08984399,18.2027822,NA,NA,-6.025521596,-8.260795736,-4.664919945,-4.589983834,-2.354709693,-5.950585484
Pilgrim1,2019-08-14,2019,7.954312036,0.630058834,6.728046381,7.948775032,9.171561878,-8.78705084,0.783344287,-10.34153097,-8.806126703,-7.225671876,14.81965372,1.073616223,12.80935559,14.81823863,16.92500704,NA,NA,-4.931673463,-6.761165231,-3.818069777,-3.855377378,-2.02588561,-4.968981063
Pilgrim1,2019-08-15,2019,9.974963868,0.679466895,8.664715307,9.978445769,11.29744065,-12.2926164,0.892587202,-14.02608013,-12.27908268,-10.53147501,17.98471731,1.12912007,15.79701993,17.99991867,20.21095013,NA,NA,-6.184477598,-8.478719288,-4.787982657,-6.1081388,-3.81389711,-7.504633742
Pilgrim1,2019-08-16,2019,NA,NA,NA,NA,NA,NA,NA,NA,NA,NA,NA,NA,NA,NA,NA,NA,data don't end when expected; NAs in DO.obs; NAs in DO.sat; NAs in depth; NAs in temp.water; NAs in discharge,NA,NA,NA,NA,NA,NA
Pilgrim6,2019-06-17,2019,NA,NA,NA,NA,NA,NA,NA,NA,NA,NA,NA,NA,NA,NA,NA,NA,data don't start when expected,NA,NA,NA,NA,NA,NA
Pilgrim6,2019-06-18,2019,4.581159334,0.778974515,3.105393468,4.568734422,6.141370769,-7.359822272,1.085375026,-9.545801947,-7.362403016,-5.144398141,21.70517727,1.025836592,19.92355965,21.60324497,24.17133323,NA,NA,-1.78665214,-2.015710107,-1.695028953,-5.573170132,-5.344112165,-5.664793319
Pilgrim6,2019-06-19,2019,4.82724822,0.758219323,3.285082924,4.836141962,6.333951387,-7.782928412,1.096903068,-9.952833685,-7.723021427,-5.790448251,21.81064768,1.057655573,20.11072609,21.64526905,24.2637819,NA,NA,-1.882626806,-2.123989217,-1.786081842,-5.900301606,-5.658939195,-5.99684657
Pilgrim6,2019-06-20,2019,3.069406073,0.754963429,1.587779769,3.062266437,4.474610382,-7.822977047,1.092008142,-9.967753166,-7.857992518,-5.671124182,21.78302313,1.066047074,19.94190898,21.67616695,24.27733688,NA,NA,-1.197068368,-1.350538672,-1.135680247,-6.625908679,-6.472438375,-6.6872968
Pilgrim6,2019-06-21,2019,5.395096391,0.759068763,3.939286249,5.389835202,6.923728766,-8.634519536,1.054538864,-10.71221487,-8.629117907,-6.653977455,21.78861181,1.084842841,19.99862577,21.64187268,24.46425801,NA,NA,-2.104087592,-2.373842412,-1.996185665,-6.530431944,-6.260677124,-6.638333872
Pilgrim6,2019-06-22,2019,6.329294518,0.799068715,4.841685532,6.297981522,7.936712937,-8.669233672,1.121725958,-10.90574674,-8.661040407,-6.466641767,21.85403461,1.075888247,20.10713328,21.67786895,24.37118097,NA,NA,-2.468424862,-2.784889588,-2.341838972,-6.20080881,-5.884344084,-6.3273947
Pilgrim6,2019-06-23,2019,5.626101809,0.740162478,4.237026391,5.626748948,7.116459649,-7.852028604,1.084060221,-9.950765064,-7.853218065,-5.831115365,21.80160612,1.064478074,20.04824823,21.62550222,24.4341781,NA,NA,-2.194179706,-2.475484796,-2.081657669,-5.657848899,-5.376543808,-5.770370935
Pilgrim6,2019-06-24,2019,6.147580702,0.765410888,4.657041327,6.145777879,7.658418656,-8.773761819,1.069152611,-10.78030751,-8.768987417,-6.626040089,21.81786657,1.012883488,20.15285113,21.66570219,24.14808256,NA,NA,-2.397556474,-2.704935509,-2.27460486,-6.376205345,-6.06882631,-6.499156959
Pilgrim6,2019-06-25,2019,6.824589002,0.788657886,5.299871444,6.779122914,8.455923356,-9.930003133,1.132467172,-12.21000808,-9.900870293,-7.791133559,21.78614682,1.063909726,19.9500264,21.64112994,24.26352521,NA,NA,-2.661589711,-3.002819161,-2.525097931,-7.268413422,-6.927183972,-7.404905202
Pilgrim6,2019-06-26,2019,6.6166554,0.789749955,5.069931651,6.621218333,8.145424464,-9.49029816,1.092078576,-11.63711255,-9.465326277,-7.370766346,21.78340109,0.983161601,20.09262126,21.65470816,23.97612598,NA,NA,-2.580495606,-2.911328376,-2.448162498,-6.909802554,-6.578969784,-7.042135662
Pilgrim6,2019-06-27,2019,6.762430402,0.792230027,5.303751334,6.754169698,8.345120414,-9.4146866,1.115730384,-11.60008239,-9.381735879,-7.309507392,21.80150474,1.070175427,20.07885943,21.66164918,24.40845437,NA,NA,-2.637347857,-2.975469377,-2.502099249,-6.777338743,-6.439217223,-6.912587351
Pilgrim6,2019-06-28,2019,6.387099234,0.775891942,4.918771342,6.373862714,7.854073888,-9.554291303,1.091842254,-11.59278435,-9.56449868,-7.46805045,21.81146063,1.047595574,20.11765786,21.66641557,24.25085351,NA,NA,-2.490968701,-2.810323663,-2.363226717,-7.063322602,-6.74396764,-7.191064586
Pilgrim6,2019-06-29,2019,4.280659111,0.766716522,2.806015084,4.277949473,5.86223753,-9.714370862,1.121712074,-11.9201405,-9.713495982,-7.516835504,21.80267954,1.051675263,20.10222702,21.64018202,24.25912882,NA,NA,-1.669457053,-1.883490009,-1.583843871,-8.044913809,-7.830880853,-8.130526991
Pilgrim6,2019-06-30,2019,2.758020726,0.721280507,1.351461437,2.765694645,4.140514253,-9.500822846,1.110995141,-11.73739143,-9.507581913,-7.353508642,21.82249202,1.089690784,20.016749,21.64777655,24.46280322,NA,NA,-1.075628083,-1.21352912,-1.020467669,-8.425194763,-8.287293727,-8.480355178
Pilgrim6,2019-07-01,2019,6.096222956,0.815398478,4.567349522,6.1084998,7.605356804,-11.62890385,1.195983507,-14.10122339,-11.624664,-9.341821499,21.81665199,1.084975405,20.10093246,21.61015925,24.33767425,NA,NA,-2.377526953,-2.682338101,-2.255602494,-9.251376895,-8.946565747,-9.373301354
Pilgrim6,2019-07-02,2019,4.422173567,0.769819701,2.852839725,4.399035655,5.913318807,-9.440697755,1.133189474,-11.72046399,-9.40318081,-7.28159974,21.77933211,1.033944183,20.05126446,21.60954476,24.24612826,NA,NA,-1.724647691,-1.94575637,-1.63620422,-7.716050063,-7.494941385,-7.804493535
Pilgrim6,2019-07-03,2019,3.581960443,0.743404898,2.151198564,3.571594592,5.04552085,-9.042942613,1.112912326,-11.29614179,-9.045147805,-6.86544354,21.86004386,1.099133315,20.06460522,21.70099046,24.50420553,NA,NA,-1.396964573,-1.576062595,-1.325325364,-7.64597804,-7.466880018,-7.717617249
Pilgrim6,2019-07-04,2019,3.628333897,0.809383817,2.08719486,3.586213301,5.33068727,-8.724179391,1.107377196,-10.81145637,-8.745349533,-6.562482068,21.80274412,1.088047595,20.04256323,21.67266135,24.41982489,NA,NA,-1.41505022,-1.596466915,-1.342483542,-7.309129171,-7.127712476,-7.381695849
Pilgrim6,2019-07-05,2019,3.743156997,0.768470529,2.230544681,3.77781892,5.18769289,-8.306583689,1.07330733,-10.38333837,-8.29869598,-6.219826944,21.79753731,1.066011375,20.07194641,21.63227385,24.25616632,NA,NA,-1.459831229,-1.646989079,-1.384968089,-6.84675246,-6.65959461,-6.9216156
Pilgrim6,2019-07-06,2019,3.024348276,0.752560615,1.512588056,3.004595544,4.475032586,-7.797319112,1.055991322,-9.819790333,-7.753702101,-5.741907263,21.77119969,1.032149978,20.0377761,21.63297854,24.16785086,NA,NA,-1.179495828,-1.330713242,-1.119008862,-6.617823284,-6.46660587,-6.67831025
Pilgrim6,2019-07-07,2019,3.418978951,0.791124281,1.880577836,3.416576985,4.956375882,-8.366827001,1.135247362,-10.70105796,-8.345262041,-6.152607416,21.8636706,1.106306977,20.06583098,21.68918581,24.68821516,NA,NA,-1.333401791,-1.504350738,-1.265022212,-7.03342521,-6.862476263,-7.101804789
Pilgrim6,2019-07-08,2019,3.925116321,0.779936938,2.415281658,3.883296548,5.514996963,-8.941055409,1.135993614,-11.29292572,-8.907769393,-6.86705686,21.82051929,1.062302421,20.17583903,21.67183466,24.31669066,NA,NA,-1.530795365,-1.727051181,-1.452293039,-7.410260044,-7.214004228,-7.48876237
Pilgrim6,2019-07-09,2019,3.433294124,0.733525558,2.043548912,3.432535227,4.878492083,-8.564952781,1.066128002,-10.62483029,-8.568277261,-6.499328275,21.82070875,1.061283686,20.05236407,21.67147006,24.41090219,NA,NA,-1.338984708,-1.510649415,-1.270318826,-7.225968073,-7.054303367,-7.294633955
Pilgrim6,2019-07-10,2019,3.887396467,0.746410109,2.434269537,3.851506664,5.403842506,-8.421606849,1.142998467,-10.68626669,-8.419972515,-6.166486555,21.82503053,1.120545403,19.86528706,21.65070842,24.4829306,NA,NA,-1.516084622,-1.710454445,-1.438336693,-6.905522227,-6.711152403,-6.983270156
Pilgrim6,2019-07-11,2019,3.897295632,0.740711932,2.453385186,3.891953808,5.31103756,-7.773017823,1.09989925,-9.915102656,-7.793020097,-5.568875831,21.85430724,1.061978563,20.1685706,21.69295997,24.43746851,NA,NA,-1.519945296,-1.714810078,-1.441999384,-6.253072526,-6.058207745,-6.331018439
Pilgrim6,2019-07-12,2019,3.927120026,0.766315123,2.427070829,3.917087036,5.449431954,-7.237422121,1.117983244,-9.565463283,-7.196990942,-5.106552401,21.80194998,1.06079468,20.1291959,21.64006615,24.2913885,NA,NA,-1.53157681,-1.727932811,-1.453034409,-5.705845311,-5.50948931,-5.784387712
Pilgrim6,2019-07-13,2019,4.282519708,0.760205906,2.859245228,4.272009817,5.885057708,-7.697036255,1.106891647,-9.976487077,-7.691950881,-5.655509998,21.85353478,1.092048668,20.11556093,21.6749085,24.48226817,NA,NA,-1.670182686,-1.884308672,-1.584532292,-6.026853568,-5.812727583,-6.112503963
Pilgrim6,2019-07-14,2019,4.771953582,0.78528411,3.278837437,4.765894557,6.313216976,-8.253332434,1.199795255,-10.47186851,-8.307364924,-5.655748336,21.85450318,1.084222546,20.00060717,21.70219349,24.45791756,NA,NA,-1.861061897,-2.099659576,-1.765622825,-6.392270537,-6.153672858,-6.487709609
Pilgrim6,2019-07-15,2019,3.652293074,0.742916035,2.237202135,3.628396849,5.10925594,-8.204608114,1.124744538,-10.46161248,-8.171505735,-5.985633789,21.8281207,1.106855778,20.03521514,21.6681004,24.52475059,NA,NA,-1.424394299,-1.607008952,-1.351348437,-6.780213815,-6.597599162,-6.853259677
Pilgrim6,2019-07-16,2019,4.375898146,0.737250634,2.941734621,4.376806484,5.847388765,-8.105550728,1.045998081,-10.1953996,-8.146181564,-5.943793293,21.76246372,1.058467267,20.00867577,21.59248371,24.37353939,NA,NA,-1.706600277,-1.925395184,-1.619082314,-6.398950451,-6.180155544,-6.486468414
Pilgrim6,2019-07-17,2019,4.722380952,0.748239228,3.29886611,4.725444141,6.154510728,-8.612006898,1.087194031,-10.75925385,-8.636610991,-6.547427607,21.76108972,1.060738002,19.96691534,21.61941678,24.16603771,NA,NA,-1.841728571,-2.077847619,-1.747280952,-6.770278327,-6.534159279,-6.864725946
Pilgrim6,2019-07-18,2019,5.320713736,0.770703681,3.746317803,5.323345584,6.800895232,-8.426631939,1.089826241,-10.56536078,-8.412574167,-6.372045449,21.83074253,1.067536639,20.02146696,21.68239492,24.25566966,NA,NA,-2.075078357,-2.341114044,-1.968664082,-6.351553582,-6.085517895,-6.457967857
Pilgrim6,2019-07-19,2019,5.6639486,0.740630349,4.185788082,5.685521284,7.070086587,-8.541762474,1.059022416,-10.66294787,-8.497115565,-6.496121932,21.78406256,1.049485902,19.9842537,21.64837719,24.18489404,NA,NA,-2.208939954,-2.492137384,-2.095660982,-6.33282252,-6.04962509,-6.446101492
Pilgrim6,2019-07-20,2019,NA,NA,NA,NA,NA,NA,NA,NA,NA,NA,NA,NA,NA,NA,NA,NA,NAs in DO.obs; NAs in DO.sat; NAs in depth; NAs in temp.water; NAs in discharge,NA,NA,NA,NA,NA,NA
Pilgrim6,2019-07-21,2019,NA,NA,NA,NA,NA,NA,NA,NA,NA,NA,NA,NA,NA,NA,NA,NA,NAs in DO.obs; NAs in DO.sat; NAs in depth; NAs in temp.water; NAs in discharge,NA,NA,NA,NA,NA,NA
Pilgrim6,2019-07-22,2019,NA,NA,NA,NA,NA,NA,NA,NA,NA,NA,NA,NA,NA,NA,NA,NA,NAs in DO.obs; NAs in DO.sat; NAs in depth; NAs in temp.water; NAs in discharge,NA,NA,NA,NA,NA,NA
Pilgrim6,2019-07-23,2019,NA,NA,NA,NA,NA,NA,NA,NA,NA,NA,NA,NA,NA,NA,NA,NA,NAs in DO.obs; NAs in DO.sat; NAs in depth; NAs in temp.water; NAs in discharge,NA,NA,NA,NA,NA,NA
Pilgrim6,2019-07-24,2019,NA,NA,NA,NA,NA,NA,NA,NA,NA,NA,NA,NA,NA,NA,NA,NA,NAs in DO.obs; NAs in DO.sat; NAs in depth; NAs in temp.water; NAs in discharge,NA,NA,NA,NA,NA,NA
Pilgrim6,2019-07-25,2019,NA,NA,NA,NA,NA,NA,NA,NA,NA,NA,NA,NA,NA,NA,NA,NA,NAs in DO.obs; NAs in DO.sat; NAs in depth; NAs in temp.water; NAs in discharge,NA,NA,NA,NA,NA,NA
Pilgrim6,2019-07-26,2019,NA,NA,NA,NA,NA,NA,NA,NA,NA,NA,NA,NA,NA,NA,NA,NA,NAs in DO.obs; NAs in DO.sat; NAs in depth; NAs in temp.water; NAs in discharge,NA,NA,NA,NA,NA,NA
Pilgrim6,2019-07-27,2019,NA,NA,NA,NA,NA,NA,NA,NA,NA,NA,NA,NA,NA,NA,NA,NA,NAs in DO.obs; NAs in DO.sat; NAs in depth; NAs in temp.water; NAs in discharge,NA,NA,NA,NA,NA,NA
Pilgrim6,2019-07-28,2019,NA,NA,NA,NA,NA,NA,NA,NA,NA,NA,NA,NA,NA,NA,NA,NA,NAs in DO.obs; NAs in DO.sat; NAs in depth; NAs in temp.water; NAs in discharge,NA,NA,NA,NA,NA,NA
Pilgrim6,2019-07-29,2019,NA,NA,NA,NA,NA,NA,NA,NA,NA,NA,NA,NA,NA,NA,NA,NA,NAs in DO.obs; NAs in DO.sat; NAs in depth; NAs in temp.water; NAs in discharge,NA,NA,NA,NA,NA,NA
Pilgrim6,2019-07-30,2019,NA,NA,NA,NA,NA,NA,NA,NA,NA,NA,NA,NA,NA,NA,NA,NA,NAs in DO.obs; NAs in DO.sat; NAs in depth; NAs in temp.water; NAs in discharge,NA,NA,NA,NA,NA,NA
Pilgrim6,2019-07-31,2019,3.624969301,0.729108208,2.332140826,3.59362428,5.093276493,-7.315556663,1.08265921,-9.462386285,-7.285836527,-5.326330751,21.80018538,1.053342397,20.0394024,21.63582554,24.15469796,NA,NA,-1.413738027,-1.594986492,-1.341238641,-5.901818636,-5.720570171,-5.974318022
Pilgrim6,2019-08-01,2019,3.714403928,0.724965635,2.355267374,3.707396529,5.193745795,-7.697651428,1.108556484,-9.933360761,-7.679715575,-5.715392675,21.78559892,1.070113984,19.97059492,21.65647962,24.09522622,NA,NA,-1.448617532,-1.634337728,-1.374329453,-6.249033896,-6.063313699,-6.323321974
Pilgrim6,2019-08-02,2019,4.326995555,0.738671468,2.853952227,4.331677717,5.669483203,-8.177196834,1.056749228,-10.22456222,-8.142942352,-6.220568594,21.8440575,1.098786093,20.04236443,21.66770339,24.50549768,NA,NA,-1.687528266,-1.903878044,-1.600988355,-6.489668568,-6.27331879,-6.576208479
Pilgrim6,2019-08-03,2019,4.444381932,0.715102076,3.054206576,4.432797597,5.851924644,-8.054719374,1.051659772,-10.09443432,-8.028220597,-5.959410349,21.81033747,1.085938305,20.02697106,21.66005395,24.51641825,NA,NA,-1.733308954,-1.95552805,-1.644421315,-6.321410421,-6.099191324,-6.410298059
Pilgrim6,2019-08-04,2019,5.437469408,0.744722081,4.002165065,5.430306556,6.906414264,-8.345281245,1.079662621,-10.496217,-8.356376461,-6.296913317,21.74662896,1.05029592,19.91735047,21.59464461,24.26859551,NA,NA,-2.120613069,-2.392486539,-2.011863681,-6.224668176,-5.952794706,-6.333417564
Pilgrim6,2019-08-05,2019,NA,NA,NA,NA,NA,NA,NA,NA,NA,NA,NA,NA,NA,NA,NA,NA,NAs in DO.obs; NAs in DO.sat; NAs in depth; NAs in temp.water; NAs in discharge,NA,NA,NA,NA,NA,NA
Pilgrim6,2019-08-06,2019,NA,NA,NA,NA,NA,NA,NA,NA,NA,NA,NA,NA,NA,NA,NA,NA,NAs in DO.obs; NAs in DO.sat; NAs in depth; NAs in temp.water; NAs in discharge,NA,NA,NA,NA,NA,NA
Pilgrim6,2019-08-07,2019,6.525553248,0.785053652,4.941230975,6.522834318,8.078831919,-8.360044647,1.076396885,-10.53702833,-8.371940795,-6.24511146,21.60051658,0.971458668,19.76349722,21.52774472,23.72607263,NA,NA,-2.544965767,-2.871243429,-2.414454702,-5.815078881,-5.488801218,-5.945589946
Pilgrim6,2019-08-08,2019,6.54715556,0.738565992,5.192485286,6.523519301,8.061865795,-8.965710911,1.01516805,-11.05805333,-8.922953516,-6.976619155,21.81676452,1.069997217,19.97839595,21.64050285,24.19812312,NA,NA,-2.553390669,-2.880748447,-2.422447557,-6.412320242,-6.084962464,-6.543263353
Pilgrim6,2019-08-09,2019,8.285742307,0.784237445,6.850724855,8.272396634,9.78824243,-8.44446364,1.028068884,-10.5034064,-8.397616646,-6.44116907,21.43343184,0.926284685,19.64972678,21.38556726,23.47353865,NA,NA,-3.2314395,-3.645726615,-3.065724653,-5.21302414,-4.798737025,-5.378738986
Pilgrim6,2019-08-10,2019,10.52750938,0.810215991,8.959289586,10.49865271,12.18686326,-10.86226608,1.086233171,-13.00304803,-10.8081991,-8.864923922,21.49704514,0.936642151,19.7823551,21.40886977,23.5496195,NA,NA,-4.105728657,-4.632104126,-3.89517847,-6.756537423,-6.230161954,-6.96708761
Pilgrim6,2019-08-11,2019,4.178789325,0.717923565,2.821341489,4.177837461,5.650693837,-6.603715469,1.063509798,-8.6442548,-6.627278594,-4.498699349,21.5268,1.013490717,19.4903865,21.4654655,23.72452884,NA,NA,-1.629727837,-1.838667303,-1.54615205,-4.973987632,-4.765048166,-5.057563419
Pilgrim6,2019-08-12,2019,7.04582445,0.731382439,5.645972013,7.032945723,8.469465035,-9.469998604,1.054863127,-11.53835861,-9.479107623,-7.279972579,21.50468027,0.948862775,19.73438865,21.46415801,23.52293211,NA,NA,-2.747871535,-3.100162758,-2.606955046,-6.722127069,-6.369835846,-6.863043558
Pilgrim6,2019-08-13,2019,8.570735781,0.741559455,7.158703384,8.583253679,9.994357541,-9.804230492,1.022229012,-11.76103469,-9.786511347,-7.777619893,21.2457201,0.875768747,19.45421978,21.23129523,23.06002567,NA,NA,-3.342586954,-3.771123743,-3.171172239,-6.461643538,-6.033106749,-6.633058253
Pilgrim6,2019-08-14,2019,10.4852031,0.780528435,8.990778003,10.4647056,11.9868904,-9.823754473,1.028192248,-11.83330145,-9.807466403,-7.859598655,21.09807688,0.908834061,19.09239517,21.13812731,22.84317072,NA,NA,-4.089229211,-4.613489366,-3.879525149,-5.734525262,-5.210265107,-5.944229324
Pilgrim6,2019-08-15,2019,9.475985303,0.79294322,7.887352648,9.494779847,10.98276844,-9.584362006,1.062737032,-11.62342842,-9.594409851,-7.49055044,21.17531433,0.9320963,19.2521804,21.19004642,23.06331608,NA,NA,-3.695634268,-4.169433533,-3.506114562,-5.888727738,-5.414928473,-6.078247444
Pilgrim6,2019-08-16,2019,10.91710126,0.816410541,9.306521539,10.91643327,12.58212193,-10.18034833,1.049344701,-12.20369619,-10.17887315,-8.061732867,21.04247245,0.927330892,19.00354294,21.10223193,22.74105515,NA,NA,-4.257669491,-4.803524554,-4.039327466,-5.922678843,-5.37682378,-6.141020868
Pilgrim6,2019-08-17,2019,9.911994587,0.761215342,8.311877971,9.931336987,11.3869252,-9.737887581,1.053147829,-11.94132604,-9.720925181,-7.694035263,21.01742599,0.947151686,18.95926633,21.07213623,22.80296838,NA,NA,-3.865677889,-4.361277618,-3.667437997,-5.872209692,-5.376609962,-6.070449583
Pilgrim6,2019-08-18,2019,7.945631632,0.733672506,6.479284027,7.932993874,9.442771998,-9.022507417,1.052884088,-11.1324531,-8.990356133,-6.896150217,21.59499403,0.961531598,19.87486969,21.54270645,23.77304708,NA,NA,-3.098796336,-3.496077918,-2.939883704,-5.923711081,-5.526429499,-6.082623713
Pilgrim6,2019-08-19,2019,9.212104069,0.784323545,7.635906423,9.209269509,10.73860499,-9.515784985,1.087283579,-11.73432825,-9.460666421,-7.4473824,21.73378569,1.002855376,20.06317424,21.60375528,24.04644108,NA,NA,-3.592720587,-4.053325791,-3.408478506,-5.923064398,-5.462459194,-6.107306479
Pilgrim6,2019-08-20,2019,9.249380601,0.76347452,7.7561097,9.235287305,10.73104666,-9.115793249,1.054897127,-11.11958286,-9.09440835,-7.114110043,21.28390433,0.908450404,19.31710937,21.30262402,23.16470167,NA,NA,-3.607258435,-4.069727465,-3.422270823,-5.508534815,-5.046065785,-5.693522427
Pilgrim6,2019-08-21,2019,12.1150693,0.872804598,10.40166307,12.1417027,13.83274814,-10.82047607,1.128014782,-12.90541962,-10.83562002,-8.656064241,21.20585827,0.935188066,19.23671668,21.2085565,23.10684569,NA,NA,-4.724877026,-5.330630491,-4.48257564,-6.095599047,-5.489845582,-6.337900433
Pilgrim6,2019-08-22,2019,6.721548765,0.741399572,5.32523093,6.753464266,8.173162274,-8.320772483,1.128115058,-10.38953099,-8.36129851,-6.022418284,21.54616058,0.970843049,19.80008602,21.45210303,23.70289251,NA,NA,-2.621404018,-2.957481456,-2.486973043,-5.699368464,-5.363291026,-5.83379944
Pilgrim6,2019-08-23,2019,10.51731056,0.797510255,8.930405065,10.5114442,12.07122666,-10.19308769,1.061400565,-12.3105974,-10.15044797,-8.152055498,21.17852937,0.916994501,19.2507902,21.18723499,22.95819828,NA,NA,-4.101751118,-4.627616645,-3.891404906,-6.091336574,-5.565471046,-6.301682785
Pilgrim6,2019-08-24,2019,3.408434357,0.686942262,2.120713231,3.436062646,4.705897988,-7.382268352,1.058932145,-9.347739344,-7.392508222,-5.221801972,21.60108506,0.947626183,19.90990376,21.51436545,23.70617603,NA,NA,-1.329289399,-1.499711117,-1.261120712,-6.052978953,-5.882557235,-6.12114764
Pilgrim6,2019-08-25,2019,10.3291715,0.754182255,8.777540082,10.37113266,11.80700161,-10.58528683,1.007625059,-12.55470899,-10.58298451,-8.558268304,21.12685278,0.941153366,19.09814223,21.18920954,22.96495864,NA,NA,-4.028376885,-4.54483546,-3.821793455,-6.556909941,-6.040451366,-6.763493371
Pilgrim6,2019-08-26,2019,10.4419869,0.806035111,8.775411089,10.47612885,11.9475948,-9.698270856,1.069056148,-11.75969014,-9.689731467,-7.477788396,20.55426268,1.078493481,18.01250366,20.70425117,22.31968413,NA,NA,-4.072374893,-4.594474238,-3.863535155,-5.625895963,-5.103796618,-5.834735701
Pilgrim6,2019-08-27,2019,14.60540936,1.027713127,12.44686182,14.6929384,16.41912078,-11.17757115,1.172928779,-13.30165696,-11.20388898,-8.865264184,20.35248942,1.144761416,17.68378717,20.55025265,22.19456582,NA,NA,-5.69610965,-6.426380118,-5.404001463,-5.481461504,-4.751191036,-5.773569691
Pilgrim6,2019-08-28,2019,12.9218598,0.837098355,11.23403708,12.92268227,14.47843704,-9.960197531,1.056664824,-11.94828994,-9.964952978,-7.904672288,21.12730917,0.92829456,19.22058984,21.14967532,22.94342599,NA,NA,-5.039525322,-5.685618312,-4.781088126,-4.920672209,-4.274579219,-5.179109405
Pilgrim6,2019-08-29,2019,6.199566481,0.722911857,4.843316843,6.18165257,7.647438073,-6.659356786,1.059168774,-8.849719983,-6.646038174,-4.632874399,21.56597627,0.986415551,19.83526203,21.49112109,23.85361043,NA,NA,-2.417830927,-2.727809251,-2.293839598,-4.241525858,-3.931547534,-4.365517188
Pilgrim6,2019-08-30,2019,9.100656671,0.719625294,7.699519474,9.090742316,10.5782465,-8.524399728,1.003390101,-10.42152427,-8.526682178,-6.566884587,21.37410468,0.896845747,19.67241462,21.35948211,23.24362359,NA,NA,-3.549256102,-4.004288935,-3.367242968,-4.975143627,-4.520110793,-5.15715676
Pilgrim6,2019-08-31,2019,9.648734736,0.735319095,8.241318744,9.653985748,11.10956269,-8.74054759,1.019327409,-10.77789119,-8.714788537,-6.817159265,21.27252363,0.914898687,19.5051423,21.25279508,23.15983283,NA,NA,-3.763006547,-4.245443284,-3.570031852,-4.977541044,-4.495104307,-5.170515738
Pilgrim6,2019-09-01,2019,6.826941127,0.664522092,5.493616473,6.857891874,8.124288219,-9.124773596,1.003178377,-11.09919001,-9.111874122,-7.166596343,21.64252063,0.966873154,19.99406712,21.55945956,23.91775063,NA,NA,-2.66250704,-3.003854096,-2.525968217,-6.462266557,-6.1209195,-6.598805379
Pilgrim6,2019-09-02,2019,6.51106038,0.705108145,5.162869084,6.471167728,7.86861119,-9.071565202,1.047862235,-11.12133618,-9.051368988,-7.101555541,21.61483976,0.98702922,19.80039182,21.49347802,23.80550422,NA,NA,-2.539313548,-2.864866567,-2.409092341,-6.532251654,-6.206698635,-6.662472861
Pilgrim6,2019-09-03,2019,4.042718868,0.640556694,2.753162704,4.073128033,5.280732761,-7.487219442,1.026490476,-9.457329891,-7.467629398,-5.4599165,21.79506266,1.079557321,20.00474772,21.65421084,24.25588613,NA,NA,-1.576660359,-1.778796302,-1.495805981,-5.910559083,-5.70842314,-5.991413461
Pilgrim6,2019-09-04,2019,4.620116906,0.660573042,3.375576192,4.589031148,5.983032024,-7.758612135,0.998159017,-9.696344286,-7.76990313,-5.886770864,21.3144794,0.910896374,19.49682763,21.2885437,23.14208613,NA,NA,-1.801845593,-2.032851439,-1.709443255,-5.956766542,-5.725760696,-6.04916888
Pilgrim6,2019-09-05,2019,9.433947963,0.726614485,8.043549339,9.419810938,10.88387203,-9.200713323,1.030044303,-11.26871138,-9.205346307,-7.280617685,21.23169686,0.912962202,19.31670292,21.26553699,23.05302227,NA,NA,-3.679239706,-4.150937104,-3.490560746,-5.521473617,-5.049776219,-5.710152576
Pilgrim6,2019-09-06,2019,9.272932434,0.757240407,7.912427408,9.259329289,10.82302706,-9.111080945,1.014542969,-11.2713459,-9.070774701,-7.25331109,21.75112914,1.065454492,19.98063468,21.59458784,24.18541407,NA,NA,-3.616443649,-4.080090271,-3.430985001,-5.494637295,-5.030990673,-5.680095944
Pilgrim6,2019-09-07,2019,9.602224918,0.760646457,8.116178938,9.583993603,11.14175586,-9.076404559,1.039340395,-11.12052719,-9.044681731,-7.069856258,21.85841415,1.07031648,20.12585723,21.7333183,24.4707245,NA,NA,-3.744867718,-4.224978964,-3.55282322,-5.33153684,-4.851425595,-5.523581339
Pilgrim6,2019-09-08,2019,7.662124391,0.704030671,6.324612954,7.66945019,9.003772699,-8.816544886,1.038891204,-10.89286576,-8.822461446,-6.828168654,21.61161354,0.949589792,19.98252402,21.50844488,23.68181108,NA,NA,-2.988228513,-3.371334732,-2.834986025,-5.828316374,-5.445210154,-5.981558862
Pilgrim6,2019-09-09,2019,NA,NA,NA,NA,NA,NA,NA,NA,NA,NA,NA,NA,NA,NA,NA,NA,NAs in DO.obs; NAs in DO.sat; NAs in depth; NAs in temp.water; NAs in discharge,NA,NA,NA,NA,NA,NA
Pilgrim6,2019-09-10,2019,NA,NA,NA,NA,NA,NA,NA,NA,NA,NA,NA,NA,NA,NA,NA,NA,NAs in DO.obs; NAs in DO.sat; NAs in depth; NAs in temp.water; NAs in discharge,NA,NA,NA,NA,NA,NA
Pilgrim6,2019-09-11,2019,NA,NA,NA,NA,NA,NA,NA,NA,NA,NA,NA,NA,NA,NA,NA,NA,data don't end when expected; NAs in DO.obs; NAs in DO.sat; NAs in depth; NAs in temp.water; NAs in discharge,NA,NA,NA,NA,NA,NA
Pilgrim14,2019-06-11,2019,NA,NA,NA,NA,NA,NA,NA,NA,NA,NA,NA,NA,NA,NA,NA,NA,data don't start when expected,NA,NA,NA,NA,NA,NA
Pilgrim14,2019-06-12,2019,2.024647722,0.268245677,1.517499822,2.016387124,2.54378791,-5.812185805,0.661122707,-7.121821741,-5.793264131,-4.561436849,25.64594396,2.640792976,20.66731423,25.52791822,30.70484418,NA,NA,NA,NA,NA,NA,NA,NA
Pilgrim14,2019-06-13,2019,2.255933348,0.342186219,1.527377075,2.272268588,2.907276283,-6.782947205,0.850875837,-8.381042056,-6.807429526,-4.935682877,24.68320971,2.872124644,18.55021073,24.76428759,30.14824948,NA,NA,NA,NA,NA,NA,NA,NA
Pilgrim14,2019-06-14,2019,0.948901304,0.191498829,0.570079195,0.947921742,1.326064877,-5.954904259,0.763265015,-7.480578026,-5.941183168,-4.476820124,23.41195221,2.75768321,17.94300354,23.41467877,28.97783679,NA,NA,NA,NA,NA,NA,NA,NA
Pilgrim14,2019-06-15,2019,1.8143122,0.266934667,1.290600458,1.818662755,2.349706836,-5.764914775,0.665222951,-7.118063288,-5.772631725,-4.406684726,24.33300229,2.473240706,19.45849229,24.30094197,29.29648082,NA,NA,NA,NA,NA,NA,NA,NA
Pilgrim14,2019-06-16,2019,2.268735197,0.33790457,1.621427295,2.249784538,3.052114101,-5.938222609,0.740591573,-7.6500728,-5.889729924,-4.514180732,26.58778928,2.922864247,21.03909886,26.35132921,33.15838031,NA,NA,NA,NA,NA,NA,NA,NA
Pilgrim14,2019-06-17,2019,2.382383401,0.314817896,1.771112713,2.376856877,2.979788551,-6.41821367,0.729507671,-7.826955289,-6.38618796,-4.950561451,26.66909242,2.834458529,20.95406595,26.57557769,32.13575311,NA,NA,NA,NA,NA,NA,NA,NA
Pilgrim14,2019-06-18,2019,1.977383048,0.298158965,1.423966776,1.967335519,2.571392627,-6.074339942,0.744983514,-7.580373983,-6.057330745,-4.722540895,24.24638697,2.696998296,19.27723894,24.11545178,29.6350475,NA,NA,NA,NA,NA,NA,NA,NA
Pilgrim14,2019-06-19,2019,1.921464874,0.294676378,1.331159716,1.929946407,2.496749463,-6.233546752,0.753596065,-7.74300637,-6.245005348,-4.676529222,24.51749536,2.655373323,19.00986057,24.54366512,29.8471044,NA,NA,NA,NA,NA,NA,NA,NA
Pilgrim14,2019-06-20,2019,1.964679966,0.27929758,1.420548282,1.952552091,2.543140621,-5.916151837,0.67104965,-7.377183499,-5.898897634,-4.612967208,24.84594904,2.537411007,19.98057868,24.77709096,30.2377969,NA,NA,NA,NA,NA,NA,NA,NA
Pilgrim14,2019-06-21,2019,1.873899856,0.28530068,1.337215485,1.877648621,2.426220338,-5.471395115,0.642289732,-6.703793752,-5.465756224,-4.291384257,25.04865589,2.504061343,20.39273229,24.99044522,29.79180375,NA,NA,NA,NA,NA,NA,NA,NA
Pilgrim14,2019-06-22,2019,2.049588826,0.308858699,1.45692391,2.054289536,2.656096357,-5.636001775,0.678296855,-6.906588907,-5.659411998,-4.309131147,24.67121952,2.655154154,19.32708358,24.76992321,29.84331283,NA,NA,NA,NA,NA,NA,NA,NA
Pilgrim14,2019-06-23,2019,1.872146726,0.263668051,1.355290046,1.881267806,2.3733103,-6.07906972,0.699883945,-7.412538401,-6.096642838,-4.676302528,23.31537684,2.530796398,18.20062002,23.30494803,28.14051735,NA,NA,NA,NA,NA,NA,NA,NA
Pilgrim14,2019-06-24,2019,1.071105396,0.202657855,0.66624702,1.074024735,1.473499865,-5.726680005,0.719375732,-7.144540418,-5.727925544,-4.314286795,22.72631522,2.681091599,17.36704439,22.77330949,27.91504355,NA,NA,NA,NA,NA,NA,NA,NA
Pilgrim14,2019-06-25,2019,2.131955732,0.306446322,1.517271169,2.141962341,2.71462812,-6.873432156,0.790550933,-8.440402671,-6.895864545,-5.212072071,25.9446632,2.745981613,20.26550573,25.92742691,31.24110544,NA,NA,NA,NA,NA,NA,NA,NA
Pilgrim14,2019-06-26,2019,1.556638312,0.26677778,0.999117548,1.562181552,2.085469116,-4.98107399,0.666901352,-6.284051534,-4.99103093,-3.62348707,20.05352041,2.387442455,15.17653586,20.04593588,24.70399423,NA,NA,NA,NA,NA,NA,NA,NA
Pilgrim14,2019-06-27,2019,1.888670904,0.292908186,1.347030603,1.89346919,2.470400495,-5.220013807,0.678567532,-6.515459005,-5.225394536,-3.978711335,21.85986426,2.550119873,17.15150177,21.90865621,26.82403895,NA,NA,NA,NA,NA,NA,NA,NA
Pilgrim14,2019-06-28,2019,2.159023857,0.326526208,1.542791966,2.159282226,2.808508978,-5.786695741,0.741958339,-7.257615868,-5.800093478,-4.355026999,24.96961132,2.870794107,19.51800171,25.0302498,30.5573328,NA,NA,NA,NA,NA,NA,NA,NA
Pilgrim14,2019-06-29,2019,1.795385416,0.264697602,1.298318916,1.786011291,2.305482647,-5.430104226,0.632869719,-6.657903376,-5.423106081,-4.21489114,22.95497721,2.382367349,18.36665516,22.88765199,27.66564471,NA,NA,NA,NA,NA,NA,NA,NA
Pilgrim14,2019-06-30,2019,2.281625412,0.259542637,1.81313014,2.279482771,2.775967941,-5.833570685,0.584273368,-6.94338887,-5.828588593,-4.757058786,23.47450645,2.235334845,19.32398142,23.45775851,27.69622427,NA,NA,NA,NA,NA,NA,NA,NA
Pilgrim14,2019-07-01,2019,1.688036618,0.237370093,1.23672523,1.690213182,2.182723984,-4.888893688,0.566832129,-6.015620107,-4.887102967,-3.815895552,20.12320552,2.150649647,16.0562386,20.12068528,24.33473291,NA,NA,NA,NA,NA,NA,NA,NA
Pilgrim14,2019-07-02,2019,2.028735506,0.311076315,1.395088101,2.043116217,2.618395121,-6.013617088,0.740663885,-7.428438876,-6.041024904,-4.503187115,24.21169752,2.697747928,18.75683156,24.29925391,29.28459788,NA,NA,NA,NA,NA,NA,NA,NA
Pilgrim14,2019-07-03,2019,2.413618328,0.314639561,1.817795545,2.404357199,3.043873745,-6.036337862,0.686973776,-7.43480552,-6.022103122,-4.796842522,21.61347802,2.297350526,17.34885865,21.56185373,26.21788382,NA,NA,NA,NA,NA,NA,NA,NA
Pilgrim14,2019-07-04,2019,1.214769812,0.260330855,0.690056059,1.213304761,1.705740701,-4.244245866,0.667791321,-5.468081197,-4.253719579,-2.898114137,17.20679115,2.367359093,12.4436208,17.22064628,21.64376009,NA,NA,NA,NA,NA,NA,NA,NA
Pilgrim14,2019-07-05,2019,2.318576954,0.342707398,1.652365914,2.319735535,3.022512885,-6.023978411,0.780782985,-7.674461476,-6.040632691,-4.453757391,24.3124389,2.867701761,18.42120117,24.29462431,30.32986524,NA,NA,NA,NA,NA,NA,NA,NA
Pilgrim14,2019-07-06,2019,2.145207624,0.349162546,1.391816752,2.1494536,2.826989808,-5.025384862,0.745038306,-6.450259841,-5.036437786,-3.386508093,22.64442043,2.948441929,16.15681148,22.68568424,28.34524663,NA,NA,NA,NA,NA,NA,NA,NA
Pilgrim14,2019-07-07,2019,2.716109967,0.339963708,2.058552396,2.71935844,3.40476589,-5.79870246,0.660654815,-7.091570774,-5.802245022,-4.452494597,26.00960587,2.689007112,20.60391658,26.1064655,31.27859996,NA,NA,NA,NA,NA,NA,NA,NA
Pilgrim14,2019-07-08,2019,2.123233483,0.330038075,1.466901356,2.132291643,2.747389158,-5.306982384,0.687119681,-6.620018575,-5.326666187,-3.942544632,20.04469578,2.363344043,15.26705224,20.1362147,24.50554649,NA,NA,NA,NA,NA,NA,NA,NA
Pilgrim14,2019-07-09,2019,3.080046798,0.431570584,2.267094916,3.072912982,4.001652966,-7.654854131,0.956867282,-9.700791551,-7.632197188,-5.909518235,25.6409508,3.01789062,20.02731631,25.64864823,32.02529977,NA,NA,NA,NA,NA,NA,NA,NA
Pilgrim14,2019-07-10,2019,1.598114902,0.309181426,0.979422287,1.588712778,2.183398882,-5.619883296,0.858521677,-7.323335565,-5.591984296,-3.876330387,19.32257768,2.662003644,13.95740315,19.20153774,24.60651564,NA,NA,NA,NA,NA,NA,NA,NA
Pilgrim14,2019-07-11,2019,2.394297724,0.352180518,1.694230003,2.389460598,3.101348091,-6.994342196,0.889314682,-8.814565369,-6.989238681,-5.257027341,21.73221854,2.553900997,16.80664061,21.67481115,26.86981442,NA,NA,NA,NA,NA,NA,NA,NA
Pilgrim14,2019-07-12,2019,1.833424525,0.37089883,1.097055967,1.842396029,2.534306528,-6.478755468,1.012525447,-8.429277835,-6.526497465,-4.467889151,18.17584243,2.605553004,13.03220074,18.29624097,23.14424178,NA,NA,NA,NA,NA,NA,NA,NA
Pilgrim14,2019-07-13,2019,0.943475802,0.40555924,0.159888051,0.947496764,1.70834744,-3.502507282,1.02897654,-5.403852266,-3.510729431,-1.518158756,10.35279829,2.485012532,5.706488963,10.37249518,14.97316964,NA,NA,NA,NA,NA,NA,NA,NA
Pilgrim14,2019-07-14,2019,2.800172671,0.31121514,2.167053922,2.806971795,3.402775659,-6.287026458,0.631190024,-7.4978669,-6.290673267,-4.967632939,19.33884743,1.831732249,15.58277195,19.35365325,22.87501793,NA,NA,NA,NA,NA,NA,NA,NA
Pilgrim14,2019-07-15,2019,1.109760237,0.250734758,0.590501229,1.119489951,1.558206892,-3.878696858,0.615240976,-5.027849058,-3.897796547,-2.576069554,16.89232986,2.285309986,11.88701727,16.96175885,21.01365084,NA,NA,NA,NA,NA,NA,NA,NA
Pilgrim14,2019-07-16,2019,1.027704963,0.185463637,0.660237229,1.023490571,1.410710769,-5.637732752,0.676391291,-6.935056381,-5.621690293,-4.29998375,26.54447787,2.928566082,21.01341427,26.55709211,32.31589857,NA,NA,NA,NA,NA,NA,NA,NA
Pilgrim14,2019-07-17,2019,1.692864162,0.264005884,1.17631702,1.697218624,2.205803022,-5.882939172,0.731903039,-7.306902589,-5.873722202,-4.462401796,24.21440803,2.798925033,18.7018259,24.18601662,29.67175704,NA,NA,NA,NA,NA,NA,NA,NA
Pilgrim14,2019-07-18,2019,0.976036691,0.180550493,0.604447122,0.981621621,1.304057036,-5.383596894,0.641882712,-6.572840408,-5.403458595,-4.067006718,22.26992853,2.505946381,17.24105507,22.3601339,26.99142482,NA,NA,NA,NA,NA,NA,NA,NA
Pilgrim14,2019-07-19,2019,1.597066292,0.235941892,1.132131252,1.588072761,2.080159434,-5.803792805,0.706093499,-7.234075578,-5.796406849,-4.441106393,23.35892159,2.662389441,18.29266157,23.29210244,28.57276964,NA,NA,NA,NA,NA,NA,NA,NA
Pilgrim14,2019-07-20,2019,1.578185194,0.218142442,1.131919813,1.585110698,1.998509592,-5.194207358,0.58946401,-6.366977306,-5.211695518,-3.984671192,23.56463094,2.461582848,18.78874981,23.70811447,28.21556576,NA,NA,NA,NA,NA,NA,NA,NA
Pilgrim14,2019-07-21,2019,2.110794296,0.271699574,1.579552684,2.109123646,2.654529808,-5.56427576,0.614245986,-6.771648583,-5.565595107,-4.357306027,26.39396989,2.647015904,21.14264607,26.47318475,31.55798025,NA,NA,NA,NA,NA,NA,NA,NA
Pilgrim14,2019-07-22,2019,2.098395665,0.300159384,1.504097389,2.091806367,2.690698129,-5.492747442,0.659727048,-6.775969766,-5.487871084,-4.174674273,25.18129923,2.776953172,19.6559364,25.1356235,30.45652893,NA,NA,NA,NA,NA,NA,NA,NA
Pilgrim14,2019-07-23,2019,2.275667278,0.295053024,1.697361787,2.267683901,2.844421647,-5.617991769,0.631787993,-6.821475455,-5.610265042,-4.426492343,25.48893938,2.630818067,20.27813061,25.49352547,30.49151357,NA,NA,NA,NA,NA,NA,NA,NA
Pilgrim14,2019-07-24,2019,3.229212323,0.371649777,2.543136364,3.212474454,3.998249368,-6.311779578,0.679686764,-7.749555011,-6.288489761,-5.015601374,27.03815091,2.68167101,21.92949541,26.90129688,32.74748511,NA,NA,NA,NA,NA,NA,NA,NA
Pilgrim14,2019-07-25,2019,2.909784955,0.341647671,2.235070568,2.89943897,3.601221855,-6.118761594,0.652801585,-7.429062276,-6.101608386,-4.871673602,25.17170859,2.492618774,20.22921735,25.14232777,30.22762798,NA,NA,NA,NA,NA,NA,NA,NA
Pilgrim14,2019-07-26,2019,2.851464318,0.342093344,2.199841088,2.843295754,3.532974023,-6.02323946,0.676302793,-7.377429084,-6.009227634,-4.76323511,23.59771169,2.480740545,19.00339343,23.54836995,28.6794349,NA,NA,NA,NA,NA,NA,NA,NA
Pilgrim14,2019-07-27,2019,2.029941876,0.292963152,1.496451724,2.036330011,2.616127452,-5.558762356,0.701399671,-6.951918749,-5.588364206,-4.256088459,22.49719991,2.618812017,17.36272968,22.66724748,27.65163122,NA,NA,NA,NA,NA,NA,NA,NA
Pilgrim14,2019-07-28,2019,2.688934286,0.336539789,2.020072576,2.679044726,3.335095747,-5.85217774,0.674940316,-7.156941449,-5.846258534,-4.497926547,22.55168052,2.460912046,17.61282046,22.5630008,27.29195692,NA,NA,NA,NA,NA,NA,NA,NA
Pilgrim14,2019-07-29,2019,2.410218679,0.286748615,1.845528031,2.419580979,2.977512005,-6.226912439,0.663724916,-7.595110959,-6.238734849,-4.964085671,25.14556485,2.493689698,20.39799357,25.1265868,30.3135118,NA,NA,NA,NA,NA,NA,NA,NA
Pilgrim14,2019-07-30,2019,2.339099137,0.293255799,1.80958327,2.335667113,2.927859978,-5.51439653,0.628956584,-6.76640759,-5.502317002,-4.40835349,24.92041375,2.51043897,20.43169154,24.87281223,29.94320775,NA,NA,NA,NA,NA,NA,NA,NA
Pilgrim14,2019-07-31,2019,2.778531351,0.326750075,2.148854925,2.779210452,3.394574595,-5.629076846,0.601794448,-6.783469559,-5.637698374,-4.470162466,25.09594765,2.416854972,20.28261301,25.1895884,29.71617643,NA,NA,NA,NA,NA,NA,NA,NA
Pilgrim14,2019-08-01,2019,2.695617443,0.343197241,1.998706524,2.695153574,3.342260786,-5.44245681,0.625964336,-6.626488906,-5.433717506,-4.231418259,22.78487919,2.456189185,17.83771847,22.78775747,27.36231342,NA,NA,NA,NA,NA,NA,NA,NA
Pilgrim14,2019-08-02,2019,3.364035531,0.401600959,2.577009988,3.366218275,4.119929421,-6.435355678,0.71681267,-7.774201789,-6.444018217,-5.071644958,26.27534577,2.736501615,20.87562178,26.35421582,31.43182699,NA,NA,NA,NA,NA,NA,NA,NA
Pilgrim14,2019-08-03,2019,2.950522022,0.351516909,2.166675123,2.972051317,3.59979819,-5.223272151,0.60749252,-6.390108207,-5.250832021,-3.856500449,21.24136001,2.218278423,16.37558031,21.34077311,25.37414933,NA,NA,NA,NA,NA,NA,NA,NA
Pilgrim14,2019-08-04,2019,3.402939816,0.337975221,2.726908316,3.396046408,4.063623276,-6.947937336,0.648583662,-8.195319922,-6.925220247,-5.66221346,23.66920623,2.114296612,19.4819694,23.56374653,27.84148037,NA,NA,NA,NA,NA,NA,NA,NA
Pilgrim14,2019-08-05,2019,0.013355576,0.178015671,-0.370453859,0.022606315,0.329847218,-1.137310924,0.460883053,-1.954664419,-1.174484261,-0.039482323,6.741114193,1.797046167,2.582859944,6.8738662,9.976395424,NA,NA,NA,NA,NA,NA,NA,NA
Pilgrim14,2019-08-06,2019,2.328938338,0.294635976,1.764228547,2.33220917,2.897381889,-6.667255766,0.747618985,-8.083075532,-6.68170248,-5.267841228,26.39092444,2.785741207,21.19938972,26.39009788,31.67249558,NA,NA,NA,NA,NA,NA,NA,NA
Pilgrim14,2019-08-07,2019,1.888699169,0.249931972,1.371213787,1.900767732,2.354779186,-5.654317177,0.630365695,-6.825799765,-5.681320591,-4.331798843,21.96329716,2.257885458,17.15293106,22.12747829,26.17433676,NA,NA,NA,NA,NA,NA,NA,NA
Pilgrim14,2019-08-08,2019,2.728036674,0.306740715,2.091595259,2.726487269,3.324356829,-6.79743799,0.706584027,-8.179317724,-6.800174262,-5.336246316,26.3573684,2.597763724,20.96898004,26.37787862,31.50261528,NA,NA,NA,NA,NA,NA,NA,NA
Pilgrim14,2019-08-09,2019,2.416708939,0.28500027,1.87482701,2.414904626,3.004641402,-6.187144506,0.654130573,-7.556532276,-6.181332024,-4.976194007,25.47477268,2.465003087,20.98485669,25.42425718,30.66815716,NA,NA,NA,NA,NA,NA,NA,NA
Pilgrim14,2019-08-10,2019,2.608701656,0.302614486,2.021295294,2.608073886,3.19525058,-6.290558878,0.645773834,-7.524788617,-6.266277514,-5.061772865,24.37679215,2.344694404,19.8631303,24.32653396,28.89382391,NA,NA,NA,NA,NA,NA,NA,NA
Pilgrim14,2019-08-11,2019,2.722389864,0.293466913,2.155985924,2.721150721,3.317290827,-6.115115771,0.607033048,-7.348585292,-6.107078169,-4.951534611,23.43876975,2.193007869,19.31226289,23.45879542,27.89889756,NA,NA,NA,NA,NA,NA,NA,NA
Pilgrim14,2019-08-12,2019,3.317572801,0.330156247,2.697269036,3.325217136,3.947427803,-6.933531701,0.655424935,-8.202391611,-6.934400527,-5.646225368,25.29717017,2.262574566,20.96985659,25.29037752,29.64480213,NA,NA,NA,NA,NA,NA,NA,NA
Pilgrim14,2019-08-13,2019,3.199265312,0.367424073,2.528420411,3.177725085,3.942090278,-6.784003221,0.730016458,-8.275185731,-6.747401651,-5.503039902,28.11131235,2.782649416,23.09861661,28.01418777,33.79896338,NA,NA,NA,NA,NA,NA,NA,NA
Pilgrim14,2019-08-14,2019,2.468625587,0.274604668,1.911394944,2.471402475,2.998126747,-5.828526561,0.580469757,-6.970661706,-5.843822868,-4.660000151,24.80999173,2.316328544,20.14223725,24.85675944,29.44101715,NA,NA,NA,NA,NA,NA,NA,NA
Pilgrim14,2019-08-15,2019,2.525333037,0.328012372,1.878949052,2.519787487,3.183424518,-5.874287595,0.682077466,-7.261217078,-5.870504048,-4.571529364,21.81243167,2.323662827,17.31161447,21.78787864,26.38305291,NA,NA,NA,NA,NA,NA,NA,NA
Pilgrim14,2019-08-16,2019,1.922830399,0.241529003,1.441954936,1.926580521,2.363128587,-5.428448173,0.602628468,-6.509026997,-5.443895129,-4.229403975,22.27985601,2.342014067,17.71701994,22.34257126,26.49582408,NA,NA,NA,NA,NA,NA,NA,NA
Pilgrim14,2019-08-17,2019,2.601315997,0.321141905,1.978698943,2.595701489,3.236994477,-6.8070364,0.745960611,-8.258895695,-6.79620384,-5.337825345,26.00121333,2.691429764,20.7260482,25.94766443,31.3399988,NA,NA,NA,NA,NA,NA,NA,NA
Pilgrim14,2019-08-18,2019,0.557515348,0.149937248,0.263294092,0.560437117,0.852399924,-5.417408449,0.688407864,-6.75587943,-5.414637106,-3.982737349,23.15450909,2.734438558,17.72845471,23.14426177,28.54733366,NA,NA,NA,NA,NA,NA,NA,NA
Pilgrim14,2019-08-19,2019,1.910914572,0.276282371,1.387999821,1.906573879,2.445443861,-6.541222141,0.777375893,-8.030380423,-6.519558966,-5.022801491,25.57393755,2.874418237,19.95268127,25.55198057,31.0039126,NA,NA,NA,NA,NA,NA,NA,NA
Pilgrim14,2019-08-20,2019,2.000683228,0.241717663,1.534422725,1.991400225,2.496114983,-6.197170839,0.652608138,-7.575120922,-6.170454093,-4.942303478,23.6697698,2.363485709,19.15845122,23.58721103,28.4616775,NA,NA,NA,NA,NA,NA,NA,NA
Pilgrim14,2019-08-21,2019,2.195142498,0.270967148,1.6520442,2.191449969,2.754085156,-6.28871897,0.686081659,-7.673398665,-6.281385285,-4.943253476,25.95043763,2.609708296,20.77233854,25.88524673,31.3660411,NA,NA,NA,NA,NA,NA,NA,NA
Pilgrim14,2019-08-22,2019,2.36796484,0.287858937,1.866766442,2.34977727,2.960949621,-6.18125374,0.681657705,-7.576135093,-6.120013343,-4.976184341,27.70165286,2.780896967,22.68024118,27.50622681,33.52665675,NA,NA,NA,NA,NA,NA,NA,NA
Pilgrim14,2019-08-23,2019,2.074830306,0.254479774,1.605500021,2.066605398,2.576830843,-5.001264203,0.551242486,-6.08018362,-4.977439003,-3.950596666,23.76900728,2.382550753,19.25429722,23.75730726,28.52452725,NA,NA,NA,NA,NA,NA,NA,NA
Pilgrim14,2019-08-24,2019,2.349584337,0.283741242,1.79117075,2.369738121,2.880282319,-5.820554243,0.61905564,-6.989296485,-5.858374389,-4.622486375,25.34726533,2.520463958,20.48055831,25.51029158,30.27624113,NA,NA,NA,NA,NA,NA,NA,NA
Pilgrim14,2019-08-25,2019,2.435105462,0.259764036,1.920698743,2.437636961,2.939873003,-6.067692562,0.575279293,-7.188126193,-6.092431847,-4.935511295,25.71381975,2.310065406,20.9725701,25.76854404,30.20817788,NA,NA,NA,NA,NA,NA,NA,NA
Pilgrim14,2019-08-26,2019,2.062027943,0.267644759,1.525272962,2.056261643,2.585752356,-5.878147727,0.663423864,-7.208578186,-5.891597359,-4.515351097,22.58845645,2.414417546,17.68860587,22.64817137,27.4146661,NA,NA,NA,NA,NA,NA,NA,NA
Pilgrim14,2019-08-27,2019,2.211001708,0.281109054,1.691592339,2.199800402,2.795047908,-6.727193542,0.757964791,-8.262353587,-6.687700554,-5.305066556,25.53884828,2.743613187,20.42833564,25.34905346,30.99790844,NA,NA,NA,NA,NA,NA,NA,NA
Pilgrim14,2019-08-28,2019,1.227556661,0.178727599,0.878036404,1.223828446,1.575608952,-5.835248412,0.643233366,-7.092267433,-5.847143619,-4.588346178,26.16245747,2.711446441,20.83765035,26.14083345,31.5909928,NA,NA,NA,NA,NA,NA,NA,NA
Pilgrim14,2019-08-29,2019,1.150831945,0.175109789,0.796660235,1.154931686,1.480679578,-5.063215473,0.562742175,-6.096949176,-5.086316891,-3.96471926,22.60854667,2.371227235,17.69282633,22.63889974,27.01015558,NA,NA,NA,NA,NA,NA,NA,NA
Pilgrim14,2019-08-30,2019,1.589472613,0.20430012,1.18539808,1.589183412,2.002755543,-5.480421675,0.571586012,-6.65707745,-5.479002595,-4.355080515,26.50720726,2.540638935,21.52157253,26.50359398,31.58983942,NA,NA,NA,NA,NA,NA,NA,NA
Pilgrim14,2019-08-31,2019,2.630872919,0.29670278,2.065825805,2.617683479,3.236517111,-5.914442773,0.616829146,-7.199143725,-5.872960926,-4.781359932,28.07052381,2.691051783,23.06951222,27.93183859,33.6783111,NA,NA,NA,NA,NA,NA,NA,NA
Pilgrim14,2019-09-01,2019,2.657167097,0.288767937,2.088523548,2.665676865,3.202277406,-6.118536493,0.609370333,-7.258218312,-6.131085045,-4.931028016,26.72659749,2.543261875,21.59423072,26.83384892,31.48525131,NA,NA,NA,NA,NA,NA,NA,NA
Pilgrim14,2019-09-02,2019,2.278033479,0.234377769,1.844411864,2.272647297,2.787252052,-5.854685746,0.568211688,-7.046115282,-5.854602256,-4.786533297,25.57847465,2.365969181,21.04655624,25.60501266,30.35265835,NA,NA,NA,NA,NA,NA,NA,NA
Pilgrim14,2019-09-03,2019,-0.196199327,0.144509722,-0.490655103,-0.19078106,0.076469992,-0.89296736,0.446773028,-1.819455033,-0.882092322,-0.125792573,1.448060855,0.823918117,0.147207064,1.374823856,3.166143499,NA,NA,NA,NA,NA,NA,NA,NA
Pilgrim14,2019-09-04,2019,NA,NA,NA,NA,NA,NA,NA,NA,NA,NA,NA,NA,NA,NA,NA,NA,NAs in DO.obs; NAs in DO.sat; NAs in depth; NAs in temp.water; NAs in discharge,NA,NA,NA,NA,NA,NA
Pilgrim14,2019-09-05,2019,NA,NA,NA,NA,NA,NA,NA,NA,NA,NA,NA,NA,NA,NA,NA,NA,NAs in DO.obs; NAs in DO.sat; NAs in depth; NAs in temp.water; NAs in discharge,NA,NA,NA,NA,NA,NA
Pilgrim14,2019-09-06,2019,NA,NA,NA,NA,NA,NA,NA,NA,NA,NA,NA,NA,NA,NA,NA,NA,data don't end when expected; NAs in DO.obs; NAs in DO.sat; NAs in depth; NAs in temp.water; NAs in discharge,NA,NA,NA,NA,NA,NA
Pilgrim15,2019-05-31,2019,NA,NA,NA,NA,NA,NA,NA,NA,NA,NA,NA,NA,NA,NA,NA,NA,data don't start when expected,NA,NA,NA,NA,NA,NA
Pilgrim15,2019-06-01,2019,-0.117854946,0.049173891,-0.213497459,-0.120061996,-0.011548362,-0.254301836,0.178602575,-0.637084631,-0.241102221,0.065776175,4.149083703,1.513744236,1.468973549,4.043279101,7.413495445,NA,NA,NA,NA,NA,NA,NA,NA
Pilgrim15,2019-06-02,2019,-0.120372659,0.05227366,-0.219989927,-0.119377291,-0.015559272,-0.262645872,0.183560519,-0.656336226,-0.255696084,0.070937009,4.584743268,1.566245348,1.729931224,4.531880059,7.980780298,NA,NA,NA,NA,NA,NA,NA,NA
Pilgrim15,2019-06-03,2019,-0.04353253,0.044261989,-0.129397362,-0.043043234,0.039422352,-0.37462868,0.161116754,-0.687314249,-0.376079553,-0.06997792,4.377128032,1.451848451,1.637624833,4.408717615,7.081016211,NA,NA,NA,NA,NA,NA,NA,NA
Pilgrim15,2019-06-04,2019,-0.152911223,0.055284012,-0.251177017,-0.157420525,-0.035836182,-0.098856646,0.187955993,-0.536990924,-0.071845332,0.18031011,2.416886199,1.454521246,0.292414319,2.248422405,5.793581012,NA,NA,NA,NA,NA,NA,NA,NA
Pilgrim15,2019-06-05,2019,-0.101563771,0.051836671,-0.204328574,-0.101812897,-0.002782935,-0.290952298,0.264753514,-0.812225551,-0.301138071,0.194764507,4.147450957,2.315959002,0.040706403,4.217559916,8.532630065,NA,NA,NA,NA,NA,NA,NA,NA
Pilgrim15,2019-06-06,2019,-0.130856811,0.051945947,-0.234159004,-0.131647075,-0.031208187,-0.307482447,0.185315505,-0.66929989,-0.301204903,0.025599101,4.386411722,1.519508147,1.692958152,4.357839167,7.304670001,NA,NA,NA,NA,NA,NA,NA,NA
Pilgrim15,2019-06-07,2019,-0.131578884,0.05584777,-0.235331261,-0.133454913,-0.021640022,-0.166503273,0.18040326,-0.536706915,-0.155573056,0.13241643,2.842858043,1.404608528,0.594132434,2.754292302,5.700434109,NA,NA,NA,NA,NA,NA,NA,NA
Pilgrim15,2019-06-08,2019,-0.167057225,0.055867184,-0.280064797,-0.167356637,-0.056650116,-0.05345746,0.161015608,-0.380091182,-0.042835124,0.227955024,1.833860913,1.104871549,0.052210582,1.797452155,4.111905176,NA,NA,NA,NA,NA,NA,NA,NA
Pilgrim15,2019-06-09,2019,-0.158264858,0.045022972,-0.239441539,-0.159818977,-0.067089058,0.088491628,0.126943716,-0.204771306,0.112462471,0.27214391,1.118638717,0.883152415,0.036510981,0.918923941,3.246038334,NA,NA,NA,NA,NA,NA,NA,NA
Pilgrim15,2019-06-10,2019,-0.135052446,0.052751782,-0.23676517,-0.135810448,-0.024718313,-0.050474579,0.170072809,-0.4052182,-0.052117107,0.241431696,2.090464066,1.27548333,0.136738468,2.05247969,4.821082038,NA,NA,NA,NA,NA,NA,NA,NA
Pilgrim15,2019-06-11,2019,-0.15828401,0.05421002,-0.257754844,-0.161445638,-0.045133092,-0.028911198,0.15254183,-0.379640372,-0.008815579,0.203108694,1.660108134,1.093130652,0.135449136,1.52936516,4.227597709,NA,NA,NA,NA,NA,NA,NA,NA
Pilgrim15,2019-06-12,2019,-0.039183333,0.050082748,-0.13349792,-0.039052439,0.058256826,-0.216046102,0.188611731,-0.592232302,-0.21601151,0.142464491,3.405254565,1.584817783,0.382367056,3.369217261,6.790424507,NA,NA,NA,NA,NA,NA,NA,NA
Pilgrim15,2019-06-13,2019,-0.125439343,0.058466794,-0.23901362,-0.126490955,-0.006877893,-0.135502976,0.178748074,-0.502832713,-0.121645401,0.171457229,2.412010114,1.349556947,0.24909962,2.303596246,5.174834338,NA,NA,NA,NA,NA,NA,NA,NA
Pilgrim15,2019-06-14,2019,-0.067806651,0.053403223,-0.162062305,-0.071480179,0.046403332,-0.160861943,0.208001489,-0.643675915,-0.12978515,0.151676301,2.568750889,1.650539251,0.234429293,2.328852887,6.496870184,NA,NA,NA,NA,NA,NA,NA,NA
Pilgrim15,2019-06-15,2019,-0.163824906,0.051925097,-0.253261035,-0.165665795,-0.053049003,0.008629587,0.148616865,-0.335394223,0.028605181,0.23530456,1.65520234,1.120271531,0.07857406,1.503272998,4.356948919,NA,NA,NA,NA,NA,NA,NA,NA
Pilgrim15,2019-06-16,2019,-0.200857851,0.053688436,-0.293725788,-0.20489998,-0.087214942,0.097350564,0.137832214,-0.22624028,0.120639583,0.291246378,1.228221976,0.989399003,0.064006889,1.017212685,3.637258042,NA,NA,NA,NA,NA,NA,NA,NA
Pilgrim15,2019-06-17,2019,-0.127567549,0.048188771,-0.218240838,-0.128320212,-0.030085258,-0.002502117,0.126071081,-0.280556002,0.015684581,0.192447858,1.161637627,0.941754716,0.008337225,0.935016264,3.284082755,NA,NA,NA,NA,NA,NA,NA,NA
Pilgrim15,2019-06-18,2019,-0.190541,0.044125854,-0.270863395,-0.19311363,-0.095686439,0.1187142,0.100727368,-0.123397019,0.136248007,0.268709105,0.831520926,0.680630542,0.031944972,0.653222176,2.580199224,NA,NA,NA,NA,NA,NA,NA,NA
Pilgrim15,2019-06-19,2019,-0.207156023,0.057038796,-0.308236653,-0.211593762,-0.080714813,0.058916632,0.147445876,-0.282709625,0.080411131,0.28472377,1.273414238,0.911602534,0.031445466,1.086622052,3.378909633,NA,NA,NA,NA,NA,NA,NA,NA
Pilgrim15,2019-06-20,2019,-0.208771551,0.050804005,-0.295469181,-0.214251635,-0.087107661,0.139266905,0.111770358,-0.154027393,0.15977178,0.298332251,0.686957234,0.647735776,0.017509144,0.494334851,2.445756001,NA,NA,NA,NA,NA,NA,NA,NA
Pilgrim15,2019-06-21,2019,-0.24483654,0.057492103,-0.33835616,-0.250584808,-0.104450321,0.176532176,0.122736386,-0.158723562,0.202011698,0.347811276,0.73772036,0.678914365,0.03566323,0.529470586,2.590946417,NA,NA,NA,NA,NA,NA,NA,NA
Pilgrim15,2019-06-22,2019,-0.236898065,0.050273989,-0.324175108,-0.240555935,-0.130530522,0.150358987,0.096007438,-0.080173406,0.16366061,0.303692516,0.515317417,0.484752354,0.015832288,0.365715252,1.807767744,NA,NA,NA,NA,NA,NA,NA,NA
Pilgrim15,2019-06-23,2019,-0.112910851,0.047362355,-0.197734581,-0.116599833,-0.005155418,0.035426048,0.117509969,-0.259074615,0.05426292,0.215165184,0.863444572,0.72977949,0.021923338,0.686590833,2.659707831,NA,NA,NA,NA,NA,NA,NA,NA
Pilgrim15,2019-06-24,2019,-0.071927224,0.04331333,-0.152884778,-0.075271052,0.01740491,-0.084698594,0.157221089,-0.438814086,-0.058968421,0.150914892,1.532756589,1.175524285,0.07840635,1.310284143,4.164946994,NA,NA,NA,NA,NA,NA,NA,NA
Pilgrim15,2019-06-25,2019,-0.214072435,0.044019931,-0.299533195,-0.214573927,-0.127453191,0.108068974,0.089429945,-0.093668326,0.118379121,0.256806637,0.562027061,0.491209537,0.018823086,0.440062138,1.739337392,NA,NA,NA,NA,NA,NA,NA,NA
Pilgrim15,2019-06-26,2019,-0.215130311,0.038767065,-0.292149148,-0.214428609,-0.143279314,0.145115292,0.069002176,-0.008470634,0.149763699,0.265605235,0.325055707,0.29628107,0.01354177,0.239324963,1.075185848,NA,NA,NA,NA,NA,NA,NA,NA
Pilgrim15,2019-06-27,2019,-0.21743924,0.039453652,-0.292374687,-0.216311537,-0.139434016,0.178737104,0.063315088,0.042005479,0.181310997,0.296831217,0.218515584,0.200321055,0.005042928,0.166977276,0.729974681,NA,NA,NA,NA,NA,NA,NA,NA
Pilgrim15,2019-06-28,2019,-0.267609262,0.039333857,-0.343039552,-0.268101693,-0.185666888,0.250475355,0.063813231,0.119661523,0.253196651,0.365627291,0.160904348,0.188757532,0.003494749,0.107889807,0.6539321,NA,NA,NA,NA,NA,NA,NA,NA
Pilgrim15,2019-06-29,2019,-0.237507139,0.037598308,-0.311604914,-0.236765509,-0.162554052,0.195721077,0.055343094,0.088426532,0.19760962,0.29994584,0.141440258,0.142146743,0.002614147,0.099233179,0.512266029,NA,NA,NA,NA,NA,NA,NA,NA
Pilgrim15,2019-06-30,2019,1.045865694,0.185023218,0.671104262,1.035962639,1.452128366,-2.456523907,0.425078455,-3.392283065,-2.436996899,-1.595209078,12.93872768,2.19593916,8.40338977,12.82806323,17.71671603,NA,NA,NA,NA,NA,NA,NA,NA
Pilgrim15,2019-07-01,2019,0.370001663,0.099914533,0.171768769,0.370270616,0.567165456,-1.09643343,0.268100509,-1.638870456,-1.087366155,-0.549796001,6.153169275,1.413015579,3.232472836,6.109620537,8.898307568,NA,NA,NA,NA,NA,NA,NA,NA
Pilgrim15,2019-07-02,2019,-0.192683255,0.046983643,-0.280676976,-0.194298971,-0.097903732,0.137118558,0.078691969,-0.052002079,0.146367444,0.266957498,0.263053257,0.251024807,0.006348852,0.186724029,0.945207611,NA,NA,NA,NA,NA,NA,NA,NA
Pilgrim15,2019-07-03,2019,-0.017500114,0.083253871,-0.145527109,-0.028944217,0.162248693,-0.113654886,0.160691267,-0.475137014,-0.086658866,0.118632903,0.899907913,0.691944446,0.041509278,0.734149231,2.527436723,NA,NA,NA,NA,NA,NA,NA,NA
Pilgrim15,2019-07-04,2019,-0.212452864,0.0369118,-0.281418753,-0.212464131,-0.138519335,0.19174189,0.054413933,0.086811575,0.189096899,0.302092783,0.134235703,0.124858909,0.004132918,0.099066962,0.4487167,NA,NA,NA,NA,NA,NA,NA,NA
Pilgrim15,2019-07-05,2019,-0.158373863,0.042975802,-0.242186938,-0.159900517,-0.071604447,0.116305476,0.065581413,-0.021807672,0.11978064,0.241682128,0.154782256,0.157207133,0.005920804,0.102565903,0.577515787,NA,NA,NA,NA,NA,NA,NA,NA
Pilgrim15,2019-07-06,2019,0.71702568,0.185399681,0.407584892,0.702900259,1.11146481,-1.539207594,0.385845119,-2.36423136,-1.518871175,-0.891777561,7.56139709,1.770363824,4.538826635,7.472788579,11.36330726,NA,NA,NA,NA,NA,NA,NA,NA
Pilgrim15,2019-07-07,2019,1.721460272,0.154898281,1.434016212,1.70728716,2.057844766,-3.26131531,0.29213471,-3.877045811,-3.22671467,-2.726293389,16.42339316,1.43542684,13.78544306,16.28730199,19.44660972,NA,NA,NA,NA,NA,NA,NA,NA
Pilgrim15,2019-07-08,2019,0.849896089,0.155843282,0.535554937,0.848350961,1.146407447,-1.758596842,0.30447089,-2.320343946,-1.756367592,-1.162092201,8.340999999,1.44471006,5.566180536,8.308964402,11.01798748,NA,NA,NA,NA,NA,NA,NA,NA
Pilgrim15,2019-07-09,2019,0.574084264,0.188306218,0.240082573,0.56614562,0.962147105,-1.294536321,0.384099866,-2.073109461,-1.278859372,-0.616767201,5.949251535,1.683319797,2.947367948,5.886127882,9.469500389,NA,NA,NA,NA,NA,NA,NA,NA
Pilgrim15,2019-07-10,2019,-0.14901219,0.041552597,-0.224824845,-0.150115736,-0.063813747,0.151807012,0.074409108,-0.010159142,0.162622635,0.279826894,0.2976536,0.259070514,0.007796191,0.21885269,0.954103669,NA,NA,NA,NA,NA,NA,NA,NA
Pilgrim15,2019-07-11,2019,0.594398427,0.169781631,0.264271328,0.597836783,0.921415173,-1.377484126,0.368306666,-2.103223932,-1.384438307,-0.685083251,7.435699785,1.848755221,3.953202831,7.458105926,11.0355185,NA,NA,NA,NA,NA,NA,NA,NA
Pilgrim15,2019-07-12,2019,0.440425574,0.180792355,0.073026816,0.450430381,0.766988685,-1.123331393,0.388879861,-1.811866206,-1.149606699,-0.32254303,5.495860136,1.788354198,1.83929898,5.622375815,8.680477008,NA,NA,NA,NA,NA,NA,NA,NA
Pilgrim15,2019-07-13,2019,0.226311911,0.154821523,-0.052210857,0.211675434,0.5348067,-0.583316075,0.326913303,-1.242566143,-0.555721817,-0.006027546,2.990090729,1.424897305,0.515574291,2.857549858,5.9244094,NA,NA,NA,NA,NA,NA,NA,NA
Pilgrim15,2019-07-14,2019,1.495012101,0.113973993,1.272130339,1.498204341,1.707996441,-2.778270283,0.207821624,-3.166175517,-2.783907052,-2.376829661,12.40653924,0.951488093,10.61079522,12.42918371,14.18660037,NA,NA,NA,NA,NA,NA,NA,NA
Pilgrim15,2019-07-15,2019,0.431636738,0.14154218,0.091634245,0.448188456,0.684396483,-1.107715851,0.34898102,-1.725840874,-1.157960849,-0.25319317,4.879416071,1.466595091,1.264313712,5.101354894,7.4527054,NA,NA,NA,NA,NA,NA,NA,NA
Pilgrim15,2019-07-16,2019,-0.06176895,0.034277711,-0.13001969,-0.062161828,0.004999175,-0.207806845,0.176031387,-0.557105824,-0.210460973,0.147546204,2.607358523,1.123496022,0.400528656,2.63695662,4.850694755,NA,NA,NA,NA,NA,NA,NA,NA
Pilgrim15,2019-07-17,2019,-0.064823532,0.05029217,-0.152957243,-0.066841761,0.035376957,-0.212235418,0.203792968,-0.627461581,-0.193714001,0.099332234,2.466308983,1.484962741,0.236660249,2.352406187,5.485941075,NA,NA,NA,NA,NA,NA,NA,NA
Pilgrim15,2019-07-18,2019,-0.042980526,0.043988537,-0.127371946,-0.044587783,0.044645157,-0.259230606,0.200850377,-0.708765802,-0.24647878,0.065379442,2.31376031,1.40389326,0.125100944,2.177921742,5.42160535,NA,NA,NA,NA,NA,NA,NA,NA
Pilgrim15,2019-07-19,2019,-0.078277292,0.045569315,-0.163537867,-0.079143376,0.011160323,-0.061685005,0.140114346,-0.370277531,-0.037100544,0.153874238,1.339334974,0.911392061,0.091549912,1.172281371,3.458408964,NA,NA,NA,NA,NA,NA,NA,NA
Pilgrim15,2019-07-20,2019,-0.036626848,0.053576178,-0.132488575,-0.041213626,0.065865992,-0.138233893,0.18541187,-0.539813417,-0.108459023,0.13356406,1.932550849,1.35407374,0.113706693,1.651528332,4.984585715,NA,NA,NA,NA,NA,NA,NA,NA
Pilgrim15,2019-07-21,2019,-0.159733758,0.044439568,-0.234278387,-0.162412289,-0.067981059,0.105859574,0.099073107,-0.141230421,0.124962134,0.258888486,0.688993419,0.622101306,0.013630463,0.50943476,2.340374058,NA,NA,NA,NA,NA,NA,NA,NA
Pilgrim15,2019-07-22,2019,-0.167111392,0.045266247,-0.248403248,-0.170066609,-0.068845927,0.075420704,0.097118238,-0.166250369,0.092655087,0.228369221,0.640659016,0.573415334,0.021425113,0.47938705,2.167908111,NA,NA,NA,NA,NA,NA,NA,NA
Pilgrim15,2019-07-23,2019,-0.171934263,0.041529489,-0.246830619,-0.172494603,-0.087498296,0.10254787,0.080435018,-0.084823566,0.110074641,0.238017358,0.47761925,0.421717024,0.017863234,0.351890194,1.576764272,NA,NA,NA,NA,NA,NA,NA,NA
Pilgrim15,2019-07-24,2019,-0.209502473,0.037616526,-0.279521205,-0.211817412,-0.135510616,0.173887869,0.063504995,0.037650967,0.175249854,0.288063394,0.259455412,0.238194631,0.008385726,0.197047838,0.861524934,NA,NA,NA,NA,NA,NA,NA,NA
Pilgrim15,2019-07-25,2019,-0.178294906,0.038710633,-0.247403851,-0.181476385,-0.090558989,0.098437606,0.071035573,-0.084325754,0.106170015,0.215247132,0.276807586,0.276075301,0.008706296,0.195826006,1.072707252,NA,NA,NA,NA,NA,NA,NA,NA
Pilgrim15,2019-07-26,2019,-0.117960396,0.042388827,-0.196444578,-0.118192671,-0.030125476,0.089618243,0.090193406,-0.131594664,0.101330569,0.234230456,0.422655103,0.431926061,0.008393203,0.304494529,1.605852522,NA,NA,NA,NA,NA,NA,NA,NA
Pilgrim15,2019-07-27,2019,-0.156286967,0.039861946,-0.2293412,-0.156416406,-0.071047421,0.092183238,0.082467608,-0.096667079,0.101632239,0.222918303,0.442128531,0.374397396,0.018406044,0.335482431,1.43289553,NA,NA,NA,NA,NA,NA,NA,NA
Pilgrim15,2019-07-28,2019,-0.159236894,0.039689429,-0.235914843,-0.160294936,-0.081276826,0.126424319,0.073428757,-0.047079015,0.135620825,0.247264417,0.305816951,0.296819065,0.010162947,0.219353697,1.074947307,NA,NA,NA,NA,NA,NA,NA,NA
Pilgrim15,2019-07-29,2019,-0.126917855,0.049517955,-0.211679532,-0.13256102,-0.014201213,0.0788659,0.131237395,-0.280508826,0.112907578,0.248586928,0.764860279,0.761329492,0.03505605,0.497252338,2.880307593,NA,NA,NA,NA,NA,NA,NA,NA
Pilgrim15,2019-07-30,2019,-0.195883474,0.039928149,-0.273805858,-0.196578574,-0.117564967,0.185846199,0.076936186,0.015888738,0.192331087,0.314400414,0.412721855,0.373455813,0.010213954,0.311907374,1.38854614,NA,NA,NA,NA,NA,NA,NA,NA
Pilgrim15,2019-07-31,2019,-0.236408054,0.037669641,-0.30641975,-0.235593138,-0.161830339,0.190131481,0.057554919,0.073561258,0.192261034,0.296985312,0.221174017,0.214548705,0.004243581,0.165477174,0.819784384,NA,NA,NA,NA,NA,NA,NA,NA
Pilgrim15,2019-08-01,2019,-0.192901165,0.03963015,-0.272075059,-0.192535083,-0.11271302,0.115612165,0.064548962,-0.013250659,0.118040616,0.231107941,0.237204331,0.220501945,0.010330654,0.170740419,0.789764268,NA,NA,NA,NA,NA,NA,NA,NA
Pilgrim15,2019-08-02,2019,-0.218485795,0.041823148,-0.294339385,-0.221381379,-0.13412386,0.181809447,0.073051189,0.012312326,0.189563356,0.300420722,0.315264941,0.290672748,0.014232036,0.229688011,1.113179024,NA,NA,NA,NA,NA,NA,NA,NA
Pilgrim15,2019-08-03,2019,-0.140892631,0.040515935,-0.21864341,-0.143129397,-0.056627359,0.134401841,0.081024054,-0.055323012,0.143658946,0.270656031,0.456012886,0.407010776,0.005682652,0.340226076,1.502835522,NA,NA,NA,NA,NA,NA,NA,NA
Pilgrim15,2019-08-04,2019,-0.215723471,0.035372519,-0.282868206,-0.21653982,-0.147161743,0.141148303,0.058020925,0.026714685,0.143188693,0.253002843,0.179008597,0.175830572,0.005861819,0.123617188,0.647936959,NA,NA,NA,NA,NA,NA,NA,NA
Pilgrim15,2019-08-05,2019,-0.136110587,0.03622602,-0.21035987,-0.135943282,-0.066157854,0.047714115,0.11729993,-0.193639912,0.053668082,0.247838588,1.372954913,0.859287437,0.112101452,1.26019637,3.195983355,NA,NA,NA,NA,NA,NA,NA,NA
Pilgrim15,2019-08-06,2019,-0.139393767,0.043130255,-0.219839921,-0.141461235,-0.04864991,0.017742099,0.128117905,-0.282685422,0.036403478,0.208608548,1.134959603,0.853130904,0.071546649,0.960862526,3.183077138,NA,NA,NA,NA,NA,NA,NA,NA
Pilgrim15,2019-08-07,2019,-0.12290319,0.044909788,-0.209644456,-0.124297558,-0.027244506,0.025746038,0.103162576,-0.230283657,0.036885376,0.188787509,0.684563959,0.592167548,0.024045348,0.545061976,2.265291335,NA,NA,NA,NA,NA,NA,NA,NA
Pilgrim15,2019-08-08,2019,-0.165846316,0.036788028,-0.239275093,-0.165789757,-0.09351654,0.134913177,0.065541702,-0.003213588,0.137191962,0.261571779,0.327044917,0.293556818,0.011579188,0.244257548,1.079575128,NA,NA,NA,NA,NA,NA,NA,NA
Pilgrim15,2019-08-09,2019,-0.189291626,0.036680601,-0.258913572,-0.190150523,-0.117494414,0.171778435,0.064686306,0.03915098,0.176187665,0.287571232,0.337767359,0.293305137,0.013795611,0.257725395,1.098346656,NA,NA,NA,NA,NA,NA,NA,NA
Pilgrim15,2019-08-10,2019,-0.204929574,0.038322488,-0.274526475,-0.207213751,-0.119467347,0.157940592,0.064366227,0.014484758,0.163030386,0.26779166,0.272849915,0.256538679,0.00641505,0.204386018,0.923902825,NA,NA,NA,NA,NA,NA,NA,NA
Pilgrim15,2019-08-11,2019,-0.186451679,0.03781576,-0.258521263,-0.186051165,-0.113852679,0.14215559,0.061277726,0.010821779,0.147242061,0.255408369,0.22851232,0.225583883,0.007477388,0.149776695,0.816874229,NA,NA,NA,NA,NA,NA,NA,NA
Pilgrim15,2019-08-12,2019,-0.115292178,0.039713986,-0.187718731,-0.116247223,-0.037412291,0.072016856,0.067854436,-0.07436072,0.075254438,0.196778681,0.261528642,0.259491096,0.005614826,0.181013962,0.978389321,NA,NA,NA,NA,NA,NA,NA,NA
Pilgrim15,2019-08-13,2019,-0.215811038,0.036672927,-0.283450207,-0.216672274,-0.140667134,0.242289632,0.060398913,0.114522168,0.247025611,0.350254674,0.174809498,0.182891388,0.002000409,0.12059089,0.652125411,NA,NA,NA,NA,NA,NA,NA,NA
Pilgrim15,2019-08-14,2019,-0.136485304,0.039550247,-0.209544398,-0.138202794,-0.056928632,0.096427103,0.071732909,-0.065922545,0.10341435,0.217077246,0.335513998,0.303647817,0.013528222,0.245599795,1.152867036,NA,NA,NA,NA,NA,NA,NA,NA
Pilgrim15,2019-08-15,2019,-0.176580142,0.038572229,-0.25401146,-0.17574043,-0.104813998,0.117323425,0.064723205,-0.011711712,0.119344125,0.238873393,0.195288722,0.197047057,0.009178715,0.122349476,0.693366886,NA,NA,NA,NA,NA,NA,NA,NA
Pilgrim15,2019-08-16,2019,0.247843917,0.107915988,0.046721268,0.241788949,0.461242335,-1.010882068,0.375756438,-1.756554408,-0.998567322,-0.329635043,6.136785345,2.11003525,2.231479759,6.061465793,10.43540301,NA,NA,NA,NA,NA,NA,NA,NA
Pilgrim15,2019-08-17,2019,-0.165939296,0.037759051,-0.242721419,-0.164673143,-0.091266314,0.091230221,0.058943967,-0.024177215,0.092439166,0.208256757,0.192754381,0.18288342,0.006535319,0.142349802,0.691833318,NA,NA,NA,NA,NA,NA,NA,NA
Pilgrim15,2019-08-18,2019,0.007397106,0.034347647,-0.056840448,0.006858009,0.07511287,-0.377894692,0.162639718,-0.698511049,-0.375055367,-0.046364781,3.930138892,1.188332423,1.399778137,3.943615356,6.254156715,NA,NA,NA,NA,NA,NA,NA,NA
Pilgrim15,2019-08-19,2019,-0.148306898,0.038679997,-0.220453025,-0.149719807,-0.063737025,0.024142497,0.090338038,-0.189582789,0.035363631,0.171835208,0.705633117,0.557430971,0.049088436,0.578745456,2.147446877,NA,NA,NA,NA,NA,NA,NA,NA
Pilgrim15,2019-08-20,2019,-0.128920319,0.034817542,-0.197269867,-0.129584761,-0.059768069,0.080262811,0.076590991,-0.10000896,0.089591518,0.200535992,0.403268361,0.406578307,0.006230129,0.282732161,1.438809252,NA,NA,NA,NA,NA,NA,NA,NA
Pilgrim15,2019-08-21,2019,-0.214517481,0.03471599,-0.283146562,-0.213626267,-0.147325079,0.229973981,0.057358374,0.105784272,0.231975115,0.334275718,0.210588684,0.207328338,0.003447422,0.147444878,0.75403266,NA,NA,NA,NA,NA,NA,NA,NA
Pilgrim15,2019-08-22,2019,-0.192235314,0.036369434,-0.258333143,-0.191731439,-0.118477627,0.195578591,0.065698518,0.044450173,0.20010951,0.311812029,0.290102606,0.305414624,0.004406763,0.184928595,1.15240051,NA,NA,NA,NA,NA,NA,NA,NA
Pilgrim15,2019-08-23,2019,-0.112752341,0.03842651,-0.185541702,-0.114814867,-0.037063468,0.083845665,0.074550001,-0.08045031,0.088804928,0.212404285,0.638480102,0.485431965,0.038708264,0.530943521,1.834451642,NA,NA,NA,NA,NA,NA,NA,NA
Pilgrim15,2019-08-24,2019,-0.163814888,0.03522852,-0.233544926,-0.162909275,-0.098362903,0.102468134,0.060576432,-0.027385273,0.104134638,0.219750661,0.33853505,0.289673852,0.014647161,0.264336589,1.126281914,NA,NA,NA,NA,NA,NA,NA,NA
Pilgrim15,2019-08-25,2019,-0.127725399,0.040753287,-0.204130458,-0.129796815,-0.040747563,0.045227273,0.073451604,-0.11891233,0.052962164,0.167772963,0.368052072,0.360728422,0.013717152,0.259878288,1.289863422,NA,NA,NA,NA,NA,NA,NA,NA
Pilgrim15,2019-08-26,2019,-0.139742814,0.034807972,-0.20813046,-0.14024784,-0.070404185,0.099711207,0.060889669,-0.029004883,0.10342014,0.211787907,0.264107906,0.246636804,0.004411277,0.192298127,0.910285227,NA,NA,NA,NA,NA,NA,NA,NA
Pilgrim15,2019-08-27,2019,-0.126298534,0.034010727,-0.18961791,-0.126693247,-0.056648831,0.109485341,0.065451689,-0.033275762,0.11523427,0.220348813,0.342727675,0.333735351,0.007208619,0.23225761,1.185568431,NA,NA,NA,NA,NA,NA,NA,NA
Pilgrim15,2019-08-28,2019,0.008493721,0.053098834,-0.091223547,0.007719402,0.116362788,-0.318360937,0.235177105,-0.838462903,-0.29799556,0.06272112,3.85941309,1.959195442,0.659375339,3.698978704,8.26512093,NA,NA,NA,NA,NA,NA,NA,NA
Pilgrim15,2019-08-29,2019,-0.046289812,0.047233264,-0.129061577,-0.048583877,0.05840694,-0.189324055,0.190374391,-0.616514434,-0.159190595,0.09707693,2.645379624,1.58491133,0.322258087,2.385666256,6.283316089,NA,NA,NA,NA,NA,NA,NA,NA
Pilgrim15,2019-08-30,2019,-0.170325716,0.036992443,-0.2408661,-0.168783668,-0.096854736,0.102908743,0.073275059,-0.057830599,0.107761209,0.226711424,0.546372818,0.465759628,0.016475134,0.428048731,1.730124277,NA,NA,NA,NA,NA,NA,NA,NA
Pilgrim15,2019-08-31,2019,-0.205454708,0.033185656,-0.269508852,-0.20625328,-0.138695339,0.18069536,0.053488192,0.067669628,0.181853231,0.28069283,0.220028695,0.211893623,0.003542568,0.161755045,0.777786052,NA,NA,NA,NA,NA,NA,NA,NA
Pilgrim15,2019-09-01,2019,-0.136985374,0.035022758,-0.20371423,-0.137905902,-0.068341535,0.062629262,0.057977873,-0.058811615,0.066151395,0.173007125,0.239674563,0.221984913,0.005062558,0.175208127,0.828367797,NA,NA,NA,NA,NA,NA,NA,NA
Pilgrim15,2019-09-02,2019,-0.042670891,0.056597307,-0.137592638,-0.051144979,0.081106594,-0.043560854,0.150572325,-0.393859997,-0.006200325,0.184006732,1.339411655,1.051224151,0.063881018,1.064229013,3.856861876,NA,NA,NA,NA,NA,NA,NA,NA
Pilgrim15,2019-09-03,2019,-0.031723862,0.034503303,-0.096661374,-0.032469139,0.036290487,-0.338856631,0.251187995,-0.891597317,-0.330725778,0.082041366,3.654942735,2.085796693,0.209970598,3.591979456,8.119154999,NA,NA,NA,NA,NA,NA,NA,NA
Pilgrim15,2019-09-04,2019,-0.097252825,0.039764466,-0.179496813,-0.095674802,-0.025622406,-0.113669653,0.165376859,-0.452013403,-0.10468491,0.180499933,2.78832938,1.528680475,0.222818807,2.735766151,5.901819435,NA,NA,NA,NA,NA,NA,NA,NA
Pilgrim15,2019-09-05,2019,NA,NA,NA,NA,NA,NA,NA,NA,NA,NA,NA,NA,NA,NA,NA,NA,NAs in DO.obs; NAs in DO.sat; NAs in depth; NAs in temp.water; NAs in discharge,NA,NA,NA,NA,NA,NA
Pilgrim15,2019-09-06,2019,NA,NA,NA,NA,NA,NA,NA,NA,NA,NA,NA,NA,NA,NA,NA,NA,data don't end when expected; NAs in DO.obs; NAs in DO.sat; NAs in depth; NAs in temp.water; NAs in discharge,NA,NA,NA,NA,NA,NA
Pilgrim16,2019-05-31,2019,NA,NA,NA,NA,NA,NA,NA,NA,NA,NA,NA,NA,NA,NA,NA,NA,data don't start when expected,NA,NA,NA,NA,NA,NA
Pilgrim16,2019-06-01,2019,-0.356349847,0.077949814,-0.500164821,-0.360089154,-0.187341387,-0.964334464,0.501533632,-2.040466406,-0.935924727,-0.025847797,6.276920363,2.010001917,2.502797882,6.165776374,10.60905504,NA,NA,NA,NA,NA,NA,NA,NA
Pilgrim16,2019-06-02,2019,-0.403081462,0.064915187,-0.527320939,-0.403532687,-0.267182538,-1.244225051,0.431561582,-2.139324933,-1.236307614,-0.42316777,8.321356935,1.80513563,4.864860769,8.257133624,12.08808113,NA,NA,NA,NA,NA,NA,NA,NA
Pilgrim16,2019-06-03,2019,-0.105866639,0.067518678,-0.230213353,-0.109401779,0.030063865,-1.790568699,0.399839542,-2.651673053,-1.760352669,-1.074460816,9.114423784,1.698597349,6.054076707,8.993316261,12.68338028,NA,NA,NA,NA,NA,NA,NA,NA
Pilgrim16,2019-06-04,2019,-0.151199197,0.084057776,-0.304770927,-0.15208679,0.01338449,-1.491536842,0.44041178,-2.349296711,-1.498455509,-0.680442474,6.753585432,1.606839686,3.819527367,6.766962177,9.889238505,NA,NA,NA,NA,NA,NA,NA,NA
Pilgrim16,2019-06-05,2019,-0.010664342,0.053053848,-0.115832665,-0.011095037,0.091379585,-2.871553353,0.417764176,-3.738857785,-2.868426608,-2.051076824,12.66165088,1.611349963,9.493702522,12.67655999,15.91856543,NA,NA,NA,NA,NA,NA,NA,NA
Pilgrim16,2019-06-06,2019,-0.391911254,0.063650431,-0.519874662,-0.389091219,-0.262632714,-1.338253346,0.452143307,-2.285457166,-1.360713523,-0.440469007,7.405400561,1.740011206,3.892460235,7.486276425,10.95517833,NA,NA,NA,NA,NA,NA,NA,NA
Pilgrim16,2019-06-07,2019,-0.29852017,0.068521127,-0.42331445,-0.301111302,-0.159840775,-1.321089192,0.454616078,-2.238660598,-1.300424405,-0.503831903,7.046699307,1.748172438,3.909875794,6.973270213,10.56229448,NA,NA,NA,NA,NA,NA,NA,NA
Pilgrim16,2019-06-08,2019,-0.427607021,0.064054305,-0.549175864,-0.428928221,-0.298587933,-0.786742922,0.435424472,-1.643380063,-0.792708998,0.058303487,5.048717805,1.62784666,1.847492186,5.046057003,8.244536664,NA,NA,NA,NA,NA,NA,NA,NA
Pilgrim16,2019-06-09,2019,-0.174347898,0.061413224,-0.301866734,-0.17162372,-0.062405434,-1.092933054,0.441007105,-1.905390184,-1.105113885,-0.215367067,5.857475164,1.710968469,2.471994541,5.896884792,9.024639402,NA,NA,NA,NA,NA,NA,NA,NA
Pilgrim16,2019-06-10,2019,-0.298924595,0.057552305,-0.409006234,-0.300792149,-0.182272929,-1.393939976,0.444629473,-2.279614026,-1.363080067,-0.547681275,7.914638401,1.788118311,4.539150615,7.768046025,11.49779214,NA,NA,NA,NA,NA,NA,NA,NA
Pilgrim16,2019-06-11,2019,-0.443418133,0.055978304,-0.540218612,-0.447768427,-0.325059699,0.018739472,0.253109273,-0.544671225,0.068445749,0.371111281,1.192538005,0.867064722,0.075458916,1.002927723,3.136167754,NA,NA,NA,NA,NA,NA,NA,NA
Pilgrim16,2019-06-12,2019,-0.030525561,0.05762176,-0.136010461,-0.033833739,0.090449227,-2.323885003,0.524391989,-3.471364494,-2.27291515,-1.41984562,9.845592638,1.91695099,6.568419185,9.661199781,14.04122748,NA,NA,NA,NA,NA,NA,NA,NA
Pilgrim16,2019-06-13,2019,-0.524416657,0.037675524,-0.602743414,-0.523860649,-0.45500594,0.285124138,0.10809887,0.015637639,0.305181299,0.442372741,0.347887135,0.2952038,0.028555637,0.264781778,1.145735458,NA,NA,NA,NA,NA,NA,NA,NA
Pilgrim16,2019-06-14,2019,-0.340716259,0.03868129,-0.416830125,-0.339181422,-0.265364741,-0.990892605,0.424722249,-1.865121823,-0.971362814,-0.210762385,5.233489518,1.527489707,2.400533498,5.154671099,8.386907073,NA,NA,NA,NA,NA,NA,NA,NA
Pilgrim16,2019-06-15,2019,-0.356647115,0.045998827,-0.451346979,-0.355231411,-0.268810122,-1.310981511,0.39580612,-2.096293735,-1.314637354,-0.504145204,7.452997706,1.565190907,4.308810933,7.465891563,10.54484884,NA,NA,NA,NA,NA,NA,NA,NA
Pilgrim16,2019-06-16,2019,-0.362080594,0.053656351,-0.466014845,-0.362915121,-0.253332822,-0.705787368,0.389197152,-1.517114402,-0.708158208,0.031347763,5.032627346,1.579003338,1.944886787,5.021211612,8.346231767,NA,NA,NA,NA,NA,NA,NA,NA
Pilgrim16,2019-06-17,2019,-0.480052295,0.03744166,-0.550470565,-0.481130592,-0.403762914,0.171679869,0.09296376,-0.082981518,0.182038647,0.315904775,0.241981837,0.238088296,0.001542171,0.165963989,0.936247457,NA,NA,NA,NA,NA,NA,NA,NA
Pilgrim16,2019-06-18,2019,-0.262549499,0.057716776,-0.370010996,-0.265265917,-0.149725555,-1.067518543,0.570942901,-2.204126241,-1.058704009,-0.013222668,4.436601367,1.711808173,1.192832736,4.442973036,7.843821749,NA,NA,NA,NA,NA,NA,NA,NA
Pilgrim16,2019-06-19,2019,-0.53000413,0.043244708,-0.616058217,-0.528856844,-0.446786068,-0.032261552,0.362101148,-0.746529542,-0.014810909,0.551736981,1.908628414,1.094750872,0.160059989,1.883161036,4.051032995,NA,NA,NA,NA,NA,NA,NA,NA
Pilgrim16,2019-06-20,2019,-0.367605375,0.050990843,-0.462303118,-0.369689987,-0.261898217,-0.570225686,0.489321242,-1.5895081,-0.549150871,0.279473021,3.682249664,1.676884026,0.765735523,3.63246203,7.115109121,NA,NA,NA,NA,NA,NA,NA,NA
Pilgrim16,2019-06-21,2019,-0.436859799,0.040818085,-0.516603905,-0.436413722,-0.357808085,-1.146222559,0.37690279,-1.826165936,-1.153896425,-0.383669485,7.205365329,1.505023034,4.095892654,7.228006904,10.00403794,NA,NA,NA,NA,NA,NA,NA,NA
Pilgrim16,2019-06-22,2019,-0.483740347,0.048411923,-0.576461021,-0.483367688,-0.379508702,-0.707325403,0.416233817,-1.579617289,-0.69597475,0.095710989,5.311688748,1.720616387,2.001313197,5.269672888,9.01348186,NA,NA,NA,NA,NA,NA,NA,NA
Pilgrim16,2019-06-23,2019,-0.136192512,0.050047227,-0.228444725,-0.137287598,-0.0369086,-1.100818207,0.431184825,-1.974947012,-1.097900148,-0.312709545,4.995704221,1.67641587,1.916765503,4.997574832,8.419582265,NA,NA,NA,NA,NA,NA,NA,NA
Pilgrim16,2019-06-24,2019,-0.082571772,0.039617162,-0.155928062,-0.082904071,-0.00420678,-1.873468953,0.591228092,-3.140781789,-1.85133861,-0.846474913,7.777335642,2.265099682,3.810710505,7.63043717,12.73511192,NA,NA,NA,NA,NA,NA,NA,NA
Pilgrim16,2019-06-25,2019,-0.345570346,0.044659518,-0.432149732,-0.346550485,-0.255066602,-1.508886666,0.444747509,-2.39729718,-1.504483525,-0.678541333,7.103212437,1.642069344,4.049352102,7.065859792,10.35515609,NA,NA,NA,NA,NA,NA,NA,NA
Pilgrim16,2019-06-26,2019,-0.337344211,0.045227634,-0.429787333,-0.335160561,-0.254990493,-1.262635869,0.428384574,-2.097599399,-1.261469546,-0.383461167,6.730996238,1.646928179,3.342541503,6.708995206,9.970421854,NA,NA,NA,NA,NA,NA,NA,NA
Pilgrim16,2019-06-27,2019,-0.215146384,0.044335054,-0.301799939,-0.216201186,-0.12653759,-1.584735615,0.443268209,-2.429790115,-1.590912524,-0.713816794,7.838230465,1.79363009,4.341521422,7.86142708,11.27676166,NA,NA,NA,NA,NA,NA,NA,NA
Pilgrim16,2019-06-28,2019,-0.361033152,0.042870806,-0.441903473,-0.362544289,-0.277158667,-1.096242755,0.401195684,-1.851641417,-1.081445824,-0.367360959,6.453686485,1.627237981,3.528081735,6.407235857,9.556687644,NA,NA,NA,NA,NA,NA,NA,NA
Pilgrim16,2019-06-29,2019,-0.367801374,0.044923982,-0.457321372,-0.368758943,-0.283215736,-1.205488609,0.409725576,-2.061876244,-1.206051322,-0.397528244,6.904195771,1.669274515,3.61730542,6.908516841,10.3172352,NA,NA,NA,NA,NA,NA,NA,NA
Pilgrim16,2019-06-30,2019,-0.044635402,0.048916199,-0.143227889,-0.044435497,0.050845317,-1.902732092,0.51770222,-2.834108655,-1.91716493,-0.886468507,8.590918364,2.146055944,4.414131386,8.644881904,12.51064609,NA,NA,NA,NA,NA,NA,NA,NA
Pilgrim16,2019-07-01,2019,-0.109097148,0.042952977,-0.192329712,-0.10840654,-0.027518249,-1.922819591,0.505436708,-2.93619528,-1.927279407,-0.9360561,8.800861097,2.041671614,4.795088625,8.819197821,12.94396446,NA,NA,NA,NA,NA,NA,NA,NA
Pilgrim16,2019-07-02,2019,-0.374853518,0.045902119,-0.465059513,-0.37417018,-0.287238233,-1.13590242,0.463957939,-2.007114724,-1.147892366,-0.203648456,6.33947585,1.832639172,2.682634038,6.369820807,9.739480626,NA,NA,NA,NA,NA,NA,NA,NA
Pilgrim16,2019-07-03,2019,-0.334953816,0.047445545,-0.424172107,-0.335348187,-0.240123789,-1.139697054,0.45784929,-2.037723464,-1.115060609,-0.352128653,6.314607615,1.820918985,3.218298439,6.20175277,9.941479745,NA,NA,NA,NA,NA,NA,NA,NA
Pilgrim16,2019-07-04,2019,-0.341932018,0.042155084,-0.421867221,-0.343034084,-0.255544191,-0.594654906,0.321902635,-1.241111848,-0.591939492,0.014022747,3.639805534,1.208430372,1.350822226,3.635532493,6.051575572,NA,NA,NA,NA,NA,NA,NA,NA
Pilgrim16,2019-07-05,2019,-0.27025109,0.04089637,-0.347049955,-0.270757223,-0.188396058,-1.292605997,0.463296299,-2.181760194,-1.298788057,-0.388466272,6.770617654,1.871889251,3.104820627,6.800640831,10.35075445,NA,NA,NA,NA,NA,NA,NA,NA
Pilgrim16,2019-07-06,2019,-0.253492107,0.043736299,-0.33584325,-0.253529943,-0.169331209,-1.391240459,0.436478578,-2.254455755,-1.380784223,-0.615252788,8.111269902,1.880425896,4.720301393,8.087545563,11.79663243,NA,NA,NA,NA,NA,NA,NA,NA
Pilgrim16,2019-07-07,2019,-0.258122108,0.053554061,-0.364353757,-0.256301148,-0.155456296,-1.051756472,0.48607571,-1.971419639,-1.065626679,-0.070843996,6.344070984,2.1215871,2.021669477,6.395822565,10.30137518,NA,NA,NA,NA,NA,NA,NA,NA
Pilgrim16,2019-07-08,2019,-0.335773118,0.044419562,-0.422851563,-0.335329736,-0.251613721,-0.993288463,0.360733967,-1.71800819,-0.985181751,-0.302005468,5.889732287,1.531208039,2.984785239,5.882066106,9.067176725,NA,NA,NA,NA,NA,NA,NA,NA
Pilgrim16,2019-07-09,2019,-0.261997161,0.047521566,-0.352321184,-0.261862674,-0.168961258,-0.981848427,0.38893979,-1.756314954,-0.962871326,-0.172819293,5.052215578,1.528547358,1.855641504,4.976223142,8.073033765,NA,NA,NA,NA,NA,NA,NA,NA
Pilgrim16,2019-07-10,2019,-0.262350575,0.037800278,-0.337461054,-0.262358742,-0.187692631,-1.730595135,0.430717565,-2.592055798,-1.723504547,-0.878248961,8.442289235,1.720953163,5.147350958,8.425743105,11.84902727,NA,NA,NA,NA,NA,NA,NA,NA
Pilgrim16,2019-07-11,2019,-0.278909251,0.043201886,-0.360449937,-0.280560969,-0.190377237,-1.130477428,0.422257618,-2.034658078,-1.119560709,-0.363199509,6.468699423,1.744599467,3.230416753,6.414313794,10.15553583,NA,NA,NA,NA,NA,NA,NA,NA
Pilgrim16,2019-07-12,2019,-0.343759487,0.040622371,-0.425832876,-0.343611124,-0.261420533,-0.916514896,0.403597652,-1.681245226,-0.934722514,-0.099665824,5.178046394,1.622965938,1.910917071,5.255772589,8.205693448,NA,NA,NA,NA,NA,NA,NA,NA
Pilgrim16,2019-07-13,2019,-0.303058543,0.041695601,-0.382077798,-0.303420532,-0.219237584,-1.015679519,0.435736429,-1.922432248,-1.009262482,-0.248229789,6.317191784,1.853240767,3.005332841,6.267315422,10.13306735,NA,NA,NA,NA,NA,NA,NA,NA
Pilgrim16,2019-07-14,2019,-0.273479193,0.04808958,-0.364707722,-0.274228945,-0.176012051,-0.881094394,0.414290679,-1.698322716,-0.876513028,-0.127552842,4.767434108,1.707633617,1.657410942,4.787341081,8.104966099,NA,NA,NA,NA,NA,NA,NA,NA
Pilgrim16,2019-07-15,2019,-0.195958444,0.045709022,-0.280469688,-0.195934234,-0.105956963,-0.27640509,0.211978657,-0.738428658,-0.261099836,0.067843423,0.957131597,0.60524451,0.036153474,0.90283214,2.308515154,NA,NA,NA,NA,NA,NA,NA,NA
Pilgrim16,2019-07-16,2019,-0.241135719,0.034708855,-0.304350233,-0.241076869,-0.170493927,-0.802276486,0.283311171,-1.372692143,-0.810969945,-0.271378086,4.508321884,1.025898517,2.572134532,4.554076202,6.554480936,NA,NA,NA,NA,NA,NA,NA,NA
Pilgrim16,2019-07-17,2019,-0.195844597,0.041414527,-0.282910934,-0.195514824,-0.113776087,-1.81524511,0.511760369,-2.747007784,-1.843295916,-0.829497904,8.414815191,2.032844071,4.494216401,8.538128882,12.20982906,NA,NA,NA,NA,NA,NA,NA,NA
Pilgrim16,2019-07-18,2019,-0.162250892,0.036300001,-0.227850547,-0.162174706,-0.087755702,-1.444718149,0.524315072,-2.397634169,-1.453333464,-0.387828918,6.094314822,1.989595188,2.046015742,6.13688624,9.766966259,NA,NA,NA,NA,NA,NA,NA,NA
Pilgrim16,2019-07-19,2019,-0.123355977,0.03700831,-0.198442257,-0.122796174,-0.053135668,-1.803524212,0.515735394,-2.793696594,-1.796716393,-0.810749149,7.828629688,1.983605409,3.998774084,7.798412137,11.67396967,NA,NA,NA,NA,NA,NA,NA,NA
Pilgrim16,2019-07-20,2019,-0.125119645,0.035501198,-0.194407947,-0.124308903,-0.054452825,-1.622815084,0.519644833,-2.627211568,-1.603267889,-0.453122517,7.711415661,2.167580422,2.887610624,7.651685385,11.85336493,NA,NA,NA,NA,NA,NA,NA,NA
Pilgrim16,2019-07-21,2019,-0.190284575,0.039414693,-0.271609417,-0.188768887,-0.117404364,-1.498104738,0.438084603,-2.491174973,-1.452306799,-0.765351053,7.905424247,1.903191311,4.648377408,7.706079098,12.22003453,NA,NA,NA,NA,NA,NA,NA,NA
Pilgrim16,2019-07-22,2019,-0.284576177,0.039131461,-0.360819935,-0.285446078,-0.204777908,-1.270932016,0.433381324,-2.133759328,-1.281199445,-0.412848674,7.028907353,1.889844541,3.317081224,7.050675939,10.77518878,NA,NA,NA,NA,NA,NA,NA,NA
Pilgrim16,2019-07-23,2019,-0.215287634,0.040070585,-0.291321616,-0.214864333,-0.134645353,-1.440640757,0.446712835,-2.338360204,-1.424283084,-0.629220401,7.64903893,1.977565837,4.012850742,7.621687287,11.53794686,NA,NA,NA,NA,NA,NA,NA,NA
Pilgrim16,2019-07-24,2019,-0.237436605,0.042245146,-0.313558508,-0.238211622,-0.148627003,-1.334154907,0.418694887,-2.259966493,-1.303037218,-0.545676896,7.303878589,1.806273455,3.900702653,7.171118643,11.25645083,NA,NA,NA,NA,NA,NA,NA,NA
Pilgrim16,2019-07-25,2019,-0.224929912,0.044287821,-0.306736833,-0.226018453,-0.135100349,-1.293730159,0.481249274,-2.200053514,-1.331747861,-0.329597825,6.702540762,2.052523325,2.495481528,6.819558386,10.61328804,NA,NA,NA,NA,NA,NA,NA,NA
Pilgrim16,2019-07-26,2019,-0.074107031,0.046579761,-0.170914958,-0.073480587,0.017014761,-1.577747717,0.466118278,-2.478086989,-1.565363736,-0.636875685,7.161367704,1.88616815,3.377130891,7.094000946,10.79640618,NA,NA,NA,NA,NA,NA,NA,NA
Pilgrim16,2019-07-27,2019,-0.260276122,0.038701302,-0.339063355,-0.260960519,-0.189867441,-1.132390854,0.451248262,-2.030155574,-1.115362264,-0.242169736,5.725839342,1.736627347,2.36428394,5.688081784,9.231383058,NA,NA,NA,NA,NA,NA,NA,NA
Pilgrim16,2019-07-28,2019,-0.072858642,0.045704388,-0.162642251,-0.074243297,0.019130058,-0.922889172,0.431035665,-1.753645988,-0.92632167,0.011055806,3.79910522,1.654282561,0.177547994,3.81130316,7.049545241,NA,NA,NA,NA,NA,NA,NA,NA
Pilgrim16,2019-07-29,2019,-0.150122256,0.032141238,-0.21442142,-0.149775168,-0.088055361,-1.06673538,0.39971115,-1.893623854,-1.064537977,-0.366212313,5.228578621,1.559938841,2.535805434,5.220656761,8.569417585,NA,NA,NA,NA,NA,NA,NA,NA
Pilgrim16,2019-07-30,2019,-0.219432153,0.037361084,-0.290936112,-0.21893694,-0.146892035,-1.441144614,0.415112368,-2.326351696,-1.418054997,-0.689955218,8.046599506,1.801943244,4.827846916,7.947767053,11.84159499,NA,NA,NA,NA,NA,NA,NA,NA
Pilgrim16,2019-07-31,2019,-0.261894275,0.041447504,-0.338554862,-0.263246137,-0.173868133,-1.248116086,0.423290793,-2.111263294,-1.240375373,-0.41186084,7.224145353,1.896639673,3.560918808,7.209746464,11.00585471,NA,NA,NA,NA,NA,NA,NA,NA
Pilgrim16,2019-08-01,2019,-0.175719516,0.044670419,-0.263199468,-0.175913273,-0.086936888,-1.340732805,0.447979968,-2.236798354,-1.352736363,-0.347906553,6.893662745,1.98390449,2.48944069,6.963027903,10.87558752,NA,NA,NA,NA,NA,NA,NA,NA
Pilgrim16,2019-08-02,2019,-0.219982428,0.040061693,-0.298437845,-0.220633746,-0.139656816,-1.440596377,0.463505731,-2.350243682,-1.443498168,-0.558972374,7.339790659,1.957392495,3.68366057,7.329837619,11.16096546,NA,NA,NA,NA,NA,NA,NA,NA
Pilgrim16,2019-08-03,2019,-0.121078774,0.039591855,-0.197770507,-0.121952376,-0.040215103,-1.684111846,0.443273653,-2.548674569,-1.682002177,-0.807619604,8.712209335,1.930810654,4.837027586,8.695348353,12.53413093,NA,NA,NA,NA,NA,NA,NA,NA
Pilgrim16,2019-08-04,2019,-0.190010937,0.045500573,-0.279088582,-0.192123031,-0.100072285,-1.350255987,0.447662224,-2.266894582,-1.34481178,-0.462214117,6.683580245,1.882491082,2.951893818,6.670327771,10.51328283,NA,NA,NA,NA,NA,NA,NA,NA
Pilgrim16,2019-08-05,2019,-0.244669588,0.034834683,-0.318579715,-0.243546686,-0.178510345,-0.500665541,0.304434908,-1.082083433,-0.49151301,0.044982234,2.897732276,1.14932371,0.824259013,2.878081657,5.112483715,NA,NA,NA,NA,NA,NA,NA,NA
Pilgrim16,2019-08-06,2019,-0.162290676,0.038385249,-0.237700024,-0.16216835,-0.088662482,-1.815577633,0.479735997,-2.821702887,-1.796606553,-0.943146968,8.419762398,1.914319112,5.028401224,8.331820573,12.44487147,NA,NA,NA,NA,NA,NA,NA,NA
Pilgrim16,2019-08-07,2019,-0.135959552,0.039579159,-0.213002071,-0.136354731,-0.060430557,-1.824961151,0.446889887,-2.677479724,-1.817128104,-1.013202717,8.230336977,1.7844587,4.993828963,8.192017949,11.65805102,NA,NA,NA,NA,NA,NA,NA,NA
Pilgrim16,2019-08-08,2019,-0.138844851,0.036513101,-0.205810774,-0.140096239,-0.064544603,-1.8128964,0.501023459,-2.853020016,-1.778932754,-0.96430663,8.509562089,2.077057985,5.024114437,8.334439179,12.77262485,NA,NA,NA,NA,NA,NA,NA,NA
Pilgrim16,2019-08-09,2019,-0.192566219,0.038399425,-0.268844988,-0.192270461,-0.115386102,-1.587747132,0.479100943,-2.58678917,-1.557899799,-0.745492061,8.222465091,2.045884775,4.582819597,8.057178111,12.51244568,NA,NA,NA,NA,NA,NA,NA,NA
Pilgrim16,2019-08-10,2019,-0.220413218,0.041303491,-0.302532544,-0.219759984,-0.138519733,-1.375828501,0.467314703,-2.237517698,-1.35472514,-0.387817583,7.26422751,2.006697715,3.056197122,7.177462167,11.02795669,NA,NA,NA,NA,NA,NA,NA,NA
Pilgrim16,2019-08-11,2019,-0.170344793,0.042413403,-0.256088878,-0.170335334,-0.090461779,-1.665676984,0.446443621,-2.603058968,-1.650679862,-0.82939044,8.284320685,1.904428501,4.658701332,8.20886686,12.28272914,NA,NA,NA,NA,NA,NA,NA,NA
Pilgrim16,2019-08-12,2019,-0.095800596,0.039246118,-0.17047092,-0.097082545,-0.01655965,-1.713438468,0.408400136,-2.521054768,-1.715047759,-0.877916189,8.343361435,1.766400255,4.764574576,8.365525052,11.81102275,NA,NA,NA,NA,NA,NA,NA,NA
Pilgrim16,2019-08-13,2019,-0.187203444,0.036445432,-0.256193188,-0.187611626,-0.112762459,-1.44526849,0.418359002,-2.307034755,-1.428121565,-0.685373358,7.830326638,1.824620282,4.527611274,7.76924816,11.5942798,NA,NA,NA,NA,NA,NA,NA,NA
Pilgrim16,2019-08-14,2019,-0.174115446,0.040537559,-0.255508709,-0.174454613,-0.091130827,-1.543045797,0.451261591,-2.445085133,-1.543917451,-0.673103014,8.292902007,2.042039298,4.36999676,8.248673111,12.33987206,NA,NA,NA,NA,NA,NA,NA,NA
Pilgrim16,2019-08-15,2019,-0.209406311,0.040523645,-0.28743101,-0.208487027,-0.128536384,-1.280043601,0.391974267,-2.03132997,-1.270869948,-0.596120103,6.864890952,1.713303655,3.87452663,6.825363183,10.1891658,NA,NA,NA,NA,NA,NA,NA,NA
Pilgrim16,2019-08-16,2019,-0.065937714,0.034540828,-0.134252647,-0.065660132,2.39E-04,-1.74622504,0.459431084,-2.643644292,-1.745470157,-0.807148392,8.192416359,1.994194232,4.106090972,8.204087658,12.05853454,NA,NA,NA,NA,NA,NA,NA,NA
Pilgrim16,2019-08-17,2019,-0.169188813,0.041181674,-0.252726541,-0.167171484,-0.089209923,-1.567541398,0.468256723,-2.48001711,-1.593283883,-0.626650707,7.525162911,1.951967547,3.645185764,7.636867554,11.35856899,NA,NA,NA,NA,NA,NA,NA,NA
Pilgrim16,2019-08-18,2019,-0.31311708,0.036158427,-0.381372745,-0.313673638,-0.240996119,-1.564483606,0.42022131,-2.355044521,-1.599187836,-0.663174442,7.310774359,1.684766407,3.664306284,7.426932842,10.46173446,NA,NA,NA,NA,NA,NA,NA,NA
Pilgrim16,2019-08-19,2019,-0.174116699,0.033076837,-0.237242377,-0.17374901,-0.108939303,-1.783389904,0.429740841,-2.627615968,-1.76656949,-0.979572212,8.531676169,1.830364433,5.174488619,8.431478351,12.14579999,NA,NA,NA,NA,NA,NA,NA,NA
Pilgrim16,2019-08-20,2019,-0.094369235,0.037185395,-0.164185072,-0.095052802,-0.016917068,-1.744464289,0.457002828,-2.654585458,-1.751350516,-0.923521274,8.424320204,1.969098862,4.844923453,8.463525659,12.30787072,NA,NA,NA,NA,NA,NA,NA,NA
Pilgrim16,2019-08-21,2019,-0.17208083,0.034062816,-0.241075387,-0.17252376,-0.105339858,-1.606017304,0.419987691,-2.439377385,-1.606346883,-0.788548725,8.517901023,1.852168737,4.865367233,8.542196686,12.20972669,NA,NA,NA,NA,NA,NA,NA,NA
Pilgrim16,2019-08-22,2019,-0.172883919,0.036252575,-0.241012319,-0.171896664,-0.102491183,-1.386865135,0.419851026,-2.247557674,-1.387062914,-0.547078885,8.091332775,1.980928438,4.076240233,8.10513312,12.14454577,NA,NA,NA,NA,NA,NA,NA,NA
Pilgrim16,2019-08-23,2019,-0.152984119,0.036453101,-0.224169836,-0.153224996,-0.083136899,-1.422581465,0.370975058,-2.144977951,-1.417470003,-0.660640846,8.409365006,1.83920323,4.583575297,8.399377575,11.98506489,NA,NA,NA,NA,NA,NA,NA,NA
Pilgrim16,2019-08-24,2019,-0.232117623,0.038985841,-0.308604884,-0.23257312,-0.150591818,-1.203140141,0.384564922,-1.975577237,-1.21109179,-0.413412587,7.223093115,1.847266559,3.356576642,7.273563591,10.91137707,NA,NA,NA,NA,NA,NA,NA,NA
Pilgrim16,2019-08-25,2019,-0.158727403,0.039134759,-0.231134474,-0.160352977,-0.080111168,-1.523785068,0.407035147,-2.384719752,-1.502372919,-0.803178121,7.924430185,1.848289517,4.635587538,7.844116573,11.78187429,NA,NA,NA,NA,NA,NA,NA,NA
Pilgrim16,2019-08-26,2019,-0.075969671,0.04349051,-0.163441755,-0.074698325,0.006001794,-1.294413466,0.446547169,-2.144915715,-1.269791555,-0.47398903,5.833716952,1.847783163,2.50824236,5.702137217,9.44430445,NA,NA,NA,NA,NA,NA,NA,NA
Pilgrim16,2019-08-27,2019,-0.078255483,0.037935033,-0.151733223,-0.079006424,-0.003291261,-1.963207033,0.578182256,-3.072352599,-1.971364081,-0.892006976,8.639550705,2.345631417,4.195679373,8.675082308,13.14987541,NA,NA,NA,NA,NA,NA,NA,NA
Pilgrim16,2019-08-28,2019,-0.130647501,0.032561489,-0.19418219,-0.131290529,-0.063629977,-1.751360835,0.440577611,-2.6536889,-1.731483798,-0.877599252,7.896351521,1.804779183,4.402960909,7.818720902,11.67228753,NA,NA,NA,NA,NA,NA,NA,NA
Pilgrim16,2019-08-29,2019,-0.145007103,0.033127325,-0.212314422,-0.144157159,-0.08335954,-1.627868131,0.460204345,-2.525786169,-1.640986222,-0.671718319,7.77599217,1.968935635,3.730385332,7.807858087,11.57565306,NA,NA,NA,NA,NA,NA,NA,NA
Pilgrim16,2019-08-30,2019,-0.206475682,0.033063738,-0.269277605,-0.20584649,-0.142615832,-1.489877149,0.431521087,-2.365715348,-1.481587384,-0.638329265,8.461305564,2.032239283,4.387533448,8.434777616,12.56004253,NA,NA,NA,NA,NA,NA,NA,NA
Pilgrim16,2019-08-31,2019,-0.169944408,0.040071807,-0.245607234,-0.171550536,-0.085059971,-1.283263791,0.411510987,-2.206543238,-1.262510619,-0.560736806,7.52183407,1.973517439,4.040496358,7.389954676,12.02812192,NA,NA,NA,NA,NA,NA,NA,NA
Pilgrim16,2019-09-01,2019,-0.088584138,0.041432013,-0.169627529,-0.088971117,-0.006483647,-1.330389845,0.429393971,-2.163495244,-1.318326293,-0.530695735,6.637208624,1.968296368,3.000558729,6.61048542,10.42417164,NA,NA,NA,NA,NA,NA,NA,NA
Pilgrim16,2019-09-02,2019,-0.008000927,0.037827237,-0.080646713,-0.007263136,0.064230849,-1.751537092,0.430271915,-2.601098756,-1.747265307,-0.940219648,8.823575359,1.990689041,5.04551432,8.787292022,12.89022549,NA,NA,NA,NA,NA,NA,NA,NA
Pilgrim16,2019-09-03,2019,-0.339232144,0.031232897,-0.399767201,-0.339173121,-0.280290345,-1.66753379,0.305309954,-2.321743483,-1.66125527,-1.101799734,7.66957578,1.215152695,5.34458955,7.648152568,10.32193323,NA,NA,NA,NA,NA,NA,NA,NA
Pilgrim16,2019-09-04,2019,-0.171698381,0.033023726,-0.234958215,-0.171932834,-0.106863697,-1.553789297,0.43496801,-2.376207843,-1.573674956,-0.73485397,8.629139453,1.981304121,4.895841995,8.746577996,12.31027816,NA,NA,NA,NA,NA,NA,NA,NA
Pilgrim16,2019-09-05,2019,-0.131404896,0.036430327,-0.203456035,-0.131096756,-0.058386901,-1.017408356,0.369862437,-1.779884839,-1.016821607,-0.276954207,4.909737094,1.639945148,1.653066703,4.903398737,8.252384342,NA,NA,NA,NA,NA,NA,NA,NA
Pilgrim16,2019-09-06,2019,NA,NA,NA,NA,NA,NA,NA,NA,NA,NA,NA,NA,NA,NA,NA,NA,data don't end when expected; NAs in DO.obs; NAs in DO.sat; NAs in depth; NAs in temp.water; NAs in discharge,NA,NA,NA,NA,NA,NA
Pilgrim1,2020-05-28,2020,NA,NA,NA,NA,NA,NA,NA,NA,NA,NA,NA,NA,NA,NA,NA,NA,data don't start when expected; NAs in depth; NAs in discharge,NA,NA,NA,NA,NA,NA
Pilgrim1,2020-05-29,2020,NA,NA,NA,NA,NA,NA,NA,NA,NA,NA,NA,NA,NA,NA,NA,NA,NAs in depth; NAs in discharge,NA,NA,NA,NA,NA,NA
Pilgrim1,2020-05-30,2020,NA,NA,NA,NA,NA,NA,NA,NA,NA,NA,NA,NA,NA,NA,NA,NA,NAs in depth; NAs in discharge,NA,NA,NA,NA,NA,NA
Pilgrim1,2020-05-31,2020,NA,NA,NA,NA,NA,NA,NA,NA,NA,NA,NA,NA,NA,NA,NA,NA,NAs in depth; NAs in discharge,NA,NA,NA,NA,NA,NA
Pilgrim1,2020-06-01,2020,NA,NA,NA,NA,NA,NA,NA,NA,NA,NA,NA,NA,NA,NA,NA,NA,NAs in depth; NAs in discharge,NA,NA,NA,NA,NA,NA
Pilgrim1,2020-06-02,2020,NA,NA,NA,NA,NA,NA,NA,NA,NA,NA,NA,NA,NA,NA,NA,NA,NAs in depth; NAs in discharge,NA,NA,NA,NA,NA,NA
Pilgrim1,2020-06-03,2020,NA,NA,NA,NA,NA,NA,NA,NA,NA,NA,NA,NA,NA,NA,NA,NA,NAs in depth; NAs in discharge,NA,NA,NA,NA,NA,NA
Pilgrim1,2020-06-04,2020,NA,NA,NA,NA,NA,NA,NA,NA,NA,NA,NA,NA,NA,NA,NA,NA,NAs in depth; NAs in discharge,NA,NA,NA,NA,NA,NA
Pilgrim1,2020-06-05,2020,-0.767726543,1.112001545,-2.937367379,-0.777576464,1.441307614,-0.015739876,1.62133976,-3.214020753,0.037153844,3.171047598,4.463528645,1.845196583,0.996820709,4.375686073,8.22151802,NA,NA,0.53740858,0.583472173,0.522054049,-0.553148456,-0.599212049,-0.537793926
Pilgrim1,2020-06-06,2020,0.081060721,1.069149845,-1.9816004,0.068442987,2.198025561,-0.776014261,1.604015588,-4.03733649,-0.748478269,2.22914453,5.668226381,2.184160068,1.594547606,5.634097705,10.22829901,NA,NA,-0.056742505,-0.061606148,-0.05512129,-0.719271756,-0.714408113,-0.720892971
Pilgrim1,2020-06-07,2020,-0.267591472,0.998640981,-2.330503644,-0.255233115,1.639919407,-1.162880989,1.578635557,-4.241436265,-1.145737417,1.937377374,7.362566264,2.496841706,2.316731298,7.358510184,12.34386163,NA,NA,0.18731403,0.203369518,0.181962201,-1.350195019,-1.366250508,-1.34484319
Pilgrim1,2020-06-08,2020,-0.958857799,1.175757332,-3.291620786,-0.955681576,1.357458507,-0.321223488,1.680709903,-3.609473564,-0.336024965,2.908320723,4.42461411,1.898197198,0.979164909,4.345816545,8.271943717,NA,NA,0.671200459,0.728731927,0.652023303,-0.992423947,-1.049955415,-0.973246791
Pilgrim1,2020-06-09,2020,-0.505604979,1.165034434,-2.800872431,-0.48138812,1.782007746,-0.494727885,1.611271936,-3.742292341,-0.460445864,2.493969498,3.126220222,1.52059909,0.378388014,3.096406103,6.265018021,NA,NA,0.353923485,0.384259784,0.343811385,-0.84865137,-0.878987669,-0.83853927
Pilgrim1,2020-06-10,2020,-1.051413455,0.982030841,-3.051309997,-1.045056075,0.908304073,-5.039474573,2.257088954,-9.624684688,-4.985807128,-0.796565225,10.75908845,3.52342006,4.290315227,10.66707901,18.01265268,NA,NA,0.735989418,0.799074226,0.714961149,-5.775463992,-5.838548799,-5.754435723
Pilgrim1,2020-06-11,2020,-0.535814451,0.968420368,-2.521468283,-0.53058692,1.337374349,-6.447663498,1.796549766,-9.752371411,-6.430158238,-2.918253018,19.0607135,3.090944733,13.09107485,19.07527306,25.24009206,NA,NA,0.375070116,0.407218983,0.364353827,-6.822733614,-6.854882481,-6.812017325
Pilgrim1,2020-06-12,2020,-0.003265128,1.001271353,-1.941022077,-0.027285685,1.983802747,-3.908974891,1.633722917,-7.082649453,-3.904286554,-0.709821363,14.829306,2.618671499,9.867374766,14.79217419,19.87158955,NA,NA,0.002285589,0.002481497,0.002220287,-3.91126048,-3.911456388,-3.911195178
Pilgrim1,2020-06-13,2020,-0.13116823,1.003621767,-2.118149911,-0.146421084,1.918310994,-2.897277319,1.624014074,-6.096809367,-2.931974676,0.261424717,11.95531786,2.572562748,6.915270548,11.90447977,17.0328929,NA,NA,0.091817761,0.099687855,0.089194397,-2.989095081,-2.996965174,-2.986471716
Pilgrim1,2020-06-14,2020,-0.037015975,1.008184445,-1.978887971,-0.046055163,1.888047618,-2.388341904,1.610169761,-5.558834241,-2.412385054,0.800534396,10.32110237,2.727308999,4.828966928,10.41255392,15.56991372,NA,NA,0.025911182,0.028132141,0.025170863,-2.414253086,-2.416474045,-2.413512767
Pilgrim1,2020-06-15,2020,0.31527404,1.041115944,-1.739360341,0.329370673,2.32082435,-2.580917939,1.584721246,-5.602594632,-2.59362869,0.596237949,10.34713022,2.498959926,5.306624181,10.42351693,15.19492075,NA,NA,-0.220691828,-0.239608271,-0.214386347,-2.360226111,-2.341309669,-2.366531592
Pilgrim1,2020-06-16,2020,-0.323106631,1.050826892,-2.363144728,-0.336673362,1.792748604,-1.54422804,1.608962384,-4.733147454,-1.539689577,1.454772797,7.830114375,2.160053117,3.601464481,7.809854273,12.05639082,NA,NA,0.226174642,0.24556104,0.219712509,-1.770402682,-1.78978908,-1.763940549
Pilgrim1,2020-06-17,2020,-0.609418264,1.066385639,-2.731244618,-0.618416999,1.447691471,-0.710243905,1.591797896,-3.81204869,-0.680614528,2.289771911,5.618236709,1.907865818,1.808489176,5.559188864,9.416733408,NA,NA,0.426592785,0.463157881,0.41440442,-1.13683669,-1.173401786,-1.124648325
Pilgrim1,2020-06-18,2020,-0.639434223,1.07741696,-2.719893165,-0.665712227,1.488121947,-0.47852773,1.53337336,-3.515794582,-0.440692194,2.434808203,4.992745064,1.782157705,1.540867201,4.977428326,8.503466597,NA,NA,0.447603956,0.48597001,0.434815272,-0.926131686,-0.964497739,-0.913343001
Pilgrim1,2020-06-19,2020,0.160223602,1.008980093,-1.755666544,0.161367396,2.170088275,-1.869529711,1.583585788,-4.958835219,-1.837862219,1.247605264,6.888747263,2.232703099,2.338346124,6.945558667,11.2902642,NA,NA,-0.112156521,-0.121769938,-0.108952049,-1.75737319,-1.747759774,-1.760577662
Pilgrim1,2020-06-20,2020,0.273565514,1.054459976,-1.782716406,0.257175957,2.380054162,-1.794316255,1.641902724,-5.087628232,-1.789980461,1.342423876,7.737318036,2.418609868,3.11962846,7.66237891,12.61982044,NA,NA,-0.19149586,-0.207909791,-0.18602455,-1.602820395,-1.586406464,-1.608291705
Pilgrim1,2020-06-21,2020,-0.333632772,1.069494025,-2.505140533,-0.317816361,1.720671315,-1.344653212,1.642192226,-4.548091973,-1.325408309,1.863368922,6.307567319,2.024532487,2.263724972,6.318853945,10.27598753,NA,NA,0.23354294,0.253560907,0.226870285,-1.578196152,-1.598214118,-1.571523496
Pilgrim1,2020-06-22,2020,-0.009276171,1.099079251,-2.065739894,-0.033476866,2.153470739,-1.466681377,1.683088592,-4.671798455,-1.493205508,1.940812543,6.489377182,2.2386944,1.952257537,6.494154866,10.79081397,NA,NA,0.00649332,0.00704989,0.006307796,-1.473174696,-1.473731266,-1.472989173
Pilgrim1,2020-06-23,2020,-0.164725978,1.091431371,-2.261406844,-0.143465599,1.960469965,-1.108237368,1.663796675,-4.344558399,-1.143291673,2.13761254,6.042711888,2.158864061,1.683552168,6.020065349,10.28505913,NA,NA,0.115308184,0.125191743,0.112013665,-1.223545552,-1.233429111,-1.220251033
Pilgrim1,2020-06-24,2020,-0.603426714,1.037070727,-2.639628862,-0.626623248,1.460644008,-0.653108453,1.557747073,-3.702818964,-0.664224992,2.392549135,5.4741164,1.996248722,1.507115336,5.473835383,9.569892091,NA,NA,0.4223987,0.458604303,0.410330166,-1.075507153,-1.111712756,-1.063438618
Pilgrim1,2020-06-25,2020,-0.479820093,1.074986994,-2.686993994,-0.465638091,1.551507194,-1.207649324,1.613146603,-4.319050394,-1.208953564,2.027029581,5.086166492,1.854570198,1.409632914,5.041045244,8.821764167,NA,NA,0.335874065,0.36466327,0.326277663,-1.543523389,-1.572312594,-1.533926987
Pilgrim1,2020-06-26,2020,-1.217980471,1.084845856,-3.361616873,-1.212665992,0.977425742,0.209140352,1.67497916,-3.053698881,0.173838561,3.482662196,4.120369692,1.856329626,0.814471917,4.085960324,7.894004149,NA,NA,0.85258633,0.925665158,0.82822672,-0.643445978,-0.716524806,-0.619086369
Pilgrim1,2020-06-27,2020,-1.314556964,1.091571399,-3.342250138,-1.323328743,0.864769075,0.118312799,1.638060288,-3.229320498,0.104196617,3.102726024,3.776484365,1.676092727,0.743427133,3.728015008,7.258008627,NA,NA,0.920189875,0.999063293,0.893898736,-0.801877076,-0.880750494,-0.775585937
Pilgrim1,2020-06-28,2020,-0.756956833,1.048628711,-2.808301039,-0.752282286,1.328597753,-0.514592045,1.608165085,-3.691284284,-0.52674986,2.571659637,4.511870666,1.820067115,0.966680601,4.440436003,8.213674915,NA,NA,0.529869783,0.575287193,0.514730647,-1.044461828,-1.089879238,-1.029322692
Pilgrim1,2020-06-29,2020,-0.504960825,1.125340239,-2.63837537,-0.550757616,1.850454605,-1.531260344,1.812660248,-5.080970386,-1.546979463,1.958479175,4.285443164,1.842927956,0.753656399,4.263434694,7.94075537,NA,NA,0.353472577,0.383770227,0.343373361,-1.884732921,-1.915030571,-1.874633705
Pilgrim1,2020-06-30,2020,-0.963221403,1.033639745,-2.962719123,-0.942944571,1.098812796,-0.958769796,1.793316733,-4.486590115,-0.959515803,2.514164665,4.307256359,1.7941875,0.974138591,4.346590791,7.841787012,NA,NA,0.674254982,0.732048266,0.654990554,-1.633024778,-1.690818062,-1.61376035
Pilgrim1,2020-07-01,2020,-0.788578613,1.043421546,-2.835030666,-0.751683995,1.338526718,-0.980339908,1.711100832,-4.476001592,-0.926105992,2.195003051,4.869032416,1.891788698,1.258109128,4.828736221,8.6322751,NA,NA,0.552005029,0.599319746,0.536233457,-1.532344937,-1.579659654,-1.516573364
Pilgrim1,2020-07-02,2020,-0.998790474,1.05756295,-3.053053597,-1.016126478,1.069730281,-1.080103192,1.727597137,-4.535854978,-1.077546297,2.225243562,4.720504487,1.764711001,1.259574994,4.677158127,8.339012819,NA,NA,0.699153332,0.75908076,0.679177522,-1.779256524,-1.839183952,-1.759280714
Pilgrim1,2020-07-03,2020,-0.856837731,1.029716565,-2.841823178,-0.861046591,1.168045345,-1.593694071,1.738461676,-5.024817527,-1.572872808,1.724580596,5.424941483,1.901278607,1.545297229,5.425172457,9.063932847,NA,NA,0.599786412,0.651196676,0.582649657,-2.193480483,-2.244890746,-2.176343728
Pilgrim1,2020-07-04,2020,-0.649877652,1.041455926,-2.666157782,-0.630141197,1.365832304,-1.427729266,1.743952202,-4.89263734,-1.449214995,2.034979703,5.323532784,1.978903134,1.335371321,5.366905286,9.124037761,NA,NA,0.454914356,0.493907015,0.441916803,-1.882643622,-1.921636281,-1.869646069
Pilgrim1,2020-07-05,2020,-0.629527608,1.061090952,-2.688721375,-0.629409467,1.452306585,-1.539920253,1.840150995,-5.139792782,-1.531649422,1.947059388,4.727259207,1.878404186,1.039037792,4.685020413,8.538164468,NA,NA,0.440669326,0.478440982,0.428078774,-1.980589579,-2.018361236,-1.967999027
Pilgrim1,2020-07-06,2020,-0.597685282,0.940275212,-2.433156103,-0.585701743,1.267382723,-6.443724825,1.675922098,-9.815608676,-6.426284497,-3.194688341,15.52839427,2.51760287,10.88218653,15.46759428,20.57404125,NA,NA,0.418379697,0.454240814,0.406425991,-6.862104522,-6.897965639,-6.850150816
Pilgrim1,2020-07-07,2020,0.333003086,1.006637747,-1.651419631,0.361149857,2.26340638,-4.322877122,1.809764403,-7.892969909,-4.350475021,-0.797776776,10.23963173,2.473130549,5.194425753,10.23141628,14.86895423,NA,NA,-0.23310216,-0.253082346,-0.226442099,-4.089774962,-4.069794777,-4.096435024
Pilgrim1,2020-07-08,2020,NA,NA,NA,NA,NA,NA,NA,NA,NA,NA,NA,NA,NA,NA,NA,NA,NAs in DO.obs; NAs in DO.sat; NAs in depth; NAs in temp.water; NAs in discharge,NA,NA,NA,NA,NA,NA
Pilgrim1,2020-07-09,2020,NA,NA,NA,NA,NA,NA,NA,NA,NA,NA,NA,NA,NA,NA,NA,NA,NAs in DO.obs; NAs in DO.sat; NAs in depth; NAs in temp.water; NAs in discharge,NA,NA,NA,NA,NA,NA
Pilgrim1,2020-07-10,2020,NA,NA,NA,NA,NA,NA,NA,NA,NA,NA,NA,NA,NA,NA,NA,NA,NAs in DO.obs; NAs in DO.sat; NAs in depth; NAs in temp.water; NAs in discharge,NA,NA,NA,NA,NA,NA
Pilgrim1,2020-07-11,2020,NA,NA,NA,NA,NA,NA,NA,NA,NA,NA,NA,NA,NA,NA,NA,NA,NAs in DO.obs; NAs in DO.sat; NAs in depth; NAs in temp.water; NAs in discharge,NA,NA,NA,NA,NA,NA
Pilgrim1,2020-07-12,2020,NA,NA,NA,NA,NA,NA,NA,NA,NA,NA,NA,NA,NA,NA,NA,NA,NAs in DO.obs; NAs in DO.sat; NAs in depth; NAs in temp.water; NAs in discharge,NA,NA,NA,NA,NA,NA
Pilgrim1,2020-07-13,2020,NA,NA,NA,NA,NA,NA,NA,NA,NA,NA,NA,NA,NA,NA,NA,NA,NAs in DO.obs; NAs in DO.sat; NAs in depth; NAs in temp.water; NAs in discharge,NA,NA,NA,NA,NA,NA
Pilgrim1,2020-07-14,2020,NA,NA,NA,NA,NA,NA,NA,NA,NA,NA,NA,NA,NA,NA,NA,NA,NAs in DO.obs; NAs in DO.sat; NAs in depth; NAs in temp.water; NAs in discharge,NA,NA,NA,NA,NA,NA
Pilgrim1,2020-07-15,2020,NA,NA,NA,NA,NA,NA,NA,NA,NA,NA,NA,NA,NA,NA,NA,NA,NAs in DO.obs; NAs in DO.sat; NAs in depth; NAs in temp.water; NAs in discharge,NA,NA,NA,NA,NA,NA
Pilgrim1,2020-07-16,2020,NA,NA,NA,NA,NA,NA,NA,NA,NA,NA,NA,NA,NA,NA,NA,NA,NAs in DO.obs; NAs in DO.sat; NAs in depth; NAs in temp.water; NAs in discharge,NA,NA,NA,NA,NA,NA
Pilgrim1,2020-07-17,2020,NA,NA,NA,NA,NA,NA,NA,NA,NA,NA,NA,NA,NA,NA,NA,NA,NAs in DO.obs; NAs in DO.sat; NAs in depth; NAs in temp.water; NAs in discharge,NA,NA,NA,NA,NA,NA
Pilgrim1,2020-07-18,2020,NA,NA,NA,NA,NA,NA,NA,NA,NA,NA,NA,NA,NA,NA,NA,NA,NAs in DO.obs; NAs in DO.sat; NAs in depth; NAs in temp.water; NAs in discharge,NA,NA,NA,NA,NA,NA
Pilgrim1,2020-07-19,2020,NA,NA,NA,NA,NA,NA,NA,NA,NA,NA,NA,NA,NA,NA,NA,NA,NAs in DO.obs; NAs in DO.sat; NAs in depth; NAs in temp.water; NAs in discharge,NA,NA,NA,NA,NA,NA
Pilgrim1,2020-07-20,2020,NA,NA,NA,NA,NA,NA,NA,NA,NA,NA,NA,NA,NA,NA,NA,NA,NAs in DO.obs; NAs in DO.sat; NAs in depth; NAs in temp.water; NAs in discharge,NA,NA,NA,NA,NA,NA
Pilgrim1,2020-07-21,2020,2.18770976,1.131299296,-0.120862705,2.178620223,4.353143819,-6.817690091,2.387647019,-11.49780034,-6.800080522,-2.130289434,9.498672116,2.915645411,3.698893689,9.516437468,15.15773977,NA,NA,-1.531396832,-1.662659418,-1.487642637,-5.286293259,-5.155030674,-5.330047454
Pilgrim1,2020-07-22,2020,0.410332517,0.92582558,-1.433195864,0.40920562,2.236016843,-10.66419529,2.328673307,-15.29805992,-10.69256332,-6.063066388,22.22365387,3.989250977,14.66540445,22.12803549,30.37265833,NA,NA,-0.287232762,-0.311852713,-0.279026111,-10.37696252,-10.35234257,-10.38516918
Pilgrim1,2020-07-23,2020,1.871702361,1.000384347,-0.049865246,1.86221452,3.867027152,-7.382961267,1.830101596,-10.89691886,-7.387033257,-3.703347067,16.31969057,2.832311962,10.47118805,16.4200244,21.5161943,NA,NA,-1.310191653,-1.422493795,-1.272757606,-6.072769614,-5.960467473,-6.110203661
Pilgrim1,2020-07-24,2020,3.655954866,1.170232708,1.426301437,3.614498296,6.128451476,-7.191185124,1.858901497,-10.97558653,-7.135473401,-3.745223453,13.47630541,2.689978508,8.362560986,13.47718109,18.64816952,NA,NA,-2.559168407,-2.778525699,-2.486049309,-4.632016718,-4.412659426,-4.705135815
Pilgrim1,2020-07-25,2020,8.95058244,1.93398326,5.1137196,8.91425581,12.65087346,-8.565312772,2.028319422,-12.47531126,-8.513044329,-4.544799092,12.33372865,2.394736991,7.758636442,12.33715512,17.1444494,NA,NA,-6.265407708,-6.802442655,-6.086396059,-2.299905063,-1.762870117,-2.478916712
Pilgrim1,2020-07-26,2020,8.066071398,2.489148871,2.853483247,8.063319455,12.93692144,-5.178521697,1.977793345,-9.111358474,-5.222878103,-1.477307721,7.08184102,1.989005407,2.976449316,7.093372518,10.98195535,NA,NA,-5.646249979,-6.130214263,-5.484928551,0.467728282,0.951692566,0.306406854
Pilgrim1,2020-07-27,2020,3.400918459,2.136897351,-0.375410877,3.289309026,7.830767465,-2.469707158,1.807636721,-6.005588022,-2.416101285,0.899452107,2.479718679,1.297436506,0.352041393,2.369488609,5.175063252,NA,NA,-2.380642922,-2.584698029,-2.312624552,-0.089064237,0.114990871,-0.157082606
Pilgrim1,2020-07-28,2020,8.315246077,2.218550918,4.107885797,8.347796234,12.6849681,-5.585363407,1.852139383,-9.162357566,-5.594040923,-1.88481493,5.383720607,1.30795835,2.855470982,5.375912481,7.888153566,NA,NA,-5.820672254,-6.319587019,-5.654367332,0.235308847,0.734223612,0.069003926
Pilgrim1,2020-07-29,2020,7.740568036,2.27645373,3.044251993,7.847876735,12.00919673,-6.362702848,2.125943572,-10.35359967,-6.438767703,-2.058197164,4.92175088,1.336274086,2.14322327,4.972554793,7.495604002,NA,NA,-5.418397625,-5.882831707,-5.263586264,-0.944305223,-0.47987114,-1.099116583
Pilgrim1,2020-07-30,2020,11.07333298,1.7779568,7.730168469,11.03436715,14.72043362,-11.37751994,1.97216637,-15.4105641,-11.34070964,-7.557449347,6.392278655,1.083781509,4.353889435,6.348437213,8.585362963,NA,NA,-7.751333085,-8.415733064,-7.529866426,-3.626186856,-2.961786878,-3.847653516
Pilgrim1,2020-07-31,2020,5.606871219,1.181529685,3.283766923,5.556805142,7.945374643,-6.929102344,1.743207071,-10.23274793,-6.957510266,-3.536185695,8.644050458,1.467359737,5.678007202,8.668662134,11.55100567,NA,NA,-3.924809853,-4.261222126,-3.812672429,-3.004292491,-2.667880218,-3.116429915
Pilgrim1,2020-08-01,2020,10.21823824,1.744255027,6.921448346,10.19055174,13.63255818,-9.845774497,1.916475458,-13.60991129,-9.832024725,-6.208217702,11.18368617,1.872112164,7.649476878,11.16517009,14.90866702,NA,NA,-7.152766767,-7.765861062,-6.948402002,-2.69300773,-2.079913435,-2.897372494
Pilgrim1,2020-08-02,2020,5.628640905,1.152937224,3.493095907,5.631275835,7.915765717,-8.90990403,1.862138956,-12.53741144,-8.88045904,-5.295052176,11.28753799,1.954811763,7.479784937,11.33351457,15.05081176,NA,NA,-3.940048633,-4.277767088,-3.827475815,-4.969855397,-4.632136942,-5.082428215
Pilgrim1,2020-08-03,2020,7.589000848,1.555881251,4.667505943,7.634509459,10.66528314,-7.826065439,1.788352723,-11.24841384,-7.810014169,-4.450735319,12.10564471,2.293531663,7.706377167,12.11735989,16.5152024,NA,NA,-5.312300594,-5.767640645,-5.160520577,-2.513764846,-2.058424795,-2.665544862
Pilgrim1,2020-08-04,2020,9.450481913,1.800608677,5.998524074,9.403079187,13.18714287,-9.837683268,2.064130971,-14.01357464,-9.81149532,-5.761293565,12.58485104,2.218184088,8.219455495,12.50279396,17.1545159,NA,NA,-6.615337339,-7.182366254,-6.426327701,-3.222345929,-2.655317015,-3.411355568
Pilgrim1,2020-08-05,2020,8.614012675,1.65622557,5.440298717,8.598855783,11.87086496,-9.354608771,2.042042464,-13.5151248,-9.36028549,-5.444598979,12.0580318,2.15083429,7.974887797,12.00164011,16.27417968,NA,NA,-6.029808872,-6.546649633,-5.857528619,-3.324799899,-2.807959138,-3.497080152
Pilgrim1,2020-08-06,2020,5.175155598,1.31036947,2.693998809,5.153384399,7.811054023,-6.33037099,1.748926237,-9.784275566,-6.352399644,-2.964540983,10.02601728,2.166059932,5.973155993,9.982960156,14.42386803,NA,NA,-3.622608919,-3.933118255,-3.519105807,-2.707762071,-2.397252735,-2.811265183
Pilgrim1,2020-08-07,2020,8.263319092,1.672991325,4.897974023,8.280944487,11.46750138,-9.279367263,2.014950075,-13.12861253,-9.30754828,-5.323570908,10.55264375,2.085585641,6.480310129,10.57682931,14.74980742,NA,NA,-5.784323364,-6.28012251,-5.619056983,-3.495043898,-2.999244753,-3.66031028
Pilgrim1,2020-08-08,2020,7.709700616,1.290743119,5.122640833,7.703094841,10.24813789,-11.90700768,2.055506115,-15.99619464,-11.86206661,-7.859216179,10.77675404,1.746123119,7.314859816,10.75237089,14.14533972,NA,NA,-5.396790432,-5.859372468,-5.242596419,-6.510217246,-6.047635209,-6.664411259
Pilgrim1,2020-08-09,2020,6.419604107,1.353192008,3.812830868,6.425931041,9.057099551,-11.02716871,2.005017198,-14.9450083,-10.99816896,-7.151270378,4.660771703,0.881088985,2.985046926,4.672115351,6.396823988,NA,NA,-4.493722875,-4.878899121,-4.365330793,-6.533445831,-6.148269584,-6.661837913
Pilgrim1,2020-08-10,2020,6.042469216,1.423309677,3.111804115,6.072017296,8.78844924,-10.78449887,2.179093951,-15.0562442,-10.84005444,-6.410769985,4.72109753,1.051144186,2.671347304,4.692600999,6.885353943,NA,NA,-4.229728451,-4.592276604,-4.108879067,-6.554770415,-6.192222262,-6.675619799
Pilgrim1,2020-08-11,2020,5.167665233,1.47789844,2.320417085,5.112222943,8.187732221,-9.515955308,2.354784821,-14.4499313,-9.470670112,-4.958226168,4.705115433,1.277510827,2.178885188,4.707288396,7.268695395,NA,NA,-3.617365663,-3.927425577,-3.514012358,-5.898589645,-5.588529731,-6.001942949
Pilgrim1,2020-08-12,2020,4.418927467,1.387860933,1.688220035,4.445990657,6.962456175,-8.412778512,2.386690665,-12.98399415,-8.438853164,-3.811535939,4.926636594,1.487425499,1.872391763,4.935510001,7.859913198,NA,NA,-3.093249227,-3.358384875,-3.004870678,-5.319529285,-5.054393637,-5.407907835
Pilgrim1,2020-08-13,2020,3.472318356,1.377497287,0.900967389,3.450527191,6.172306941,-7.114565194,2.468171969,-11.83310032,-7.087863711,-2.434102053,5.369712002,1.923872881,1.782976378,5.31225516,9.220224758,NA,NA,-2.430622849,-2.638961951,-2.361176482,-4.683942344,-4.475603243,-4.753388712
Pilgrim1,2020-08-14,2020,2.92761,1.058261317,0.927003557,2.889457685,5.057077317,-7.176012721,1.88298331,-10.92924823,-7.11003042,-3.701706717,13.18290862,2.650007964,8.050099379,13.13896804,18.45071688,NA,NA,-2.049327,-2.2249836,-1.9907748,-5.126685721,-4.951029121,-5.185237921
Pilgrim1,2020-08-15,2020,3.129652976,1.044398581,1.10960287,3.152750176,5.185386357,-6.225466803,1.791974927,-9.744431816,-6.222276329,-2.662932437,11.65327934,2.581611778,6.671192301,11.60312469,16.73125263,NA,NA,-2.190757083,-2.378536262,-2.128164024,-4.03470972,-3.846930542,-4.09730278
Pilgrim1,2020-08-16,2020,4.734244062,1.223792225,2.406718084,4.725429426,7.170658823,-6.775762497,1.798673737,-10.41300582,-6.729348019,-3.246015275,11.52142016,2.414537224,7.039118652,11.52377845,16.35827949,NA,NA,-3.313970843,-3.598025487,-3.219285962,-3.461791653,-3.17773701,-3.556476535
Pilgrim1,2020-08-17,2020,8.115694069,1.751180291,4.500491993,8.155981832,11.36513217,-8.02478936,1.968500221,-11.70995251,-8.044238618,-4.092316515,12.46396867,2.506493315,7.536829351,12.53823908,17.07740078,NA,NA,-5.680985848,-6.167927492,-5.518671967,-2.343803512,-1.856861868,-2.506117393
Pilgrim1,2020-08-18,2020,10.29550684,1.917888998,6.615409154,10.24020972,14.14607348,-7.67495585,1.766022555,-11.32572124,-7.64728711,-4.311961431,13.28911931,2.274785739,8.95381725,13.24339974,17.86849359,NA,NA,-7.206854791,-7.824585202,-7.000944654,-0.468101059,0.149629352,-0.674011196
Pilgrim1,2020-08-19,2020,2.261570126,0.943538436,0.454019522,2.258403429,4.04994553,-7.970386927,1.994074558,-11.9839512,-7.96534699,-4.073619681,12.44810354,2.326078403,7.817780606,12.4300557,17.06630809,NA,NA,-1.583099088,-1.718793296,-1.537867686,-6.387287839,-6.251593631,-6.432519241
Pilgrim1,2020-08-20,2020,2.873180299,0.962502341,1.061585793,2.85262282,4.773958176,-9.034988974,1.967685433,-12.87709495,-9.00554238,-5.163139016,15.98649248,2.75619655,10.76655019,15.96470162,21.62977013,NA,NA,-2.01122621,-2.183617028,-1.953762604,-7.023762764,-6.851371946,-7.08122637
Pilgrim1,2020-08-21,2020,9.146404815,1.525674653,6.224593991,9.158811922,12.10140183,-10.02921252,1.847884228,-13.61051954,-10.07436949,-6.364554064,13.85243229,2.205141004,9.594840623,13.83599912,18.37371753,NA,NA,-6.40248337,-6.951267659,-6.219555274,-3.626729147,-3.077944858,-3.809657244
Pilgrim1,2020-08-22,2020,13.97364499,2.199339829,9.739201577,13.99619849,18.30190657,-12.73319608,2.170709565,-17.14676858,-12.7001595,-8.550638996,13.9486261,2.224816264,9.705111637,13.93369859,18.33029787,NA,NA,-9.781551493,-10.61997019,-9.502078593,-2.951644586,-2.113225886,-3.231117486
Pilgrim1,2020-08-23,2020,8.161688112,1.924797391,4.375150201,8.165045576,11.89969256,-6.42679598,1.855663299,-10.08996483,-6.462405135,-2.750582998,8.352459611,1.754545206,4.875195387,8.33155937,11.74659093,NA,NA,-5.713181678,-6.202882965,-5.549947916,-0.713614302,-0.223913015,-0.876848064
Pilgrim1,2020-08-24,2020,8.752443346,1.44313004,6.01054762,8.728457017,11.57965061,-10.94942883,1.971471154,-14.61075001,-10.91046578,-7.250165547,10.41341606,1.744163717,6.988961129,10.38273397,13.85731834,NA,NA,-6.126710342,-6.651856943,-5.951661475,-4.822718492,-4.297571891,-4.997767359
Pilgrim1,2020-08-25,2020,14.26661047,2.044317246,10.27917015,14.22674652,18.16983105,-16.1672501,2.41412608,-20.90206837,-16.15566533,-11.32109779,12.54223222,1.811191401,9.081188559,12.5040523,16.0609765,NA,NA,-9.986627331,-10.84262396,-9.701295122,-6.180622764,-5.324626136,-6.465954974
Pilgrim1,2020-08-26,2020,6.845334807,1.065536907,4.76129295,6.847005329,8.935346313,-9.865985019,1.783206637,-13.45840378,-9.881048189,-6.368377142,8.226328751,1.416237752,5.511077907,8.259037286,10.88588782,NA,NA,-4.791734365,-5.202454453,-4.654827669,-5.074250655,-4.663530566,-5.211157351
Pilgrim1,2020-08-27,2020,13.68957485,1.830104385,10.14217993,13.69297882,17.31819431,-13.80929578,2.009429565,-17.663685,-13.71762712,-9.953076666,13.53013772,1.841895983,9.978245606,13.54994591,17.11377244,NA,NA,-9.582702394,-10.40407689,-9.308910897,-4.226593386,-3.405218895,-4.500384883
Pilgrim1,2020-08-28,2020,4.024302357,1.013226617,2.065182237,4.02738362,5.973058034,-12.29665744,2.288108243,-16.53698342,-12.35979117,-7.828591487,18.29695524,2.762840399,12.65557569,18.38468805,23.67458084,NA,NA,-2.81701165,-3.058469791,-2.736525603,-9.479645794,-9.238187652,-9.560131841
Pilgrim1,2020-08-29,2020,5.476445265,1.109337496,3.235243694,5.492383937,7.709893242,-10.65265705,1.980663033,-14.50043829,-10.63206644,-6.721276731,16.65290788,2.651709191,11.41291715,16.60507257,21.96958664,NA,NA,-3.833511686,-4.162098401,-3.72398278,-6.819145368,-6.490558652,-6.928674273
Pilgrim1,2020-08-30,2020,13.13628678,2.053837907,8.998430717,13.12449834,17.1590829,-10.28999085,1.914745929,-14.00558701,-10.29641798,-6.546277198,14.12031086,2.125022404,9.912466902,14.15476298,18.25745527,NA,NA,-9.195400747,-9.983577954,-8.932675011,-1.094590099,-0.306412892,-1.357315834
Pilgrim1,2020-08-31,2020,6.667740835,1.207158694,4.338689823,6.64483486,8.965771888,-7.558187318,1.601059279,-10.72548885,-7.499197785,-4.460159232,13.66583144,2.197619297,9.530383828,13.68209845,18.02288408,NA,NA,-4.667418585,-5.067483035,-4.534063768,-2.890768734,-2.490704284,-3.02412355
Pilgrim1,2020-09-01,2020,11.63933169,1.972895928,7.784746206,11.62139315,15.46070651,-11.20262418,2.121539304,-15.47134097,-11.2066037,-7.053880967,14.95001186,2.458053651,10.20035736,14.98589107,19.67533701,NA,NA,-8.147532182,-8.845892083,-7.914745548,-3.055092,-2.356732098,-3.287878633
Pilgrim1,2020-09-02,2020,17.42195277,1.984982941,13.45681813,17.44754036,21.18495241,-12.97830966,1.775670647,-16.57822374,-12.96134208,-9.588632225,14.07403469,1.651278341,10.78326256,14.10131728,17.15792846,NA,NA,-12.19536694,-13.24068411,-11.84692789,-0.782942714,0.262374452,-1.13138177
Pilgrim1,2020-09-03,2020,16.19491764,1.529628172,13.2834692,16.15792258,19.12571561,-12.93264671,1.58412922,-15.98031858,-12.93423154,-9.698885603,13.04590026,1.327610288,10.46625423,13.06924643,15.68218166,NA,NA,-11.33644235,-12.30813741,-11.012544,-1.596204356,-0.624509298,-1.920102709
Pilgrim1,2020-09-04,2020,14.45178553,1.692868255,11.26326973,14.51404249,17.76026195,-10.91227759,1.65612622,-14.06625722,-10.90802365,-7.687886507,13.07059721,1.559991877,10.14165199,13.0591334,16.0586085,NA,NA,-10.11624987,-10.983357,-9.827214161,-0.796027714,0.071079418,-1.085063425
Pilgrim1,2020-09-05,2020,12.88693331,1.661634071,9.648286968,12.91183547,16.14261796,-10.19175917,1.673330826,-13.63630484,-10.18099289,-7.020689218,13.26930286,1.708354758,10.03530304,13.24766703,16.7415793,NA,NA,-9.02085332,-9.794069319,-8.763114654,-1.170905846,-0.397689847,-1.428644512
Pilgrim1,2020-09-06,2020,11.15908391,1.512920076,8.229679497,11.15654862,14.07980586,-9.29608588,1.613779225,-12.5304137,-9.329267362,-6.149550531,13.33849429,1.829635616,9.726453761,13.35212881,16.85498988,NA,NA,-7.811358739,-8.480903773,-7.58817706,-1.484727141,-0.815182106,-1.707908819
Pilgrim1,2020-09-07,2020,9.542145562,1.543315151,6.559886448,9.50545158,12.63081798,-8.521182857,1.714669365,-11.96108709,-8.48813673,-5.301686368,13.46148694,2.12699397,9.353401511,13.40928353,17.61464063,NA,NA,-6.679501894,-7.252030627,-6.488658982,-1.841680963,-1.26915223,-2.032523875
Pilgrim1,2020-09-08,2020,7.664185294,1.427525434,5.007315121,7.665780896,10.5540233,-7.458377956,1.691473136,-10.91537902,-7.458336626,-4.354619424,13.1990164,2.251917303,8.881867959,13.13982853,17.77236744,NA,NA,-5.364929706,-5.824780824,-5.211646,-2.09344825,-1.633597133,-2.246731956
Pilgrim1,2020-09-09,2020,6.016937971,1.344181323,3.310901484,6.019596265,8.609826502,-6.592344147,1.72538134,-10.04847178,-6.599264799,-3.181336076,13.1039094,2.579638622,7.896321845,13.10029176,18.14614244,NA,NA,-4.21185658,-4.572872858,-4.09151782,-2.380487567,-2.019471289,-2.500826326
Pilgrim1,2020-09-10,2020,4.295368306,1.092944396,2.213050998,4.329393048,6.402292849,-5.591414119,1.590266922,-8.722045116,-5.617873824,-2.473177287,12.5238324,2.507665132,7.598665448,12.52539479,17.46143539,NA,NA,-3.006757814,-3.264479912,-2.920850448,-2.584656305,-2.326934207,-2.670563671
Pilgrim1,2020-09-11,2020,2.548988813,0.97945491,0.696291815,2.535452332,4.492098933,-4.423037508,1.602252059,-7.500213166,-4.431481435,-1.26938209,11.64403384,2.649818647,6.519941306,11.62948681,16.9491073,NA,NA,-1.784292169,-1.937231498,-1.733312393,-2.638745339,-2.48580601,-2.689725115
Pilgrim1,2020-09-12,2020,1.919248208,0.889537302,0.179846721,1.931024758,3.603866826,-7.537687573,1.86349014,-11.17079882,-7.579009854,-3.915396564,17.5783974,3.153206054,11.53765562,17.6116781,23.82093107,NA,NA,-1.343473745,-1.458628638,-1.305088781,-6.194213827,-6.079058935,-6.232598792
Pilgrim1,2020-09-13,2020,1.659481073,0.98943947,-0.330483821,1.665434557,3.630347038,-4.65611718,1.720102209,-8.014269173,-4.693106003,-1.252590471,13.64940953,2.733715978,8.376316753,13.69684368,18.70715317,NA,NA,-1.161636751,-1.261205615,-1.128447129,-3.494480429,-3.394911565,-3.527670051
Pilgrim1,2020-09-14,2020,-0.027837764,1.100763099,-2.126713344,-0.026905482,2.154378269,-0.318033347,1.43650647,-3.085905615,-0.338444826,2.498572072,4.177735657,1.90827634,0.68603553,4.114885079,8.091635391,NA,NA,0.019486434,0.0211567,0.018929679,-0.337519782,-0.339190048,-0.336963027
Pilgrim1,2020-09-15,2020,-2.080302467,0.872630829,-3.716729767,-2.08362157,-0.248150132,1.248272096,1.237341698,-1.16114707,1.246209714,3.628142704,1.21367562,0.947260969,0.037699821,1.000048457,3.389548887,NA,NA,1.456211727,1.581029875,1.414605678,-0.207939631,-0.332757779,-0.166333582
Pilgrim1,2020-09-16,2020,-2.930599242,0.851929761,-4.555472958,-2.944045287,-1.236489492,3.105546287,1.267750238,0.483264574,3.124718284,5.468845937,0.628644484,0.565705707,0.023170791,0.46275408,2.108653631,NA,NA,2.05141947,2.227255424,1.992807485,1.054126817,0.878290863,1.112738802
Pilgrim1,2020-09-17,2020,-3.064416862,0.804412692,-4.641259457,-3.051048061,-1.457778461,2.916392233,1.196705462,0.456829539,2.925285373,5.251072026,0.626039727,0.544300325,0.017096565,0.497093013,2.013833898,NA,NA,2.145091804,2.328956815,2.083803466,0.771300429,0.587435418,0.832588767
Pilgrim1,2020-09-18,2020,1.244404474,0.902008861,-0.478682036,1.242256898,2.946244635,-3.222226159,1.463882048,-5.93635999,-3.219634855,-0.303687243,9.714618059,2.717463135,4.169521373,9.734456354,14.95700125,NA,NA,-0.871083132,-0.9457474,-0.846195042,-2.351143027,-2.276478759,-2.376031117
Pilgrim1,2020-09-19,2020,0.668392065,0.892209821,-1.023500428,0.676933808,2.386019735,-2.488608112,1.527769805,-5.566875106,-2.463992991,0.427622603,8.615296271,2.642967425,3.411984534,8.627865554,13.82949527,NA,NA,-0.467874445,-0.507977969,-0.454506604,-2.020733667,-1.980630143,-2.034101508
Pilgrim1,2020-09-20,2020,0.91303787,0.985984308,-1.054740224,0.88937761,2.872180539,-2.451482151,1.540867505,-5.467718962,-2.429019529,0.556651333,7.286667378,2.456850765,2.422546157,7.244014303,12.10621775,NA,NA,-0.639126509,-0.693908781,-0.620865752,-1.812355642,-1.75757337,-1.8306164
Pilgrim1,2020-09-21,2020,0.39722745,1.064232023,-1.607758596,0.364104949,2.524821758,-1.883883865,1.735586919,-5.234619308,-1.839842727,1.365700068,5.530854197,2.236407187,1.401204316,5.444761312,10.01783604,NA,NA,-0.278059215,-0.301892862,-0.270114666,-1.60582465,-1.581991003,-1.613769199
Pilgrim1,2020-09-22,2020,-0.073273121,0.988356134,-1.939175721,-0.053288418,1.877738776,-1.469873003,1.740974213,-4.871305461,-1.496208988,2.044670642,5.01874986,2.178952116,0.478121026,5.009702376,9.237453149,NA,NA,0.051291185,0.055687572,0.049825723,-1.521164188,-1.525560575,-1.519698725
Pilgrim1,2020-09-23,2020,0.02811103,0.99134884,-1.844355819,0.033821191,1.978801932,-1.733992317,1.69467481,-5.008191318,-1.692028932,1.49081531,4.977073808,2.129575953,1.073733923,4.898423214,9.306446538,NA,NA,-0.019677721,-0.021364383,-0.0191155,-1.714314596,-1.712627935,-1.714876817
Pilgrim1,2020-09-24,2020,0.352528871,0.905033406,-1.441207338,0.358413436,2.141529365,-1.729493841,1.514563797,-4.688008948,-1.730277994,1.144514223,6.633270908,2.361911332,1.956847678,6.666570875,11.23163952,NA,NA,-0.24677021,-0.267921942,-0.239719632,-1.482723631,-1.461571899,-1.489774209
Pilgrim1,2020-09-25,2020,1.621571255,1.010520739,-0.380671439,1.659957156,3.578391504,-5.373200232,2.012368235,-9.204047508,-5.357037613,-1.439572116,9.888305185,2.444363126,5.080175316,9.829467589,14.86011057,NA,NA,-1.135099878,-1.232394154,-1.102668453,-4.238100354,-4.140806078,-4.270531779
Pilgrim1,2020-09-26,2020,1.170162315,0.802762111,-0.427096655,1.172900133,2.728061568,-12.94107069,2.369915806,-17.50926731,-12.91024622,-8.360287877,23.73579929,3.710667282,16.5212603,23.63029768,30.65885811,NA,NA,-0.81911362,-0.889323359,-0.795710374,-12.12195707,-12.05174733,-12.14536032
Pilgrim1,2020-09-27,2020,1.102282461,0.837165172,-0.570193374,1.092792471,2.707909074,-8.788802378,2.018276619,-12.84714195,-8.75491742,-4.72823597,18.83955851,3.30336,12.43327892,18.76987201,25.45469169,NA,NA,-0.771597723,-0.837734671,-0.749552074,-8.017204654,-7.951067707,-8.039250304
Pilgrim1,2020-09-28,2020,0.520730439,0.896329564,-1.227953004,0.519592324,2.298940451,-3.140184368,1.676035705,-6.452772208,-3.149532282,0.095996569,9.213692724,2.453020679,4.276393979,9.331408416,13.92616879,NA,NA,-0.364511307,-0.395755133,-0.354096698,-2.775673061,-2.744429235,-2.78608767
Pilgrim1,2020-09-29,2020,-0.181291469,0.931223045,-1.933429194,-0.16538611,1.630557693,-0.968174158,1.503616754,-3.984361842,-0.956151338,1.900037869,5.424390017,2.041682795,1.600798005,5.403048501,9.411839858,NA,NA,0.126904028,0.137781516,0.123278199,-1.095078186,-1.105955674,-1.091452357
Pilgrim1,2020-09-30,2020,-0.230918196,0.99484649,-2.139583718,-0.257670215,1.848089759,-0.831409302,1.574168335,-4.051186137,-0.790057777,2.118294745,5.08486492,2.043684435,1.425928513,5.038982277,9.123378488,NA,NA,0.161642737,0.175497829,0.157024373,-0.99305204,-1.006907132,-0.988433676
Pilgrim1,2020-10-01,2020,1.488438906,0.785703522,-0.020410154,1.470683422,3.044428654,-5.643845368,1.65844891,-8.94342592,-5.656768682,-2.293588729,13.25012089,2.660501875,7.925824534,13.17118221,18.37218664,NA,NA,-1.041907234,-1.131213569,-1.012138456,-4.601938134,-4.512631799,-4.631706912
Pilgrim1,2020-10-02,2020,-0.149216258,0.846385499,-1.845623121,-0.147169549,1.571425282,-1.591859,1.465731147,-4.357864733,-1.558192422,1.275659946,8.455792215,2.308954555,4.040921896,8.452510652,12.83136926,NA,NA,0.104451381,0.113404356,0.101467056,-1.696310381,-1.705263356,-1.693326055
Pilgrim1,2020-10-03,2020,-1.290863732,0.843100382,-2.970329941,-1.314134342,0.342875554,0.018574063,1.442668689,-2.878787009,0.033516223,2.81222378,5.918365647,2.023205954,1.874950288,5.969043512,9.812951611,NA,NA,0.903604612,0.981056436,0.877787337,-0.885030549,-0.962482373,-0.859213274
Pilgrim1,2020-10-04,2020,0.407435229,0.82801074,-1.208850126,0.417982636,2.035463936,-2.540282892,1.521076493,-5.550826259,-2.488726532,0.331012656,8.241209485,2.465282214,3.436912167,8.291797019,13.08186705,NA,NA,-0.28520466,-0.309650774,-0.277055956,-2.255078232,-2.230632118,-2.263226936
Pilgrim1,2020-10-05,2020,0.358649434,0.900744664,-1.441181478,0.337825579,2.11813942,-3.714850024,1.845207545,-7.329915756,-3.706239462,0.021278429,7.939133711,2.438882273,3.024501514,7.964907904,12.71371234,NA,NA,-0.251054604,-0.27257357,-0.243881615,-3.463795421,-3.442276455,-3.470968409
Pilgrim1,2020-10-06,2020,0.658223951,0.83440255,-0.984409365,0.655256854,2.278710792,-5.966862894,1.996847152,-9.96196971,-5.974123366,-1.944896318,11.19495805,2.563377869,6.097156394,11.15655842,16.53599892,NA,NA,-0.460756765,-0.500250202,-0.447592286,-5.506106129,-5.466612692,-5.519270608
Pilgrim1,2020-10-07,2020,0.099483742,0.798336568,-1.49621897,0.112557387,1.653690387,-3.705569867,1.745916264,-7.141723085,-3.733011978,-0.221737839,9.781565951,2.52725518,4.845304569,9.728127603,14.69394043,NA,NA,-0.069638619,-0.075607644,-0.067648944,-3.635931248,-3.629962223,-3.637920923
Pilgrim1,2020-10-08,2020,-0.257110888,0.888121558,-1.971337724,-0.224514215,1.497285882,-1.146900742,1.540211951,-4.062977798,-1.134964005,1.780009466,5.986119486,2.204508466,1.64831959,5.98456751,10.12143642,NA,NA,0.179977621,0.195404275,0.174835404,-1.326878363,-1.342305016,-1.321736145
Pilgrim1,2020-10-09,2020,-0.732046512,0.858329642,-2.464804846,-0.732446719,0.882082797,-1.359851034,1.533129225,-4.239972062,-1.375440562,1.787794853,6.787547093,2.122561194,2.481259314,6.845741704,10.83065968,NA,NA,0.512432559,0.556355349,0.497791628,-1.872283593,-1.916206383,-1.857642662
Pilgrim1,2020-10-10,2020,-1.591645515,0.889978316,-3.254411819,-1.608504223,0.159473741,1.638454821,1.342506886,-0.968329456,1.666038327,4.213759141,2.336341116,1.471014152,0.160001861,2.16268568,5.506697105,NA,NA,1.114151861,1.209650592,1.08231895,0.524302961,0.42880423,0.556135871
Pilgrim1,2020-10-11,2020,-2.174713395,0.815729657,-3.742131933,-2.201823078,-0.552693159,1.439641398,1.280624408,-1.043041137,1.497622786,3.874466264,1.994070225,1.328304267,0.144245657,1.784367676,5.017598076,NA,NA,1.522299377,1.65278218,1.478805109,-0.082657978,-0.213140782,-0.039163711
Pilgrim1,2020-10-12,2020,-1.719948917,0.847405118,-3.354065756,-1.734526766,-0.004067688,-3.629930074,1.906634638,-7.478357097,-3.569866973,-0.207642738,5.852291725,2.330349591,1.509451308,5.814978473,10.49831834,NA,NA,1.203964242,1.307161177,1.169565264,-4.833894316,-4.937091251,-4.799495338
Pilgrim1,2020-10-13,2020,0.43653939,0.73155899,-0.990492838,0.442297554,1.838543208,-21.47245137,3.653284522,-28.95807906,-21.41341932,-14.46757473,22.29983363,3.687281336,15.27445414,22.29665978,29.80696437,NA,NA,-0.305577573,-0.331769936,-0.296846785,-21.1668738,-21.14068143,-21.17560458
Pilgrim1,2020-10-14,2020,-1.223452322,0.767016665,-2.722633412,-1.219615799,0.291452886,-13.2979358,3.262313648,-19.92673306,-13.39685824,-6.892263757,11.48606325,2.628737553,6.393264934,11.50163776,16.72107354,NA,NA,0.856416626,0.929823765,0.831947579,-14.15435242,-14.22775956,-14.12988338
Pilgrim1,2020-10-15,2020,1.064158475,0.698476653,-0.343081664,1.054315298,2.492885968,-4.107629816,1.717941272,-7.347456083,-4.039574269,-0.673486056,6.600266157,1.981575112,2.779461629,6.543942005,10.59732918,NA,NA,-0.744910933,-0.808760441,-0.723627763,-3.362718883,-3.298869374,-3.384002052
Pilgrim1,2020-10-16,2020,0.599277639,0.743669835,-0.946165839,0.608184705,1.999582483,-9.772153337,2.158737081,-14.00131193,-9.770586004,-5.561964715,24.85959875,4.306123762,16.303802,24.93590071,33.1765565,NA,NA,-0.419494347,-0.455451006,-0.407508795,-9.35265899,-9.316702332,-9.364644543
Pilgrim1,2020-10-17,2020,0.267861553,0.730918785,-1.191654666,0.280017488,1.689857174,-9.405395443,1.923250038,-13.13319412,-9.465402983,-5.394048578,23.51003548,3.786443076,15.68625686,23.56945787,30.90599051,NA,NA,-0.187503087,-0.20357478,-0.182145856,-9.217892356,-9.201820663,-9.223249587
Pilgrim1,2020-10-18,2020,0.475399931,0.703934663,-0.879601239,0.47106279,1.832118755,-8.38492967,1.831222058,-12.06001703,-8.334308122,-4.830063907,23.42930952,3.794622542,15.80136409,23.47652171,30.80584495,NA,NA,-0.332779952,-0.361303948,-0.323271953,-8.052149718,-8.023625722,-8.061657716
Pilgrim1,2020-10-19,2020,NA,NA,NA,NA,NA,NA,NA,NA,NA,NA,NA,NA,NA,NA,NA,NA,data don't end when expected,NA,NA,NA,NA,NA,NA
Silver,2020-07-20,2020,NA,NA,NA,NA,NA,NA,NA,NA,NA,NA,NA,NA,NA,NA,NA,NA,data don't start when expected; NAs in DO.obs; NAs in DO.sat; NAs in temp.water,NA,NA,NA,NA,NA,NA
Silver,2020-07-21,2020,1.915702821,0.69332557,0.592271164,1.944784724,3.272091265,-6.25838665,1.018348641,-8.207857493,-6.264215595,-4.477790375,16.61813918,1.154072019,14.49228608,16.5677098,19.14213887,NA,NA,-1.340991975,-1.4942482,-1.111107636,-4.917394675,-4.76413845,-5.147279014
Silver,2020-07-22,2020,1.643330318,0.61771399,0.426561921,1.646522808,2.743795538,-5.560822916,0.967395108,-7.231792943,-5.547571005,-3.788610575,14.96109536,1.216679448,12.68076105,14.90743835,17.44636231,NA,NA,-1.150331222,-1.281797648,-0.953131584,-4.410491694,-4.279025268,-4.607691332
Silver,2020-07-23,2020,3.110420346,0.653569759,1.718239425,3.102968135,4.429403692,-7.23157974,0.979178711,-9.198460413,-7.248208046,-5.049139325,19.02026804,1.13246402,16.78930036,19.02736007,21.19757285,NA,NA,-2.177294242,-2.42612787,-1.804043801,-5.054285498,-4.80545187,-5.427535939
Silver,2020-07-24,2020,5.478312848,0.720428582,4.149326275,5.490986297,6.945836658,-10.95617884,1.066086631,-12.88780834,-10.96742504,-8.73197457,25.73226884,1.404914934,22.77945382,25.85539397,28.29281929,NA,NA,-3.834818994,-4.273084022,-3.177421452,-7.121359845,-6.683094817,-7.778757386
Silver,2020-07-25,2020,7.133254745,0.689518927,5.728934059,7.128102383,8.477939687,-12.94926409,1.082951146,-15.10217929,-12.8953085,-10.86077116,25.8714692,1.41091142,23.00746629,25.94718337,28.57047858,NA,NA,-4.993278321,-5.563938701,-4.137287752,-7.955985765,-7.385325385,-8.811976334
Silver,2020-07-26,2020,3.929851955,0.65172368,2.551844241,3.949371876,5.153184978,-10.74531375,1.069464306,-12.68190091,-10.80412002,-8.547478086,22.92650795,1.206026951,20.37242714,23.00770834,25.05563638,NA,NA,-2.750896368,-3.065284525,-2.279314134,-7.994417386,-7.68002923,-8.465999621
Silver,2020-07-27,2020,5.146507478,0.693266805,3.706993515,5.168551239,6.508971281,-11.82637739,1.184592119,-13.9909647,-11.8507496,-9.399946657,26.0119634,1.476108536,23.04363592,26.00013181,28.85919495,NA,NA,-3.602555234,-4.014275833,-2.984974337,-8.223822152,-7.812101553,-8.841403049
Silver,2020-07-28,2020,4.852283566,0.709186418,3.32458711,4.83786505,6.24347068,-11.10830005,1.150632207,-13.36371461,-11.07721911,-8.661369979,25.914503,1.462078129,22.99242734,26.01803061,28.70407717,NA,NA,-3.396598496,-3.784781181,-2.814324468,-7.711701556,-7.323518871,-8.293975584
Silver,2020-07-29,2020,3.599092804,0.655712925,2.201742003,3.621874224,4.792580869,-7.593050066,1.008023882,-9.618342107,-7.516163048,-5.721692217,17.849375,0.960248042,16.03088208,17.84620473,19.65660247,NA,NA,-2.519364963,-2.807292387,-2.087473826,-5.073685103,-4.785757678,-5.505576239
Silver,2020-07-30,2020,3.444500247,0.66569921,2.150564454,3.452664549,4.644510183,-6.523073186,0.949207018,-8.49234753,-6.477041323,-4.801851658,14.25021594,0.925124869,12.61490132,14.23470403,16.04562192,NA,NA,-2.411150173,-2.686710193,-1.997810144,-4.111923013,-3.836362993,-4.525263043
Silver,2020-07-31,2020,4.172080213,0.690589732,2.794636014,4.179559121,5.51378828,-6.579955313,1.025952823,-8.46397326,-6.577856931,-4.63565033,11.58142066,0.952259864,9.871032923,11.54717655,13.47496524,NA,NA,-2.920456149,-3.254222566,-2.419806523,-3.659499164,-3.325732747,-4.16014879
Silver,2020-08-01,2020,5.006511482,0.726813623,3.524083772,5.044118459,6.41752656,-7.096870805,1.04949479,-9.165424115,-7.106099499,-5.131642391,11.07833332,1.010105882,9.287269575,11.07210674,13.1650487,NA,NA,-3.504558037,-3.905078956,-2.903776659,-3.592312768,-3.19179185,-4.193094146
Silver,2020-08-02,2020,6.545501413,0.659700558,5.267988267,6.516894055,7.915769536,-11.19347464,1.057983925,-13.37343978,-11.22153359,-9.25252979,21.77960261,1.129366811,19.5029466,21.80729905,23.86444474,NA,NA,-4.581850989,-5.105491102,-3.796390819,-6.611623655,-6.087983542,-7.397083824
Silver,2020-08-03,2020,12.77220708,1.051078719,10.69878644,12.7940263,14.68466817,-15.74161359,1.307409267,-18.18009308,-15.81469917,-13.14899773,28.89892407,1.823379605,25.35396944,29.0213321,32.53776483,NA,NA,-8.940544957,-9.962321523,-7.407880107,-6.801068637,-5.77929207,-8.333733486
Silver,2020-08-04,2020,10.96473407,0.803581274,9.411420876,10.99259838,12.53525449,-12.1007133,1.025245749,-14.18707901,-12.06201433,-10.0838469,18.96322227,0.944080706,17.12634685,18.96486282,20.77923437,NA,NA,-7.675313846,-8.552492571,-6.359545758,-4.425399451,-3.548220726,-5.741167539
Silver,2020-08-05,2020,11.33104753,0.888000599,9.479211536,11.32307031,13.00490624,-12.12665237,1.178319187,-14.36618051,-12.10249827,-9.759604919,14.98437204,0.835629695,13.37204063,14.99488814,16.50515755,NA,NA,-7.93173327,-8.838217072,-6.572007566,-4.194919099,-3.288435296,-5.554644802
Silver,2020-08-06,2020,10.46155499,0.977117083,8.590258898,10.46025746,12.18336522,-11.30839874,1.192373322,-13.58866857,-11.28718967,-9.034261727,11.00312817,0.817389743,9.404597166,11.01703686,12.4819138,NA,NA,-7.323088496,-8.160012895,-6.067701896,-3.985310245,-3.148385845,-5.240696844
Silver,2020-08-07,2020,6.648811238,0.888348282,4.961264571,6.639802647,8.554129314,-5.596426206,0.99783212,-7.575333504,-5.563704761,-3.644710861,9.042622146,0.837383077,7.418234936,9.043637014,10.55376616,NA,NA,-4.654167867,-5.186072766,-3.856310518,-0.942258339,-0.41035344,-1.740115688
Silver,2020-08-08,2020,6.227851479,0.657371805,4.86865841,6.202858797,7.469224874,-9.790334545,1.032200171,-11.88881905,-9.776260271,-7.804023436,16.68787258,1.05211439,14.56609228,16.67019667,18.69687544,NA,NA,-4.359496035,-4.857724154,-3.612153858,-5.43083851,-4.932610392,-6.178180687
Silver,2020-08-09,2020,5.846536849,0.868910194,4.214410229,5.730429934,7.687688928,-9.40483763,1.360181339,-12.22444279,-9.269813948,-6.938901366,12.52798273,1.285421435,10.02144893,12.4013991,15.13994552,NA,NA,-4.092575795,-4.560298743,-3.390991373,-5.312261835,-4.844538887,-6.013846257
Silver,2020-08-10,2020,3.300864858,0.791758869,1.774971939,3.297009469,4.881991396,-8.402889353,1.686460804,-11.83066863,-8.434074725,-5.262780899,15.88283165,2.754238161,10.8822317,15.74844919,21.74877134,NA,NA,-2.310605401,-2.574674589,-1.914501618,-6.092283953,-5.828214764,-6.488387736
Silver,2020-08-11,2020,3.988606212,0.720053266,2.592375426,3.967733997,5.471087707,-8.729076099,1.112852887,-10.99064954,-8.782400047,-6.618595464,14.56373325,1.128172618,12.44596942,14.58947349,16.88170621,NA,NA,-2.792024348,-3.111112845,-2.313391603,-5.93705175,-5.617963254,-6.415684496
Silver,2020-08-12,2020,6.685381298,0.681346045,5.409624296,6.640429004,8.039701972,-14.91319469,1.158066964,-17.13343235,-14.84377151,-12.8281846,21.79128351,1.153049673,19.51212442,21.87159927,23.89867222,NA,NA,-4.679766909,-5.214597413,-3.877521153,-10.23342778,-9.69859728,-11.03567354
Silver,2020-08-13,2020,7.50511326,0.756120497,5.950094132,7.514857537,8.990565672,-18.35305786,1.452922522,-21.29251804,-18.3692663,-15.42065986,28.58630568,1.807655673,24.95008858,28.64055336,32.0112295,NA,NA,-5.253579282,-5.853988343,-4.352965691,-13.09947858,-12.49906952,-14.00009217
Silver,2020-08-14,2020,4.708937187,0.699760171,3.423027113,4.729343243,6.106760946,-14.75919569,1.209205199,-17.00493344,-14.66936656,-12.25818741,19.92344556,0.99106188,18.07039157,19.91919508,21.96210894,NA,NA,-3.296256031,-3.672971006,-2.731183568,-11.46293965,-11.08622468,-12.02801212
Silver,2020-08-15,2020,3.171075383,0.631362942,2.006896063,3.160754692,4.467875766,-9.177505551,1.105357517,-11.59536763,-9.167184598,-7.149302234,14.44508943,0.964178782,12.76313648,14.43825055,16.38897718,NA,NA,-2.219752768,-2.473438798,-1.839223722,-6.957752783,-6.704066752,-7.338281829
Silver,2020-08-16,2020,2.964797263,0.630700224,1.702697081,2.969595403,4.218242276,-8.421715271,1.115784405,-10.5332897,-8.401355986,-6.204740734,11.86895229,0.91963913,10.28084361,11.8561013,13.63304009,NA,NA,-2.075358084,-2.312541865,-1.719582413,-6.346357187,-6.109173406,-6.702132859
Silver,2020-08-17,2020,2.535121145,0.628822208,1.29185902,2.521719906,3.744994199,-8.179744266,1.089970042,-10.29625293,-8.131954053,-6.015712702,9.876150593,0.938194889,8.21653606,9.811944887,11.69848043,NA,NA,-1.774584801,-1.977394493,-1.470370264,-6.405159464,-6.202349773,-6.709374002
Silver,2020-08-18,2020,2.135821682,0.64035887,0.939667503,2.129668165,3.415631263,-4.421290629,0.968997683,-6.255383455,-4.451486688,-2.538079774,8.090934632,0.86237962,6.30862014,8.111499275,9.627928601,NA,NA,-1.495075177,-1.665940912,-1.238776575,-2.926215452,-2.755349717,-3.182514053
Silver,2020-08-19,2020,1.72676778,0.581419511,0.585450032,1.705777206,2.843326951,-5.836893711,0.962298749,-7.712212795,-5.818101436,-3.9364398,13.12629025,1.226165497,10.90818798,12.9902966,15.69153,NA,NA,-1.208737446,-1.346878868,-1.001525312,-4.628156265,-4.490014843,-4.835368399
Silver,2020-08-20,2020,1.50985139,0.594823602,0.357780085,1.484962732,2.575066123,-7.556598264,0.99397064,-9.455649809,-7.554104674,-5.648960305,18.61336288,1.204825439,16.35814577,18.57015109,20.95595925,NA,NA,-1.056895973,-1.177684084,-0.875713806,-6.499702291,-6.37891418,-6.680884458
Silver,2020-08-21,2020,3.576975688,0.573963653,2.438656205,3.578062239,4.693314873,-9.044122424,0.945252879,-10.83808701,-9.067161491,-7.128201971,20.94996421,1.183805759,18.59853496,20.91952999,23.31594857,NA,NA,-2.503882982,-2.790041037,-2.074645899,-6.540239442,-6.254081387,-6.969476525
Silver,2020-08-22,2020,4.371009702,0.666704596,3.169595877,4.323134625,5.730948412,-10.44319085,1.11897039,-12.63111094,-10.39400933,-8.400543425,24.16878783,1.303735157,21.50875114,24.19966779,26.56733693,NA,NA,-3.059706791,-3.409387567,-2.535185627,-7.38348406,-7.033803284,-7.908005224
Silver,2020-08-23,2020,8.170064653,0.782700824,6.589830302,8.151232623,9.690675934,-18.04361895,1.409186844,-20.84311721,-18.10441694,-15.19648171,29.33636114,1.894201405,25.39493778,29.49659636,32.95683414,NA,NA,-5.719045257,-6.372650429,-4.738637499,-12.32457369,-11.67096852,-13.30498145
Silver,2020-08-24,2020,7.115882348,0.781663718,5.55866201,7.12020217,8.69084358,-19.71426838,1.581834962,-22.79871727,-19.7463586,-16.62603086,30.02401588,1.953339259,26.14626456,30.09361821,33.729149,NA,NA,-4.981117644,-5.550388231,-4.127211762,-14.73315073,-14.16388015,-15.58705662
Silver,2020-08-25,2020,5.119439062,0.753884786,3.637948269,5.163090837,6.550289599,-10.91996827,1.353869638,-13.45984773,-10.97192983,-8.308611865,11.14471927,1.078085229,8.84353484,11.12305709,13.28705506,NA,NA,-3.583607343,-3.993162468,-2.969274656,-7.336360923,-6.926805798,-7.950693611
Silver,2020-08-26,2020,0.479389443,0.595964571,-0.67367894,0.503569182,1.535128189,-5.108990865,1.297249695,-7.444933434,-5.114164778,-2.284726482,10.5242368,1.513712235,7.42828924,10.59871051,13.48698522,NA,NA,-0.33557261,-0.373923765,-0.278045877,-4.773418255,-4.735067099,-4.830944988
Silver,2020-08-27,2020,1.531195214,0.788991638,0.002658828,1.528065418,3.12555067,-20.45806034,6.109811397,-32.04937175,-21.00003101,-8.306867561,49.98911622,14.50786384,20.46436202,51.01554655,77.54477119,NA,NA,-1.071836649,-1.194332267,-0.888093224,-19.3862237,-19.26372808,-19.56996712
Silver,2020-08-28,2020,-2.021054368,0.676619199,-3.379880913,-2.037745521,-0.755347335,-4.352803866,1.510813617,-7.329272962,-4.332253776,-1.640874903,15.56124941,3.697445561,8.955915007,15.33661256,22.4753722,NA,NA,1.414738058,1.576422407,1.172211533,-5.767541923,-5.929226273,-5.525015399
Silver,2020-08-29,2020,0.11805995,0.559862329,-1.045858587,0.155546499,1.175147535,-4.631729462,1.278554947,-7.00068522,-4.614233256,-2.109524476,14.36999554,2.819736251,9.112732876,14.21304284,19.34842484,NA,NA,-0.082641965,-0.092086761,-0.068474771,-4.549087497,-4.539642701,-4.563254691
Silver,2020-08-30,2020,NA,NA,NA,NA,NA,NA,NA,NA,NA,NA,NA,NA,NA,NA,NA,NA,data don't end when expected; NAs in depth; NAs in discharge,NA,NA,NA,NA,NA,NA
Silver,2020-08-31,2020,NA,NA,NA,NA,NA,NA,NA,NA,NA,NA,NA,NA,NA,NA,NA,NA,data don't start when expected; NAs in DO.obs; NAs in DO.sat; NAs in temp.water,NA,NA,NA,NA,NA,NA
Silver,2020-09-01,2020,1.445878514,0.345343528,0.780985414,1.430310036,2.084263403,-14.03462191,2.222128354,-18.30693398,-13.99907175,-9.744685056,35.92587586,5.547191267,25.29668566,35.78576131,47.04384741,NA,NA,-1.01211496,-1.127785241,-0.838609538,-13.02250695,-12.90683667,-13.19601238
Silver,2020-09-02,2020,2.239216897,0.264345096,1.721138208,2.232597586,2.774308288,-23.75492668,1.568646343,-26.60762961,-23.77327452,-20.58294912,58.08016695,3.761141546,50.69943777,58.10512105,64.58734993,NA,NA,-1.567451828,-1.74658918,-1.298745801,-22.18747485,-22.0083375,-22.45618088
Silver,2020-09-03,2020,0.763269234,0.219565241,0.323568554,0.775211161,1.195162764,-15.9406301,0.902855713,-17.73626405,-15.95400254,-14.13249569,44.12300556,2.327034611,39.67776603,43.96769735,48.88340121,NA,NA,-0.534288464,-0.595350002,-0.442696156,-15.40634164,-15.3452801,-15.49793395
Silver,2020-09-04,2020,1.166672513,0.253441505,0.691926012,1.16160163,1.681125011,-8.463907372,0.756291167,-9.896201509,-8.48009266,-7.112456154,26.9476857,2.054466995,23.47524863,27.0087437,30.91468637,NA,NA,-0.816670759,-0.91000456,-0.676670058,-7.647236613,-7.553902812,-7.787237314
Silver,2020-09-05,2020,1.29586011,0.239792908,0.803667062,1.317220656,1.742432255,-7.781286569,0.553396674,-8.890906648,-7.745697479,-6.642524793,25.95087416,1.444695869,22.9992089,25.86951033,28.72448724,NA,NA,-0.907102077,-1.010770886,-0.751598864,-6.874184492,-6.770515683,-7.029687705
Silver,2020-09-06,2020,1.778158495,0.264982811,1.223271548,1.797932036,2.283950396,-9.452388727,0.810622917,-10.89833546,-9.474656109,-7.842088147,26.41208968,2.049309776,22.29871298,26.42559944,30.16808245,NA,NA,-1.244710946,-1.386963626,-1.031331927,-8.207677781,-8.065425101,-8.4210568
Silver,2020-09-07,2020,1.658868021,0.259413355,1.16542166,1.659657391,2.121112859,-7.908271457,0.665748956,-9.166288876,-7.903322125,-6.630313208,25.58348602,1.737530944,21.89057653,25.60311063,28.90346586,NA,NA,-1.161207615,-1.293917057,-0.962143452,-6.747063842,-6.6143544,-6.946128005
Silver,2020-09-08,2020,1.346015464,0.220121642,0.916475149,1.362070581,1.756242587,-6.139722822,0.472935979,-7.078286477,-6.167621727,-5.239120541,24.90171848,1.323523678,22.49122616,24.94857916,27.67787712,NA,NA,-0.942210825,-1.049892062,-0.780688969,-5.197511997,-5.08983076,-5.359033853
Silver,2020-09-09,2020,1.21545791,0.225506657,0.746905346,1.223176063,1.624928506,-5.753065856,0.467694198,-6.649005536,-5.734896987,-4.861178101,24.7548447,1.300851264,22.33744651,24.66194795,27.56533747,NA,NA,-0.850820537,-0.94805717,-0.704965588,-4.902245318,-4.805008686,-5.048100268
Silver,2020-09-10,2020,1.899611366,0.233084952,1.473068593,1.892105843,2.37850626,-6.04644624,0.436206139,-6.944958834,-6.041651909,-5.175232369,24.80283168,1.296811924,22.38475622,24.77409816,27.48862159,NA,NA,-1.329727956,-1.481696865,-1.101774592,-4.716718284,-4.564749375,-4.944671648
Silver,2020-09-11,2020,1.945645003,0.228997842,1.53002128,1.918070596,2.424934566,-6.362513032,0.437807873,-7.245628114,-6.310114521,-5.546005387,24.14984768,1.154806746,22.01955374,24.14666852,26.6215163,NA,NA,-1.361951502,-1.517603102,-1.128474102,-5.00056153,-4.84490993,-5.23403893
Silver,2020-09-12,2020,2.110327823,0.251566964,1.598411528,2.135357948,2.612499515,-9.682628657,0.812445595,-11.29457978,-9.661915215,-8.265473061,25.83461984,2.065146485,22.3168637,25.88228037,29.87735509,NA,NA,-1.477229476,-1.646055702,-1.223990137,-8.205399181,-8.036572955,-8.458638519
Silver,2020-09-13,2020,0.269539873,0.232433732,-0.187543069,0.281238175,0.718070685,-3.963176862,0.734682485,-5.401247394,-3.858552768,-2.683254064,13.58418391,1.831155432,10.37066603,13.39015526,16.79439905,NA,NA,-0.188677911,-0.210241101,-0.156333126,-3.774498951,-3.752935761,-3.806843736
Silver,2020-09-14,2020,5.459171206,0.425134435,4.552165522,5.518336519,6.236466985,-14.86604826,1.083437062,-16.74166326,-14.95131078,-12.55473898,49.58885858,3.552345054,42.28442282,49.60780843,55.14148739,NA,NA,-3.821419844,-4.258153541,-3.166319299,-11.04462842,-10.60789472,-11.69972896
Silver,2020-09-15,2020,6.662496461,0.416036871,5.922707932,6.655766291,7.492330679,-14.49618445,0.824462686,-16.21793542,-14.48350488,-13.10941254,38.01867746,1.951372852,34.57812016,37.94184118,42.12453225,NA,NA,-4.663747523,-5.19674724,-3.864247948,-9.832436922,-9.299437206,-10.6319365
Silver,2020-09-16,2020,7.162829106,0.49464947,6.313181095,7.152293162,8.106352741,-9.395503298,0.694419046,-10.73758777,-9.388102574,-8.183023286,25.67643707,1.68269063,22.52906512,25.69464137,28.89743183,NA,NA,-5.013980374,-5.587006703,-4.154440882,-4.381522924,-3.808496595,-5.241062417
Silver,2020-09-17,2020,1.654122138,0.234809132,1.179454824,1.667693322,2.122589014,-6.549395406,0.568576486,-7.607325842,-6.580263211,-5.359533659,25.90687625,1.707713113,22.34022791,26.04895668,28.9876847,NA,NA,-1.157885497,-1.290215268,-0.95939084,-5.391509909,-5.259180138,-5.590004566
Silver,2020-09-18,2020,2.344147616,0.262063289,1.821550949,2.362756017,2.843852518,-6.644528622,0.572188736,-7.731211648,-6.675043771,-5.458218759,25.81840345,1.892323175,22.07645841,25.78751932,29.2628185,NA,NA,-1.640903331,-1.82843514,-1.359605617,-5.003625291,-4.816093481,-5.284923004
Silver,2020-09-19,2020,3.226422158,0.275878515,2.749386959,3.197489198,3.789036644,-6.874500249,0.471094367,-7.854304516,-6.821235663,-6.007654572,24.88280539,1.310935775,22.50266246,24.94067635,27.67923681,NA,NA,-2.258495511,-2.516609283,-1.871324852,-4.616004738,-4.357890966,-5.003175397
Silver,2020-09-20,2020,4.423585222,0.291926801,3.864850483,4.382708907,5.050506712,-7.568938273,0.479260628,-8.576721023,-7.540612886,-6.614298077,24.04888653,1.18938083,21.90665667,23.99959363,26.72103013,NA,NA,-3.096509655,-3.450396473,-2.565679429,-4.472428617,-4.118541799,-5.003258844
Silver,2020-09-21,2020,5.011569921,0.342256359,4.35151908,5.025927966,5.706281257,-8.614920628,0.58672853,-9.749567412,-8.605655248,-7.482165583,23.35435885,1.311222604,20.99376885,23.23458648,26.19253237,NA,NA,-3.508098944,-3.909024538,-2.906710554,-5.106821684,-4.70589609,-5.708210074
Silver,2020-09-22,2020,5.405032769,0.363868143,4.772839129,5.38356597,6.179509588,-9.086156901,0.602115764,-10.3873314,-9.048008251,-8.018426102,22.91648858,1.329942636,20.52868898,22.74848909,25.80027542,NA,NA,-3.783522938,-4.21592556,-3.134919006,-5.302633963,-4.870231341,-5.951237895
Silver,2020-09-23,2020,1.970915345,0.234518441,1.538500562,1.967332133,2.437132195,-7.302810462,0.5786497,-8.547626254,-7.255319812,-6.238901163,22.66909176,1.497604371,19.93485294,22.46638052,25.8712915,NA,NA,-1.379640742,-1.537313969,-1.1431309,-5.92316972,-5.765496493,-6.159679562
Silver,2020-09-24,2020,2.638487,0.27041443,2.128172197,2.61870103,3.202239534,-7.74703842,0.613180926,-9.04777941,-7.704079677,-6.624108476,22.8860663,1.564805575,19.9348695,22.83598392,26.12882704,NA,NA,-1.8469409,-2.05801986,-1.53032246,-5.90009752,-5.68901856,-6.21671596
Silver,2020-09-25,2020,3.161750799,0.244588319,2.710511839,3.138878838,3.682946869,-9.43592244,0.540661356,-10.56417389,-9.415222344,-8.459041258,23.64694329,1.14549425,21.52579283,23.55907588,26.23735469,NA,NA,-2.213225559,-2.466165623,-1.833815463,-7.222696881,-6.969756817,-7.602106977
Silver,2020-09-26,2020,3.563608197,0.329255177,2.97314586,3.572231909,4.224813316,-14.17155524,1.032000434,-16.26399572,-14.16309208,-12.2860271,28.49210176,1.985223373,25.04968721,28.53984041,32.37756641,NA,NA,-2.494525738,-2.779614394,-2.066892754,-11.6770295,-11.39194085,-12.10466249
Silver,2020-09-27,2020,3.74966591,0.338901579,3.071443406,3.748529481,4.333331533,-23.1033038,1.66429567,-25.87266815,-23.13007792,-19.66865226,50.34267322,3.490785942,43.26369931,50.40179937,55.91098133,NA,NA,-2.624766137,-2.92473941,-2.174806228,-20.47853766,-20.17856439,-20.92849757
Silver,2020-09-28,2020,2.610263512,0.255814515,2.120694851,2.618314268,3.111884513,-19.56066002,1.174162874,-21.97888455,-19.5609046,-17.35002312,48.03969514,2.76969271,42.74645229,47.95957556,53.73947815,NA,NA,-1.827184459,-2.03600554,-1.513952837,-17.73347556,-17.52465448,-18.04670718
Silver,2020-09-29,2020,2.367504017,0.279304489,1.813887221,2.379424999,2.873786222,-17.2544416,0.989552823,-19.26347965,-17.22463472,-15.5089711,40.88663724,2.147697089,37.01728214,40.76168663,45.31205437,NA,NA,-1.657252812,-1.846653133,-1.37315233,-15.59718879,-15.40778846,-15.88128927
Silver,2020-09-30,2020,2.180018719,0.244659456,1.67107566,2.192590859,2.636418358,-24.57010271,1.680457721,-27.52692142,-24.5954149,-21.25574639,59.20629371,3.948552846,51.28426496,59.23020668,66.24463488,NA,NA,-1.526013103,-1.700414601,-1.264410857,-23.04408961,-22.86968811,-23.30569186
Silver,2020-10-01,2020,1.354076246,0.241481458,0.868437506,1.36798639,1.813710424,-14.71338052,1.475187882,-17.30165018,-14.73810441,-11.77778085,44.97102469,4.278082867,36.4220073,44.9022535,52.32828593,NA,NA,-0.947853372,-1.056179472,-0.785364223,-13.76552715,-13.65720105,-13.9280163
Silver,2020-10-02,2020,1.706264322,0.250153911,1.199596009,1.706428179,2.151804113,-14.68250428,1.246016131,-16.73030378,-14.64272446,-12.16859051,48.13160612,3.789535798,40.50155213,48.00748904,54.16846688,NA,NA,-1.194385025,-1.330886171,-0.989633307,-13.48811926,-13.35161811,-13.69287097
Silver,2020-10-03,2020,2.195620849,0.234724416,1.697903487,2.214835853,2.64822748,-16.02290816,1.048959857,-17.79029617,-16.0458171,-13.83078992,53.17944238,3.32173016,46.36584505,53.18151418,58.48395897,NA,NA,-1.536934594,-1.712584262,-1.273460092,-14.48597357,-14.3103239,-14.74944807
Silver,2020-10-04,2020,2.260005528,0.233157577,1.80754591,2.273129626,2.721209015,-17.60389982,1.167587105,-19.62306001,-17.64233469,-15.32458388,58.1373444,3.736837391,50.95393053,58.1745213,64.45469871,NA,NA,-1.58200387,-1.762804312,-1.310803206,-16.02189595,-15.84109551,-16.29309662
Silver,2020-10-05,2020,2.709706603,0.266307301,2.21248158,2.708535277,3.203095838,-16.84516355,0.971940868,-18.70974033,-16.87336949,-15.03393565,45.80171315,2.469821405,41.11677344,45.69737131,50.92704979,NA,NA,-1.896794622,-2.113571151,-1.57162983,-14.94836893,-14.7315924,-15.27353372
Silver,2020-10-06,2020,2.361944525,0.224025955,1.909870406,2.347795433,2.813029117,-13.47082606,0.857663804,-15.11944464,-13.47730412,-11.94081399,32.90099426,1.952776798,29.52660818,32.9471844,36.58100585,NA,NA,-1.653361167,-1.842316729,-1.369927824,-11.81746489,-11.62850933,-12.10089824
Silver,2020-10-07,2020,2.112353598,0.227773233,1.602441252,2.093665856,2.545942676,-14.79586794,0.822844776,-16.49018829,-14.69905466,-13.23590325,40.89284142,2.095137166,36.99225716,40.69162121,45.18403612,NA,NA,-1.478647518,-1.647635806,-1.225165087,-13.31722043,-13.14823214,-13.57070286
Silver,2020-10-08,2020,1.817862211,0.236583397,1.380264224,1.818551016,2.262168446,-10.20983515,0.754671443,-11.66964636,-10.22169055,-8.775021708,29.95361815,1.966067537,26.60670398,29.997483,33.81668832,NA,NA,-1.272503548,-1.417932525,-1.054360082,-8.937331601,-8.791902624,-9.155475066
Silver,2020-10-09,2020,2.312558774,0.243180445,1.875047978,2.304118747,2.803134833,-12.26053817,0.856404122,-13.99652997,-12.27298543,-10.71244599,28.13129669,2.027887216,24.61720811,28.18688175,32.02967623,NA,NA,-1.618791142,-1.803795844,-1.341284089,-10.64174703,-10.45674232,-10.91925408
Silver,2020-10-10,2020,1.280165499,0.202638778,0.852576806,1.29184362,1.679532413,-9.263095516,0.735881695,-10.79312479,-9.226055401,-7.754309795,25.42673997,1.883575062,22.02981978,25.46025444,29.26233848,NA,NA,-0.896115849,-0.998529089,-0.742495989,-8.366979667,-8.264566427,-8.520599527
Silver,2020-10-11,2020,2.355236646,0.220472802,1.911998101,2.345110874,2.777895195,-9.80213201,0.631474823,-11.0488391,-9.78469638,-8.681102165,25.6918825,1.48553712,22.7841046,25.60965036,28.65980358,NA,NA,-1.648665652,-1.837084584,-1.366037255,-8.153466358,-7.965047426,-8.436094755
Silver,2020-10-12,2020,0.338108995,0.186906605,-0.063360454,0.353185458,0.671955531,-1.827979424,0.394634226,-2.619220809,-1.822121593,-1.079947395,0.360453942,0.284936037,0.014694523,0.300978332,1.012956777,NA,NA,-0.236676297,-0.263725016,-0.196103217,-1.591303127,-1.564254407,-1.631876206
Silver,2020-10-13,2020,-0.546295886,0.196804991,-0.893961812,-0.55624739,-0.128798411,-1.842306683,1.204515976,-4.504319405,-1.794763865,0.485739919,1.590527851,0.742332529,0.250532032,1.572249562,3.20899253,NA,NA,0.382407121,0.426110791,0.316851614,-2.224713803,-2.268417474,-2.159158297
Silver,2020-10-14,2020,-0.132243773,0.198543473,-0.527120434,-0.123075257,0.220212889,-3.164242377,1.145335113,-5.233542681,-3.14649697,-0.706542076,1.704479323,0.606198543,0.410622412,1.69385837,2.767698466,NA,NA,0.092570641,0.103150143,0.076701389,-3.256813018,-3.26739252,-3.240943765
Silver,2020-10-15,2020,0.265225474,0.175138333,-0.078650876,0.267232093,0.613403222,-3.657405409,1.221354259,-6.07322735,-3.604670542,-1.273607661,2.091458717,0.709809329,0.729199442,2.077038911,3.460359049,NA,NA,-0.185657832,-0.20687587,-0.153830775,-3.471747577,-3.450529539,-3.503574634
Silver,2020-10-16,2020,-0.391294124,0.17606906,-0.75378637,-0.383869783,-0.047884686,-10.24116745,1.928259084,-13.7668255,-10.04538181,-6.990549431,6.938345566,1.180308725,4.993297088,6.818934523,9.09639286,NA,NA,0.273905887,0.305209417,0.226950592,-10.51507334,-10.54637687,-10.46811804
Silver,2020-10-17,2020,0.678586049,0.189599157,0.301120952,0.680054366,1.05791004,-20.74261406,2.774696427,-25.62342805,-20.5298228,-15.80480091,13.14831656,1.807328453,9.896832518,13.00991113,16.3197003,NA,NA,-0.475010235,-0.529297119,-0.393579909,-20.26760382,-20.21331694,-20.34903415
Silver,2020-10-18,2020,-0.412603854,0.21912029,-0.810696468,-0.399130438,0.013867049,-11.32155761,1.912160928,-14.60817054,-11.2198497,-7.94765287,7.252137999,1.197378551,5.194602748,7.150586257,9.437337392,NA,NA,0.288822698,0.321831006,0.239310235,-11.61038031,-11.64338862,-11.56086785
Silver,2020-10-19,2020,NA,NA,NA,NA,NA,NA,NA,NA,NA,NA,NA,NA,NA,NA,NA,NA,data don't end when expected; NAs in depth; NAs in discharge,NA,NA,NA,NA,NA,NA
Tobacco,2020-07-29,2020,NA,NA,NA,NA,NA,NA,NA,NA,NA,NA,NA,NA,NA,NA,NA,NA,data don't start when expected,NA,NA,NA,NA,NA,NA
Tobacco,2020-07-30,2020,1.000339982,0.334564757,0.314208249,0.986791496,1.646060054,-10.8804712,1.307525342,-13.62233453,-10.76586722,-8.568685779,10.65660684,1.218617205,8.442425529,10.55723022,13.20165208,NA,NA,NA,NA,NA,NA,NA,NA
Tobacco,2020-07-31,2020,1.035785082,0.337237917,0.373413176,1.036163168,1.707798798,-12.15477242,1.404763931,-15.09301311,-12.11353418,-9.39317321,10.57804571,1.21437308,8.226975231,10.56075928,13.05153629,NA,NA,NA,NA,NA,NA,NA,NA
Tobacco,2020-08-01,2020,1.817981505,0.34327234,1.162356309,1.818382631,2.506473017,-13.8580949,1.407818379,-16.80309533,-13.86060976,-11.12204788,10.37988819,1.03842547,8.36415646,10.3513257,12.48677068,NA,NA,NA,NA,NA,NA,NA,NA
Tobacco,2020-08-02,2020,-0.303151114,0.313565374,-0.908397763,-0.303809242,0.283576511,-8.396187154,1.32022632,-10.71388278,-8.458921566,-5.544771514,8.805004076,1.263854855,6.015484674,8.899296992,10.96365459,NA,NA,NA,NA,NA,NA,NA,NA
Tobacco,2020-08-03,2020,0.856427939,0.32380319,0.195321957,0.864713709,1.46324307,-8.18155268,1.007055829,-10.24042269,-8.121037826,-6.310261871,10.91516937,1.230145552,8.713003635,10.85177819,13.50336977,NA,NA,NA,NA,NA,NA,NA,NA
Tobacco,2020-08-04,2020,1.717800379,0.349445899,1.029815443,1.708987246,2.401660099,-8.968300378,1.104077767,-11.26781856,-8.942139311,-7.019566086,10.97051403,1.315770127,8.678989778,10.8694319,13.69132041,NA,NA,NA,NA,NA,NA,NA,NA
Tobacco,2020-08-05,2020,1.787903819,0.342543381,1.102423764,1.791801893,2.470175525,-8.884182973,1.019938141,-10.84897873,-8.880491044,-6.773826521,10.06691071,1.121177391,7.724017114,10.10516074,12.2370429,NA,NA,NA,NA,NA,NA,NA,NA
Tobacco,2020-08-06,2020,2.524828798,0.385488716,1.761036218,2.51743531,3.289374554,-9.702603396,1.156047263,-11.95940834,-9.742950066,-7.387648426,9.861699354,1.152141079,7.546038533,9.906987859,12.00970007,NA,NA,NA,NA,NA,NA,NA,NA
Tobacco,2020-08-07,2020,0.792223096,0.311930792,0.179800089,0.792995195,1.403465437,-8.86345069,1.104303583,-11.02480356,-8.812228796,-6.739135255,10.62112758,1.227079221,8.284559632,10.54456036,13.10423083,NA,NA,NA,NA,NA,NA,NA,NA
Tobacco,2020-08-08,2020,0.936163501,0.312813826,0.325115087,0.938307602,1.555253489,-11.02370475,1.245069676,-13.69840483,-10.91174584,-8.756383315,11.20732005,1.226826972,9.064040308,11.05771045,13.94724103,NA,NA,NA,NA,NA,NA,NA,NA
Tobacco,2020-08-09,2020,0.351450337,0.35027918,-0.339071613,0.341607012,1.037959291,-1.705941817,1.069693939,-3.973472987,-1.637082578,0.162144103,1.46074081,0.769201477,0.214521443,1.402305095,3.070943999,NA,NA,NA,NA,NA,NA,NA,NA
Tobacco,2020-08-10,2020,0.215235616,0.309606261,-0.389388075,0.21814798,0.820766658,-3.580224612,1.037422346,-5.642933571,-3.542435576,-1.55127163,4.360925058,1.152162965,2.153920786,4.32827951,6.661587457,NA,NA,NA,NA,NA,NA,NA,NA
Tobacco,2020-08-11,2020,0.296379805,0.302575643,-0.266546168,0.284938631,0.920253863,-5.873175185,0.871902348,-7.600264508,-5.850881332,-4.174497581,8.999103566,1.214847574,6.689583387,8.987984644,11.44339968,NA,NA,NA,NA,NA,NA,NA,NA
Tobacco,2020-08-12,2020,0.476472655,0.304801601,-0.120643323,0.478117796,1.0714211,-6.635300402,0.817983421,-8.302895131,-6.628124827,-5.058584688,11.05250604,1.236683039,8.74798265,10.99368559,13.52238627,NA,NA,NA,NA,NA,NA,NA,NA
Tobacco,2020-08-13,2020,0.912361126,0.316886026,0.268152662,0.910051612,1.519063662,-7.392926197,0.899216155,-9.160594933,-7.36155317,-5.619325455,11.15869088,1.249607642,8.866859007,11.07622655,13.70979626,NA,NA,NA,NA,NA,NA,NA,NA
Tobacco,2020-08-14,2020,0.400994734,0.307829372,-0.190050369,0.390176865,1.010788311,-7.527423291,0.998436751,-9.623579048,-7.451011147,-5.76355576,11.34241008,1.328439366,9.055239974,11.20655408,14.37173899,NA,NA,NA,NA,NA,NA,NA,NA
Tobacco,2020-08-15,2020,0.674506993,0.303196364,0.042246814,0.675104132,1.284090667,-9.235102792,1.118718439,-11.64329144,-9.194149174,-7.169648861,11.14808175,1.272686959,8.828148504,11.06867078,14.04970614,NA,NA,NA,NA,NA,NA,NA,NA
Tobacco,2020-08-16,2020,1.364646258,0.315296096,0.76219947,1.359837878,1.985405086,-10.14639413,1.150566085,-12.53305862,-10.07333117,-8.051695556,10.8736124,1.1912675,8.763239803,10.79897735,13.42794854,NA,NA,NA,NA,NA,NA,NA,NA
Tobacco,2020-08-17,2020,1.951282657,0.342711518,1.250714197,1.950308567,2.599564579,-10.42229183,1.153706863,-12.70179388,-10.41166497,-8.134876368,10.34460716,1.117691906,8.08284016,10.31546133,12.57573742,NA,NA,NA,NA,NA,NA,NA,NA
Tobacco,2020-08-18,2020,2.412598567,0.340791981,1.753317084,2.422343568,3.081253695,-10.45211855,1.17481159,-12.68234304,-10.48528216,-8.062082368,9.113395705,1.042576401,7.004795866,9.123032125,11.03295128,NA,NA,NA,NA,NA,NA,NA,NA
Tobacco,2020-08-19,2020,1.170301151,0.313215324,0.560358463,1.167797411,1.779083284,-6.485510957,1.370525023,-9.215014457,-6.445492247,-3.854029912,4.126109945,0.926695438,2.400399133,4.089091923,5.947065289,NA,NA,NA,NA,NA,NA,NA,NA
Tobacco,2020-08-20,2020,0.931760487,0.319975868,0.322840141,0.939303776,1.576321541,-11.4423088,1.634566662,-14.77311407,-11.41162886,-8.384641519,9.530271596,1.321970185,7.151678137,9.471299359,12.29004207,NA,NA,NA,NA,NA,NA,NA,NA
Tobacco,2020-08-21,2020,0.913378846,0.299120469,0.360116488,0.90998099,1.503353341,-10.11916767,1.240427003,-12.64021467,-10.04317383,-7.872262393,10.8971127,1.22316241,8.643182783,10.82007734,13.39341063,NA,NA,NA,NA,NA,NA,NA,NA
Tobacco,2020-08-22,2020,1.235212684,0.29932356,0.639822386,1.241177072,1.817101438,-11.4871681,1.337264806,-14.35601957,-11.38938066,-9.111549128,11.5613945,1.331428398,9.309006467,11.45232173,14.58812993,NA,NA,NA,NA,NA,NA,NA,NA
Tobacco,2020-08-23,2020,1.779366718,0.314746991,1.171672172,1.774967579,2.392597846,-12.28029633,1.224112575,-14.81935012,-12.1705769,-9.950547289,10.69270769,1.052619042,8.714568072,10.6161905,12.93808833,NA,NA,NA,NA,NA,NA,NA,NA
Tobacco,2020-08-24,2020,2.534734694,0.356221482,1.849629336,2.52766215,3.284640891,-14.80525779,1.45855461,-17.8922801,-14.74161178,-12.16753106,10.61347501,1.048313497,8.680256222,10.57392859,12.80176328,NA,NA,NA,NA,NA,NA,NA,NA
Tobacco,2020-08-25,2020,2.706530739,0.344052147,2.048603493,2.710921219,3.364514229,-14.09473981,1.38539637,-16.66707991,-14.158832,-11.39622946,9.239868325,0.926825013,7.407834798,9.262809545,10.9537637,NA,NA,NA,NA,NA,NA,NA,NA
Tobacco,2020-08-26,2020,4.028340478,0.382662783,3.267371373,4.022371881,4.773074335,-17.47632943,1.500682031,-20.31194562,-17.52965846,-14.45777499,10.37705475,0.910414722,8.523437272,10.37858663,12.1423988,NA,NA,NA,NA,NA,NA,NA,NA
Tobacco,2020-08-27,2020,3.279427801,0.387354879,2.529735342,3.281072136,4.045552367,-15.97016692,1.560031832,-18.86840559,-16.01158776,-12.95025391,9.635757307,0.947743915,7.716224709,9.657646894,11.35796552,NA,NA,NA,NA,NA,NA,NA,NA
Tobacco,2020-08-28,2020,0.701091368,0.290639321,0.172284827,0.693153273,1.282025693,-8.29518433,2.15400121,-12.78319379,-8.29403036,-4.264682969,4.300737056,1.123088979,2.212484052,4.297480111,6.622853817,NA,NA,NA,NA,NA,NA,NA,NA
Tobacco,2020-08-29,2020,2.188129769,0.36031421,1.514410333,2.188122198,2.924141095,-13.14442385,1.734921456,-16.57622801,-13.09012919,-9.747626613,8.022747527,1.039387284,5.940802406,7.985560395,10.11633152,NA,NA,NA,NA,NA,NA,NA,NA
Tobacco,2020-08-30,2020,3.159690207,0.358800656,2.447815322,3.171123363,3.841710416,-13.89449497,1.342700516,-16.38421704,-13.94172694,-11.17233621,9.646716533,0.936861109,7.746753259,9.674022549,11.35145912,NA,NA,NA,NA,NA,NA,NA,NA
Tobacco,2020-08-31,2020,1.009008508,0.291281346,0.44573144,1.008290448,1.590485031,-8.993164755,1.513494624,-11.8556419,-9.025108894,-5.937726081,6.105058105,1.026836725,4.009275925,6.116115976,7.966130092,NA,NA,NA,NA,NA,NA,NA,NA
Tobacco,2020-09-01,2020,1.862012072,0.312258193,1.249923009,1.860861348,2.469911206,-10.32276492,1.102360114,-12.50004805,-10.29348087,-8.166381465,9.693519421,0.964140445,7.804225242,9.684850264,11.60319777,NA,NA,NA,NA,NA,NA,NA,NA
Tobacco,2020-09-02,2020,2.889716096,0.366070328,2.159751336,2.896460315,3.59298034,-10.22973763,1.111527836,-12.21888169,-10.31300816,-7.918585994,9.551791813,1.057275645,7.256107579,9.627528564,11.38880588,NA,NA,NA,NA,NA,NA,NA,NA
Tobacco,2020-09-03,2020,3.610790994,0.443934841,2.772851634,3.604883539,4.517892683,-13.24790927,1.462737196,-16.34823185,-13.16049562,-10.66903302,11.35283858,1.2523789,9.14841448,11.24197396,14.07083162,NA,NA,NA,NA,NA,NA,NA,NA
Tobacco,2020-09-04,2020,0.581396068,0.27263774,0.021293134,0.575701712,1.138634626,-8.287956873,1.073490028,-10.20158131,-8.378951239,-6.018141331,9.595920535,1.132672348,7.125130347,9.69232388,11.57027916,NA,NA,NA,NA,NA,NA,NA,NA
Tobacco,2020-09-05,2020,0.650509705,0.282955667,0.118315956,0.647765262,1.19498987,-8.797570831,0.971175157,-10.77771763,-8.786273564,-6.933111953,10.66527287,1.09936541,8.524376055,10.61798047,13.03211674,NA,NA,NA,NA,NA,NA,NA,NA
Tobacco,2020-09-06,2020,0.506138003,0.280661512,-0.049508331,0.503732757,1.054248422,-9.700371421,1.175149735,-12.33959942,-9.583763265,-7.697617896,11.21297674,1.294520623,9.082638918,11.05827495,14.12597542,NA,NA,NA,NA,NA,NA,NA,NA
Tobacco,2020-09-07,2020,1.051852737,0.279751009,0.499558282,1.051052606,1.616925791,-9.559112131,1.087030261,-11.80528182,-9.535924958,-7.500455404,10.75129452,1.187426751,8.474225929,10.6968914,13.255261,NA,NA,NA,NA,NA,NA,NA,NA
Tobacco,2020-09-08,2020,1.044570212,0.293699097,0.482590552,1.043307451,1.610112529,-9.885033107,1.226537912,-12.57316262,-9.822990145,-7.725973211,11.27389141,1.33851441,8.972242257,11.15638231,14.23931852,NA,NA,NA,NA,NA,NA,NA,NA
Tobacco,2020-09-09,2020,1.074967845,0.282070923,0.515684755,1.081707449,1.619680559,-10.04930541,1.200644295,-12.59243937,-9.96231185,-7.935636047,11.18021295,1.270429805,8.993168293,11.07726971,13.84942256,NA,NA,NA,NA,NA,NA,NA,NA
Tobacco,2020-09-10,2020,1.502141176,0.30947992,0.893219292,1.509775458,2.118006357,-9.826135357,1.170567082,-12.32478925,-9.758599352,-7.821111248,11.4188415,1.307047445,9.08105122,11.32991744,14.29920399,NA,NA,NA,NA,NA,NA,NA,NA
Tobacco,2020-09-11,2020,1.556534245,0.291343301,0.987691555,1.548919148,2.126028411,-9.426089741,1.090410181,-11.90454473,-9.350190466,-7.53485624,11.21458633,1.241353421,9.058555335,11.13189636,13.96974887,NA,NA,NA,NA,NA,NA,NA,NA
Tobacco,2020-09-12,2020,0.913242234,0.315971127,0.314044949,0.909319232,1.544368627,-8.484835689,1.563923345,-11.74785126,-8.382276672,-5.789645564,8.693354615,1.547634084,5.990604855,8.604174863,11.88341108,NA,NA,NA,NA,NA,NA,NA,NA
Tobacco,2020-09-13,2020,0.44696192,0.270278018,-0.081245392,0.444394291,0.989336332,-6.396438466,0.896730986,-8.129319727,-6.391234593,-4.511110484,9.292519891,1.161865021,6.883279547,9.259669576,11.63811465,NA,NA,NA,NA,NA,NA,NA,NA
Tobacco,2020-09-14,2020,1.253091546,0.292375354,0.687554941,1.253190714,1.84235206,-7.367147174,0.90129559,-9.383536403,-7.289164725,-5.787476869,11.53205726,1.280598684,9.429229743,11.38961629,14.37867226,NA,NA,NA,NA,NA,NA,NA,NA
Tobacco,2020-09-15,2020,2.289962361,0.340931231,1.654870407,2.285806904,2.977820956,-7.927538606,0.925705615,-9.882877428,-7.857841993,-6.305316279,11.7996217,1.3284012,9.623729482,11.64772945,14.66440806,NA,NA,NA,NA,NA,NA,NA,NA
Tobacco,2020-09-16,2020,2.998356641,0.430182078,2.186739884,2.989772908,3.888542424,-9.191156166,1.18525519,-11.84196845,-9.12886372,-7.085899149,12.45210484,1.582471195,9.858163263,12.33878448,16.00352621,NA,NA,NA,NA,NA,NA,NA,NA
Tobacco,2020-09-17,2020,0.494679392,0.269130712,-0.019524088,0.493601478,1.023873879,-7.841634712,0.998840862,-9.881243261,-7.804561066,-5.950589868,11.10140222,1.295185931,8.751307289,11.00229757,14.02646176,NA,NA,NA,NA,NA,NA,NA,NA
Tobacco,2020-09-18,2020,0.414175318,0.266814039,-0.126345688,0.414497264,0.936066334,-7.908607202,0.956125812,-9.99008453,-7.893050752,-6.068453621,10.92494349,1.234559173,8.673656776,10.85850153,13.51976697,NA,NA,NA,NA,NA,NA,NA,NA
Tobacco,2020-09-19,2020,0.370634041,0.260507287,-0.152161027,0.370172891,0.86167919,-8.322762079,1.055015403,-10.46390814,-8.252939466,-6.44360528,11.25534237,1.306533963,9.003823667,11.17420081,14.11790761,NA,NA,NA,NA,NA,NA,NA,NA
Tobacco,2020-09-20,2020,0.644498912,0.257118953,0.150085476,0.645253407,1.142455588,-7.391383355,0.861424574,-9.117820188,-7.34675242,-5.804671277,10.98550581,1.199638634,8.890276387,10.91421958,13.48284246,NA,NA,NA,NA,NA,NA,NA,NA
Tobacco,2020-09-21,2020,1.084651654,0.269479352,0.556404894,1.08777001,1.578855087,-7.421315076,0.879230624,-9.278323313,-7.35931009,-5.886103866,11.20179891,1.265290605,9.002452222,11.08253347,13.90997473,NA,NA,NA,NA,NA,NA,NA,NA
Tobacco,2020-09-22,2020,1.393593023,0.281564077,0.821416469,1.390373227,1.946428485,-8.643044059,1.046765471,-10.96265081,-8.582942427,-6.801752142,11.30831299,1.331894529,8.998440836,11.1741035,14.23019341,NA,NA,NA,NA,NA,NA,NA,NA
Tobacco,2020-09-23,2020,1.799093912,0.309245242,1.199676386,1.80328494,2.414113224,-10.19410179,1.25801692,-12.66997161,-10.17721814,-7.895167552,11.33075283,1.403888776,8.771027749,11.30401368,14.28662943,NA,NA,NA,NA,NA,NA,NA,NA
Tobacco,2020-09-24,2020,1.322914867,0.308288542,0.730758973,1.331790531,1.915315186,-9.8208953,1.221758278,-12.25012397,-9.800310494,-7.433741654,10.68837269,1.25007673,8.279059507,10.66783651,13.25134569,NA,NA,NA,NA,NA,NA,NA,NA
Tobacco,2020-09-25,2020,0.910458979,0.335362254,0.265167149,0.908711527,1.57908786,-5.223048723,1.473339106,-8.085268398,-5.198910837,-2.430986229,3.762090279,1.081914457,1.636406147,3.749629632,5.823192594,NA,NA,NA,NA,NA,NA,NA,NA
Tobacco,2020-09-26,2020,0.356522385,0.271121126,-0.166433239,0.356845521,0.88090467,-7.287751976,1.98234068,-11.68965742,-7.087366863,-3.963013218,6.00732927,1.590347832,3.35386092,5.832554374,9.475962647,NA,NA,NA,NA,NA,NA,NA,NA
Tobacco,2020-09-27,2020,0.12950498,0.255337543,-0.373811567,0.118349946,0.628701407,-7.534605453,1.314535731,-10.28707792,-7.489028739,-5.064085263,7.643325964,1.270350952,5.225400268,7.583037474,10.36954502,NA,NA,NA,NA,NA,NA,NA,NA
Tobacco,2020-09-28,2020,0.285018341,0.256253532,-0.222195422,0.289296206,0.773612242,-9.4420375,1.246362907,-12.08918044,-9.356648796,-7.253033086,10.90606832,1.377230625,8.469527297,10.80377586,13.76563028,NA,NA,NA,NA,NA,NA,NA,NA
Tobacco,2020-09-29,2020,0.410881792,0.262533555,-0.119287408,0.405610446,0.922407611,-9.960541298,1.316044721,-12.96001812,-9.829693444,-7.722151825,11.32792084,1.425298426,8.890890911,11.13979166,14.54866663,NA,NA,NA,NA,NA,NA,NA,NA
Tobacco,2020-09-30,2020,0.144386557,0.239917374,-0.322182081,0.145100623,0.647283043,-9.023923266,1.170903269,-11.56521403,-8.947571567,-6.925395207,10.79993573,1.286336135,8.529049463,10.6740294,13.58620705,NA,NA,NA,NA,NA,NA,NA,NA
Tobacco,2020-10-01,2020,0.23785266,0.251170071,-0.253101763,0.232070472,0.748558159,-6.83214349,0.917262363,-8.774193126,-6.777561945,-5.144151323,10.50130579,1.258099528,8.317251935,10.3676707,13.33726297,NA,NA,NA,NA,NA,NA,NA,NA
Tobacco,2020-10-02,2020,0.106190744,0.250029657,-0.389502035,0.099234253,0.595692488,-5.92944049,0.939448712,-7.863149049,-5.902839981,-4.16613981,10.12269725,1.42941901,7.516772665,10.03846001,13.19004756,NA,NA,NA,NA,NA,NA,NA,NA
Tobacco,2020-10-03,2020,0.335160811,0.248317582,-0.131475064,0.337177861,0.841635929,-5.918642586,0.912975263,-8.00656589,-5.869857941,-4.298476894,10.55715322,1.430622226,8.136155114,10.38283727,13.8107557,NA,NA,NA,NA,NA,NA,NA,NA
Tobacco,2020-10-04,2020,0.350180824,0.242500386,-0.108263647,0.343774158,0.844256742,-6.086890241,0.86067589,-7.941368224,-6.057762626,-4.502909264,11.40453634,1.429593011,8.842711981,11.27125447,14.60502906,NA,NA,NA,NA,NA,NA,NA,NA
Tobacco,2020-10-05,2020,0.555573613,0.247627181,0.065522134,0.555850103,1.015490441,-6.078652567,0.834666425,-7.845848987,-6.072658346,-4.49920249,11.71554815,1.424246104,9.121408332,11.63850039,14.71654759,NA,NA,NA,NA,NA,NA,NA,NA
Tobacco,2020-10-06,2020,0.776245903,0.252498215,0.304430352,0.780203739,1.262805438,-6.637994475,0.820214942,-8.288270057,-6.595149593,-5.165324706,10.85683919,1.27693582,8.644533337,10.75219977,13.51519084,NA,NA,NA,NA,NA,NA,NA,NA
Tobacco,2020-10-07,2020,0.779416208,0.268999491,0.238891658,0.775176492,1.31464879,-7.676767325,1.021785204,-9.728600629,-7.606924175,-5.839152578,11.56814118,1.428399875,9.110101145,11.41059976,14.46624944,NA,NA,NA,NA,NA,NA,NA,NA
Tobacco,2020-10-08,2020,1.093223124,0.262327781,0.581383046,1.084849247,1.609779181,-7.724547741,0.938039079,-9.725594587,-7.647442373,-6.120229201,11.60517816,1.296389952,9.451877758,11.45384085,14.37691739,NA,NA,NA,NA,NA,NA,NA,NA
Tobacco,2020-10-09,2020,0.99917415,0.297858748,0.442261729,0.998716727,1.609977726,-6.998014107,1.196415339,-9.564614186,-6.927018137,-4.834215111,9.76605972,1.568456485,6.975558537,9.583536344,13.33995885,NA,NA,NA,NA,NA,NA,NA,NA
Tobacco,2020-10-10,2020,1.058252136,0.271875066,0.5262681,1.063142065,1.587775017,-8.676692136,1.122911016,-11.16383064,-8.594734345,-6.673883214,11.75097393,1.435934495,9.255973082,11.6525704,15.01117884,NA,NA,NA,NA,NA,NA,NA,NA
Tobacco,2020-10-11,2020,1.21828932,0.285651895,0.677283767,1.207009285,1.802153832,-8.61721859,1.124865156,-10.96073673,-8.514288176,-6.620791473,11.49033725,1.365586042,9.091433698,11.33434086,14.36407659,NA,NA,NA,NA,NA,NA,NA,NA
Tobacco,2020-10-12,2020,-0.133828496,0.297860535,-0.709217392,-0.14659565,0.463011793,-2.683874405,1.290307517,-5.321975436,-2.603830033,-0.357527949,2.789745674,1.224323291,0.575988398,2.722648481,5.306446598,NA,NA,NA,NA,NA,NA,NA,NA
Tobacco,2020-10-13,2020,0.15986016,0.23575091,-0.304444285,0.162408438,0.608092985,-3.587060832,1.018614478,-5.704428553,-3.523411795,-1.774179793,5.460577808,1.434894812,2.951182199,5.370708359,8.52571549,NA,NA,NA,NA,NA,NA,NA,NA
Tobacco,2020-10-14,2020,0.11184923,0.238221665,-0.361785165,0.106188993,0.575034293,-3.336374979,1.111739062,-5.743935859,-3.292877561,-1.362993,4.529409092,1.481416165,1.940150935,4.487298684,7.834390919,NA,NA,NA,NA,NA,NA,NA,NA
Tobacco,2020-10-15,2020,0.020083387,0.227086349,-0.436646191,0.020963986,0.46104107,-3.035303073,1.12783288,-5.41892037,-2.980768834,-0.944853312,4.382744899,1.48075197,1.732824466,4.296527412,7.521298356,NA,NA,NA,NA,NA,NA,NA,NA
Tobacco,2020-10-16,2020,0.064805612,0.232435411,-0.395168536,0.064818652,0.525536652,-3.2783547,0.979871305,-5.400530357,-3.248721844,-1.531613283,5.600539091,1.518368518,2.85984861,5.494551526,8.808873488,NA,NA,NA,NA,NA,NA,NA,NA
Tobacco,2020-10-17,2020,0.100758931,0.233045808,-0.36977245,0.102221417,0.544470657,-3.367965364,0.999226355,-5.617909188,-3.282622313,-1.622711294,5.8414486,1.612343047,3.233858685,5.608866167,9.569086944,NA,NA,NA,NA,NA,NA,NA,NA
Tobacco,2020-10-18,2020,0.02655391,0.228216241,-0.405739597,0.02094181,0.469364265,-3.176410421,0.990974807,-5.231939369,-3.087935066,-1.484636012,5.805969018,1.675187993,3.063304582,5.596754597,9.604594237,NA,NA,NA,NA,NA,NA,NA,NA
Tobacco,2020-10-19,2020,NA,NA,NA,NA,NA,NA,NA,NA,NA,NA,NA,NA,NA,NA,NA,NA,data don't end when expected,NA,NA,NA,NA,NA,NA
Traprock,2020-06-11,2020,NA,NA,NA,NA,NA,NA,NA,NA,NA,NA,NA,NA,NA,NA,NA,NA,data don't start when expected; NAs in DO.obs; NAs in DO.sat; NAs in temp.water,NA,NA,NA,NA,NA,NA
Traprock,2020-06-12,2020,NA,NA,NA,NA,NA,NA,NA,NA,NA,NA,NA,NA,NA,NA,NA,NA,NAs in DO.obs; NAs in DO.sat; NAs in temp.water,NA,NA,NA,NA,NA,NA
Traprock,2020-06-13,2020,1.841770961,0.758547755,0.372520343,1.827919313,3.338982226,-16.86651923,2.364772557,-21.66141023,-16.82687771,-12.11183667,27.32431413,3.432037307,20.66690984,27.36767312,34.19532613,NA,NA,NA,NA,NA,NA,NA,NA
Traprock,2020-06-14,2020,1.728575364,0.742733944,0.309132568,1.74711086,3.184519295,-15.66585312,2.16913939,-19.69408778,-15.68106795,-11.40896113,26.03307041,3.210735843,19.62541911,26.0395367,32.33306071,NA,NA,NA,NA,NA,NA,NA,NA
Traprock,2020-06-15,2020,1.587269342,0.763972866,0.132696227,1.574419878,3.043556353,-14.33054241,2.137238683,-18.43852674,-14.3289601,-10.33370788,24.06205067,3.175094784,18.10330812,24.03636984,30.24172786,NA,NA,NA,NA,NA,NA,NA,NA
Traprock,2020-06-16,2020,1.960745089,0.783259228,0.395487967,1.934544306,3.427411841,-15.06781691,2.170642952,-19.25300701,-15.11436701,-10.92213097,23.79175415,3.062499373,17.79524208,23.87316257,29.63081146,NA,NA,NA,NA,NA,NA,NA,NA
Traprock,2020-06-17,2020,2.176189944,0.825437962,0.515301976,2.158611587,3.775697144,-15.22963952,2.196682408,-19.67879823,-15.17739854,-11.19381021,23.15459928,2.925149429,17.76142506,22.99947931,29.15377602,NA,NA,NA,NA,NA,NA,NA,NA
Traprock,2020-06-18,2020,2.373371169,0.795800345,0.766534955,2.386762796,3.870329431,-14.99940537,2.243885955,-19.61480035,-15.01898058,-10.79392403,22.40406086,3.014410226,16.68933944,22.41124408,28.30347071,NA,NA,NA,NA,NA,NA,NA,NA
Traprock,2020-06-19,2020,1.792928909,0.744122379,0.383327783,1.78378545,3.252387044,-14.25507436,2.241946207,-18.72226238,-14.24324742,-9.934277595,22.66191431,3.154865535,16.71189811,22.66937032,28.78767725,NA,NA,NA,NA,NA,NA,NA,NA
Traprock,2020-06-20,2020,1.493538018,0.761852017,-0.019677779,1.468296607,3.042624297,-13.45819007,2.025068141,-17.37056209,-13.45990492,-9.586843799,22.12624881,2.925478573,16.32533077,22.12578532,27.5292866,NA,NA,NA,NA,NA,NA,NA,NA
Traprock,2020-06-21,2020,3.185477377,0.824813049,1.611993625,3.175169071,4.791726678,-14.59516107,2.153154956,-18.86752445,-14.60625959,-10.43652596,22.30323431,2.986377609,16.50297121,22.26097635,28.30000542,NA,NA,NA,NA,NA,NA,NA,NA
Traprock,2020-06-22,2020,2.79699267,0.785130912,1.208364462,2.790866288,4.360230287,-14.09578415,2.065037865,-18.11109638,-14.06707478,-9.97713532,22.65947898,2.931407261,16.64342152,22.666314,28.40360554,NA,NA,NA,NA,NA,NA,NA,NA
Traprock,2020-06-23,2020,2.390291046,0.781784322,0.847832532,2.382597263,3.975905618,-13.8515687,1.99806088,-17.87844664,-13.81798546,-10.12424417,22.32940894,2.825109671,16.97037304,22.22203958,28.1587772,NA,NA,NA,NA,NA,NA,NA,NA
Traprock,2020-06-24,2020,3.225020337,0.811106294,1.651022472,3.231771267,4.809714109,-14.01053229,1.963380476,-17.84445036,-13.96479918,-10.30332066,22.11195616,2.742860697,17.12210382,22.01473247,27.59967152,NA,NA,NA,NA,NA,NA,NA,NA
Traprock,2020-06-25,2020,4.011767704,0.887296202,2.196295147,4.002129824,5.776959962,-14.03261155,2.091464624,-18.16946409,-14.0322099,-9.88414866,22.15661639,2.922236721,16.27394401,22.15560799,27.655043,NA,NA,NA,NA,NA,NA,NA,NA
Traprock,2020-06-26,2020,5.076031421,0.940392332,3.24920313,5.110115951,6.951523782,-13.94894523,2.019262939,-17.97942003,-13.92410257,-10.08061466,21.04595857,2.758036906,15.94928054,20.9795708,26.57184663,NA,NA,NA,NA,NA,NA,NA,NA
Traprock,2020-06-27,2020,4.28826484,0.866907609,2.659201862,4.26850638,6.03237225,-13.60859917,2.002688924,-17.69503748,-13.57402863,-9.717186954,20.83494169,2.780313948,15.37394211,20.83072439,26.23017923,NA,NA,NA,NA,NA,NA,NA,NA
Traprock,2020-06-28,2020,5.545607306,1.019818456,3.611997839,5.545442719,7.446569248,-13.77126964,2.037561388,-17.8917889,-13.7369252,-9.850920888,21.39446939,2.790861997,15.79874395,21.38440756,26.94853867,NA,NA,NA,NA,NA,NA,NA,NA
Traprock,2020-06-29,2020,4.308794239,0.893094039,2.565077082,4.297348146,5.986846115,-12.52710133,1.960633761,-16.4726215,-12.50712525,-8.84396364,19.54022521,2.727556683,14.24754579,19.55946542,25.01030155,NA,NA,NA,NA,NA,NA,NA,NA
Traprock,2020-06-30,2020,5.195796718,0.922486257,3.357890425,5.211166011,6.966519576,-12.37509091,1.822334711,-15.89321076,-12.38604588,-8.678046689,18.80326015,2.467520856,13.99677626,18.78627456,23.59351979,NA,NA,NA,NA,NA,NA,NA,NA
Traprock,2020-07-01,2020,5.638964434,0.965934781,3.787406241,5.65738323,7.636841328,-12.72187064,1.834630101,-16.41457174,-12.75244688,-9.142078753,18.83190577,2.419141216,13.94657868,18.85264585,23.67704224,NA,NA,NA,NA,NA,NA,NA,NA
Traprock,2020-07-02,2020,5.79238569,0.971033507,3.892825546,5.806786231,7.667316981,-12.23058183,1.779978444,-15.8365781,-12.23043053,-8.741272248,19.5114806,2.515438493,14.64814071,19.4547853,24.64204259,NA,NA,NA,NA,NA,NA,NA,NA
Traprock,2020-07-03,2020,4.291606061,0.868930984,2.627784023,4.280436021,6.040468443,-11.42202891,1.744997818,-14.88957418,-11.42863187,-7.927159142,18.09122618,2.457694169,13.02058325,18.14975476,22.8456303,NA,NA,NA,NA,NA,NA,NA,NA
Traprock,2020-07-04,2020,4.700806236,0.873588678,2.962321427,4.71019261,6.456709897,-11.50664602,1.721409512,-15.0107217,-11.47818923,-8.157014667,17.75610143,2.36474947,13.31531513,17.71273623,22.42710688,NA,NA,NA,NA,NA,NA,NA,NA
Traprock,2020-07-05,2020,4.724802114,0.907678657,2.871442767,4.735475137,6.467732007,-12.05909878,1.858856492,-15.61060913,-12.10951607,-8.200418238,19.73563505,2.678425619,14.24048566,19.763389,24.91640142,NA,NA,NA,NA,NA,NA,NA,NA
Traprock,2020-07-06,2020,3.435890431,0.829914392,1.765276738,3.431493592,5.078809107,-15.86239632,2.15026611,-20.04346394,-15.88099366,-11.45372351,22.10307784,2.728359129,16.57609308,22.14108049,27.51013933,NA,NA,NA,NA,NA,NA,NA,NA
Traprock,2020-07-07,2020,3.429460847,0.83978697,1.757067734,3.429307844,5.070858452,-13.58324142,2.076559126,-17.69803194,-13.5744804,-9.620721394,19.25944729,2.689211717,14.20813642,19.23743273,24.5400111,NA,NA,NA,NA,NA,NA,NA,NA
Traprock,2020-07-08,2020,NA,NA,NA,NA,NA,NA,NA,NA,NA,NA,NA,NA,NA,NA,NA,NA,NAs in DO.obs; NAs in DO.sat; NAs in temp.water,NA,NA,NA,NA,NA,NA
Traprock,2020-07-09,2020,NA,NA,NA,NA,NA,NA,NA,NA,NA,NA,NA,NA,NA,NA,NA,NA,NAs in DO.obs; NAs in DO.sat; NAs in temp.water,NA,NA,NA,NA,NA,NA
Traprock,2020-07-10,2020,NA,NA,NA,NA,NA,NA,NA,NA,NA,NA,NA,NA,NA,NA,NA,NA,NAs in DO.obs; NAs in DO.sat; NAs in temp.water,NA,NA,NA,NA,NA,NA
Traprock,2020-07-11,2020,NA,NA,NA,NA,NA,NA,NA,NA,NA,NA,NA,NA,NA,NA,NA,NA,NAs in DO.obs; NAs in DO.sat; NAs in temp.water,NA,NA,NA,NA,NA,NA
Traprock,2020-07-12,2020,NA,NA,NA,NA,NA,NA,NA,NA,NA,NA,NA,NA,NA,NA,NA,NA,NAs in DO.obs; NAs in DO.sat; NAs in temp.water,NA,NA,NA,NA,NA,NA
Traprock,2020-07-13,2020,NA,NA,NA,NA,NA,NA,NA,NA,NA,NA,NA,NA,NA,NA,NA,NA,NAs in DO.obs; NAs in DO.sat; NAs in temp.water,NA,NA,NA,NA,NA,NA
Traprock,2020-07-14,2020,NA,NA,NA,NA,NA,NA,NA,NA,NA,NA,NA,NA,NA,NA,NA,NA,NAs in DO.obs; NAs in DO.sat; NAs in temp.water,NA,NA,NA,NA,NA,NA
Traprock,2020-07-15,2020,NA,NA,NA,NA,NA,NA,NA,NA,NA,NA,NA,NA,NA,NA,NA,NA,NAs in DO.obs; NAs in DO.sat; NAs in temp.water,NA,NA,NA,NA,NA,NA
Traprock,2020-07-16,2020,NA,NA,NA,NA,NA,NA,NA,NA,NA,NA,NA,NA,NA,NA,NA,NA,NAs in DO.obs; NAs in DO.sat; NAs in temp.water,NA,NA,NA,NA,NA,NA
Traprock,2020-07-17,2020,NA,NA,NA,NA,NA,NA,NA,NA,NA,NA,NA,NA,NA,NA,NA,NA,NAs in DO.obs; NAs in DO.sat; NAs in temp.water,NA,NA,NA,NA,NA,NA
Traprock,2020-07-18,2020,NA,NA,NA,NA,NA,NA,NA,NA,NA,NA,NA,NA,NA,NA,NA,NA,NAs in DO.obs; NAs in DO.sat; NAs in temp.water,NA,NA,NA,NA,NA,NA
Traprock,2020-07-19,2020,NA,NA,NA,NA,NA,NA,NA,NA,NA,NA,NA,NA,NA,NA,NA,NA,NAs in DO.obs; NAs in DO.sat; NAs in temp.water,NA,NA,NA,NA,NA,NA
Traprock,2020-07-20,2020,NA,NA,NA,NA,NA,NA,NA,NA,NA,NA,NA,NA,NA,NA,NA,NA,NAs in DO.obs; NAs in DO.sat; NAs in temp.water,NA,NA,NA,NA,NA,NA
Traprock,2020-07-21,2020,3.643880505,0.894692349,1.888792468,3.652062628,5.412013858,-12.90602676,2.397932561,-17.5886124,-12.85264633,-8.513192911,15.15624657,2.600745164,10.39644394,15.10316493,20.39089946,NA,NA,NA,NA,NA,NA,NA,NA
Traprock,2020-07-22,2020,-0.566092881,0.711578698,-1.918036453,-0.531766323,0.787645143,-8.596234168,3.143191267,-15.13623513,-8.493243689,-2.719892652,9.241527257,3.287421433,3.267362756,9.059688935,16.17774468,NA,NA,NA,NA,NA,NA,NA,NA
Traprock,2020-07-23,2020,1.350678668,0.733211778,-0.107221141,1.355711135,2.743037541,-15.56794806,2.534370213,-20.22390605,-15.65289993,-10.28199216,20.52600883,3.098330738,14.37279642,20.59374906,26.43756458,NA,NA,NA,NA,NA,NA,NA,NA
Traprock,2020-07-24,2020,2.192115819,0.742635341,0.74519731,2.211912238,3.642864922,-18.2696139,2.311527356,-22.81990347,-18.31154596,-13.78812541,25.7047872,2.997881385,19.81917887,25.6963943,31.464176,NA,NA,NA,NA,NA,NA,NA,NA
Traprock,2020-07-25,2020,3.501643573,0.827938991,1.849063214,3.483114754,5.123344401,-19.0814509,2.490707064,-23.86358355,-19.05873123,-14.42417126,24.30497285,2.986427389,18.56309646,24.29183347,30.01348396,NA,NA,NA,NA,NA,NA,NA,NA
Traprock,2020-07-26,2020,3.619620237,0.81847275,2.030089573,3.649671274,5.170782262,-21.20885105,2.771116923,-26.73985236,-21.2450574,-15.73667836,27.30286634,3.351459995,21.01328859,27.27131208,33.92602805,NA,NA,NA,NA,NA,NA,NA,NA
Traprock,2020-07-27,2020,2.379098879,0.762857424,0.845180178,2.396717918,3.832715727,-17.39844659,2.446851801,-22.27390033,-17.41623084,-12.71296078,24.03359509,3.108057257,17.96540001,24.02090626,30.18610207,NA,NA,NA,NA,NA,NA,NA,NA
Traprock,2020-07-28,2020,2.265531606,0.720560771,0.917385433,2.262247904,3.69797249,-15.83427908,2.177008287,-20.10486951,-15.85966615,-11.46248608,23.19060564,2.861588989,17.62957757,23.1273157,28.88457158,NA,NA,NA,NA,NA,NA,NA,NA
Traprock,2020-07-29,2020,2.529460843,0.769138554,0.98982131,2.535751041,4.050397739,-14.93334331,2.20285925,-19.35751418,-14.90933704,-10.7053662,22.63885113,2.97312373,16.92806128,22.56970181,28.62989814,NA,NA,NA,NA,NA,NA,NA,NA
Traprock,2020-07-30,2020,2.767106493,0.756754929,1.266609499,2.773129694,4.224267745,-14.04155927,2.011603649,-18.09025053,-13.99869958,-10.30709889,22.07233243,2.853127756,16.4452665,22.16978234,27.58769115,NA,NA,NA,NA,NA,NA,NA,NA
Traprock,2020-07-31,2020,3.39668613,0.823237783,1.827476243,3.401161024,5.072799378,-13.52579181,2.093066715,-17.66215041,-13.48361385,-9.506293774,21.41929334,2.942769105,15.91512961,21.4052566,27.26841335,NA,NA,NA,NA,NA,NA,NA,NA
Traprock,2020-08-01,2020,5.66417027,0.968630518,3.85461953,5.69741717,7.54220814,-13.81653075,2.028937445,-17.6146544,-13.83445712,-9.807095036,17.9039526,2.368890268,13.35398443,17.8847905,22.47556252,NA,NA,NA,NA,NA,NA,NA,NA
Traprock,2020-08-02,2020,1.321063876,0.717090184,-0.093620581,1.341300561,2.796363459,-7.694823579,1.99244924,-11.62793205,-7.647744767,-3.890628971,9.87781558,2.300175484,5.328048429,9.854002209,14.25781701,NA,NA,NA,NA,NA,NA,NA,NA
Traprock,2020-08-03,2020,10.63642908,1.418563755,7.922443146,10.63837762,13.48143937,-17.83837927,2.3052464,-22.4158588,-17.84453008,-13.56027888,25.86926828,3.03156079,20.02765438,25.83639519,32.05599039,NA,NA,NA,NA,NA,NA,NA,NA
Traprock,2020-08-04,2020,3.383530223,0.819870715,1.788663607,3.405824507,4.975966314,-15.57757851,2.25998533,-19.97414862,-15.65205947,-11.19627312,25.36612137,3.282163181,18.8665268,25.44144044,31.56889323,NA,NA,NA,NA,NA,NA,NA,NA
Traprock,2020-08-05,2020,0.305079149,0.683080666,-1.014851102,0.289932726,1.682462277,-6.773294975,1.373178595,-9.474203368,-6.75188183,-4.081692671,20.6426888,2.603253694,15.65343097,20.64977902,25.68992433,NA,NA,NA,NA,NA,NA,NA,NA
Traprock,2020-08-06,2020,2.045535662,0.728088701,0.643796401,2.031679596,3.484643868,-7.207398758,1.321777008,-9.838179717,-7.172468923,-4.649349658,24.34691016,3.036308896,18.53828814,24.32662172,30.61682354,NA,NA,NA,NA,NA,NA,NA,NA
Traprock,2020-08-07,2020,2.556718998,0.721108152,1.160431389,2.562130752,3.996474156,-7.731630856,1.317463385,-10.29618485,-7.719155839,-5.216344535,24.61486968,3.064479291,18.92793651,24.53473492,30.81203237,NA,NA,NA,NA,NA,NA,NA,NA
Traprock,2020-08-08,2020,2.809149229,0.799637714,1.316131267,2.799241694,4.41490959,-11.91895637,1.900462639,-15.85729451,-11.86307295,-8.407581023,21.81679282,3.056913295,16.1477635,21.66794686,28.04908958,NA,NA,NA,NA,NA,NA,NA,NA
Traprock,2020-08-09,2020,2.948305883,0.934614468,1.127166721,2.971052441,4.722684355,-9.79826623,2.319504917,-14.36666766,-9.741016633,-5.13266469,11.48544659,2.529626032,5.979851436,11.44101836,16.26884779,NA,NA,NA,NA,NA,NA,NA,NA
Traprock,2020-08-10,2020,-2.702436546,0.659920101,-3.958204801,-2.70804782,-1.410669983,-1.070873685,0.995365685,-3.042296401,-1.051345383,0.802978168,0.060993597,0.058520058,0.0014401,0.043257975,0.232499234,NA,NA,NA,NA,NA,NA,NA,NA
Traprock,2020-08-11,2020,0.103546935,0.672192074,-1.147474307,0.094641519,1.451098282,-17.51229491,1.958097002,-21.30471464,-17.51755769,-13.85744192,18.90625221,1.47499388,16.05406035,18.90084697,21.7630369,NA,NA,NA,NA,NA,NA,NA,NA
Traprock,2020-08-12,2020,2.489549302,0.747095622,1.067138028,2.505621638,3.947575122,-16.64697878,2.615036308,-21.55692934,-16.65490046,-11.80028027,19.35905492,2.831377205,13.97159492,19.43307254,24.53861353,NA,NA,NA,NA,NA,NA,NA,NA
Traprock,2020-08-13,2020,1.491181241,0.694116351,0.0974946,1.480285601,2.886639903,-14.71571615,2.274220304,-18.98008136,-14.72077378,-10.45793243,23.1475938,3.226243569,17.1038351,23.16957258,29.35906858,NA,NA,NA,NA,NA,NA,NA,NA
Traprock,2020-08-14,2020,1.905287348,0.703443605,0.509595188,1.902158192,3.276896722,-15.3611287,2.195889202,-19.78858465,-15.25934993,-11.07354752,24.08771163,3.09711937,18.32040904,24.04601201,30.28001204,NA,NA,NA,NA,NA,NA,NA,NA
Traprock,2020-08-15,2020,1.907971525,0.67982895,0.615891079,1.920157277,3.195402771,-14.51208723,2.03691257,-18.69235835,-14.4866511,-10.55108044,22.97841919,2.914458875,17.42434097,22.94106141,28.77504242,NA,NA,NA,NA,NA,NA,NA,NA
Traprock,2020-08-16,2020,1.991112472,0.695833565,0.69477276,1.983828393,3.368946386,-12.93958606,1.92688612,-16.73653586,-12.92258638,-9.275501368,21.48017263,2.878080072,15.87951417,21.44940407,27.29200756,NA,NA,NA,NA,NA,NA,NA,NA
Traprock,2020-08-17,2020,2.26984151,0.738337298,0.854143801,2.243658086,3.73093982,-12.53421648,2.032753582,-16.64035597,-12.53102476,-8.607358165,21.51801455,3.152520539,15.52282512,21.47540376,27.94919439,NA,NA,NA,NA,NA,NA,NA,NA
Traprock,2020-08-18,2020,2.223112968,0.701015601,0.777533556,2.236754202,3.588149118,-11.77844447,1.797985909,-15.24553357,-11.86023127,-8.013972448,21.2850643,2.87754298,15.34010702,21.33253857,26.75905218,NA,NA,NA,NA,NA,NA,NA,NA
Traprock,2020-08-19,2020,1.703540751,0.671971498,0.434842364,1.698145533,3.00725273,-12.42606322,1.960280614,-16.08746094,-12.43137577,-8.596115161,21.65899818,3.06306781,15.66202483,21.73578336,27.6821812,NA,NA,NA,NA,NA,NA,NA,NA
Traprock,2020-08-20,2020,1.720640697,0.660849724,0.475860528,1.720366933,3.004920408,-13.51250975,2.02718906,-17.44204088,-13.53976581,-9.477236316,23.23867547,3.130020673,17.06198994,23.23411509,29.12304097,NA,NA,NA,NA,NA,NA,NA,NA
Traprock,2020-08-21,2020,4.008406875,0.782932387,2.514320218,4.005806582,5.56181902,-13.2076429,1.89646165,-16.92089018,-13.24083295,-9.386938187,22.21953101,2.848234264,16.52208642,22.24507315,27.66071808,NA,NA,NA,NA,NA,NA,NA,NA
Traprock,2020-08-22,2020,5.0746817,0.86887577,3.396880022,5.065035892,6.730086159,-12.22505823,1.783163495,-15.68505982,-12.27023517,-8.591004365,21.00937418,2.743946411,15.74125979,21.06506323,26.34827734,NA,NA,NA,NA,NA,NA,NA,NA
Traprock,2020-08-23,2020,6.284490531,1.06627489,4.137406158,6.278568445,8.47072751,-13.14148133,1.992727032,-17.03409591,-13.1048775,-9.202287829,21.76676611,2.980864089,15.89561184,21.7619548,27.75010279,NA,NA,NA,NA,NA,NA,NA,NA
Traprock,2020-08-24,2020,6.698143289,1.11540397,4.514045536,6.702423773,8.841459523,-12.22447337,1.918121949,-15.88700996,-12.22149376,-8.509420458,20.6598551,2.887975445,14.91574986,20.63866063,26.32452548,NA,NA,NA,NA,NA,NA,NA,NA
Traprock,2020-08-25,2020,8.921476666,1.301709744,6.373074378,8.912022547,11.46944926,-12.52162357,1.865017292,-16.14153776,-12.52207392,-9.038704324,20.48673265,2.706398805,15.18756519,20.45554041,25.61798861,NA,NA,NA,NA,NA,NA,NA,NA
Traprock,2020-08-26,2020,12.67905706,1.215970866,10.40547973,12.71714306,15.13640017,-13.81863557,1.482130057,-16.79965788,-13.76123527,-10.99707369,17.09760025,1.696499966,13.8507481,17.08365934,20.4433066,NA,NA,NA,NA,NA,NA,NA,NA
Traprock,2020-08-27,2020,8.794513552,1.927543407,5.154645632,8.775916704,12.55207116,-7.543138919,1.821853771,-11.10908381,-7.53796531,-4.014034701,11.54296991,2.278387814,7.216323579,11.55005427,15.92587953,NA,NA,NA,NA,NA,NA,NA,NA
Traprock,2020-08-28,2020,3.895596558,1.077867093,1.800770459,3.903378011,6.107008392,-3.960063251,1.289954292,-6.614340468,-3.983285506,-1.456216946,5.971911403,1.419699125,3.086540144,5.954543834,8.775251506,NA,NA,NA,NA,NA,NA,NA,NA
Traprock,2020-08-29,2020,4.110892121,2.247515679,-0.090754257,4.14543255,8.467265807,-2.539255229,1.784108843,-5.955074677,-2.568741977,0.78734198,5.051950801,2.208132282,0.841741009,5.074455272,9.25755468,NA,NA,NA,NA,NA,NA,NA,NA
Traprock,2020-08-30,2020,6.725019604,1.617780901,3.696274223,6.675225694,10.01205129,-6.420798288,1.699123558,-9.882365676,-6.403811001,-3.198887044,10.91281102,2.267455034,6.655659249,10.84594845,15.50290138,NA,NA,NA,NA,NA,NA,NA,NA
Traprock,2020-08-31,2020,2.996846544,1.167230084,0.720228772,3.0031687,5.253713373,-4.531022841,1.617478315,-7.534548626,-4.537730239,-1.236833682,7.22490351,1.913078735,3.497344783,7.214037737,10.93419153,NA,NA,NA,NA,NA,NA,NA,NA
Traprock,2020-09-01,2020,21.5783166,2.349392271,17.10594318,21.60153838,26.08554524,-17.89173856,2.045714188,-21.733382,-17.84853637,-13.86531763,20.13326645,2.181433584,15.97414345,20.14131694,24.29794107,NA,NA,NA,NA,NA,NA,NA,NA
Traprock,2020-09-02,2020,-0.660716219,1.061749409,-2.392913612,-0.820307337,1.742808304,0.703270811,1.250049908,-1.876063594,0.785691113,2.891642918,1.046329367,0.876549382,0.018124073,0.839829708,3.211208715,NA,NA,NA,NA,NA,NA,NA,NA
Traprock,2020-09-03,2020,-1.424497778,0.699751494,-2.765196717,-1.412984822,-0.06571256,1.03617829,1.162392345,-1.329409109,1.020851857,3.370882239,2.708193274,1.212721214,0.520329659,2.666966128,5.219629657,NA,NA,NA,NA,NA,NA,NA,NA
Traprock,2020-09-04,2020,2.328695983,0.677620252,1.007367644,2.312181242,3.63801646,-11.5748412,1.850450238,-15.11922268,-11.63689251,-7.902960658,20.44616865,2.871392003,14.74472097,20.5194511,26.09012782,NA,NA,NA,NA,NA,NA,NA,NA
Traprock,2020-09-05,2020,2.425060847,0.680637151,1.140883169,2.427427756,3.774177607,-10.92055687,1.736405517,-14.40061678,-10.93194232,-7.607828562,20.3780699,2.800749566,14.95028469,20.31959536,25.90729055,NA,NA,NA,NA,NA,NA,NA,NA
Traprock,2020-09-06,2020,3.244564843,0.726638859,1.797484479,3.231019199,4.676094805,-12.71750986,1.901115312,-16.39519659,-12.69839719,-9.023058967,22.00839527,2.899497963,16.33374515,22.07018267,27.85561304,NA,NA,NA,NA,NA,NA,NA,NA
Traprock,2020-09-07,2020,2.891044757,0.686932308,1.602920244,2.882951161,4.238596283,-9.74930463,1.617216166,-12.9641572,-9.713987045,-6.760385284,18.69288854,2.667802022,13.76107572,18.58326539,24.10372004,NA,NA,NA,NA,NA,NA,NA,NA
Traprock,2020-09-08,2020,3.52759391,0.727806282,2.108221409,3.52015034,4.919029847,-10.0875475,1.59896599,-13.28370182,-10.07525471,-7.072902475,21.09636793,2.838784275,15.58561714,21.03494711,26.7211806,NA,NA,NA,NA,NA,NA,NA,NA
Traprock,2020-09-09,2020,3.303979598,0.714015194,1.941722298,3.296241315,4.739673154,-9.665381443,1.535062277,-12.56207675,-9.636796258,-6.503205763,21.46570909,2.897370486,15.62428426,21.50114809,26.81482012,NA,NA,NA,NA,NA,NA,NA,NA
Traprock,2020-09-10,2020,3.311030621,0.723986081,1.903488149,3.316545754,4.794450073,-9.789245768,1.553030641,-12.99164622,-9.778515933,-6.720626803,21.75943333,2.958374914,16.11006146,21.7938208,27.62719759,NA,NA,NA,NA,NA,NA,NA,NA
Traprock,2020-09-11,2020,3.353218205,0.708534136,1.985594501,3.357173066,4.723624544,-9.45286403,1.499415398,-12.35969144,-9.393224379,-6.491615697,20.76021365,2.822105116,15.51017154,20.75796349,26.33685329,NA,NA,NA,NA,NA,NA,NA,NA
Traprock,2020-09-12,2020,2.100656005,0.612339265,0.954246596,2.099948457,3.291460036,-11.53770667,1.73321909,-14.8553967,-11.55099227,-8.247583251,20.81932772,2.925555109,15.17288564,20.76763822,26.65774462,NA,NA,NA,NA,NA,NA,NA,NA
Traprock,2020-09-13,2020,3.765498694,0.735669321,2.345798362,3.758526887,5.209815202,-12.46399984,1.819318769,-16.13726465,-12.41866375,-9.078859251,22.39793704,2.902381528,16.76102973,22.37707547,28.09331332,NA,NA,NA,NA,NA,NA,NA,NA
Traprock,2020-09-14,2020,2.978305117,0.68297925,1.675755326,2.990574469,4.373126333,-9.107891597,1.528987411,-12.15866458,-9.090287064,-6.208468931,18.61720594,2.696686812,13.38721448,18.62149174,23.99175926,NA,NA,NA,NA,NA,NA,NA,NA
Traprock,2020-09-15,2020,3.400019115,0.664957201,2.061375302,3.393089204,4.746205405,-10.09309295,1.465337758,-12.98778957,-10.06687317,-7.226094627,18.63905597,2.492305459,13.81586725,18.63666947,23.48409374,NA,NA,NA,NA,NA,NA,NA,NA
Traprock,2020-09-16,2020,3.056557942,0.675810627,1.756561103,3.052950724,4.389211577,-10.19354101,1.604428681,-13.35848889,-10.1433838,-7.167259911,18.98126359,2.60820995,13.9918489,18.90110847,24.35940628,NA,NA,NA,NA,NA,NA,NA,NA
Traprock,2020-09-17,2020,2.11320434,0.63752812,0.844937659,2.098345752,3.44450304,-9.469102867,1.571182001,-12.56249246,-9.476079278,-6.517716026,20.80557512,2.860531753,15.48036641,20.78857492,26.6859519,NA,NA,NA,NA,NA,NA,NA,NA
Traprock,2020-09-18,2020,2.117013348,0.632335999,0.807394323,2.11503415,3.326254017,-8.798196858,1.500953792,-11.69070649,-8.754039307,-5.860546739,19.87697543,2.878192555,14.33844171,19.8150478,25.60266452,NA,NA,NA,NA,NA,NA,NA,NA
Traprock,2020-09-19,2020,2.498682186,0.678025506,1.182996349,2.48919374,3.866432703,-9.72604802,1.624272838,-13.05988905,-9.673662898,-6.778639625,21.9651546,3.055705287,16.19023613,21.83100149,28.17404608,NA,NA,NA,NA,NA,NA,NA,NA
Traprock,2020-09-20,2020,2.544088026,0.659073231,1.288460658,2.528601936,3.808848796,-8.264131276,1.449813768,-11.13363307,-8.228286308,-5.50635565,19.17322277,2.877298681,13.57327708,19.22230485,24.77378262,NA,NA,NA,NA,NA,NA,NA,NA
Traprock,2020-09-21,2020,2.874182018,0.686969621,1.541018538,2.87213205,4.241044007,-9.339600462,1.596720777,-12.4314174,-9.382973315,-6.249730798,19.58201659,2.951494559,13.59087534,19.57625592,25.19194451,NA,NA,NA,NA,NA,NA,NA,NA
Traprock,2020-09-22,2020,3.186427747,0.687896388,1.87669914,3.188765213,4.528360834,-11.05547089,1.810513693,-14.65538663,-11.06429986,-7.510026777,20.94248105,3.155693108,14.76050119,20.99749863,27.02593229,NA,NA,NA,NA,NA,NA,NA,NA
Traprock,2020-09-23,2020,3.180209664,0.674155168,1.879512993,3.177868011,4.488030561,-10.1048782,1.659033789,-13.37182284,-10.09816312,-6.745137175,19.74946618,2.977349341,13.9938687,19.72248826,25.64791422,NA,NA,NA,NA,NA,NA,NA,NA
Traprock,2020-09-24,2020,2.920940729,0.667611161,1.633071753,2.901820548,4.243517183,-9.787793985,1.64874807,-12.9688635,-9.753004998,-6.469963032,21.43280674,3.185820009,15.24630702,21.45684887,27.68889245,NA,NA,NA,NA,NA,NA,NA,NA
Traprock,2020-09-25,2020,2.618070114,0.652823364,1.275242863,2.615019452,3.874643392,-10.97060697,1.783869958,-14.42622994,-11.02822937,-7.432926276,19.40732322,2.88588583,13.58219358,19.40786595,24.92702177,NA,NA,NA,NA,NA,NA,NA,NA
Traprock,2020-09-26,2020,2.424286416,0.628751478,1.24457184,2.416377855,3.722496198,-12.86156437,1.932085864,-16.61368522,-12.87214729,-9.205095371,20.16219123,2.766684911,14.92634432,20.11962646,25.37871059,NA,NA,NA,NA,NA,NA,NA,NA
Traprock,2020-09-27,2020,1.978445953,0.625718105,0.778521634,1.976676769,3.257913714,-13.4403307,2.031632721,-17.39005973,-13.44120004,-9.631020098,20.95280675,2.857695296,15.41753728,20.94010714,26.47898556,NA,NA,NA,NA,NA,NA,NA,NA
Traprock,2020-09-28,2020,1.673765505,0.588471627,0.49758143,1.685345086,2.796192704,-12.38662416,1.86340791,-16.16640938,-12.41434862,-8.780973072,20.435564,2.861573873,14.71533702,20.40097093,25.91916401,NA,NA,NA,NA,NA,NA,NA,NA
Traprock,2020-09-29,2020,1.436931825,0.575847787,0.318349867,1.414830522,2.599540004,-12.6839509,1.876472106,-16.26388433,-12.69729745,-8.886801468,20.90520542,2.840164416,15.25362105,20.95502788,26.21259064,NA,NA,NA,NA,NA,NA,NA,NA
Traprock,2020-09-30,2020,1.508045883,0.578997741,0.378222168,1.505973609,2.657901852,-13.2810978,1.909245383,-17.08584081,-13.23247768,-9.577330785,22.22967092,3.037629161,16.28362314,22.07015167,28.29743356,NA,NA,NA,NA,NA,NA,NA,NA
Traprock,2020-10-01,2020,2.296842474,0.611394874,1.081692928,2.295556486,3.508914712,-13.07751886,1.910884538,-16.87595603,-13.08088608,-9.36822154,22.62123358,2.988662907,16.80948434,22.6177217,28.57872653,NA,NA,NA,NA,NA,NA,NA,NA
Traprock,2020-10-02,2020,2.158042799,0.606848844,0.978938426,2.165992606,3.371577435,-11.75742582,1.750303242,-15.44245346,-11.6797774,-8.459799733,22.36375768,2.966123103,16.6800651,22.37041836,28.00925981,NA,NA,NA,NA,NA,NA,NA,NA
Traprock,2020-10-03,2020,2.599931315,0.628846138,1.293166104,2.611181261,3.834375899,-11.49576839,1.776430415,-14.96598085,-11.52737765,-7.853841219,22.43257983,3.10394918,16.24043227,22.46590244,28.66211954,NA,NA,NA,NA,NA,NA,NA,NA
Traprock,2020-10-04,2020,2.837836839,0.68114439,1.51898521,2.841112624,4.119725544,-10.94890882,1.735585295,-14.31003959,-10.99773686,-7.605670906,21.69320818,3.03653499,16.14841649,21.7290414,27.68042778,NA,NA,NA,NA,NA,NA,NA,NA
Traprock,2020-10-05,2020,3.112289215,0.659226921,1.846705678,3.095030758,4.408676615,-12.07261741,1.763723692,-15.59731236,-12.07537742,-8.370857792,21.92046594,2.93718126,15.98133255,21.91436899,27.83838275,NA,NA,NA,NA,NA,NA,NA,NA
Traprock,2020-10-06,2020,2.875150505,0.627065622,1.629282905,2.878258721,4.107242165,-12.92126065,1.837086382,-16.47415063,-12.94199606,-9.273544019,21.85926059,2.902286623,16.08023392,21.90887669,27.35214836,NA,NA,NA,NA,NA,NA,NA,NA
Traprock,2020-10-07,2020,2.578416316,0.598180833,1.467568509,2.563151383,3.779603529,-12.22047,1.729731806,-15.55843296,-12.26352848,-8.908307107,21.93140481,2.766341247,16.77341453,21.91465779,27.29258614,NA,NA,NA,NA,NA,NA,NA,NA
Traprock,2020-10-08,2020,2.350166177,0.60421322,1.204756459,2.354288817,3.511819884,-11.73588447,1.799456466,-15.64115795,-11.69750567,-8.282144154,21.84894164,3.011097146,16.21455019,21.83302014,28.1346171,NA,NA,NA,NA,NA,NA,NA,NA
Traprock,2020-10-09,2020,2.721996138,0.627653203,1.518905068,2.719667393,3.945234838,-12.37599541,1.784563789,-15.83820071,-12.3262153,-8.888684428,21.7345565,2.868300668,16.34459278,21.7298596,27.36701859,NA,NA,NA,NA,NA,NA,NA,NA
Traprock,2020-10-10,2020,2.347103631,0.611455099,1.142631097,2.348515535,3.566965927,-11.46703907,1.80376589,-14.88810688,-11.48381929,-7.899136372,21.03589559,2.880159531,15.45381723,21.05145317,26.54703961,NA,NA,NA,NA,NA,NA,NA,NA
Traprock,2020-10-11,2020,2.677474156,0.619181065,1.516205341,2.695657544,3.907223578,-12.03949058,1.785421062,-15.55986381,-12.04713777,-8.512948366,22.09593323,2.91618783,16.34931792,22.0816273,27.97969793,NA,NA,NA,NA,NA,NA,NA,NA
Traprock,2020-10-12,2020,1.986463665,0.575412731,0.875469202,1.977054795,3.156935581,-19.23045087,2.672106908,-24.65795142,-19.16010553,-14.20897649,25.07485738,3.30736769,18.77781908,24.95265483,31.96090055,NA,NA,NA,NA,NA,NA,NA,NA
Traprock,2020-10-13,2020,2.507843084,0.615997257,1.344110086,2.512917007,3.707790991,-17.68052206,2.522620071,-22.48727623,-17.7057951,-12.62904933,25.90443558,3.487669631,18.79820027,25.9368115,32.51102739,NA,NA,NA,NA,NA,NA,NA,NA
Traprock,2020-10-14,2020,0.639240675,0.583172425,-0.523099409,0.649392939,1.766461364,-11.18943104,2.774533179,-16.41098262,-11.24280376,-5.51822519,13.60667148,3.123553472,7.207834987,13.63287576,19.63550621,NA,NA,NA,NA,NA,NA,NA,NA
Traprock,2020-10-15,2020,0.461761297,0.51154599,-0.542562477,0.461254096,1.39551069,-8.23250566,2.224377721,-12.64138646,-8.188024426,-4.022197925,11.93674545,3.008447576,6.029904118,11.94058262,17.86817958,NA,NA,NA,NA,NA,NA,NA,NA
Traprock,2020-10-16,2020,1.491533715,0.550365364,0.402148779,1.488341402,2.56604481,-14.66562387,2.151536278,-18.87059267,-14.68235036,-10.55397569,24.33010875,3.331704119,17.87602516,24.25412432,30.7302208,NA,NA,NA,NA,NA,NA,NA,NA
Traprock,2020-10-17,2020,1.008616527,0.534457365,-0.037944693,0.992442591,2.113993541,-16.95894811,2.427249805,-21.89330553,-16.92961747,-12.30148486,28.45365652,3.721812055,21.28779223,28.47719921,35.68699081,NA,NA,NA,NA,NA,NA,NA,NA
Traprock,2020-10-18,2020,2.101033199,0.578375304,0.946521099,2.105323469,3.189584165,-15.27345695,2.216982106,-19.62126716,-15.32111083,-10.95819081,27.02909138,3.625073458,19.7280951,27.05320171,33.99684832,NA,NA,NA,NA,NA,NA,NA,NA
Traprock,2020-10-19,2020,NA,NA,NA,NA,NA,NA,NA,NA,NA,NA,NA,NA,NA,NA,NA,NA,data don't end when expected; NAs in depth; NAs in discharge,NA,NA,NA,NA,NA,NA
