chamber,state,siteid,stream,year,month,date,processname,process,blanktype,chamber_size,origilsubstrate,substrate,test,amended_unamended,blank_not,air_not,light_dark,surface_area,temp_initial,temp_final,hour_rate,mean_blank_rate,mean_blank_rate_NAzero,correctedflux,correctedflux_nonegs
C1,NC,New Hope Creek 2017-06-03,New Hope Creek,2017,June,6/3/17,Nfixation_unamended,Nfixation,large Rock,large,Rock,Rock,NF,unamended,not,not,Light,0.02097703,21.4,24,-9.00E-04,-0.00677,-0.00677,2.611745641,2.611745641
C2,NC,New Hope Creek 2017-06-03,New Hope Creek,2017,June,6/3/17,Nfixation_unamended,Nfixation,large Rock,large,Rock,Rock,NF,unamended,not,not,Light,0.02374113,21.4,24.3,-0.00452,-0.00677,-0.00677,0.884540879,0.884540879
C4,NC,New Hope Creek 2017-06-03,New Hope Creek,2017,June,6/3/17,Nfixation_unamended,Nfixation,large Rock,large,Rock,Rock,NF,unamended,not,not,Light,0.02060368,21.4,24.2,0.00782,-0.00677,-0.00677,6.609175319,6.609175319
C5,NC,Eno River 2017-06-04,Eno River,2017,June,6/4/17,Nfixation_unamended,Nfixation,large Rock,large,Rock,Rock,NF,unamended,not,not,Light,0.01301223,24.1,28,-0.00801,NA,0,-5.745364169,0
C8,NC,Eno River 2017-06-04,Eno River,2017,June,6/4/17,Nfixation_unamended,Nfixation,large Rock,large,Rock,Rock,NF,unamended,not,not,Light,0.01795748,24,26.7,-0.00646,NA,0,-3.357560935,0
F12,UT,Lower Knowton Fork Red Butte Creek 2017-07-18,Lower Knowton Fork Red Butte Creek,2017,July,7/18/17,Nfixation_unamended,Nfixation,large Rock,large,Rock,Rock,NF,unamended,not,not,Light,0.021041184,11,12.3,-0.01177,-0.003085,-0.003085,-3.852444805,0
F3,UT,Lower Knowton Fork Red Butte Creek 2017-07-18,Lower Knowton Fork Red Butte Creek,2017,July,7/18/17,Nfixation_unamended,Nfixation,large Rock,large,Rock,Rock,NF,unamended,not,not,Light,0.020086125,10.3,12.8,-0.0204,-0.003085,-0.003085,-8.045686595,0
G3,UT,Lower Knowton Fork Red Butte Creek 2017-07-18,Lower Knowton Fork Red Butte Creek,2017,July,7/18/17,Nfixation_unamended,Nfixation,large Rock,large,Rock,Rock,NF,unamended,not,not,Light,0.014778076,10.6,12.2,0.00081,-0.003085,-0.003085,2.459950357,2.459950357
G11,UT,1300 E Red Butte Creek 2017-07-19,1300 E Red Butte Creek,2017,July,7/19/17,Nfixation_unamended,Nfixation,large Rock,large,Rock,Rock,NF,unamended,not,not,Light,0.020069233,17.8,18.5,0.00283,-0.001865,-0.001865,2.183441689,2.183441689
G12,UT,1300 E Red Butte Creek 2017-07-19,1300 E Red Butte Creek,2017,July,7/19/17,Nfixation_unamended,Nfixation,large Rock,large,Rock,Rock,NF,unamended,not,not,Light,0.014804064,18.1,18.5,-0.00406,-0.001865,-0.001865,-1.383854235,0
F5,ID,South Fork Mink Creek 2017-07-27,South Fork Mink Creek,2017,July,7/27/17,Nfixation_unamended,Nfixation,large Rock,large,Rock,Rock,NF,unamended,not,not,Light,0.020582496,14.9,17.5,1.3001,-0.008055,-0.008055,593.1956293,593.1956293
F6,ID,South Fork Mink Creek 2017-07-27,South Fork Mink Creek,2017,July,7/27/17,Nfixation_unamended,Nfixation,large Rock,large,Rock,Rock,NF,unamended,not,not,Light,0.016608931,14.7,17.7,0.72949,-0.008055,-0.008055,414.4609508,414.4609508
G1,ID,South Fork Mink Creek 2017-07-27,South Fork Mink Creek,2017,July,7/27/17,Nfixation_unamended,Nfixation,large Rock,large,Rock,Rock,NF,unamended,not,not,Light,0.018383911,15.2,17.9,0.60101,-0.008055,-0.008055,309.216394,309.216394
G9,ID,South Fork Mink Creek 2017-07-27,South Fork Mink Creek,2017,July,7/27/17,Nfixation_unamended,Nfixation,large Rock,large,Rock,Rock,NF,unamended,not,not,Light,0.017587379,16,18.3,1.32638,-0.008055,-0.008055,708.1627494,708.1627494
G7,WI,Black Earth Creek 2017-08-08,Black Earth Creek,2017,August,8/8/17,Nfixation_unamended,Nfixation,large Rock,large,Rock,Rock,NF,unamended,not,not,Light,0.014325885,17.6,19.1,-0.00972,-0.01311,-0.01311,2.208589557,2.208589557
H1,WI,Black Earth Creek 2017-08-08,Black Earth Creek,2017,August,8/8/17,Nfixation_unamended,Nfixation,large Rock,large,Rock,Rock,NF,unamended,not,not,Light,0.011599744,17.3,18,-0.0226,-0.01311,-0.01311,-7.635800698,0
D10,NC,New Hope Creek 2018-05-27,New Hope Creek,2018,May,5/27/18,Nfixation_unamended,Nfixation,large Rock,large,Rock,Rock,NF,unamended,not,not,Light,0.018627956,22.2,23.2,-0.03004,-0.011135,-0.011135,-9.472143195,0
D8,NC,New Hope Creek 2018-05-27,New Hope Creek,2018,May,5/27/18,Nfixation_unamended,Nfixation,large Rock,large,Rock,Rock,NF,unamended,not,not,Light,0.018936532,22.3,23.5,-0.00973,-0.011135,-0.011135,0.692488642,0.692488642
F2,NC,New Hope Creek 2018-05-27,New Hope Creek,2018,May,5/27/18,Nfixation_unamended,Nfixation,large Rock,large,Rock,Rock,NF,unamended,not,not,Light,0.017198485,22.3,23.3,0.01682,-0.011135,-0.011135,15.1707161,15.1707161
D12,TX,Pringle Creek 2018-06-09,Pringle Creek,2018,June,6/9/18,Nfixation_unamended,Nfixation,large Rock,large,Rock,Rock,NF,unamended,not,not,Light,0.020199167,26.3,28.8,0.20469,-0.00265,-0.00265,95.80461082,95.80461082
D3,TX,Pringle Creek 2018-06-09,Pringle Creek,2018,June,6/9/18,Nfixation_unamended,Nfixation,large Rock,large,Rock,Rock,NF,unamended,not,not,Light,0.011213941,25.9,28.4,0.01936,-0.00265,-0.00265,18.31886459,18.31886459
D7,KS,McDiffett Creek 2018-06-12,McDiffett Creek,2018,June,6/12/18,Nfixation_unamended,Nfixation,large Rock,large,Rock,Rock,NF,unamended,not,not,Light,0.01102737,22.2,22.9,0.09088,-0.00903,-0.00903,84.56171629,84.56171629
F1,KS,McDiffett Creek 2018-06-12,McDiffett Creek,2018,June,6/12/18,Nfixation_unamended,Nfixation,large Rock,large,Rock,Rock,NF,unamended,not,not,Light,0.016891545,22.8,22.9,0.03752,-0.00903,-0.00903,25.72095487,25.72095487
F4,KS,McDiffett Creek 2018-06-12,McDiffett Creek,2018,June,6/12/18,Nfixation_unamended,Nfixation,large Rock,large,Rock,Rock,NF,unamended,not,not,Light,0.019127883,22.7,22.8,-0.00115,-0.00903,-0.00903,3.844997727,3.844997727
D12,KS,Kings Creek 2018-06-13,Kings Creek,2018,June,6/13/18,Nfixation_unamended,Nfixation,large Rock,large,Rock,Rock,NF,unamended,not,not,Light,0.013387442,23.7,23.9,0.20576,-0.0088,-0.0088,149.5849618,149.5849618
D5,KS,Kings Creek 2018-06-13,Kings Creek,2018,June,6/13/18,Nfixation_unamended,Nfixation,large Rock,large,Rock,Rock,NF,unamended,not,not,Light,0.019246427,23.6,23.8,0.04227,-0.0088,-0.0088,24.76580891,24.76580891
D6,MI,Pilgrim River 2018-06-21,Pilgrim River,2018,June,6/21/18,Nfixation_unamended,Nfixation,large Rock,large,Rock,Rock,NF,unamended,not,not,Light,0.011173345,15.9,17.4,0.00656,-0.01962,-0.01962,21.86871225,21.86871225
F1,MI,Pilgrim River 2018-06-21,Pilgrim River,2018,June,6/21/18,Nfixation_unamended,Nfixation,large Rock,large,Rock,Rock,NF,unamended,not,not,Light,0.020988429,15.9,18.2,0.03249,-0.01962,-0.01962,23.1727682,23.1727682
D1,MI,Pilgrim River 2018-07-17,Pilgrim River,2018,July,7/17/18,Nfixation_unamended,Nfixation,large Rock,large,Rock,Rock,NF,unamended,not,not,Light,0.010644797,18.5,20.5,-0.01987,-0.010085,-0.010085,-8.579465317,0
D5,MI,Pilgrim River 2018-07-17,Pilgrim River,2018,July,7/17/18,Nfixation_unamended,Nfixation,large Rock,large,Rock,Rock,NF,unamended,not,not,Light,0.015298691,19.1,20.5,-0.00541,-0.010085,-0.010085,2.852095864,2.852095864
D10,NH,Hubbard Brook 2018-08-07,Hubbard Brook,2018,August,8/7/18,Nfixation_unamended,Nfixation,large Rock,large,Rock,Rock,NF,unamended,not,not,Light,0.016178556,20.3,20.1,-0.08547,NA,0,-49.30724349,0
D11,NH,Hubbard Brook 2018-08-07,Hubbard Brook,2018,August,8/7/18,Nfixation_unamended,Nfixation,large Rock,large,Rock,Rock,NF,unamended,not,not,Light,0.018424334,20.3,20.2,-0.08923,NA,0,-45.2018148,0
D6,NH,Hubbard Brook 2018-08-07,Hubbard Brook,2018,August,8/7/18,Nfixation_unamended,Nfixation,large Rock,large,Rock,Rock,NF,unamended,not,not,Light,0.013382522,20.3,20.1,-0.05012,NA,0,-34.95504559,0
F3,NH,Hubbard Brook 2018-08-07,Hubbard Brook,2018,August,8/7/18,Nfixation_unamended,Nfixation,large Rock,large,Rock,Rock,NF,unamended,not,not,Light,0.014063101,20.2,20.1,-0.12676,NA,0,-84.12748606,0
F5,NH,Hubbard Brook 2018-08-07,Hubbard Brook,2018,August,8/7/18,Nfixation_unamended,Nfixation,large Rock,large,Rock,Rock,NF,unamended,not,not,Light,0.019535376,20.3,20.1,-0.06619,NA,0,-31.6233142,0
F7,NH,Hubbard Brook 2018-08-07,Hubbard Brook,2018,August,8/7/18,Nfixation_unamended,Nfixation,large Rock,large,Rock,Rock,NF,unamended,not,not,Light,0.012023998,20.3,20,-0.03192,NA,0,-24.77711656,0
D2,NH,Dowst Cate Forest 2018-08-10,Dowst Cate Forest,2018,August,8/10/18,Nfixation_unamended,Nfixation,large Rock,large,Rock,Rock,NF,unamended,not,not,Light,0.020385681,22.3,23.1,-0.05978,NA,0,-27.3695378,0
D6,NH,Dowst Cate Forest 2018-08-10,Dowst Cate Forest,2018,August,8/10/18,Nfixation_unamended,Nfixation,large Rock,large,Rock,Rock,NF,unamended,not,not,Light,0.015542724,22.3,23.1,-0.21289,NA,0,-127.8394529,0
F4,NH,Dowst Cate Forest 2018-08-10,Dowst Cate Forest,2018,August,8/10/18,Nfixation_unamended,Nfixation,large Rock,large,Rock,Rock,NF,unamended,not,not,Light,0.018020455,22.3,23.2,-0.05608,NA,0,-29.04551152,0
D5,MA,Hop Brook 2018-08-15,Hop Brook,2018,August,8/15/18,Nfixation_unamended,Nfixation,large Rock,large,Rock,Rock,NF,unamended,not,not,Light,0.021806744,19.1,20,-0.01556,NA,0,-6.659713466,0
D9,MA,Hop Brook 2018-08-15,Hop Brook,2018,August,8/15/18,Nfixation_unamended,Nfixation,large Rock,large,Rock,Rock,NF,unamended,not,not,Light,0.023422495,19,20.2,-0.66131,NA,0,-263.5170449,0
F3,MA,Hop Brook 2018-08-15,Hop Brook,2018,August,8/15/18,Nfixation_unamended,Nfixation,large Rock,large,Rock,Rock,NF,unamended,not,not,Light,0.016559153,19.1,20.2,-0.35643,NA,0,-200.8967488,0
D10,PR,Rio Guillarte 2019-02-21,Rio Guillarte,2019,February,2/21/19,Nfixation_unamended,Nfixation,large Rock,large,Rock,Rock,NF,unamended,not,not,Light,0.021076651,21.5,24.6,-0.001197898,-0.001520376,-0.001520376,0.142802567,0.142802567
D5,PR,Rio Guillarte 2019-02-21,Rio Guillarte,2019,February,2/21/19,Nfixation_unamended,Nfixation,large Rock,large,Rock,Rock,NF,unamended,not,not,Light,0.021681696,21.7,24.1,-0.002260334,-0.001520376,-0.001520376,-0.318530085,0
G11,PR,Rio Guillarte 2019-02-21,Rio Guillarte,2019,February,2/21/19,Nfixation_unamended,Nfixation,large Rock,large,rock,Rock,NF,unamended,not,not,Light,0.017383739,21.9,24.1,-0.001576627,-0.001520376,-0.001520376,-0.030200798,0
D2,PR,Rio Cupeyes 2019-02-23,Rio Cupeyes,2019,February,2/23/19,Nfixation_unamended,Nfixation,large Rock,large,Rock,Rock,NF,unamended,not,not,Light,0.017580978,22.2,22.7,-0.000991065,-0.000599139,-0.000599139,-0.208064125,0
G4,PR,Rio Cupeyes 2019-02-23,Rio Cupeyes,2019,February,2/23/19,Nfixation_unamended,Nfixation,large Rock,large,Rock,Rock,NF,unamended,not,not,Light,0.016513486,22.4,22.5,-0.001291385,-0.000599139,-0.000599139,-0.391253449,0
G6,PR,Rio Cupeyes 2019-02-23,Rio Cupeyes,2019,February,2/23/19,Nfixation_unamended,Nfixation,large Rock,large,Rock,Rock,NF,unamended,not,not,Light,0.021057993,22.4,22.6,-0.000518896,-0.000599139,-0.000599139,0.035565406,0.035565406
D10,PR,Quebrada Prieta 2019-03-03,Quebrada Prieta,2019,March,3/3/19,Nfixation_unamended,Nfixation,large Rock,large,Rock,Rock,NF,unamended,not,not,Light,0.018146043,22,21.8,-0.000613379,NA,0,-0.315488625,0
D4,PR,Quebrada Prieta 2019-03-03,Quebrada Prieta,2019,March,3/3/19,Nfixation_unamended,Nfixation,large Rock,large,Rock,Rock,NF,unamended,not,not,Light,0.012514053,21.9,21.7,-0.00100318,NA,0,-0.748200265,0
D2,PR,Quebrada Sonadora 2019-03-05,Quebrada Sonadora,2019,March,3/5/19,Nfixation_unamended,Nfixation,large Rock,large,Rock,Rock,NF,unamended,not,not,Light,0.018045623,20.8,21.1,0.000254774,-0.003201425,-0.003201425,1.787572285,1.787572285
D6,PR,Quebrada Sonadora 2019-03-05,Quebrada Sonadora,2019,March,3/5/19,Nfixation_unamended,Nfixation,large Rock,large,Rock,Rock,NF,unamended,not,not,Light,0.018966415,21.1,21.1,-0.003410935,-0.003201425,-0.003201425,-0.103099495,0
D3,KS,Kings Creek 2019-05-10,Kings Creek,2019,May,5/10/19,Nfixation_unamended,Nfixation,large Rock,large,Rock,Rock,NF,unamended,not,not,Light,0.018953659,12.2,12.5,0.005163767,-0.003034312,-0.003034312,4.036973044,4.036973044
D8,KS,Kings Creek 2019-05-10,Kings Creek,2019,May,5/10/19,Nfixation_unamended,Nfixation,large Rock,large,Rock,Rock,NF,unamended,not,not,Light,0.019901209,12.2,12.8,0.004034349,-0.003034312,-0.003034312,3.315083736,3.315083736
G5,KS,Kings Creek 2019-05-10,Kings Creek,2019,May,5/10/19,Nfixation_unamended,Nfixation,large Rock,large,Rock,Rock,NF,unamended,not,not,Light,0.020286359,12.5,12.8,0.000823725,-0.003034312,-0.003034312,1.775003052,1.775003052
D10,AZ,Sycamore Creek 2019-05-14,Sycamore Creek,2019,May,5/14/19,Nfixation_unamended,Nfixation,large Rock,large,Rock,Rock,NF,unamended,not,not,Light,0.018415249,26.1,27.3,0.000253377,-0.001587423,-0.001587423,0.932965952,0.932965952
D3,AZ,Sycamore Creek 2019-05-14,Sycamore Creek,2019,May,5/14/19,Nfixation_unamended,Nfixation,large Rock,large,Rock,Rock,NF,unamended,not,not,Light,0.013273692,25.7,27.7,0.004571407,-0.001587423,-0.001587423,4.330551754,4.330551754
D5,AZ,Wet Beaver Creek 2019-05-16,Wet Beaver Creek,2019,May,5/16/19,Nfixation_unamended,Nfixation,large Rock,large,Rock,Rock,NF,unamended,not,not,Light,0.018555182,18.2,19.9,0.088162382,-0.000953308,-0.000953308,44.82556084,44.82556084
G3,AZ,Wet Beaver Creek 2019-05-16,Wet Beaver Creek,2019,May,5/16/19,Nfixation_unamended,Nfixation,large Rock,large,Rock,Rock,NF,unamended,not,not,Light,0.017386404,18.4,20.2,0.07533614,-0.000953308,-0.000953308,40.95354312,40.95354312
G5,AZ,Wet Beaver Creek 2019-05-16,Wet Beaver Creek,2019,May,5/16/19,Nfixation_unamended,Nfixation,large Rock,large,Rock,Rock,NF,unamended,not,not,Light,0.030977279,18.4,20.5,0.030795701,-0.000953308,-0.000953308,9.56585237,9.56585237
C2,MI,Pilgrim River 2019-06-13,Pilgrim River,2019,June,6/13/19,Nfixation_unamended,Nfixation,large Rock,large,Rock,Rock,NF,unamended,not,not,Light,0.015895412,13.5,14.9,-0.012187535,-0.002194447,-0.002194447,-5.867656374,0
C5,MI,Pilgrim River 2019-06-13,Pilgrim River,2019,June,6/13/19,Nfixation_unamended,Nfixation,large Rock,large,Rock,Rock,NF,unamended,not,not,Light,0.010768862,13.5,14.9,-0.005835098,-0.002194447,-0.002194447,-3.155338476,0
G5,MI,Pilgrim River 2019-06-13,Pilgrim River,2019,June,6/13/19,Nfixation_unamended,Nfixation,large Rock,large,Rock,Rock,NF,unamended,not,not,Light,0.013660858,12.5,14.3,0.006616641,-0.002194447,-0.002194447,6.019887093,6.019887093
C1,AK,Caribou Creek 2019-07-09,Caribou Creek,2019,July,7/9/19,Nfixation_unamended,Nfixation,large Rock,large,Rock,Rock,NF,unamended,not,not,Light,0.015028221,5.8,7.1,-0.002344493,-0.000947195,-0.000947195,-0.867797016,0
C10,AK,Caribou Creek 2019-07-09,Caribou Creek,2019,July,7/9/19,Nfixation_unamended,Nfixation,large Rock,large,Rock,Rock,NF,unamended,not,not,Light,0.012750683,6.2,7.3,-0.000318987,-0.000947195,-0.000947195,0.459840256,0.459840256
G6,AK,Caribou Creek 2019-07-09,Caribou Creek,2019,July,7/9/19,Nfixation_unamended,Nfixation,large Rock,large,Rock,Rock,NF,unamended,not,not,Light,0.014853123,6.7,7.6,-0.001275395,-0.000947195,-0.000947195,-0.206232634,0
C7,AK,Poker Creek 2019-07-10,Poker Creek,2019,July,7/10/19,Nfixation_unamended,Nfixation,large Rock,large,Rock,Rock,NF,unamended,not,not,Light,0.018654897,7.5,8.4,-0.011253499,-0.006618484,-0.006618484,-2.318969217,0
G2,AK,Poker Creek 2019-07-10,Poker Creek,2019,July,7/10/19,Nfixation_unamended,Nfixation,large Rock,large,Rock,Rock,NF,unamended,not,not,Light,0.01230223,7.7,8.6,-0.005514648,-0.006618484,-0.006618484,0.837447953,0.837447953
C5,WY,Blacktail Deer Creek 2019-07-30,Blacktail Deer Creek,2019,July,7/30/19,Nfixation_unamended,Nfixation,large Rock,large,Rock,Rock,NF,unamended,not,not,Light,0.016038324,14,16,0.13163427,-0.010232891,-0.010232891,82.55809711,82.55809711
C6,WY,Blacktail Deer Creek 2019-07-30,Blacktail Deer Creek,2019,July,7/30/19,Nfixation_unamended,Nfixation,large Rock,large,Rock,Rock,NF,unamended,not,not,Light,0.015372578,14,16,0.814552444,-0.010232891,-0.010232891,500.7615809,500.7615809
G1,WY,Blacktail Deer Creek 2019-07-30,Blacktail Deer Creek,2019,July,7/30/19,Nfixation_unamended,Nfixation,large Rock,large,Rock,Rock,NF,unamended,not,not,Light,0.015917508,14.3,16,0.602012986,-0.010232891,-0.010232891,358.9943134,358.9943134
C10,OR,McRae Creek 2019-08-03,McRae Creek,2019,August,8/3/19,Nfixation_unamended,Nfixation,large Rock,large,Rock,Rock,NF,unamended,not,not,Light,0.016657244,10.8,11,-0.000824632,-0.001067064,-0.001067064,0.135838567,0.135838567
C4,OR,McRae Creek 2019-08-03,McRae Creek,2019,August,8/3/19,Nfixation_unamended,Nfixation,large Rock,large,Rock,Rock,NF,unamended,not,not,Light,0.015771542,10.6,11,-0.003353484,-0.001067064,-0.001067064,-1.353065128,0
C5,OR,McRae Creek 2019-08-03,McRae Creek,2019,August,8/3/19,Nfixation_unamended,Nfixation,large Rock,large,Rock,Rock,NF,unamended,not,not,Light,0.016326364,10.7,11,-0.00105444,-0.001067064,-0.001067064,0.007216482,0.007216482
C10,WA,Martha Creek 2019-08-06,Martha Creek,2019,August,8/6/19,Nfixation_unamended,Nfixation,large Rock,large,Rock,Rock,NF,unamended,not,not,Light,0.01372677,16.2,18.2,-0.001241267,-0.001451376,-0.001451376,0.142861162,0.142861162
C11,WA,Martha Creek 2019-08-06,Martha Creek,2019,August,8/6/19,Nfixation_unamended,Nfixation,large Rock,large,Rock,Rock,NF,unamended,not,not,Light,0.016359766,16.3,18.6,0.00286729,-0.001451376,-0.001451376,2.463821887,2.463821887
C12,WA,Martha Creek 2019-08-06,Martha Creek,2019,August,8/6/19,Nfixation_unamended,Nfixation,large Rock,large,Rock,Rock,NF,unamended,not,not,Light,0.018311576,16.3,18.2,0.004058699,-0.001451376,-0.001451376,2.808462513,2.808462513
G2,WA,Martha Creek 2019-08-06,Martha Creek,2019,August,8/6/19,Nfixation_unamended,Nfixation,large Rock,large,Rock,Rock,NF,unamended,not,not,Light,0.018082838,16.4,18.2,0.046463709,-0.001451376,-0.001451376,24.73104432,24.73104432
C1,MT,Blaine Creek 2019-08-10,Blaine Creek,2019,August,8/10/19,Nfixation_unamended,Nfixation,large Rock,large,Rock,Rock,NF,unamended,not,not,Light,0.013375526,14.9,17.1,0.000123699,-0.000473497,-0.000473497,0.416718904,0.416718904
C10,MT,Blaine Creek 2019-08-10,Blaine Creek,2019,August,8/10/19,Nfixation_unamended,Nfixation,large Rock,large,Rock,Rock,NF,unamended,not,not,Light,0.021538226,15.6,17.6,0.001630044,-0.000473497,-0.000473497,0.911544393,0.911544393
C2,MT,Blaine Creek 2019-08-10,Blaine Creek,2019,August,8/10/19,Nfixation_unamended,Nfixation,large Rock,large,Rock,Rock,NF,unamended,not,not,Light,0.018656165,15,17.3,0.00177694,-0.000473497,-0.000473497,1.125852156,1.125852156
C2,MI,Pilgrim River 2019-09-09,Pilgrim River,2019,September,9/9/19,Nfixation_unamended,Nfixation,large Rock,large,Rock,Rock,NF,unamended,not,not,Light,0.008319218,13.5,14.1,-9.79E-05,-0.001191721,-0.001191721,1.227155164,1.227155164
D1,MI,Pilgrim River 2019-09-09,Pilgrim River,2019,September,9/9/19,Nfixation_unamended,Nfixation,large Rock,large,Rock,Rock,NF,unamended,not,not,Light,0.012293872,13.1,14.2,-0.0004872,-0.001191721,-0.001191721,0.534861869,0.534861869
F3,UT,1300 E Red Butte Creek 2017-07-19,1300 E Red Butte Creek,2017,July,7/19/17,Nfixation_unamended,Nfixation,large Rock,large,Rock Flock,Rock,NF,unamended,not,not,Light,0.013211,17.9,18.4,-0.00439,-0.001865,-0.001865,-1.78386698,0
F8,UT,1300 E Red Butte Creek 2017-07-19,1300 E Red Butte Creek,2017,July,7/19/17,Nfixation_unamended,Nfixation,large Rock,large,Rock Flock,Rock,NF,unamended,not,not,Light,0.019409138,18,18.1,0.00016,-0.001865,-0.001865,0.973768129,0.973768129
D4,NH,Wednesday Hill Brook 2018-08-09,Wednesday Hill Brook,2018,August,8/9/18,Nfixation_unamended,Nfixation,large Rock,large,Rock Flock,Rock,NF,unamended,not,not,Light,0.018928484,20.3,20.6,-0.07446,NA,0,-36.71503751,0
D7,NH,Wednesday Hill Brook 2018-08-09,Wednesday Hill Brook,2018,August,8/9/18,Nfixation_unamended,Nfixation,large Rock,large,Rock Flock,Rock,NF,unamended,not,not,Light,0.015397383,20.4,20.6,-0.22991,NA,0,-139.3630766,0
F1,NH,Wednesday Hill Brook 2018-08-09,Wednesday Hill Brook,2018,August,8/9/18,Nfixation_unamended,Nfixation,large Rock,large,Rock Flock,Rock,NF,unamended,not,not,Light,0.017888386,20.4,20.6,-0.29669,NA,0,-154.7991343,0
G10,WI,Black Earth Creek 2017-08-08,Black Earth Creek,2017,August,8/8/17,denitrification_amended,denitrification,large Rock,large,Rock,Rock,DA,amended,not,not,Light,0.017670541,17.7,18.2,0.299950245,-0.004843607,-0.004843607,482.9635867,482.9635867
H2,WI,Black Earth Creek 2017-08-08,Black Earth Creek,2017,August,8/8/17,denitrification_amended,denitrification,large Rock,large,Rock,Rock,DA,amended,not,not,Light,0.011785558,17.4,17.9,0.26953907,-0.004843607,-0.004843607,651.8753686,651.8753686
G3,UT,1300 E Red Butte Creek 2017-07-19,1300 E Red Butte Creek,2017,July,7/19/17,denitrification_amended,denitrification,large Rock,large,Rock,Rock,DA,amended,not,not,Light,0.017615966,18,19,0.037543127,0,0,59.67356899,59.67356899
G9,UT,1300 E Red Butte Creek 2017-07-19,1300 E Red Butte Creek,2017,July,7/19/17,denitrification_amended,denitrification,large Rock,large,Rock,Rock,DA,amended,not,not,Light,0.018079852,18.1,18.5,0.023933174,0,0,37.06495311,37.06495311
G10,UT,1300 E Red Butte Creek 2017-07-19,1300 E Red Butte Creek,2017,July,7/19/17,denitrification_unamended,denitrification,large Rock,large,Rock,Rock,DU,unamended,not,not,Light,0.017126092,18.1,18.5,0,0,0,0,0
G4,UT,1300 E Red Butte Creek 2017-07-19,1300 E Red Butte Creek,2017,July,7/19/17,denitrification_unamended,denitrification,large Rock,large,Rock,Rock,DU,unamended,not,not,Light,0.014158262,18.2,18.4,0.104956377,0,0,207.5663346,207.5663346
F4,UT,Lower Knowton Fork Red Butte Creek 2017-07-18,Lower Knowton Fork Red Butte Creek,2017,July,7/18/17,denitrification_amended,denitrification,large Rock,large,Rock,Rock,DA,amended,not,not,Light,0.017116996,10.4,12,0,0,0,0,0
F5,UT,Lower Knowton Fork Red Butte Creek 2017-07-18,Lower Knowton Fork Red Butte Creek,2017,July,7/18/17,denitrification_amended,denitrification,large Rock,large,Rock,Rock,DA,amended,not,not,Light,0.02243544,10.1,12.1,0.035474817,0,0,44.27347465,44.27347465
G2,UT,Lower Knowton Fork Red Butte Creek 2017-07-18,Lower Knowton Fork Red Butte Creek,2017,July,7/18/17,denitrification_amended,denitrification,large Rock,large,Rock,Rock,DA,amended,not,not,Light,0.019445521,11.1,12.2,-0.03025559,0,0,-43.56563769,0
F6,UT,Lower Knowton Fork Red Butte Creek 2017-07-18,Lower Knowton Fork Red Butte Creek,2017,July,7/18/17,denitrification_unamended,denitrification,large Rock,large,Rock,Rock,DU,unamended,not,not,Light,0.018225384,10.1,12.2,NA,0,0,NA,NA
G4,UT,Lower Knowton Fork Red Butte Creek 2017-07-18,Lower Knowton Fork Red Butte Creek,2017,July,7/18/17,denitrification_unamended,denitrification,large Rock,large,Rock,Rock,DU,unamended,not,not,Light,0.015079537,10.9,12.3,0,0,0,0,0
G5,UT,Lower Knowton Fork Red Butte Creek 2017-07-18,Lower Knowton Fork Red Butte Creek,2017,July,7/18/17,denitrification_unamended,denitrification,large Rock,large,Rock,Rock,DU,unamended,not,not,Light,0.019554671,10.9,12.3,0,0,0,0,0
F10,ID,South Fork Mink Creek 2017-07-27,South Fork Mink Creek,2017,July,7/27/17,denitrification_amended,denitrification,large Rock,large,Rock,Rock,DA,amended,not,not,Light,0.018661983,14.8,17.5,0.029725149,0,0,44.5989137,44.5989137
F7,ID,South Fork Mink Creek 2017-07-27,South Fork Mink Creek,2017,July,7/27/17,denitrification_amended,denitrification,large Rock,large,Rock,Rock,DA,amended,not,not,Light,0.018988132,14.7,17.5,0,0,0,0,0
G4,ID,South Fork Mink Creek 2017-07-27,South Fork Mink Creek,2017,July,7/27/17,denitrification_amended,denitrification,large Rock,large,Rock,Rock,DA,amended,not,not,Light,0.01879712,15.1,18,0,0,0,0,0
G7,ID,South Fork Mink Creek 2017-07-27,South Fork Mink Creek,2017,July,7/27/17,denitrification_amended,denitrification,large Rock,large,Rock,Rock,DA,amended,not,not,Light,0.017545798,15.7,18.3,-0.028160044,0,0,-44.93846568,0
F12,ID,South Fork Mink Creek 2017-07-27,South Fork Mink Creek,2017,July,7/27/17,denitrification_unamended,denitrification,large Rock,large,Rock,Rock,DU,unamended,not,not,Light,0.017417158,15.3,17.6,0,0,0,0,0
F8,ID,South Fork Mink Creek 2017-07-27,South Fork Mink Creek,2017,July,7/27/17,denitrification_unamended,denitrification,large Rock,large,Rock,Rock,DU,unamended,not,not,Light,0.016818134,14.5,17.4,-0.414312593,0,0,-689.776441,0
G6,ID,South Fork Mink Creek 2017-07-27,South Fork Mink Creek,2017,July,7/27/17,denitrification_unamended,denitrification,large Rock,large,Rock,Rock,DU,unamended,not,not,Light,0.016517973,15.3,18.6,-0.030603418,0,0,-51.87656439,0
G8,ID,South Fork Mink Creek 2017-07-27,South Fork Mink Creek,2017,July,7/27/17,denitrification_unamended,denitrification,large Rock,large,Rock,Rock,DU,unamended,not,not,Light,0.016897398,15.8,18.3,0,0,0,0,0
C1,NC,Eno River 2017-06-04,Eno River,2017,June,6/4/17,denitrification_amended,denitrification,large Rock,large,Rock,Rock,DA,amended,not,not,Light,0.01475191,23.9,27,0,0.035692384,0.035692384,-67.74626058,0
C4,NC,Eno River 2017-06-04,Eno River,2017,June,6/4/17,denitrification_amended,denitrification,large Rock,large,Rock,Rock,DA,amended,not,not,Light,0.02369528,24.2,27.1,0,0.035692384,0.035692384,-42.17661656,0
D5,NC,New Hope Creek 2017-06-03,New Hope Creek,2017,June,6/3/17,denitrification_amended,denitrification,large Rock,large,Rock,Rock,DA,amended,not,not,Light,0.02125868,21.3,24,-0.012063413,0,0,-15.88883039,0
D8,NC,New Hope Creek 2017-06-03,New Hope Creek,2017,June,6/3/17,denitrification_amended,denitrification,large Rock,large,Rock,Rock,DA,amended,not,not,Light,0.02033906,21.4,23.8,0,0,0,0,0
D9,NC,New Hope Creek 2017-06-03,New Hope Creek,2017,June,6/3/17,denitrification_amended,denitrification,large Rock,large,Rock,Rock,DA,amended,not,not,Light,0.02068621,21.5,24.1,-0.021248527,0,0,-28.76112962,0
D10,NC,New Hope Creek 2017-06-03,New Hope Creek,2017,June,6/3/17,denitrification_unamended,denitrification,large Rock,large,Rock,Rock,DU,unamended,not,not,Light,0.02105563,21.4,24.1,0,-0.017032045,-0.017032045,22.64939457,22.64939457
D11,NC,New Hope Creek 2017-06-03,New Hope Creek,2017,June,6/3/17,denitrification_unamended,denitrification,large Rock,large,Rock,Rock,DU,unamended,not,not,Light,0.02131108,21.4,24.1,0.087952254,-0.017032045,-0.017032045,137.9357773,137.9357773
D12,NC,New Hope Creek 2017-06-03,New Hope Creek,2017,June,6/3/17,denitrification_unamended,denitrification,large Rock,large,Rock,Rock,DU,unamended,not,not,Light,0.02082769,21.5,24.5,0,-0.017032045,-0.017032045,22.89727146,22.89727146
D4,NH,Dowst Cate Forest 2018-08-10,Dowst Cate Forest,2018,August,8/10/18,denitrification_amended,denitrification,large Rock,large,Rock,Rock,DA,amended,not,not,Dark,0.021415234,22.2,23.1,0.023986749,-0.055028293,-0.055028293,103.3106228,103.3106228
D5,NH,Dowst Cate Forest 2018-08-10,Dowst Cate Forest,2018,August,8/10/18,denitrification_amended,denitrification,large Rock,large,Rock,Rock,DA,amended,not,not,Dark,0.021542129,22.2,23.2,0,-0.055028293,-0.055028293,71.52460146,71.52460146
F1,NH,Dowst Cate Forest 2018-08-10,Dowst Cate Forest,2018,August,8/10/18,denitrification_amended,denitrification,large Rock,large,Rock,Rock,DA,amended,not,not,Dark,0.020919426,22.3,23.1,0,-0.055028293,-0.055028293,73.65365529,73.65365529
D10,NH,Dowst Cate Forest 2018-08-10,Dowst Cate Forest,2018,August,8/10/18,denitrification_unamended,denitrification,large Rock,large,Rock,Rock,DU,unamended,not,not,Dark,0.018955818,22.3,23.1,0,0,0,0,0
D9,NH,Dowst Cate Forest 2018-08-10,Dowst Cate Forest,2018,August,8/10/18,denitrification_unamended,denitrification,large Rock,large,Rock,Rock,DU,unamended,not,not,Dark,0.016820836,22.3,23.1,0,0,0,0,0
F6,NH,Dowst Cate Forest 2018-08-10,Dowst Cate Forest,2018,August,8/10/18,denitrification_unamended,denitrification,large Rock,large,Rock,Rock,DU,unamended,not,not,Dark,0.015215674,22.3,23.2,0,0,0,0,0
D12,MA,Hop Brook 2018-08-15,Hop Brook,2018,August,8/15/18,denitrification_amended,denitrification,large Rock,large,Rock,Rock,DA,amended,not,not,Dark,0.016184979,19,20.2,0.085789519,0,0,148.4157952,148.4157952
D6,MA,Hop Brook 2018-08-15,Hop Brook,2018,August,8/15/18,denitrification_amended,denitrification,large Rock,large,Rock,Rock,DA,amended,not,not,Dark,0.018679907,18.9,20.1,-0.025039073,0,0,-37.53198752,0
F6,MA,Hop Brook 2018-08-15,Hop Brook,2018,August,8/15/18,denitrification_amended,denitrification,large Rock,large,Rock,Rock,DA,amended,not,not,Dark,0.024586882,19,20.3,0,0,0,0,0
D11,MA,Hop Brook 2018-08-15,Hop Brook,2018,August,8/15/18,denitrification_unamended,denitrification,large Rock,large,Rock,Rock,DU,unamended,not,not,Dark,0.015890612,19,20.1,0.191513267,0,0,337.4553143,337.4553143
F1,MA,Hop Brook 2018-08-15,Hop Brook,2018,August,8/15/18,denitrification_unamended,denitrification,large Rock,large,Rock,Rock,DU,unamended,not,not,Dark,0.017425248,19.1,20.3,0,0,0,0,0
F4,MA,Hop Brook 2018-08-15,Hop Brook,2018,August,8/15/18,denitrification_unamended,denitrification,large Rock,large,Rock,Rock,DU,unamended,not,not,Dark,0.016576161,19.1,20.4,0,0,0,0,0
D3,NH,Hubbard Brook 2018-08-07,Hubbard Brook,2018,August,8/7/18,denitrification_amended,denitrification,large Rock,large,Rock,Rock,DA,amended,not,not,Dark,0.015239963,19.8,20.2,-0.054762332,NA,0,-100.6134518,0
D5,NH,Hubbard Brook 2018-08-07,Hubbard Brook,2018,August,8/7/18,denitrification_amended,denitrification,large Rock,large,Rock,Rock,DA,amended,not,not,Dark,0.016938119,19.7,20.2,0.017252864,NA,0,28.520297,28.520297
F1,NH,Hubbard Brook 2018-08-07,Hubbard Brook,2018,August,8/7/18,denitrification_amended,denitrification,large Rock,large,Rock,Rock,DA,amended,not,not,Dark,0.014157882,19.2,20,0,NA,0,0,0
D9,NH,Hubbard Brook 2018-08-07,Hubbard Brook,2018,August,8/7/18,denitrification_unamended,denitrification,large Rock,large,Rock,Rock,DU,unamended,not,not,Dark,0.019357662,20.5,20.1,0,-0.021502767,-0.021502767,31.10279947,31.10279947
F4,NH,Hubbard Brook 2018-08-07,Hubbard Brook,2018,August,8/7/18,denitrification_unamended,denitrification,large Rock,large,Rock,Rock,DU,unamended,not,not,Dark,0.01400123,20.4,20,0,-0.021502767,-0.021502767,43.00175623,43.00175623
F6,NH,Hubbard Brook 2018-08-07,Hubbard Brook,2018,August,8/7/18,denitrification_unamended,denitrification,large Rock,large,Rock,Rock,DU,unamended,not,not,Dark,0.019057523,20.3,20.2,-0.030527079,-0.021502767,-0.021502767,-13.25884435,0
D6,MI,Pilgrim River 2018-07-17,Pilgrim River,2018,July,7/17/18,denitrification_amended,denitrification,large Rock,large,Rock,Rock,DA,amended,not,not,Dark,0.015887529,18.4,20.4,0,-0.062628001,-0.062628001,110.3748756,110.3748756
D7,MI,Pilgrim River 2018-07-17,Pilgrim River,2018,July,7/17/18,denitrification_amended,denitrification,large Rock,large,Rock,Rock,DA,amended,not,not,Dark,0.010255471,18.1,20.6,-0.01478062,-0.062628001,-0.062628001,130.6353135,130.6353135
D9,MI,Pilgrim River 2018-07-17,Pilgrim River,2018,July,7/17/18,denitrification_unamended,denitrification,large Rock,large,Rock,Rock,DU,unamended,not,not,Dark,0.012154992,18.8,20.3,0,0,0,0,0
F2,MI,Pilgrim River 2018-07-17,Pilgrim River,2018,July,7/17/18,denitrification_unamended,denitrification,large Rock,large,Rock,Rock,DU,unamended,not,not,Dark,0.009871688,19.1,21.1,-0.02867099,0,0,-81.32223359,0
D9,KS,Kings Creek 2018-06-13,Kings Creek,2018,June,6/13/18,denitrification_amended,denitrification,large Rock,large,Rock,Rock,DA,amended,not,not,Dark,0.017950144,23.6,23.8,8.972920911,0.031017852,0.031017852,13948.26056,13948.26056
F1,KS,Kings Creek 2018-06-13,Kings Creek,2018,June,6/13/18,denitrification_amended,denitrification,large Rock,large,Rock,Rock,DA,amended,not,not,Dark,0.026952909,23.5,23.9,1.590041891,0.031017852,0.031017852,1619.590416,1619.590416
D10,KS,Kings Creek 2018-06-13,Kings Creek,2018,June,6/13/18,denitrification_unamended,denitrification,large Rock,large,Rock,Rock,DU,unamended,not,not,Dark,0.017973881,23.7,23.8,0.015651187,-0.014375411,-0.014375411,46.77591538,46.77591538
D11,KS,Kings Creek 2018-06-13,Kings Creek,2018,June,6/13/18,denitrification_unamended,denitrification,large Rock,large,Rock,Rock,DU,unamended,not,not,Dark,0.022582738,23.7,23.8,0.022136259,-0.014375411,-0.014375411,45.27027501,45.27027501
D6,KS,McDiffett Creek 2018-06-12,McDiffett Creek,2018,June,6/12/18,denitrification_amended,denitrification,large Rock,large,Rock,Rock,DA,amended,not,not,Dark,0.019231199,22.2,22.4,0,0,0,0,0
D9,KS,McDiffett Creek 2018-06-12,McDiffett Creek,2018,June,6/12/18,denitrification_amended,denitrification,large Rock,large,Rock,Rock,DA,amended,not,not,Dark,0.017748154,22.7,22.9,0.58231454,0,0,918.6762258,918.6762258
F6,KS,McDiffett Creek 2018-06-12,McDiffett Creek,2018,June,6/12/18,denitrification_amended,denitrification,large Rock,large,Rock,Rock,DA,amended,not,not,Dark,0.021491077,22.6,22.8,0.133514432,0,0,173.9514544,173.9514544
D10,KS,McDiffett Creek 2018-06-12,McDiffett Creek,2018,June,6/12/18,denitrification_unamended,denitrification,large Rock,large,Rock,Rock,DU,unamended,not,not,Dark,0.013713591,22.9,22.9,0.008535444,0,0,17.42741417,17.42741417
D11,KS,McDiffett Creek 2018-06-12,McDiffett Creek,2018,June,6/12/18,denitrification_unamended,denitrification,large Rock,large,Rock,Rock,DU,unamended,not,not,Dark,0.026668658,22.6,23.1,0,0,0,0,0
F5,KS,McDiffett Creek 2018-06-12,McDiffett Creek,2018,June,6/12/18,denitrification_unamended,denitrification,large Rock,large,Rock,Rock,DU,unamended,not,not,Dark,0.019134422,22.7,22.9,0.075646953,0,0,110.6965602,110.6965602
D1,MI,Pilgrim River 2018-06-21,Pilgrim River,2018,June,6/21/18,denitrification_amended,denitrification,large Rock,large,Rock,Rock,DA,amended,not,not,Dark,0.02153569,14.6,17,-0.054080038,-0.173566462,-0.173566462,155.3523407,155.3523407
D8,MI,Pilgrim River 2018-06-21,Pilgrim River,2018,June,6/21/18,denitrification_amended,denitrification,large Rock,large,Rock,Rock,DA,amended,not,not,Dark,0.018351029,14.2,17.7,0,-0.173566462,-0.173566462,264.8277065,264.8277065
D11,MI,Pilgrim River 2018-06-21,Pilgrim River,2018,June,6/21/18,denitrification_unamended,denitrification,large Rock,large,Rock,Rock,DU,unamended,not,not,Dark,0.017137825,15.5,17.8,0.188716116,0,0,308.3268299,308.3268299
D9,MI,Pilgrim River 2018-06-21,Pilgrim River,2018,June,6/21/18,denitrification_unamended,denitrification,large Rock,large,Rock,Rock,DU,unamended,not,not,Dark,0.026003445,15.8,17.8,0,0,0,0,0
D2,TX,Pringle Creek 2018-06-09,Pringle Creek,2018,June,6/9/18,denitrification_amended,denitrification,large Rock,large,Rock,Rock,DA,amended,not,not,Dark,0.013853343,25.7,28.1,1.19047456,0,0,2406.154795,2406.154795
D4,TX,Pringle Creek 2018-06-09,Pringle Creek,2018,June,6/9/18,denitrification_amended,denitrification,large Rock,large,Rock,Rock,DA,amended,not,not,Dark,0.013054998,25.7,28.7,0.115780951,0,0,248.3237944,248.3237944
D1,TX,Pringle Creek 2018-06-09,Pringle Creek,2018,June,6/9/18,denitrification_unamended,denitrification,large Rock,large,Rock,Rock,DU,unamended,not,not,Dark,0.017957658,26,28.7,0,0,0,0,0
D8,TX,Pringle Creek 2018-06-09,Pringle Creek,2018,June,6/9/18,denitrification_unamended,denitrification,large Rock,large,Rock,Rock,DU,unamended,not,not,Dark,0.016545201,26.3,28.9,0,0,0,0,0
D1,NC,New Hope Creek 2018-05-27,New Hope Creek,2018,May,5/27/18,denitrification_amended,denitrification,large Rock,large,Rock,Rock,DA,amended,not,not,Dark,0.016607708,22.3,23,0,0,0,0,0
D9,NC,New Hope Creek 2018-05-27,New Hope Creek,2018,May,5/27/18,denitrification_amended,denitrification,large Rock,large,Rock,Rock,DA,amended,not,not,Dark,0.017665305,22.2,23.3,0,0,0,0,0
F5,NC,New Hope Creek 2018-05-27,New Hope Creek,2018,May,5/27/18,denitrification_amended,denitrification,large Rock,large,Rock,Rock,DA,amended,not,not,Dark,0.0224179,22.2,23.4,0,0,0,0,0
D2,NC,New Hope Creek 2018-05-27,New Hope Creek,2018,May,5/27/18,denitrification_unamended,denitrification,large Rock,large,Rock,Rock,DU,unamended,not,not,Dark,0.019820061,22.5,23.1,-3.020817919,0.13918978,0.13918978,-4464.174735,0
D3,NC,New Hope Creek 2018-05-27,New Hope Creek,2018,May,5/27/18,denitrification_unamended,denitrification,large Rock,large,rock,Rock,DU,unamended,not,not,Dark,0.019962481,22.4,22.9,0.031766381,0.13918978,0.13918978,-150.6754185,0
F3,NC,New Hope Creek 2018-05-27,New Hope Creek,2018,May,5/27/18,denitrification_unamended,denitrification,large Rock,large,Rock,Rock,DU,unamended,not,not,Dark,0.022779224,22.3,23.3,-0.115551331,0.13918978,0.13918978,-313.1252891,0
C9,MT,Blaine Creek 2019-08-10,Blaine Creek,2019,August,8/10/19,denitrification_amended,denitrification,large Rock,large,Rock,Rock,DA,amended,not,not,Dark,0.016862882,14.9,18.4,0.28961067,NA,0,480.8845109,480.8845109
G3,MT,Blaine Creek 2019-08-10,Blaine Creek,2019,August,8/10/19,denitrification_amended,denitrification,large Rock,large,Rock,Rock,DA,amended,not,not,Dark,0.017656548,15.5,18.6,-0.531766881,NA,0,-843.2833348,0
G4,MT,Blaine Creek 2019-08-10,Blaine Creek,2019,August,8/10/19,denitrification_amended,denitrification,large Rock,large,Rock,Rock,DA,amended,not,not,Dark,0.01793408,16.1,19.8,-0.352572036,NA,0,-550.4613005,0
C5,MT,Blaine Creek 2019-08-10,Blaine Creek,2019,August,8/10/19,denitrification_unamended,denitrification,large Rock,large,Rock,Rock,DU,unamended,not,not,Dark,0.019114532,15.2,17.6,-2.505448755,NA,0,-3670.116806,0
C6,MT,Blaine Creek 2019-08-10,Blaine Creek,2019,August,8/10/19,denitrification_unamended,denitrification,large Rock,large,Rock,Rock,DU,unamended,not,not,Dark,0.016164658,15.1,17.7,-3.472535965,NA,0,-6015.036447,0
C6,WA,Martha Creek 2019-08-06,Martha Creek,2019,August,8/6/19,denitrification_amended,denitrification,large Rock,large,Rock,Rock,DA,amended,not,not,Dark,0.020812608,15.6,18.3,-1.867198174,-0.408953658,-0.408953658,-1961.832292,0
C7,WA,Martha Creek 2019-08-06,Martha Creek,2019,August,8/6/19,denitrification_amended,denitrification,large Rock,large,Rock,Rock,DA,amended,not,not,Dark,0.014381562,16,18.2,-1.026749877,-0.408953658,-0.408953658,-1202.810525,0
C8,WA,Martha Creek 2019-08-06,Martha Creek,2019,August,8/6/19,denitrification_amended,denitrification,large Rock,large,Rock,Rock,DA,amended,not,not,Dark,0.015174603,16.3,18.1,-1.456567951,-0.408953658,-0.408953658,-1933.045643,0
C3,WA,Martha Creek 2019-08-06,Martha Creek,2019,August,8/6/19,denitrification_unamended,denitrification,large Rock,large,Rock,Rock,DU,unamended,not,not,Dark,0.012986514,16.2,17.9,-0.114041203,NA,0,-245.8822818,0
C4,WA,Martha Creek 2019-08-06,Martha Creek,2019,August,8/6/19,denitrification_unamended,denitrification,large Rock,large,Rock,Rock,DU,unamended,not,not,Dark,0.018017485,16,17.9,0.536327001,NA,0,833.4768153,833.4768153
C5,WA,Martha Creek 2019-08-06,Martha Creek,2019,August,8/6/19,denitrification_unamended,denitrification,large Rock,large,Rock,Rock,DU,unamended,not,not,Dark,0.016159934,16,17.9,-0.181860705,NA,0,-315.1064694,0
C1,OR,McRae Creek 2019-08-03,McRae Creek,2019,August,8/3/19,denitrification_amended,denitrification,large Rock,large,Rock,Rock,DA,amended,not,not,Dark,0.016537725,10.6,11,1.435178365,NA,0,2429.898563,2429.898563
C2,OR,McRae Creek 2019-08-03,McRae Creek,2019,August,8/3/19,denitrification_amended,denitrification,large Rock,large,Rock,Rock,DA,amended,not,not,Dark,0.012750844,10.6,11.1,1.725680527,NA,0,3789.478936,3789.478936
G4,OR,McRae Creek 2019-08-03,McRae Creek,2019,August,8/3/19,denitrification_amended,denitrification,large Rock,large,Rock,Rock,DA,amended,not,not,Dark,0.018789724,10.6,11.1,-2.058550228,NA,0,-3067.60261,0
C6,OR,McRae Creek 2019-08-03,McRae Creek,2019,August,8/3/19,denitrification_unamended,denitrification,large Rock,large,Rock,Rock,DU,unamended,not,not,Dark,0.012825071,10.7,11,0.651732212,NA,0,1422.877263,1422.877263
C7,OR,McRae Creek 2019-08-03,McRae Creek,2019,August,8/3/19,denitrification_unamended,denitrification,large Rock,large,Rock,Rock,DU,unamended,not,not,Dark,0.019479162,10.7,11,0.486909182,NA,0,699.8995694,699.8995694
G3,OR,McRae Creek 2019-08-03,McRae Creek,2019,August,8/3/19,denitrification_unamended,denitrification,large Rock,large,Rock,Rock,DU,unamended,not,not,Dark,0.017988536,10.8,11.1,-0.644144995,NA,0,-1002.641897,0
D1,PR,Rio Cupeyes 2019-02-23,Rio Cupeyes,2019,February,2/23/19,denitrification_amended,denitrification,large Rock,large,Rock,Rock,DA,amended,not,not,Dark,0.016236284,22,22.7,5.322722648,NA,0,9179.208379,9179.208379
D9,PR,Rio Cupeyes 2019-02-23,Rio Cupeyes,2019,February,2/23/19,denitrification_amended,denitrification,large Rock,large,Rock,Rock,DA,amended,not,not,Dark,0.015084831,22,22.5,6.005546136,NA,0,11147.31029,11147.31029
G5,PR,Rio Cupeyes 2019-02-23,Rio Cupeyes,2019,February,2/23/19,denitrification_amended,denitrification,large Rock,large,Rock,Rock,DA,amended,not,not,Dark,0.018249994,22.2,22.5,5.419331519,NA,0,8314.593557,8314.593557
D10,PR,Rio Cupeyes 2019-02-23,Rio Cupeyes,2019,February,2/23/19,denitrification_unamended,denitrification,large Rock,large,Rock,Rock,DU,unamended,not,not,Dark,0.019085597,22.3,22.5,5.441658676,NA,0,7983.320769,7983.320769
D3,PR,Rio Cupeyes 2019-02-23,Rio Cupeyes,2019,February,2/23/19,denitrification_unamended,denitrification,large Rock,large,Rock,Rock,DU,unamended,not,not,Dark,0.012845895,22.1,22.6,6.737868319,NA,0,14686.42807,14686.42807
D4,PR,Rio Cupeyes 2019-02-23,Rio Cupeyes,2019,February,2/23/19,denitrification_unamended,denitrification,large Rock,large,Rock,Rock,DU,unamended,not,not,Dark,0.021108635,22.1,22.6,4.366831692,NA,0,5792.47722,5792.47722
D12,PR,Rio Guillarte 2019-02-21,Rio Guillarte,2019,February,2/21/19,denitrification_amended,denitrification,large Rock,large,Rock,Rock,DA,amended,not,not,Dark,0.016023052,21.6,24.1,-0.028273702,0.01160961,0.01160961,-69.69538371,0
D9,PR,Rio Guillarte 2019-02-21,Rio Guillarte,2019,February,2/21/19,denitrification_amended,denitrification,large Rock,large,Rock,Rock,DA,amended,not,not,Dark,0.014983546,21.2,24.4,0.010009937,0.01160961,0.01160961,-2.989336845,0
G2,PR,Rio Guillarte 2019-02-21,Rio Guillarte,2019,February,2/21/19,denitrification_amended,denitrification,large Rock,large,Rock,Rock,DA,amended,not,not,Dark,0.012195538,21.4,24,-0.010436889,0.01160961,0.01160961,-50.61703664,0
D1,PR,Rio Guillarte 2019-02-21,Rio Guillarte,2019,February,2/21/19,denitrification_unamended,denitrification,large Rock,large,Rock,Rock,DU,unamended,not,not,Dark,0.019150899,21.9,24.7,0,0,0,0,0
D2,PR,Rio Guillarte 2019-02-21,Rio Guillarte,2019,February,2/21/19,denitrification_unamended,denitrification,large Rock,large,Rock,Rock,DU,unamended,not,not,Dark,0.013882736,21.9,24.6,-0.311746274,0,0,-628.7590345,0
D6,PR,Rio Guillarte 2019-02-21,Rio Guillarte,2019,February,2/21/19,denitrification_unamended,denitrification,large Rock,large,Rock,Rock,DU,unamended,not,not,Dark,0.027553573,22,24.4,-0.034035536,0,0,-34.5869845,0
C1,WY,Blacktail Deer Creek 2019-07-30,Blacktail Deer Creek,2019,July,7/30/19,denitrification_amended,denitrification,large Rock,large,Rock,Rock,DA,amended,not,not,Dark,0.01558023,13.1,15.3,NA,NA,0,NA,NA
C11,WY,Blacktail Deer Creek 2019-07-30,Blacktail Deer Creek,2019,July,7/30/19,denitrification_amended,denitrification,large Rock,large,Rock,Rock,DA,amended,not,not,Dark,0.013773024,13.3,15.8,NA,NA,0,NA,NA
C3,WY,Blacktail Deer Creek 2019-07-30,Blacktail Deer Creek,2019,July,7/30/19,denitrification_amended,denitrification,large Rock,large,Rock,Rock,DA,amended,not,not,Dark,0.01354146,13.4,15.6,NA,NA,0,NA,NA
C10,WY,Blacktail Deer Creek 2019-07-30,Blacktail Deer Creek,2019,July,7/30/19,denitrification_unamended,denitrification,large Rock,large,Rock,Rock,DU,unamended,not,not,Dark,0.014482818,13.9,15.8,NA,NA,0,NA,NA
G4,WY,Blacktail Deer Creek 2019-07-30,Blacktail Deer Creek,2019,July,7/30/19,denitrification_unamended,denitrification,large Rock,large,Rock,Rock,DU,unamended,not,not,Dark,0.019171989,14.7,16.1,NA,NA,0,NA,NA
G5,WY,Blacktail Deer Creek 2019-07-30,Blacktail Deer Creek,2019,July,7/30/19,denitrification_unamended,denitrification,large Rock,large,Rock,Rock,DU,unamended,not,not,Dark,0.013898874,14.5,16.3,NA,NA,0,NA,NA
C11,AK,Caribou Creek 2019-07-09,Caribou Creek,2019,July,7/9/19,denitrification_amended,denitrification,large Rock,large,Rock,Rock,DA,amended,not,not,Dark,0.029066318,6.4,7.5,-3.239264012,-0.260976296,-0.260976296,-2869.027169,0
C4,AK,Caribou Creek 2019-07-09,Caribou Creek,2019,July,7/9/19,denitrification_amended,denitrification,large Rock,large,Rock,Rock,DA,amended,not,not,Dark,0.012911925,6.2,7.3,0.70401679,-0.260976296,-0.260976296,2092.624177,2092.624177
G1,AK,Caribou Creek 2019-07-09,Caribou Creek,2019,July,7/9/19,denitrification_amended,denitrification,large Rock,large,Rock,Rock,DA,amended,not,not,Dark,0.017281824,6,7.7,-2.641486064,-0.260976296,-0.260976296,-3856.900377,0
C12,AK,Caribou Creek 2019-07-09,Caribou Creek,2019,July,7/9/19,denitrification_unamended,denitrification,large Rock,large,Rock,Rock,DU,unamended,not,not,Dark,0.013903309,6,7.6,-0.374012015,NA,0,-753.2261859,0
C2,AK,Caribou Creek 2019-07-09,Caribou Creek,2019,July,7/9/19,denitrification_unamended,denitrification,large Rock,large,Rock,Rock,DU,unamended,not,not,Dark,0.01297491,6.2,7.3,0.42992243,NA,0,927.7773831,927.7773831
G2,AK,Caribou Creek 2019-07-09,Caribou Creek,2019,July,7/9/19,denitrification_unamended,denitrification,large Rock,large,Rock,Rock,DU,unamended,not,not,Dark,0.015641695,6.5,7.8,0.418909095,NA,0,749.8838618,749.8838618
C4,AK,Poker Creek 2019-07-10,Poker Creek,2019,July,7/10/19,denitrification_amended,denitrification,large Rock,large,Rock,Rock,DA,amended,not,not,Dark,0.017667293,7.1,8.5,1.493522941,NA,0,2367.009046,2367.009046
G1,AK,Poker Creek 2019-07-10,Poker Creek,2019,July,7/10/19,denitrification_amended,denitrification,large Rock,large,Rock,Rock,DA,amended,not,not,Dark,0.01730072,7.3,8.7,-3.945474444,NA,0,-6385.473231,0
C3,AK,Poker Creek 2019-07-10,Poker Creek,2019,July,7/10/19,denitrification_unamended,denitrification,large Rock,large,Rock,Rock,DU,unamended,not,not,Dark,0.016765347,7.3,8.4,-2.689130363,NA,0,-4491.147733,0
C8,AK,Poker Creek 2019-07-10,Poker Creek,2019,July,7/10/19,denitrification_unamended,denitrification,large Rock,large,Rock,Rock,DU,unamended,not,not,Dark,0.012963573,7.6,8.7,-3.315451884,NA,0,-7161.039071,0
G10,MI,Pilgrim River 2019-06-13,Pilgrim River,2019,June,6/13/19,denitrification_amended,denitrification,large Rock,large,Rock,Rock,DA,amended,not,not,Dark,0.010173561,12.2,14.5,-1.767765536,NA,0,-4865.300853,0
G12,MI,Pilgrim River 2019-06-13,Pilgrim River,2019,June,6/13/19,denitrification_amended,denitrification,large Rock,large,Rock,Rock,DA,amended,not,not,Dark,0.012363374,12.5,14.4,-1.856643502,NA,0,-4204.84069,0
G4,MI,Pilgrim River 2019-06-13,Pilgrim River,2019,June,6/13/19,denitrification_amended,denitrification,large Rock,large,Rock,Rock,DA,amended,not,not,Dark,0.013474438,12.1,14.4,-0.496951078,NA,0,-1032.668686,0
C4,MI,Pilgrim River 2019-06-13,Pilgrim River,2019,June,6/13/19,denitrification_unamended,denitrification,large Rock,large,Rock,Rock,DU,unamended,not,not,Dark,0.015187016,13.7,14.9,-2.616140025,NA,0,-4823.325445,0
C6,MI,Pilgrim River 2019-06-13,Pilgrim River,2019,June,6/13/19,denitrification_unamended,denitrification,large Rock,large,Rock,Rock,DU,unamended,not,not,Dark,0.014527089,14.2,15.4,-1.742350889,NA,0,-3358.265713,0
G3,MI,Pilgrim River 2019-06-13,Pilgrim River,2019,June,6/13/19,denitrification_unamended,denitrification,large Rock,large,Rock,Rock,DU,unamended,not,not,Dark,0.016833726,12.3,14.3,-3.697333317,NA,0,-6149.876318,0
D3,PR,Quebrada Prieta 2019-03-03,Quebrada Prieta,2019,March,3/3/19,denitrification_amended,denitrification,large Rock,large,Rock,Rock,DA,amended,not,not,Dark,0.015244755,21.2,21.7,0,-0.022485441,-0.022485441,41.29894797,41.29894797
D9,PR,Quebrada Prieta 2019-03-03,Quebrada Prieta,2019,March,3/3/19,denitrification_amended,denitrification,large Rock,large,Rock,Rock,DA,amended,not,not,Dark,0.017671602,21.2,21.8,0.001254186,-0.022485441,-0.022485441,37.61456113,37.61456113
D11,PR,Quebrada Prieta 2019-03-03,Quebrada Prieta,2019,March,3/3/19,denitrification_unamended,denitrification,large Rock,large,Rock,Rock,DU,unamended,not,not,Dark,0.020662181,22.7,22,-0.003180328,0.004095946,0.004095946,-9.860318774,0
D12,PR,Quebrada Prieta 2019-03-03,Quebrada Prieta,2019,March,3/3/19,denitrification_unamended,denitrification,large Rock,large,Rock,Rock,DU,unamended,not,not,Dark,0.02043962,22.2,21.9,-0.006058046,0.004095946,0.004095946,-13.90983691,0
D3,PR,Quebrada Sonadora 2019-03-05,Quebrada Sonadora,2019,March,3/5/19,denitrification_amended,denitrification,large Rock,large,Rock,Rock,DA,amended,not,not,Dark,0.016163356,20.5,21,0.09651899,-0.336507562,-0.336507562,750.1377484,750.1377484
G2,PR,Quebrada Sonadora 2019-03-05,Quebrada Sonadora,2019,March,3/5/19,denitrification_amended,denitrification,large Rock,large,Rock,Rock,DA,amended,not,not,Dark,0.019035576,20.7,21.2,0.217207731,-0.336507562,-0.336507562,814.4764414,814.4764414
D11,PR,Quebrada Sonadora 2019-03-05,Quebrada Sonadora,2019,March,3/5/19,denitrification_unamended,denitrification,large Rock,large,Rock,Rock,DU,unamended,not,not,Dark,0.022808246,21.3,21,-0.060929149,-0.169374228,-0.169374228,133.1300189,133.1300189
G1,PR,Quebrada Sonadora 2019-03-05,Quebrada Sonadora,2019,March,3/5/19,denitrification_unamended,denitrification,large Rock,large,Rock,Rock,DU,unamended,not,not,Dark,0.019880426,21.2,21.1,0.321902394,-0.169374228,-0.169374228,691.924078,691.924078
D10,KS,Kings Creek 2019-05-10,Kings Creek,2019,May,5/10/19,denitrification_amended,denitrification,large Rock,large,Rock,Rock,DA,amended,not,not,Dark,0.019710633,12.2,12.8,-20.00643788,0,0,-28420.20653,0
D2,KS,Kings Creek 2019-05-10,Kings Creek,2019,May,5/10/19,denitrification_amended,denitrification,large Rock,large,Rock,Rock,DA,amended,not,not,Dark,0.021735004,11.5,12.5,0,0,0,0,0
D9,KS,Kings Creek 2019-05-10,Kings Creek,2019,May,5/10/19,denitrification_amended,denitrification,large Rock,large,Rock,Rock,DA,amended,not,not,Dark,0.015959083,12,12.8,0,0,0,0,0
D5,KS,Kings Creek 2019-05-10,Kings Creek,2019,May,5/10/19,denitrification_unamended,denitrification,large Rock,large,Rock,Rock,DU,unamended,not,not,Dark,0.018311298,12.2,12.7,0,0,0,0,0
D7,KS,Kings Creek 2019-05-10,Kings Creek,2019,May,5/10/19,denitrification_unamended,denitrification,large Rock,large,Rock,Rock,DU,unamended,not,not,Dark,0.020504922,12.1,12.7,0,0,0,0,0
G1,KS,Kings Creek 2019-05-10,Kings Creek,2019,May,5/10/19,denitrification_unamended,denitrification,large Rock,large,Rock,Rock,DU,unamended,not,not,Dark,0.01915623,12,12.8,0,0,0,0,0
D2,AZ,Sycamore Creek 2019-05-14,Sycamore Creek,2019,May,5/14/19,denitrification_amended,denitrification,large Rock,large,Rock,Rock,DA,amended,not,not,Dark,0.017849699,23.9,28.4,-0.547023141,NA,0,-858.0899855,0
D6,AZ,Sycamore Creek 2019-05-14,Sycamore Creek,2019,May,5/14/19,denitrification_amended,denitrification,large Rock,large,Rock,Rock,DA,amended,not,not,Dark,0.015475312,24,27.7,-1.471693053,NA,0,-2662.783502,0
D12,AZ,Sycamore Creek 2019-05-14,Sycamore Creek,2019,May,5/14/19,denitrification_unamended,denitrification,large Rock,large,Rock,Rock,DU,unamended,not,not,Dark,0.035014027,25,27.8,-1.41015376,NA,0,-1127.67107,0
D9,AZ,Sycamore Creek 2019-05-14,Sycamore Creek,2019,May,5/14/19,denitrification_unamended,denitrification,large Rock,large,Rock,Rock,DU,unamended,not,not,Dark,0.01470901,25.9,27.8,1.023258112,NA,0,1947.869172,1947.869172
D1,AZ,Wet Beaver Creek 2019-05-16,Wet Beaver Creek,2019,May,5/16/19,denitrification_amended,denitrification,large Rock,large,Rock,Rock,DA,amended,not,not,Dark,0.014390495,17.6,19.9,-0.037947261,NA,0,-73.83507614,0
D6,AZ,Wet Beaver Creek 2019-05-16,Wet Beaver Creek,2019,May,5/16/19,denitrification_amended,denitrification,large Rock,large,Rock,Rock,DA,amended,not,not,Dark,0.013762793,17.3,19.8,-0.599971844,NA,0,-1220.625175,0
D8,AZ,Wet Beaver Creek 2019-05-16,Wet Beaver Creek,2019,May,5/16/19,denitrification_amended,denitrification,large Rock,large,Rock,Rock,DA,amended,not,not,Dark,0.016929288,17.5,20.6,-1.680307821,NA,0,-2779.125678,0
D9,AZ,Wet Beaver Creek 2019-05-16,Wet Beaver Creek,2019,May,5/16/19,denitrification_unamended,denitrification,large Rock,large,Rock,Rock,DU,unamended,not,not,Dark,0.021379173,18.5,20,0.476823433,-0.593711323,-0.593711323,1402.064204,1402.064204
G4,AZ,Wet Beaver Creek 2019-05-16,Wet Beaver Creek,2019,May,5/16/19,denitrification_unamended,denitrification,large Rock,large,Rock,Rock,DU,unamended,not,not,Dark,0.019969177,18.2,20.3,-1.806021341,-0.593711323,-0.593711323,-1699.853754,0
C1,MI,Pilgrim River 2019-09-09,Pilgrim River,2019,September,9/9/19,denitrification_amended,denitrification,large Rock,large,Rock,Rock,DA,amended,not,not,Dark,0.011590538,12.3,14.4,-0.749003599,-0.720223762,-0.720223762,-69.5252853,0
C8,MI,Pilgrim River 2019-09-09,Pilgrim River,2019,September,9/9/19,denitrification_amended,denitrification,large Rock,large,Rock,Rock,DA,amended,not,not,Dark,0.013806229,12.7,14,-0.225559191,-0.720223762,-0.720223762,1003.214417,1003.214417
C7,MI,Pilgrim River 2019-09-09,Pilgrim River,2019,September,9/9/19,denitrification_unamended,denitrification,large Rock,large,Rock,Rock,DU,unamended,not,not,Dark,0.012843706,14,14.3,0.698102243,NA,0,1521.902073,1521.902073
D2,MI,Pilgrim River 2019-09-09,Pilgrim River,2019,September,9/9/19,denitrification_unamended,denitrification,large Rock,large,Rock,Rock,DU,unamended,not,not,Dark,0.008885408,13.3,14.5,-0.583912986,NA,0,-1840.046468,0
F5,UT,1300 E Red Butte Creek 2017-07-19,1300 E Red Butte Creek,2017,July,7/19/17,denitrification_amended,denitrification,large Rock,large,Rock Flock,Rock,DA,amended,not,not,Light,0.01522507,18,18.4,0,0,0,0,0
G1,UT,1300 E Red Butte Creek 2017-07-19,1300 E Red Butte Creek,2017,July,7/19/17,denitrification_amended,denitrification,large Rock,large,Rock Flock,Rock,DA,amended,not,not,Light,0.01801748,18.1,18.6,0.556194469,0,0,864.352015,864.352015
F11,UT,1300 E Red Butte Creek 2017-07-19,1300 E Red Butte Creek,2017,July,7/19/17,denitrification_unamended,denitrification,large Rock,large,Rock Flock,Rock,DU,unamended,not,not,Light,0.01544077,17.9,18.4,0.192722757,0,0,349.4797981,349.4797981
F12,UT,1300 E Red Butte Creek 2017-07-19,1300 E Red Butte Creek,2017,July,7/19/17,denitrification_unamended,denitrification,large Rock,large,Rock Flock,Rock,DU,unamended,not,not,Light,0.018163013,18.1,18.2,0.565259294,0,0,871.4005887,871.4005887
D1,NH,Wednesday Hill Brook 2018-08-09,Wednesday Hill Brook,2018,August,8/9/18,denitrification_amended,denitrification,large Rock,large,Rock Flock,Rock,DA,amended,not,not,Dark,0.017456647,20.2,20.8,0.346492482,0.01215111,0.01215111,536.2747153,536.2747153
D12,NH,Wednesday Hill Brook 2018-08-09,Wednesday Hill Brook,2018,August,8/9/18,denitrification_amended,denitrification,large Rock,large,Rock Flock,Rock,DA,amended,not,not,Dark,0.025522316,20.4,20.7,0.012320317,0.01215111,0.01215111,0.185633105,0.185633105
D5,NH,Wednesday Hill Brook 2018-08-09,Wednesday Hill Brook,2018,August,8/9/18,denitrification_amended,denitrification,large Rock,large,Rock Flock,Rock,DA,amended,not,not,Dark,0.022870392,20.2,20.8,0.019264892,0.01215111,0.01215111,8.709333666,8.709333666
D10,NH,Wednesday Hill Brook 2018-08-09,Wednesday Hill Brook,2018,August,8/9/18,denitrification_unamended,denitrification,large Rock,large,Rock Flock,Rock,DU,unamended,not,not,Dark,0.018568702,20.4,20.6,0,0,0,0,0
D3,NH,Wednesday Hill Brook 2018-08-09,Wednesday Hill Brook,2018,August,8/9/18,denitrification_unamended,denitrification,large Rock,large,Rock Flock,Rock,DU,unamended,not,not,Dark,0.019167903,20.6,20.6,0.036851641,0,0,53.83196809,53.83196809
D8,NH,Wednesday Hill Brook 2018-08-09,Wednesday Hill Brook,2018,August,8/9/18,denitrification_unamended,denitrification,large Rock,large,Rock Flock,Rock,DU,unamended,not,not,Dark,0.013489881,20.2,20.6,0,0,0,0,0
1,PR,Rio Guillarte 2019-02-21,Rio Guillarte,2019,February,2/21/19,Nfixation_unamended,Nfixation,small Other,small,Algae,Other,NF,unamended,not,not,Light,0.00453646,24.7,23.6,7.02E-05,-0.000261346,-0.000261346,0.682132518,0.682132518
22,AZ,Sycamore Creek 2019-05-14,Sycamore Creek,2019,May,5/14/19,Nfixation_unamended,Nfixation,small Other,small,Algae,Other,NF,unamended,not,not,Light,0.00453646,25.4,26.8,-8.00E-06,-0.000321125,-0.000321125,0.644222788,0.644222788
32,AZ,Sycamore Creek 2019-05-14,Sycamore Creek,2019,May,5/14/19,Nfixation_unamended,Nfixation,small Other,small,Algae,Other,NF,unamended,not,not,Light,0.00453646,26.1,27.2,-0.000388844,-0.000321125,-0.000321125,-0.139325797,0
6,CO,Arikaree River 2019-05-24,Arikaree River,2019,May,5/24/19,Nfixation_unamended,Nfixation,small Other,small,Algae,Other,NF,unamended,not,not,Light,0.00453646,16.8,21.3,0.261669498,-0.001108761,-0.001108761,540.6411785,540.6411785
14,CO,Arikaree River 2019-05-24,Arikaree River,2019,May,5/24/19,Nfixation_unamended,Nfixation,small Other,small,Algae,Other,NF,unamended,not,not,Light,0.00453646,17.8,21.1,0.112390662,-0.001108761,-0.001108761,233.5142248,233.5142248
16,CO,Arikaree River 2019-05-24,Arikaree River,2019,May,5/24/19,Nfixation_unamended,Nfixation,small Other,small,Algae,Other,NF,unamended,not,not,Light,0.00453646,18.3,21.6,0.172108687,-0.001108761,-0.001108761,356.3783597,356.3783597
2,NH,Hubbard Brook 2018-08-07,Hubbard Brook,2018,August,8/7/18,Nfixation_unamended,Nfixation,small Rock,small,Bedrock scrape,Rock,NF,unamended,not,not,Light,0.00453646,20.3,20.2,-0.01671,-0.016095,-0.016095,-1.265303783,0
4,NH,Hubbard Brook 2018-08-07,Hubbard Brook,2018,August,8/7/18,Nfixation_unamended,Nfixation,small Rock,small,Bedrock scrape,Rock,NF,unamended,not,not,Light,0.00453646,20.2,20.1,-0.01922,-0.016095,-0.016095,-6.429389142,0
9,NH,Hubbard Brook 2018-08-07,Hubbard Brook,2018,August,8/7/18,Nfixation_unamended,Nfixation,small Rock,small,Bedrock scrape,Rock,NF,unamended,not,not,Light,0.00453646,20.2,20.1,-0.01661,-0.016095,-0.016095,-1.059563331,0
10,NH,Hubbard Brook 2018-08-07,Hubbard Brook,2018,August,8/7/18,Nfixation_unamended,Nfixation,small Rock,small,Bedrock scrape,Rock,NF,unamended,not,not,Light,0.00453646,20.2,20.2,-0.01858,-0.016095,-0.016095,-5.112650246,0
20,NC,Eno River 2017-06-04,Eno River,2017,June,6/4/17,Nfixation_unamended,Nfixation,small Sediment,small,Clay,Sediment,NF,unamended,not,not,Light,NA,NA,NA,NA,-0.00068,-0.00068,NA,NA
21,NC,Eno River 2017-06-04,Eno River,2017,June,6/4/17,Nfixation_unamended,Nfixation,small Sediment,small,Clay,Sediment,NF,unamended,not,not,Light,0.003216991,23.8,25.8,0.00057,-0.00068,-0.00068,3.626577341,3.626577341
6,PR,Rio Guillarte 2019-02-21,Rio Guillarte,2019,February,2/21/19,Nfixation_unamended,Nfixation,small Other,small,CPOM,Other,NF,unamended,not,not,Light,0.00453646,22.8,23.6,-0.000300227,-0.000261346,-0.000261346,-0.079993513,0
13,PR,Rio Cupeyes 2019-02-23,Rio Cupeyes,2019,February,2/23/19,Nfixation_unamended,Nfixation,small Other,small,CPOM,Other,NF,unamended,not,not,Light,0.00453646,22.8,22.4,-0.000170341,-0.000177377,-0.000177377,0.014476226,0.014476226
12,PR,Rio Guillarte 2019-02-21,Rio Guillarte,2019,February,2/21/19,Nfixation_unamended,Nfixation,small Rock,small,gravel,Rock,NF,unamended,not,not,Light,0.003216991,22.4,23.7,1.51E-05,-0.000261346,-0.000261346,0.802102954,0.802102954
21,CO,Arikaree River 2017-07-11,Arikaree River,2017,July,7/11/17,Nfixation_unamended,Nfixation,small Macrophyte,small,Macrophyte,Macrophyte,NF,unamended,not,not,Light,0.00453646,34.3,32.3,0.44686,-0.00116,-0.00116,921.7583755,921.7583755
22,CO,Arikaree River 2017-07-11,Arikaree River,2017,July,7/11/17,Nfixation_unamended,Nfixation,small Macrophyte,small,Macrophyte,Macrophyte,NF,unamended,not,not,Light,0.00453646,32.6,32.1,0.42921,-0.00116,-0.00116,885.4451856,885.4451856
2,CO,Arikaree River 2017-07-11,Arikaree River,2017,July,7/11/17,Nfixation_unamended,Nfixation,small Macrophyte,small,Macrophyte,Macrophyte,NF,unamended,not,not,Light,0.00453646,24.8,29.5,0.00156,-0.00116,-0.00116,5.596140309,5.596140309
3,CO,Arikaree River 2017-07-11,Arikaree River,2017,July,7/11/17,Nfixation_unamended,Nfixation,small Macrophyte,small,Macrophyte,Macrophyte,NF,unamended,not,not,Light,0.00453646,25.8,29.1,0.01629,-0.00116,-0.00116,35.90170897,35.90170897
2,ID,South Fork Mink Creek 2017-07-27,South Fork Mink Creek,2017,July,7/27/17,Nfixation_unamended,Nfixation,small Macrophyte,small,Macrophyte,Macrophyte,NF,unamended,not,not,Light,0.00453646,15.9,17.1,-0.00165,-0.001715,-0.001715,0.133731294,0.133731294
9,ID,South Fork Mink Creek 2017-07-27,South Fork Mink Creek,2017,July,7/27/17,Nfixation_unamended,Nfixation,small Macrophyte,small,Macrophyte,Macrophyte,NF,unamended,not,not,Light,0.00453646,16,16.8,-0.00139,-0.001715,-0.001715,0.668656471,0.668656471
25,WI,Brewery Creek 2017-08-11,Brewery Creek,2017,August,8/11/17,Nfixation_unamended,Nfixation,small Macrophyte,small,Macrophyte,Macrophyte,NF,unamended,not,not,Light,0.00453646,15.5,18.4,-0.001,-0.001,-0.001,0,0
26,WI,Brewery Creek 2017-08-11,Brewery Creek,2017,August,8/11/17,Nfixation_unamended,Nfixation,small Macrophyte,small,Macrophyte,Macrophyte,NF,unamended,not,not,Light,0.00453646,15.5,18.4,-0.00127,-0.001,-0.001,-0.555499222,0
23,MT,Blaine Creek 2019-08-10,Blaine Creek,2019,August,8/10/19,Nfixation_unamended,Nfixation,small Macrophyte,small,Macrophyte,Macrophyte,NF,unamended,not,not,Light,0.00453646,17,21.4,9.69E-06,-2.25E-05,-2.25E-05,0.066277421,0.066277421
28,MT,Blaine Creek 2019-08-10,Blaine Creek,2019,August,8/10/19,Nfixation_unamended,Nfixation,small Macrophyte,small,Macrophyte,Macrophyte,NF,unamended,not,not,Light,0.00453646,17.4,22.6,0.000155919,-2.25E-05,-2.25E-05,0.36714005,0.36714005
5,PR,Rio Cupeyes 2019-02-23,Rio Cupeyes,2019,February,2/23/19,Nfixation_unamended,Nfixation,small Rock,small,Pebble,Rock,NF,unamended,not,not,Light,0.003216991,22.8,22.5,-0.000176467,-0.000177377,-0.000177377,0.002641618,0.002641618
9,PR,Rio Cupeyes 2019-02-23,Rio Cupeyes,2019,February,2/23/19,Nfixation_unamended,Nfixation,small Rock,small,Pebble,Rock,NF,unamended,not,not,Light,0.003216991,23.2,22.4,-0.000164759,-0.000177377,-0.000177377,0.036610471,0.036610471
4,TX,Pringle Creek 2018-06-09,Pringle Creek,2018,June,6/9/18,Nfixation_unamended,Nfixation,small Rock,small,Pebble,Rock,NF,unamended,not,not,Light,0.003216991,26.8,31.1,0.00496,-0.00405,-0.00405,26.14036947,26.14036947
10,TX,Pringle Creek 2018-06-09,Pringle Creek,2018,June,6/9/18,Nfixation_unamended,Nfixation,small Rock,small,Pebble,Rock,NF,unamended,not,not,Light,0.003216991,26.9,30.8,0.01276,-0.00405,-0.00405,48.77021208,48.77021208
4,NH,Dowst Cate Forest 2018-08-10,Dowst Cate Forest,2018,August,8/10/18,Nfixation_unamended,Nfixation,small Rock,small,Pebble,Rock,NF,unamended,not,not,Light,0.003216991,22.4,23.2,-0.0148,NA,0,-42.93867572,0
7,NH,Dowst Cate Forest 2018-08-10,Dowst Cate Forest,2018,August,8/10/18,Nfixation_unamended,Nfixation,small Rock,small,Pebble,Rock,NF,unamended,not,not,Light,0.003216991,22.8,23.3,-0.01776,NA,0,-51.52641086,0
20,NC,New Hope Creek 2017-06-03,New Hope Creek,2017,June,6/3/17,Nfixation_unamended,Nfixation,small Sediment,small,Sediment,Sediment,NF,unamended,not,not,Light,0.003216991,22.3,25.9,0.00019,-0.000765,-0.000765,2.770705088,2.770705088
A10,NC,New Hope Creek 2017-06-03,New Hope Creek,2017,June,6/3/17,Nfixation_unamended,Nfixation,small Sediment,small,Sediment,Sediment,NF,unamended,not,not,Light,0.003216991,22.1,24.9,-0.0011,-0.000765,-0.000765,-0.971922727,0
A9,NC,New Hope Creek 2017-06-03,New Hope Creek,2017,June,6/3/17,Nfixation_unamended,Nfixation,small Sediment,small,Sediment,Sediment,NF,unamended,not,not,Light,0.003216991,22.3,25.8,-0.00116,-0.000765,-0.000765,-1.14599844,0
B1,NC,Eno River 2017-06-04,Eno River,2017,June,6/4/17,Nfixation_unamended,Nfixation,small Sediment,small,Sediment,Sediment,NF,unamended,not,not,Light,0.003216991,23.5,26.2,0.00151,-0.00068,-0.00068,6.353763501,6.353763501
B2,NC,Eno River 2017-06-04,Eno River,2017,June,6/4/17,Nfixation_unamended,Nfixation,small Sediment,small,Sediment,Sediment,NF,unamended,not,not,Light,0.003216991,23.4,NA,NA,-0.00068,-0.00068,NA,NA
B4,NC,Eno River 2017-06-04,Eno River,2017,June,6/4/17,Nfixation_unamended,Nfixation,small Sediment,small,Sediment,Sediment,NF,unamended,not,not,Light,0.003216991,23.6,26.4,1.00E-04,-0.00068,-0.00068,2.262984261,2.262984261
14,CO,Arikaree River 2017-07-11,Arikaree River,2017,July,7/11/17,Nfixation_unamended,Nfixation,small Sediment,small,Sediment,Sediment,NF,unamended,not,not,Light,0.003216991,31,32.5,0.05508,-0.00116,-0.00116,163.1669677,163.1669677
15,CO,Arikaree River 2017-07-11,Arikaree River,2017,July,7/11/17,Nfixation_unamended,Nfixation,small Sediment,small,Sediment,Sediment,NF,unamended,not,not,Light,0.003216991,32.3,32.5,0.02395,-0.00116,-0.00116,72.85068563,72.85068563
18,CO,Arikaree River 2017-07-11,Arikaree River,2017,July,7/11/17,Nfixation_unamended,Nfixation,small Sediment,small,Sediment,Sediment,NF,unamended,not,not,Light,0.003216991,32.8,32.2,0.01912,-0.00116,-0.00116,58.83759078,58.83759078
11,CO,Arikaree River 2017-07-11,Arikaree River,2017,July,7/11/17,Nfixation_unamended,Nfixation,small Sediment,small,Sediment,Sediment,NF,unamended,not,not,Light,0.003216991,26,29.9,-0.00501,-0.00116,-0.00116,-11.16985821,0
19,CO,Arikaree River 2017-07-11,Arikaree River,2017,July,7/11/17,Nfixation_unamended,Nfixation,small Sediment,small,Sediment,Sediment,NF,unamended,not,not,Light,0.003216991,27.7,29.2,0.00411,-0.00116,-0.00116,15.28965007,15.28965007
4,UT,Lower Knowton Fork Red Butte Creek 2017-07-18,Lower Knowton Fork Red Butte Creek,2017,July,7/18/17,Nfixation_unamended,Nfixation,small Sediment,small,Sediment,Sediment,NF,unamended,not,not,Light,0.003216991,11.5,13.8,-0.00088,-0.001365,-0.001365,1.407112008,1.407112008
8,UT,Lower Knowton Fork Red Butte Creek 2017-07-18,Lower Knowton Fork Red Butte Creek,2017,July,7/18/17,Nfixation_unamended,Nfixation,small Sediment,small,Sediment,Sediment,NF,unamended,not,not,Light,0.003216991,11.6,13.6,-0.00079,-0.001365,-0.001365,1.668225577,1.668225577
16,UT,Lower Knowton Fork Red Butte Creek 2017-07-18,Lower Knowton Fork Red Butte Creek,2017,July,7/18/17,Nfixation_unamended,Nfixation,small Sediment,small,Sediment,Sediment,NF,unamended,not,not,Light,0.003216991,11.9,13.4,0.00329,-0.001365,-0.001365,13.50537402,13.50537402
23,ID,South Fork Mink Creek 2017-07-27,South Fork Mink Creek,2017,July,7/27/17,Nfixation_unamended,Nfixation,small Sediment,small,Sediment,Sediment,NF,unamended,not,not,Light,0.003216991,15.9,19.1,0.00027,-0.001715,-0.001715,5.759004817,5.759004817
32,ID,South Fork Mink Creek 2017-07-27,South Fork Mink Creek,2017,July,7/27/17,Nfixation_unamended,Nfixation,small Sediment,small,Sediment,Sediment,NF,unamended,not,not,Light,0.003216991,16.3,20.1,0.00149,-0.001715,-0.001715,9.298544302,9.298544302
13,WI,Black Earth Creek 2017-08-08,Black Earth Creek,2017,August,8/8/17,Nfixation_unamended,Nfixation,small Sediment,small,Sediment,Sediment,NF,unamended,not,not,Light,0.003216991,17.2,18.7,-0.00373,-0.001875,-0.001875,-5.381840774,0
15,WI,Black Earth Creek 2017-08-08,Black Earth Creek,2017,August,8/8/17,Nfixation_unamended,Nfixation,small Sediment,small,Sediment,Sediment,NF,unamended,not,not,Light,0.003216991,17.8,18.8,-0.00106,-0.001875,-0.001875,2.364528426,2.364528426
16,WI,Black Earth Creek 2017-08-08,Black Earth Creek,2017,August,8/8/17,Nfixation_unamended,Nfixation,small Sediment,small,Sediment,Sediment,NF,unamended,not,not,Light,0.003216991,19,18.9,-0.00132,-0.001875,-0.001875,1.610200339,1.610200339
1,WI,Brewery Creek 2017-08-11,Brewery Creek,2017,August,8/11/17,Nfixation_unamended,Nfixation,small Sediment,small,Sediment,Sediment,NF,unamended,not,not,Light,0.003216991,15.2,17.5,-0.00418,-0.001,-0.001,-9.226012755,0
3,WI,Brewery Creek 2017-08-11,Brewery Creek,2017,August,8/11/17,Nfixation_unamended,Nfixation,small Sediment,small,Sediment,Sediment,NF,unamended,not,not,Light,0.003216991,15.1,17.7,-0.00149,-0.001,-0.001,-1.421618318,0
10,WI,Brewery Creek 2017-08-11,Brewery Creek,2017,August,8/11/17,Nfixation_unamended,Nfixation,small Sediment,small,Sediment,Sediment,NF,unamended,not,not,Light,0.003216991,15.4,18.5,-0.00138,-0.001,-0.001,-1.102479512,0
4,NC,New Hope Creek 2018-05-27,New Hope Creek,2018,May,5/27/18,Nfixation_unamended,Nfixation,small Sediment,small,Sediment,Sediment,NF,unamended,not,not,Light,0.003216991,22.5,22.6,-0.00404,-0.001013333,-0.001013333,-8.781152602,0
8,NC,New Hope Creek 2018-05-27,New Hope Creek,2018,May,5/27/18,Nfixation_unamended,Nfixation,small Sediment,small,Sediment,Sediment,NF,unamended,not,not,Light,0.003216991,22.4,22.6,-0.00745,-0.001013333,-0.001013333,-18.67445559,0
14,NC,New Hope Creek 2018-05-27,New Hope Creek,2018,May,5/27/18,Nfixation_unamended,Nfixation,small Sediment,small,Sediment,Sediment,NF,unamended,not,not,Light,0.003216991,22.5,22.6,-0.00044,-0.001013333,-0.001013333,1.66339014,1.66339014
2,FL,Ichetucknee River 2018-05-31,Ichetucknee River,2018,May,5/31/18,Nfixation_unamended,Nfixation,small Sediment,small,Sediment,Sediment,NF,unamended,not,not,Light,0.003216991,22.7,24,0.00827,-0.0018,-0.0018,29.21570706,29.21570706
3,FL,Ichetucknee River 2018-05-31,Ichetucknee River,2018,May,5/31/18,Nfixation_unamended,Nfixation,small Sediment,small,Sediment,Sediment,NF,unamended,not,not,Light,0.003216991,22.2,24.4,-0.00247,-0.0018,-0.0018,-1.943845455,0
4,FL,Alexander Springs 2018-06-02,Alexander Springs,2018,June,6/2/18,Nfixation_unamended,Nfixation,small Sediment,small,Sediment,Sediment,NF,unamended,not,not,Light,0.003216991,25.9,25.9,0.003,-0.001915,-0.001915,14.2597021,14.2597021
5,FL,Alexander Springs 2018-06-02,Alexander Springs,2018,June,6/2/18,Nfixation_unamended,Nfixation,small Sediment,small,Sediment,Sediment,NF,unamended,not,not,Light,0.003216991,24.6,25.7,0.00449,-0.001915,-0.001915,18.5825823,18.5825823
9,FL,Alexander Springs 2018-06-02,Alexander Springs,2018,June,6/2/18,Nfixation_unamended,Nfixation,small Sediment,small,Sediment,Sediment,NF,unamended,not,not,Light,0.003216991,24.5,26.1,-0.00344,-0.001915,-0.001915,-4.424424356,0
17,TX,Pringle Creek 2018-06-09,Pringle Creek,2018,June,6/9/18,Nfixation_unamended,Nfixation,small Sediment,small,Sediment,Sediment,NF,unamended,not,not,Light,0.003216991,27.1,31,0.00239,-0.00405,-0.00405,18.68412646,18.68412646
19,TX,Pringle Creek 2018-06-09,Pringle Creek,2018,June,6/9/18,Nfixation_unamended,Nfixation,small Sediment,small,Sediment,Sediment,NF,unamended,not,not,Light,0.003216991,27.2,30.6,-0.00144,-0.00405,-0.00405,7.572293488,7.572293488
25,TX,Pringle Creek 2018-06-09,Pringle Creek,2018,June,6/9/18,Nfixation_unamended,Nfixation,small Sediment,small,Sediment,Sediment,NF,unamended,not,not,Light,0.003216991,27.6,31.4,0.00561,-0.00405,-0.00405,28.02618969,28.02618969
3,KS,McDiffett Creek 2018-06-12,McDiffett Creek,2018,June,6/12/18,Nfixation_unamended,Nfixation,small Sediment,small,Sediment,Sediment,NF,unamended,not,not,Light,0.003216991,23,24,0.00244,-0.00151,-0.00151,11.4599844,11.4599844
14,KS,McDiffett Creek 2018-06-12,McDiffett Creek,2018,June,6/12/18,Nfixation_unamended,Nfixation,small Sediment,small,Sediment,Sediment,NF,unamended,not,not,Light,0.003216991,23.4,23.9,0.0024,-0.00151,-0.00151,11.34393392,11.34393392
17,KS,McDiffett Creek 2018-06-12,McDiffett Creek,2018,June,6/12/18,Nfixation_unamended,Nfixation,small Sediment,small,Sediment,Sediment,NF,unamended,not,not,Light,0.003216991,23,24.4,-0.00146,-0.00151,-0.00151,0.145063094,0.145063094
14,KS,Kings Creek 2018-06-13,Kings Creek,2018,June,6/13/18,Nfixation_unamended,Nfixation,small Sediment,small,Sediment,Sediment,NF,unamended,not,not,Light,0.003216991,23.6,24,0.02386,-0.00076,-0.00076,71.42906731,71.42906731
21,KS,Kings Creek 2018-06-13,Kings Creek,2018,June,6/13/18,Nfixation_unamended,Nfixation,small Sediment,small,Sediment,Sediment,NF,unamended,not,not,Light,0.003216991,23.7,24.4,0.00816,-0.00076,-0.00076,25.87925591,25.87925591
24,KS,Kings Creek 2018-06-13,Kings Creek,2018,June,6/13/18,Nfixation_unamended,Nfixation,small Sediment,small,Sediment,Sediment,NF,unamended,not,not,Light,0.003216991,23.8,24.1,0.0056,-0.00076,-0.00076,18.45202551,18.45202551
14,MI,Pilgrim River 2018-06-21,Pilgrim River,2018,June,6/21/18,Nfixation_unamended,Nfixation,small Sediment,small,Sediment,Sediment,NF,unamended,not,not,Light,0.003216991,15.9,17.8,0.00198,-0.00299,-0.00299,14.41927151,14.41927151
24,MI,Pilgrim River 2018-06-21,Pilgrim River,2018,June,6/21/18,Nfixation_unamended,Nfixation,small Sediment,small,Sediment,Sediment,NF,unamended,not,not,Light,0.003216991,15.7,18.1,-0.00124,-0.00299,-0.00299,5.077208277,5.077208277
28,MI,Pilgrim River 2018-06-21,Pilgrim River,2018,June,6/21/18,Nfixation_unamended,Nfixation,small Sediment,small,Sediment,Sediment,NF,unamended,not,not,Light,0.003216991,15.4,17.6,-0.00319,-0.00299,-0.00299,-0.580252375,0
13,MI,Pilgrim River 2018-07-17,Pilgrim River,2018,July,7/17/18,Nfixation_unamended,Nfixation,small Sediment,small,Sediment,Sediment,NF,unamended,not,not,Light,0.003216991,19.1,20,-0.00012,-0.000975,-0.000975,2.480578901,2.480578901
17,MI,Pilgrim River 2018-07-17,Pilgrim River,2018,July,7/17/18,Nfixation_unamended,Nfixation,small Sediment,small,Sediment,Sediment,NF,unamended,not,not,Light,0.003216991,19.5,19.7,-0.00013,-0.000975,-0.000975,2.451566282,2.451566282
152,MI,Pilgrim River 2018-07-17,Pilgrim River,2018,July,7/17/18,Nfixation_unamended,Nfixation,small Sediment,small,Sediment,Sediment,NF,unamended,not,not,Light,0.003216991,18.8,20.1,-0.0014,-0.000975,-0.000975,-1.233036296,0
20,NH,Wednesday Hill Brook 2018-08-09,Wednesday Hill Brook,2018,August,8/9/18,Nfixation_unamended,Nfixation,small Sediment,small,Sediment,Sediment,NF,unamended,not,not,Light,0.003216991,21.1,20.8,-0.0068,-0.013155,-0.013155,18.4375192,18.4375192
22,NH,Wednesday Hill Brook 2018-08-09,Wednesday Hill Brook,2018,August,8/9/18,Nfixation_unamended,Nfixation,small Sediment,small,Sediment,Sediment,NF,unamended,not,not,Light,0.003216991,21.1,20.9,-0.03289,-0.013155,-0.013155,-57.25640306,0
1,MA,Hop Brook 2018-08-15,Hop Brook,2018,August,8/15/18,Nfixation_unamended,Nfixation,small Sediment,small,Sediment,Sediment,NF,unamended,not,not,Light,0.003216991,19.6,20.5,-0.01679,NA,0,-48.71218684,0
4,MA,Hop Brook 2018-08-15,Hop Brook,2018,August,8/15/18,Nfixation_unamended,Nfixation,small Sediment,small,Sediment,Sediment,NF,unamended,not,not,Light,0.003216991,19.5,20.4,-0.01852,NA,0,-53.73136988,0
21,PR,Quebrada Prieta 2019-03-03,Quebrada Prieta,2019,March,3/3/19,Nfixation_unamended,Nfixation,small Sediment,small,Sediment,Sediment,NF,unamended,not,not,Light,0.003216991,21.7,22,-0.000222062,-0.000187422,-0.000187422,-0.100499639,0
22,PR,Quebrada Prieta 2019-03-03,Quebrada Prieta,2019,March,3/3/19,Nfixation_unamended,Nfixation,small Sediment,small,Sediment,Sediment,NF,unamended,not,not,Light,0.003216991,21.6,21.9,-0.000118437,-0.000187422,-0.000187422,0.200144247,0.200144247
1,KS,Kings Creek 2019-05-10,Kings Creek,2019,May,5/10/19,Nfixation_unamended,Nfixation,small Sediment,small,Sediment,Sediment,NF,unamended,not,not,Light,0.003216991,12.6,13.1,4.64E-05,NA,0,0.1346297,0.1346297
13,KS,Kings Creek 2019-05-10,Kings Creek,2019,May,5/10/19,Nfixation_unamended,Nfixation,small Sediment,small,Sediment,Sediment,NF,unamended,not,not,Light,0.003216991,12.1,13,0.000351256,NA,0,1.019085463,1.019085463
15,KS,Kings Creek 2019-05-10,Kings Creek,2019,May,5/10/19,Nfixation_unamended,Nfixation,small Sediment,small,Sediment,Sediment,NF,unamended,not,not,Light,0.003216991,12,13.2,2.26E-05,NA,0,0.065429351,0.065429351
1,AZ,Sycamore Creek 2019-05-14,Sycamore Creek,2019,May,5/14/19,Nfixation_unamended,Nfixation,small Sediment,small,Sediment,Sediment,NF,unamended,not,not,Light,0.003216991,26.2,27.9,-0.000575229,-0.000321125,-0.000321125,-0.737222691,0
9,AZ,Sycamore Creek 2019-05-14,Sycamore Creek,2019,May,5/14/19,Nfixation_unamended,Nfixation,small Sediment,small,Sediment,Sediment,NF,unamended,not,not,Light,0.003216991,26.9,26.3,-0.0003761,-0.000321125,-0.000321125,-0.159496358,0
15,AZ,Wet Beaver Creek 2019-05-16,Wet Beaver Creek,2019,May,5/16/19,Nfixation_unamended,Nfixation,small Sediment,small,Sediment,Sediment,NF,unamended,not,not,Light,0.003216991,18.8,20.6,1.18E-05,-0.000165875,-0.000165875,0.515492774,0.515492774
23,AZ,Wet Beaver Creek 2019-05-16,Wet Beaver Creek,2019,May,5/16/19,Nfixation_unamended,Nfixation,small Sediment,small,Sediment,Sediment,NF,unamended,not,not,Light,0.003216991,19.2,21,-1.33E-06,-0.000165875,-0.000165875,0.477378477,0.477378477
28,CO,Arikaree River 2019-05-24,Arikaree River,2019,May,5/24/19,Nfixation_unamended,Nfixation,small Sediment,small,Sediment,Sediment,NF,unamended,not,not,Light,0.003216991,20.1,23.5,0.001650556,-0.001108761,-0.001108761,8.005499458,8.005499458
29,CO,Arikaree River 2019-05-24,Arikaree River,2019,May,5/24/19,Nfixation_unamended,Nfixation,small Sediment,small,Sediment,Sediment,NF,unamended,not,not,Light,0.003216991,20.7,23.1,0.000264194,-0.001108761,-0.001108761,3.983300486,3.983300486
30,CO,Arikaree River 2019-05-24,Arikaree River,2019,May,5/24/19,Nfixation_unamended,Nfixation,small Sediment,small,Sediment,Sediment,NF,unamended,not,not,Light,0.003216991,20.3,23.4,0.006714448,-0.001108761,-0.001108761,22.69717556,22.69717556
2,MI,Pilgrim River 2019-06-13,Pilgrim River,2019,June,6/13/19,Nfixation_unamended,Nfixation,small Sediment,small,Sediment,Sediment,NF,unamended,not,not,Light,0.003216991,14,15.6,-0.000419934,-0.000999966,-0.000999966,1.682824191,1.682824191
6,MI,Pilgrim River 2019-06-13,Pilgrim River,2019,June,6/13/19,Nfixation_unamended,Nfixation,small Sediment,small,Sediment,Sediment,NF,unamended,not,not,Light,0.003216991,14.8,15.6,0.000232532,-0.000999966,-0.000999966,3.575799327,3.575799327
14,MI,Pilgrim River 2019-06-13,Pilgrim River,2019,June,6/13/19,Nfixation_unamended,Nfixation,small Sediment,small,Sediment,Sediment,NF,unamended,not,not,Light,0.003216991,13.9,15.4,-0.000772349,-0.000999966,-0.000999966,0.66037799,0.66037799
1,AK,Caribou Creek 2019-07-09,Caribou Creek,2019,July,7/9/19,Nfixation_unamended,Nfixation,small Sediment,small,Sediment,Sediment,NF,unamended,not,not,Light,0.003216991,7.1,8.3,-0.000139311,-0.000177055,-0.000177055,0.109505044,0.109505044
6,AK,Caribou Creek 2019-07-09,Caribou Creek,2019,July,7/9/19,Nfixation_unamended,Nfixation,small Sediment,small,Sediment,Sediment,NF,unamended,not,not,Light,0.003216991,7.3,8,-0.00035756,-0.000177055,-0.000177055,-0.523692308,0
2,AK,Poker Creek 2019-07-10,Poker Creek,2019,July,7/10/19,Nfixation_unamended,Nfixation,small Sediment,small,Sediment,Sediment,NF,unamended,not,not,Light,0.003216991,8.3,8.9,-0.002054557,-0.002087402,-0.002087402,0.095293229,0.095293229
3,AK,Poker Creek 2019-07-10,Poker Creek,2019,July,7/10/19,Nfixation_unamended,Nfixation,small Sediment,small,Sediment,Sediment,NF,unamended,not,not,Light,0.003216991,8.6,9,-0.001637544,-0.002087402,-0.002087402,1.305156345,1.305156345
8,AK,Poker Creek 2019-07-10,Poker Creek,2019,July,7/10/19,Nfixation_unamended,Nfixation,small Sediment,small,Sediment,Sediment,NF,unamended,not,not,Light,0.003216991,8.5,9,-0.000958283,-0.002087402,-0.002087402,3.275872078,3.275872078
9,WY,Blacktail Deer Creek 2019-07-30,Blacktail Deer Creek,2019,July,7/30/19,Nfixation_unamended,Nfixation,small Sediment,small,Sediment,Sediment,NF,unamended,not,not,Light,0.003216991,15.1,16.7,-0.000638899,-0.001185798,-0.001185798,1.586695019,1.586695019
12,WY,Blacktail Deer Creek 2019-07-30,Blacktail Deer Creek,2019,July,7/30/19,Nfixation_unamended,Nfixation,small Sediment,small,Sediment,Sediment,NF,unamended,not,not,Light,0.003216991,15.5,17,-0.000464692,-0.001185798,-0.001185798,2.09211707,2.09211707
4,OR,McRae Creek 2019-08-03,McRae Creek,2019,August,8/3/19,Nfixation_unamended,Nfixation,small Sediment,small,Sediment,Sediment,NF,unamended,not,not,Light,0.003216991,11.1,11.4,0.000283056,-0.000222815,-0.000222815,1.467665344,1.467665344
12,OR,McRae Creek 2019-08-03,McRae Creek,2019,August,8/3/19,Nfixation_unamended,Nfixation,small Sediment,small,Sediment,Sediment,NF,unamended,not,not,Light,0.003216991,11.2,11.6,-9.66E-05,-0.000222815,-0.000222815,0.36631528,0.36631528
2,WA,Martha Creek 2019-08-06,Martha Creek,2019,August,8/6/19,Nfixation_unamended,Nfixation,small Sediment,small,Sediment,Sediment,NF,unamended,not,not,Light,0.003216991,17.6,18.5,-0.000580032,-0.001172942,-0.001172942,1.720188272,1.720188272
5,WA,Martha Creek 2019-08-06,Martha Creek,2019,August,8/6/19,Nfixation_unamended,Nfixation,small Sediment,small,Sediment,Sediment,NF,unamended,not,not,Light,0.003216991,17.1,18.5,-0.000348563,-0.001172942,-0.001172942,2.391739218,2.391739218
1,MT,Blaine Creek 2019-08-10,Blaine Creek,2019,August,8/10/19,Nfixation_unamended,Nfixation,small Sediment,small,Sediment,Sediment,NF,unamended,not,not,Light,0.003216991,16.5,20.9,8.07E-05,-2.25E-05,-2.25E-05,0.299563551,0.299563551
5,MI,Pilgrim River 2019-09-09,Pilgrim River,2019,September,9/9/19,Nfixation_unamended,Nfixation,small Sediment,small,Sediment,Sediment,NF,unamended,not,not,Light,0.003216991,13.6,14.5,-0.00022169,-9.34E-05,-9.34E-05,-0.372334271,0
10,MI,Pilgrim River 2019-09-09,Pilgrim River,2019,September,9/9/19,Nfixation_unamended,Nfixation,small Sediment,small,Sediment,Sediment,NF,unamended,not,not,Light,0.003216991,13.6,14.3,-0.000292759,-9.34E-05,-9.34E-05,-0.578525876,0
21,NC,New Hope Creek 2017-06-03,New Hope Creek,2017,June,6/3/17,Nfixation_unamended,Nfixation,small Wood,small,Wood,Wood,NF,unamended,not,not,Light,0.00910581,22.4,24.3,0.00614,-0.000765,-0.000765,7.07753255,7.07753255
23,NC,New Hope Creek 2017-06-03,New Hope Creek,2017,June,6/3/17,Nfixation_unamended,Nfixation,small Wood,small,Wood,Wood,NF,unamended,not,not,Light,0.01096601,22.4,24.4,0.00059,-0.000765,-0.000765,1.153260545,1.153260545
30,NC,Eno River 2017-06-04,Eno River,2017,June,6/4/17,Nfixation_unamended,Nfixation,small Wood,small,Wood,Wood,NF,unamended,not,not,Light,0.01075117,23.9,26.6,-0.00083,-0.00068,-0.00068,-0.130218386,0
31,NC,Eno River 2017-06-04,Eno River,2017,June,6/4/17,Nfixation_unamended,Nfixation,small Wood,small,Wood,Wood,NF,unamended,not,not,Light,0.00645568,23.9,26.6,-0.00119,-0.00068,-0.00068,-0.737335184,0
22,UT,Lower Knowton Fork Red Butte Creek 2017-07-18,Lower Knowton Fork Red Butte Creek,2017,July,7/18/17,Nfixation_unamended,Nfixation,small Wood,small,Wood,Wood,NF,unamended,not,not,Light,0.008158933,13.1,12.8,0.00352,-0.001365,-0.001365,5.588149006,5.588149006
27,UT,Lower Knowton Fork Red Butte Creek 2017-07-18,Lower Knowton Fork Red Butte Creek,2017,July,7/18/17,Nfixation_unamended,Nfixation,small Wood,small,Wood,Wood,NF,unamended,not,not,Light,0.007633542,13.1,12.3,-0.00144,-0.001365,-0.001365,-0.09170055,0
4,UT,1300 E Red Butte Creek 2017-07-19,1300 E Red Butte Creek,2017,July,7/19/17,Nfixation_unamended,Nfixation,small Wood,small,Wood,Wood,NF,unamended,not,not,Light,0.006651629,18,18.5,-0.00186,-0.00113,-0.00113,-1.024310486,0
9,UT,1300 E Red Butte Creek 2017-07-19,1300 E Red Butte Creek,2017,July,7/19/17,Nfixation_unamended,Nfixation,small Wood,small,Wood,Wood,NF,unamended,not,not,Light,0.014779376,18.2,18.7,3.00E-04,-0.00113,-0.00113,0.903060228,0.903060228
18,ID,South Fork Mink Creek 2017-07-27,South Fork Mink Creek,2017,July,7/27/17,Nfixation_unamended,Nfixation,small Wood,small,Wood,Wood,NF,unamended,not,not,Light,0.004441382,15.6,19.4,0.00044,-0.001715,-0.001715,4.528620446,4.528620446
20,ID,South Fork Mink Creek 2017-07-27,South Fork Mink Creek,2017,July,7/27/17,Nfixation_unamended,Nfixation,small Wood,small,Wood,Wood,NF,unamended,not,not,Light,0.002580651,15.9,19,0.05425,-0.001715,-0.001715,202.4062921,202.4062921
18,WI,Black Earth Creek 2017-08-08,Black Earth Creek,2017,August,8/8/17,Nfixation_unamended,Nfixation,small Wood,small,Wood,Wood,NF,unamended,not,not,Light,0.005192402,19,18.6,-0.00091,-0.001875,-0.001875,1.734585779,1.734585779
28,WI,Black Earth Creek 2017-08-08,Black Earth Creek,2017,August,8/8/17,Nfixation_unamended,Nfixation,small Wood,small,Wood,Wood,NF,unamended,not,not,Light,0.003235506,19.8,18.8,-0.00098,-0.001875,-0.001875,2.581770311,2.581770311
30,WI,Brewery Creek 2017-08-11,Brewery Creek,2017,August,8/11/17,Nfixation_unamended,Nfixation,small Wood,small,Wood,Wood,NF,unamended,not,not,Light,0.003904697,15.1,16.5,-5.00E-04,-0.001,-0.001,1.195141817,1.195141817
37,WI,Brewery Creek 2017-08-11,Brewery Creek,2017,August,8/11/17,Nfixation_unamended,Nfixation,small Wood,small,Wood,Wood,NF,unamended,not,not,Light,0.00246886,15.5,17.1,-0.00241,-0.001,-0.001,-5.330395405,0
40,WI,Brewery Creek 2017-08-11,Brewery Creek,2017,August,8/11/17,Nfixation_unamended,Nfixation,small Wood,small,Wood,Wood,NF,unamended,not,not,Light,NA,NA,NA,NA,-0.001,-0.001,NA,NA
3,NC,New Hope Creek 2018-05-27,New Hope Creek,2018,May,5/27/18,Nfixation_unamended,Nfixation,small Wood,small,Wood,Wood,NF,unamended,not,not,Light,0.009083206,22.6,23.3,-0.00094,-0.001013333,-0.001013333,0.075352738,0.075352738
4,NC,New Hope Creek 2018-05-27,New Hope Creek,2018,May,5/27/18,Nfixation_unamended,Nfixation,small Wood,small,Wood,Wood,NF,unamended,not,not,Light,0.012463034,22.6,23.3,0.0033,-0.001013333,-0.001013333,3.230174753,3.230174753
16,FL,Ichetucknee River 2018-05-31,Ichetucknee River,2018,May,5/31/18,Nfixation_unamended,Nfixation,small Wood,small,Wood,Wood,NF,unamended,not,not,Light,0.005731691,22.7,23.3,-0.003,-0.0018,-0.0018,-1.954048116,0
23,FL,Ichetucknee River 2018-05-31,Ichetucknee River,2018,May,5/31/18,Nfixation_unamended,Nfixation,small Wood,small,Wood,Wood,NF,unamended,not,not,Light,0.01269413,22.8,23.9,-0.00129,-0.0018,-0.0018,0.374976466,0.374976466
18,FL,Alexander Springs 2018-06-02,Alexander Springs,2018,June,6/2/18,Nfixation_unamended,Nfixation,small Wood,small,Wood,Wood,NF,unamended,not,not,Light,0.006822299,25.3,26.2,0.01092,-0.001915,-0.001915,17.55908578,17.55908578
21,FL,Alexander Springs 2018-06-02,Alexander Springs,2018,June,6/2/18,Nfixation_unamended,Nfixation,small Wood,small,Wood,Wood,NF,unamended,not,not,Light,0.00572631,24.4,26.1,-0.00185,-0.001915,-0.001915,0.105943735,0.105943735
30,TX,Pringle Creek 2018-06-09,Pringle Creek,2018,June,6/9/18,Nfixation_unamended,Nfixation,small Wood,small,Wood,Wood,NF,unamended,not,not,Light,0.00673732,27.9,30.3,-0.00274,-0.00405,-0.00405,1.814767098,1.814767098
31,TX,Pringle Creek 2018-06-09,Pringle Creek,2018,June,6/9/18,Nfixation_unamended,Nfixation,small Wood,small,Wood,Wood,NF,unamended,not,not,Light,0.008322497,28.7,30.7,0.02693,-0.00405,-0.00405,34.74277812,34.74277812
23,KS,McDiffett Creek 2018-06-12,McDiffett Creek,2018,June,6/12/18,Nfixation_unamended,Nfixation,small Wood,small,Wood,Wood,NF,unamended,not,not,Light,0.007729098,23.4,23.9,0.00598,-0.00151,-0.00151,9.044608655,9.044608655
25,KS,McDiffett Creek 2018-06-12,McDiffett Creek,2018,June,6/12/18,Nfixation_unamended,Nfixation,small Wood,small,Wood,Wood,NF,unamended,not,not,Light,0.007845492,23.3,23.9,0.00563,-0.00151,-0.00151,8.494049831,8.494049831
1,KS,Kings Creek 2018-06-13,Kings Creek,2018,June,6/13/18,Nfixation_unamended,Nfixation,small Wood,small,Wood,Wood,NF,unamended,not,not,Light,0.006990429,23.8,23.9,0.01756,-0.00076,-0.00076,24.46011063,24.46011063
2,KS,Kings Creek 2018-06-13,Kings Creek,2018,June,6/13/18,Nfixation_unamended,Nfixation,small Wood,small,Wood,Wood,NF,unamended,not,not,Light,0.006608006,23.8,23.9,0.03114,-0.00076,-0.00076,45.05645626,45.05645626
4,MI,Pilgrim River 2018-06-21,Pilgrim River,2018,June,6/21/18,Nfixation_unamended,Nfixation,small Wood,small,Wood,Wood,NF,unamended,not,not,Light,0.003261467,15.2,17.4,-0.00309,-0.00299,-0.00299,-0.286169792,0
7,MI,Pilgrim River 2018-06-21,Pilgrim River,2018,June,6/21/18,Nfixation_unamended,Nfixation,small Wood,small,Wood,Wood,NF,unamended,not,not,Light,0.003484533,15.2,17.1,-0.00043,-0.00299,-0.00299,6.85696859,6.85696859
2,MI,Pilgrim River 2018-07-17,Pilgrim River,2018,July,7/17/18,Nfixation_unamended,Nfixation,small Wood,small,Wood,Wood,NF,unamended,not,not,Light,0.004418964,18.4,19.8,0.00022,-0.000975,-0.000975,2.523970173,2.523970173
8,MI,Pilgrim River 2018-07-17,Pilgrim River,2018,July,7/17/18,Nfixation_unamended,Nfixation,small Wood,small,Wood,Wood,NF,unamended,not,not,Light,0.004897652,18.9,19.8,0.00206,-0.000975,-0.000975,5.783723847,5.783723847
5,NH,Wednesday Hill Brook 2018-08-09,Wednesday Hill Brook,2018,August,8/9/18,Nfixation_unamended,Nfixation,small Wood,small,Wood,Wood,NF,unamended,not,not,Light,0.009261456,20.5,20.7,-0.01057,-0.013155,-0.013155,2.605061954,2.605061954
10,NH,Wednesday Hill Brook 2018-08-09,Wednesday Hill Brook,2018,August,8/9/18,Nfixation_unamended,Nfixation,small Wood,small,Wood,Wood,NF,unamended,not,not,Light,0.004458686,21,20.8,-0.01485,-0.013155,-0.013155,-3.548130548,0
11,NH,Wednesday Hill Brook 2018-08-09,Wednesday Hill Brook,2018,August,8/9/18,Nfixation_unamended,Nfixation,small Wood,small,Wood,Wood,NF,unamended,not,not,Light,0.00909661,21.1,20.8,-0.00745,-0.013155,-0.013155,5.853462627,5.853462627
18,NH,Dowst Cate Forest 2018-08-10,Dowst Cate Forest,2018,August,8/10/18,Nfixation_unamended,Nfixation,small Wood,small,Wood,Wood,NF,unamended,not,not,Light,0.003886662,NA,NA,NA,NA,0,NA,NA
20,NH,Dowst Cate Forest 2018-08-10,Dowst Cate Forest,2018,August,8/10/18,Nfixation_unamended,Nfixation,small Wood,small,Wood,Wood,NF,unamended,not,not,Light,0.01026937,22.5,23.5,-0.03486,NA,0,-31.6825667,0
20,MA,Hop Brook 2018-08-15,Hop Brook,2018,August,8/15/18,Nfixation_unamended,Nfixation,small Wood,small,Wood,Wood,NF,unamended,not,not,Light,0.006266757,19.9,20.6,-0.17522,NA,0,-260.9621957,0
22,MA,Hop Brook 2018-08-15,Hop Brook,2018,August,8/15/18,Nfixation_unamended,Nfixation,small Wood,small,Wood,Wood,NF,unamended,not,not,Light,0.00822659,19.8,20.8,-0.17989,NA,0,-204.091043,0
5,PR,Quebrada Prieta 2019-03-03,Quebrada Prieta,2019,March,3/3/19,Nfixation_unamended,Nfixation,small Wood,small,Wood,Wood,NF,unamended,not,not,Light,0.008384016,21.7,22.9,-2.39E-05,-0.000187422,-0.000187422,0.182092908,0.182092908
12,PR,Quebrada Prieta 2019-03-03,Quebrada Prieta,2019,March,3/3/19,Nfixation_unamended,Nfixation,small Wood,small,Wood,Wood,NF,unamended,not,not,Light,0.006029135,21.5,21.9,-0.000366669,-0.000187422,-0.000187422,-0.277480759,0
2,PR,Quebrada Sonadora 2019-03-05,Quebrada Sonadora,2019,March,3/5/19,Nfixation_unamended,Nfixation,small Wood,small,Wood,Wood,NF,unamended,not,not,Light,0.008420025,21.4,21.3,-0.000607137,-0.00044327,-0.00044327,-0.181642181,0
14,PR,Quebrada Sonadora 2019-03-05,Quebrada Sonadora,2019,March,3/5/19,Nfixation_unamended,Nfixation,small Wood,small,Wood,Wood,NF,unamended,not,not,Light,0.008078288,21.4,21,-0.000381528,-0.00044327,-0.00044327,0.071334113,0.071334113
17,KS,Kings Creek 2019-05-10,Kings Creek,2019,May,5/10/19,Nfixation_unamended,Nfixation,small Wood,small,Wood,Wood,NF,unamended,not,not,Light,0.00758173,12.2,13.2,1.96E-05,NA,0,0.024150038,0.024150038
25,KS,Kings Creek 2019-05-10,Kings Creek,2019,May,5/10/19,Nfixation_unamended,Nfixation,small Wood,small,Wood,Wood,NF,unamended,not,not,Light,0.007233896,12.4,13.2,0.000124364,NA,0,0.160457114,0.160457114
13,AZ,Sycamore Creek 2019-05-14,Sycamore Creek,2019,May,5/14/19,Nfixation_unamended,Nfixation,small Wood,small,Wood,Wood,NF,unamended,not,not,Light,0.006274352,25.3,26.4,0.002207099,-0.000321125,-0.000321125,3.760828231,3.760828231
15,AZ,Sycamore Creek 2019-05-14,Sycamore Creek,2019,May,5/14/19,Nfixation_unamended,Nfixation,small Wood,small,Wood,Wood,NF,unamended,not,not,Light,0.006440939,25.3,26.9,0.003491624,-0.000321125,-0.000321125,5.5249181,5.5249181
3,AZ,Wet Beaver Creek 2019-05-16,Wet Beaver Creek,2019,May,5/16/19,Nfixation_unamended,Nfixation,small Wood,small,Wood,Wood,NF,unamended,not,not,Light,0.006958027,17.8,20.7,0.002126906,-0.000165875,-0.000165875,3.075482377,3.075482377
10,AZ,Wet Beaver Creek 2019-05-16,Wet Beaver Creek,2019,May,5/16/19,Nfixation_unamended,Nfixation,small Wood,small,Wood,Wood,NF,unamended,not,not,Light,0.008654554,18.6,20.1,0.009913565,-0.000165875,-0.000165875,10.86997377,10.86997377
17,MI,Pilgrim River 2019-06-13,Pilgrim River,2019,June,6/13/19,Nfixation_unamended,Nfixation,small Wood,small,Wood,Wood,NF,unamended,not,not,Light,0.003233766,16.1,17.2,-0.001082207,-0.000999966,-0.000999966,-0.237365142,0
27,MI,Pilgrim River 2019-06-13,Pilgrim River,2019,June,6/13/19,Nfixation_unamended,Nfixation,small Wood,small,Wood,Wood,NF,unamended,not,not,Light,0.010141248,15.1,16.6,-0.000248136,-0.000999966,-0.000999966,0.691935174,0.691935174
17,AK,Caribou Creek 2019-07-09,Caribou Creek,2019,July,7/9/19,Nfixation_unamended,Nfixation,small Wood,small,Wood,Wood,NF,unamended,not,not,Light,0.007495215,7.1,7.8,-0.000141758,-0.000177055,-0.000177055,0.043953422,0.043953422
20,AK,Caribou Creek 2019-07-09,Caribou Creek,2019,July,7/9/19,Nfixation_unamended,Nfixation,small Wood,small,Wood,Wood,NF,unamended,not,not,Light,0.011946995,6.9,8,-0.000326706,-0.000177055,-0.000177055,-0.116911333,0
17,AK,Poker Creek 2019-07-10,Poker Creek,2019,July,7/10/19,Nfixation_unamended,Nfixation,small Wood,small,Wood,Wood,NF,unamended,not,not,Light,0.005848787,8.2,9,-0.001412613,-0.002087402,-0.002087402,1.076810078,1.076810078
19,AK,Poker Creek 2019-07-10,Poker Creek,2019,July,7/10/19,Nfixation_unamended,Nfixation,small Wood,small,Wood,Wood,NF,unamended,not,not,Light,0.008806563,8.5,9,-0.001306472,-0.002087402,-0.002087402,0.827641871,0.827641871
17,WY,Blacktail Deer Creek 2019-07-30,Blacktail Deer Creek,2019,July,7/30/19,Nfixation_unamended,Nfixation,small Wood,small,Wood,Wood,NF,unamended,not,not,Light,0.0098163,15.2,17.1,-0.000723531,-0.001185798,-0.001185798,0.43952269,0.43952269
19,WY,Blacktail Deer Creek 2019-07-30,Blacktail Deer Creek,2019,July,7/30/19,Nfixation_unamended,Nfixation,small Wood,small,Wood,Wood,NF,unamended,not,not,Light,0.007629027,15.5,17.2,0.009382684,-0.001185798,-0.001185798,12.92945544,12.92945544
16,OR,McRae Creek 2019-08-03,McRae Creek,2019,August,8/3/19,Nfixation_unamended,Nfixation,small Wood,small,Wood,Wood,NF,unamended,not,not,Light,0.007549858,11,11.7,-0.000114521,-0.000222815,-0.000222815,0.133875799,0.133875799
20,OR,McRae Creek 2019-08-03,McRae Creek,2019,August,8/3/19,Nfixation_unamended,Nfixation,small Wood,small,Wood,Wood,NF,unamended,not,not,Light,0.006638994,11.2,11.5,-0.00014024,-0.000222815,-0.000222815,0.116087337,0.116087337
19,WA,Martha Creek 2019-08-06,Martha Creek,2019,August,8/6/19,Nfixation_unamended,Nfixation,small Wood,small,Wood,Wood,NF,unamended,not,not,Light,0.009467474,17.5,18.4,0.010294281,-0.001172942,-0.001172942,11.30474868,11.30474868
22,WA,Martha Creek 2019-08-06,Martha Creek,2019,August,8/6/19,Nfixation_unamended,Nfixation,small Wood,small,Wood,Wood,NF,unamended,not,not,Light,0.009540369,17.8,18.5,0.040651337,-0.001172942,-0.001172942,40.91664966,40.91664966
14,MT,Blaine Creek 2019-08-10,Blaine Creek,2019,August,8/10/19,Nfixation_unamended,Nfixation,small Wood,small,Wood,Wood,NF,unamended,not,not,Light,0.007626473,16.5,17.8,0.000237497,-2.25E-05,-2.25E-05,0.318221428,0.318221428
19,MT,Blaine Creek 2019-08-10,Blaine Creek,2019,August,8/10/19,Nfixation_unamended,Nfixation,small Wood,small,Wood,Wood,NF,unamended,not,not,Light,0.004979247,16.5,20.2,-5.42E-05,-2.25E-05,-2.25E-05,-0.059335415,0
16,MI,Pilgrim River 2019-09-09,Pilgrim River,2019,September,9/9/19,Nfixation_unamended,Nfixation,small Wood,small,Wood,Wood,NF,unamended,not,not,Light,0.003992269,13.4,14.2,0.000170507,-9.34E-05,-9.34E-05,0.616868644,0.616868644
21,MI,Pilgrim River 2019-09-09,Pilgrim River,2019,September,9/9/19,Nfixation_unamended,Nfixation,small Wood,small,Wood,Wood,NF,unamended,not,not,Light,0.002975643,14,14.1,-1.53E-05,-9.34E-05,-9.34E-05,0.244830988,0.244830988
2,PR,Rio Guillarte 2019-02-21,Rio Guillarte,2019,February,2/21/19,denitrification_amended,denitrification,small Other,small,Algae,Other,DA,amended,not,not,Dark,0.00453646,24.7,23.6,0,0,0,0,0
3,PR,Rio Guillarte 2019-02-21,Rio Guillarte,2019,February,2/21/19,denitrification_unamended,denitrification,small Other,small,Algae,Other,DU,unamended,not,not,Dark,0.00453646,24,24,-0.000439723,-0.018580053,-0.018580053,111.9659891,111.9659891
1,CO,Arikaree River 2019-05-24,Arikaree River,2019,May,5/24/19,denitrification_amended,denitrification,small Other,small,Algae,Other,DA,amended,not,not,Dark,0.00453646,15.7,21.4,0.004713609,-0.508818461,-0.508818461,3169.629616,3169.629616
4,CO,Arikaree River 2019-05-24,Arikaree River,2019,May,5/24/19,denitrification_amended,denitrification,small Other,small,Algae,Other,DA,amended,not,not,Dark,0.00453646,15.1,21.6,-0.210472203,-0.508818461,-0.508818461,1841.456824,1841.456824
9,CO,Arikaree River 2019-05-24,Arikaree River,2019,May,5/24/19,denitrification_amended,denitrification,small Other,small,Algae,Other,DA,amended,not,not,Dark,0.00453646,16.5,21.4,-0.482005479,-0.508818461,-0.508818461,165.4954509,165.4954509
5,CO,Arikaree River 2019-05-24,Arikaree River,2019,May,5/24/19,denitrification_unamended,denitrification,small Other,small,Algae,Other,DU,unamended,not,not,Dark,0.00453646,16.3,19.7,-0.267265508,-0.45615794,-0.45615794,1165.884434,1165.884434
11,CO,Arikaree River 2019-05-24,Arikaree River,2019,May,5/24/19,denitrification_unamended,denitrification,small Other,small,Algae,Other,DU,unamended,not,not,Dark,0.00453646,16.3,21.7,-0.928256099,-0.45615794,-0.45615794,-2913.890667,0
13,CO,Arikaree River 2019-05-24,Arikaree River,2019,May,5/24/19,denitrification_unamended,denitrification,small Other,small,Algae,Other,DU,unamended,not,not,Dark,0.00453646,17.2,21,-0.266232274,-0.45615794,-0.45615794,1172.261774,1172.261774
25,AZ,Sycamore Creek 2019-05-14,Sycamore Creek,2019,May,5/14/19,denitrification_amended,denitrification,small Other,small,Algae,Other,DA,amended,not,not,Dark,0.00453646,24.1,27.6,-0.42160278,-0.524449112,-0.524449112,634.7895279,634.7895279
30,AZ,Sycamore Creek 2019-05-14,Sycamore Creek,2019,May,5/14/19,denitrification_amended,denitrification,small Other,small,Algae,Other,DA,amended,not,not,Dark,0.00453646,23.7,27.6,-0.41090564,-0.524449112,-0.524449112,700.81456,700.81456
27,AZ,Sycamore Creek 2019-05-14,Sycamore Creek,2019,May,5/14/19,denitrification_unamended,denitrification,small Other,small,Algae,Other,DU,unamended,not,not,Dark,0.00453646,24.8,26.7,-0.355774668,NA,0,-2195.917235,0
29,AZ,Sycamore Creek 2019-05-14,Sycamore Creek,2019,May,5/14/19,denitrification_unamended,denitrification,small Other,small,Algae,Other,DU,unamended,not,not,Dark,0.00453646,25.9,27.4,NA,NA,0,NA,NA
5,NH,Hubbard Brook 2018-08-07,Hubbard Brook,2018,August,8/7/18,denitrification_amended,denitrification,small Rock,small,Bedrock scrape,Rock,DA,amended,not,not,Dark,0.00453646,20.1,20.3,0.072114092,0,0,445.1035768,445.1035768
7,NH,Hubbard Brook 2018-08-07,Hubbard Brook,2018,August,8/7/18,denitrification_amended,denitrification,small Rock,small,Bedrock scrape,Rock,DA,amended,not,not,Dark,0.00453646,19.9,20.2,0,0,0,0,0
1,NH,Hubbard Brook 2018-08-07,Hubbard Brook,2018,August,8/7/18,denitrification_unamended,denitrification,small Rock,small,Bedrock scrape,Rock,DU,unamended,not,not,Dark,0.00453646,20.1,20.1,0,-0.017299345,-0.017299345,106.7752526,106.7752526
12,NH,Hubbard Brook 2018-08-07,Hubbard Brook,2018,August,8/7/18,denitrification_unamended,denitrification,small Rock,small,Bedrock scrape,Rock,DU,unamended,not,not,Dark,0.00453646,20.2,20.2,0,-0.017299345,-0.017299345,106.7752526,106.7752526
B10,NC,Eno River 2017-06-04,Eno River,2017,June,6/4/17,denitrification_amended,denitrification,small Sediment,small,Clay,Sediment,DA,amended,not,not,Light,0.003216991,23.8,25.4,0.304208254,0.55379069,0.55379069,-2172.312016,0
B11,NC,Eno River 2017-06-04,Eno River,2017,June,6/4/17,denitrification_amended,denitrification,small Sediment,small,Clay,Sediment,DA,amended,not,not,Light,0.003216991,23.7,25.8,0.121085616,0.55379069,0.55379069,-3766.172202,0
B7,NC,Eno River 2017-06-04,Eno River,2017,June,6/4/17,denitrification_unamended,denitrification,small Sediment,small,Clay,Sediment,DU,unamended,not,not,Light,0.003216991,23.9,25.7,0.505347965,-0.583252541,-0.583252541,9474.945424,9474.945424
B8,NC,Eno River 2017-06-04,Eno River,2017,June,6/4/17,denitrification_unamended,denitrification,small Sediment,small,Clay,Sediment,DU,unamended,not,not,Light,0.003216991,23.6,25.4,0.306171819,-0.583252541,-0.583252541,7741.358945,7741.358945
14,PR,Rio Cupeyes 2019-02-23,Rio Cupeyes,2019,February,2/23/19,denitrification_amended,denitrification,small Other,small,CPOM,Other,DA,amended,not,not,Dark,0.00453646,22.7,22.4,1.329210969,NA,0,8204.173989,8204.173989
17,PR,Rio Cupeyes 2019-02-23,Rio Cupeyes,2019,February,2/23/19,denitrification_unamended,denitrification,small Other,small,CPOM,Other,DU,unamended,not,not,Dark,0.00453646,22.8,22.4,1.418858827,NA,0,8757.499715,8757.499715
4,PR,Rio Guillarte 2019-02-21,Rio Guillarte,2019,February,2/21/19,denitrification_amended,denitrification,small Other,small,CPOM,Other,DA,amended,not,not,Dark,0.00453646,23.1,23.6,2.546986055,0,0,15720.54191,15720.54191
5,PR,Rio Guillarte 2019-02-21,Rio Guillarte,2019,February,2/21/19,denitrification_unamended,denitrification,small Other,small,CPOM,Other,DU,unamended,not,not,Dark,0.00453646,22.5,23.6,0.250736734,-0.018580053,-0.018580053,1662.280731,1662.280731
9,PR,Rio Guillarte 2019-02-21,Rio Guillarte,2019,February,2/21/19,denitrification_amended,denitrification,small Rock,small,Gravel,Rock,DA,amended,not,not,Dark,0.003216991,23.5,23.4,-0.004432872,0,0,-38.58276599,0
10,PR,Rio Guillarte 2019-02-21,Rio Guillarte,2019,February,2/21/19,denitrification_unamended,denitrification,small Rock,small,Gravel,Rock,DU,unamended,not,not,Dark,0.003216991,22.6,23.6,0,-0.018580053,-0.018580053,161.7167977,161.7167977
19,WI,Brewery Creek 2017-08-11,Brewery Creek,2017,August,8/11/17,denitrification_amended,denitrification,small Macrophyte,small,Macrophyte,Macrophyte,DA,amended,not,not,Light,0.00453646,15.5,18.5,0.012306419,0.071646209,0.071646209,-366.2578546,0
23,WI,Brewery Creek 2017-08-11,Brewery Creek,2017,August,8/11/17,denitrification_amended,denitrification,small Macrophyte,small,Macrophyte,Macrophyte,DA,amended,not,not,Light,0.00453646,15.4,18.5,0.094530445,0.071646209,0.071646209,141.2463922,141.2463922
22,WI,Brewery Creek 2017-08-11,Brewery Creek,2017,August,8/11/17,denitrification_unamended,denitrification,small Macrophyte,small,Macrophyte,Macrophyte,DU,unamended,not,not,Light,0.00453646,15.4,18.5,0.275531184,0.128493915,0.128493915,907.545431,907.545431
24,WI,Brewery Creek 2017-08-11,Brewery Creek,2017,August,8/11/17,denitrification_unamended,denitrification,small Macrophyte,small,Macrophyte,Macrophyte,DU,unamended,not,not,Light,0.00453646,15.4,18.6,0.239539195,0.128493915,0.128493915,685.3951854,685.3951854
23,CO,Arikaree River 2017-07-11,Arikaree River,2017,July,7/11/17,denitrification_amended,denitrification,small Macrophyte,small,Macrophyte,Macrophyte,DA,amended,not,not,Light,0.00453646,33.2,31.6,3.595439139,0,0,22191.81827,22191.81827
24,CO,Arikaree River 2017-07-11,Arikaree River,2017,July,7/11/17,denitrification_amended,denitrification,small Macrophyte,small,Macrophyte,Macrophyte,DA,amended,not,not,Light,0.00453646,32.1,31.9,1.480089816,0,0,9135.430456,9135.430456
6,CO,Arikaree River 2017-07-11,Arikaree River,2017,July,7/11/17,denitrification_amended,denitrification,small Macrophyte,small,Macrophyte,Macrophyte,DA,amended,not,not,Light,0.00453646,24.8,28.9,1.402850848,0,0,8658.695049,8658.695049
8,CO,Arikaree River 2017-07-11,Arikaree River,2017,July,7/11/17,denitrification_amended,denitrification,small Macrophyte,small,Macrophyte,Macrophyte,DA,amended,not,not,Light,0.00453646,24.9,29.6,0.417136587,0,0,2574.656107,2574.656107
25,CO,Arikaree River 2017-07-11,Arikaree River,2017,July,7/11/17,denitrification_unamended,denitrification,small Macrophyte,small,Macrophyte,Macrophyte,DU,unamended,not,not,Light,0.00453646,31.4,31.7,0.038604308,-0.002375247,-0.002375247,252.9345686,252.9345686
26,CO,Arikaree River 2017-07-11,Arikaree River,2017,July,7/11/17,denitrification_unamended,denitrification,small Macrophyte,small,Macrophyte,Macrophyte,DU,unamended,not,not,Light,0.00453646,32.1,31.9,0.08603586,-0.002375247,-0.002375247,545.6922357,545.6922357
9,CO,Arikaree River 2017-07-11,Arikaree River,2017,July,7/11/17,denitrification_unamended,denitrification,small Macrophyte,small,Macrophyte,Macrophyte,DU,unamended,not,not,Light,0.00453646,26.4,29.8,0.060134044,-0.002375247,-0.002375247,385.8206946,385.8206946
10,CO,Arikaree River 2017-07-11,Arikaree River,2017,July,7/11/17,denitrification_unamended,denitrification,small Macrophyte,small,Macrophyte,Macrophyte,DU,unamended,not,not,Light,0.00453646,25.9,30.1,0.011735885,-0.002375247,-0.002375247,87.0969231,87.0969231
1,ID,South Fork Mink Creek 2017-07-27,South Fork Mink Creek,2017,July,7/27/17,denitrification_amended,denitrification,small Macrophyte,small,Macrophyte,Macrophyte,DA,amended,not,not,Light,0.00453646,16.9,17.6,0.207665554,0,0,1281.756154,1281.756154
10,ID,South Fork Mink Creek 2017-07-27,South Fork Mink Creek,2017,July,7/27/17,denitrification_amended,denitrification,small Macrophyte,small,Macrophyte,Macrophyte,DA,amended,not,not,Light,0.00453646,15.8,16.6,3.585591411,0,0,22131.03599,22131.03599
3,ID,South Fork Mink Creek 2017-07-27,South Fork Mink Creek,2017,July,7/27/17,denitrification_unamended,denitrification,small Macrophyte,small,Macrophyte,Macrophyte,DU,unamended,not,not,Light,0.00453646,17.3,17.5,0.295138732,0.014279638,0.014279638,1733.522317,1733.522317
6,ID,South Fork Mink Creek 2017-07-27,South Fork Mink Creek,2017,July,7/27/17,denitrification_unamended,denitrification,small Macrophyte,small,Macrophyte,Macrophyte,DU,unamended,not,not,Light,0.00453646,14.9,17.9,0.120211776,0.014279638,0.014279638,653.8357827,653.8357827
29,MT,Blaine Creek 2019-08-10,Blaine Creek,2019,August,8/10/19,denitrification_amended,denitrification,small Macrophyte,small,Macrophyte,Macrophyte,DA,amended,not,not,Dark,0.00453646,17.6,21.9,-0.587188633,NA,0,-3624.253651,0
30,MT,Blaine Creek 2019-08-10,Blaine Creek,2019,August,8/10/19,denitrification_amended,denitrification,small Macrophyte,small,Macrophyte,Macrophyte,DA,amended,not,not,Dark,0.00453646,17.4,22,-0.756344889,NA,0,-4668.322194,0
24,MT,Blaine Creek 2019-08-10,Blaine Creek,2019,August,8/10/19,denitrification_unamended,denitrification,small Macrophyte,small,Macrophyte,Macrophyte,DU,unamended,not,not,Dark,0.00453646,17.4,21.1,-0.804084421,NA,0,-4962.980777,0
27,MT,Blaine Creek 2019-08-10,Blaine Creek,2019,August,8/10/19,denitrification_unamended,denitrification,small Macrophyte,small,Macrophyte,Macrophyte,DU,unamended,not,not,Dark,0.00453646,17.4,20.1,-0.427972521,NA,0,-2641.537802,0
2,NH,Dowst Cate Forest 2018-08-10,Dowst Cate Forest,2018,August,8/10/18,denitrification_amended,denitrification,small Rock,small,Pebble,Rock,DA,amended,not,not,Dark,0.003216991,22.3,23.4,0,0,0,0,0
3,NH,Dowst Cate Forest 2018-08-10,Dowst Cate Forest,2018,August,8/10/18,denitrification_amended,denitrification,small Rock,small,Pebble,Rock,DA,amended,not,not,Dark,0.003216991,22.3,23.1,0.729868177,0,0,6352.61614,6352.61614
6,NH,Dowst Cate Forest 2018-08-10,Dowst Cate Forest,2018,August,8/10/18,denitrification_unamended,denitrification,small Rock,small,Pebble,Rock,DU,unamended,not,not,Dark,0.003216991,22.5,23.5,NA,0,0,NA,NA
10,NH,Dowst Cate Forest 2018-08-10,Dowst Cate Forest,2018,August,8/10/18,denitrification_unamended,denitrification,small Rock,small,Pebble,Rock,DU,unamended,not,not,Dark,0.003216991,22.7,23.4,0.01975973,0,0,171.9844578,171.9844578
3,TX,Pringle Creek 2018-06-09,Pringle Creek,2018,June,6/9/18,denitrification_amended,denitrification,small Rock,small,Pebble,Rock,DA,amended,not,not,Dark,0.003216991,26.3,31,0.77123923,0,0,6712.700917,6712.700917
5,TX,Pringle Creek 2018-06-09,Pringle Creek,2018,June,6/9/18,denitrification_amended,denitrification,small Rock,small,Pebble,Rock,DA,amended,not,not,Dark,0.003216991,26.6,31,1.287159704,0,0,11203.16212,11203.16212
1,TX,Pringle Creek 2018-06-09,Pringle Creek,2018,June,6/9/18,denitrification_unamended,denitrification,small Rock,small,Pebble,Rock,DU,unamended,not,not,Dark,0.003216991,26.2,31.3,0.112543561,0,0,979.5550233,979.5550233
8,TX,Pringle Creek 2018-06-09,Pringle Creek,2018,June,6/9/18,denitrification_unamended,denitrification,small Rock,small,Pebble,Rock,DU,unamended,not,not,Dark,0.003216991,26.7,31.3,0.207290361,0,0,1804.210861,1804.210861
6,PR,Rio Cupeyes 2019-02-23,Rio Cupeyes,2019,February,2/23/19,denitrification_amended,denitrification,small Rock,small,Pebble,Rock,DA,amended,not,not,Dark,0.003216991,22.8,22.5,1.064432253,NA,0,9264.590135,9264.590135
11,PR,Rio Cupeyes 2019-02-23,Rio Cupeyes,2019,February,2/23/19,denitrification_amended,denitrification,small Rock,small,Pebble,Rock,DA,amended,not,not,Dark,0.003216991,22.7,22.4,1.74144325,NA,0,15157.14871,15157.14871
7,PR,Rio Cupeyes 2019-02-23,Rio Cupeyes,2019,February,2/23/19,denitrification_unamended,denitrification,small Rock,small,Pebble,Rock,DU,unamended,not,not,Dark,0.003216991,22.7,22.4,0.887241184,NA,0,7722.357057,7722.357057
8,PR,Rio Cupeyes 2019-02-23,Rio Cupeyes,2019,February,2/23/19,denitrification_unamended,denitrification,small Rock,small,Pebble,Rock,DU,unamended,not,not,Dark,0.003216991,23,22.5,0.878695535,NA,0,7647.977558,7647.977558
4,WI,Black Earth Creek 2017-08-08,Black Earth Creek,2017,August,8/8/17,denitrification_amended,denitrification,small Sediment,small,Sediment,Sediment,DA,amended,not,not,Light,0.003216991,17.9,19.8,2.880200975,0.167144395,0.167144395,23613.86284,23613.86284
6,WI,Black Earth Creek 2017-08-08,Black Earth Creek,2017,August,8/8/17,denitrification_amended,denitrification,small Sediment,small,Sediment,Sediment,DA,amended,not,not,Light,0.003216991,17.5,18.8,4.633411812,0.167144395,0.167144395,38873.43411,38873.43411
12,WI,Black Earth Creek 2017-08-08,Black Earth Creek,2017,August,8/8/17,denitrification_amended,denitrification,small Sediment,small,Sediment,Sediment,DA,amended,not,not,Light,0.003216991,17.6,18.6,3.549075738,0.167144395,0.167144395,29435.60538,29435.60538
3,WI,Black Earth Creek 2017-08-08,Black Earth Creek,2017,August,8/8/17,denitrification_unamended,denitrification,small Sediment,small,Sediment,Sediment,DU,unamended,not,not,Light,0.003216991,17.2,18.9,1.494205694,0.059517646,0.059517646,12487.2172,12487.2172
8,WI,Black Earth Creek 2017-08-08,Black Earth Creek,2017,August,8/8/17,denitrification_unamended,denitrification,small Sediment,small,Sediment,Sediment,DU,unamended,not,not,Light,0.003216991,17.8,18.9,1.704713197,0.059517646,0.059517646,14319.42938,14319.42938
14,WI,Black Earth Creek 2017-08-08,Black Earth Creek,2017,August,8/8/17,denitrification_unamended,denitrification,small Sediment,small,Sediment,Sediment,DU,unamended,not,not,Light,0.003216991,17.8,18.9,1.901035249,0.059517646,0.059517646,16028.17443,16028.17443
9,WI,Brewery Creek 2017-08-11,Brewery Creek,2017,August,8/11/17,denitrification_amended,denitrification,small Sediment,small,Sediment,Sediment,DA,amended,not,not,Light,0.003216991,15.6,18.6,0.661879141,0.071646209,0.071646209,5137.260904,5137.260904
14,WI,Brewery Creek 2017-08-11,Brewery Creek,2017,August,8/11/17,denitrification_amended,denitrification,small Sediment,small,Sediment,Sediment,DA,amended,not,not,Light,0.003216991,15.2,18.4,2.288477065,0.071646209,0.071646209,19294.82052,19294.82052
17,WI,Brewery Creek 2017-08-11,Brewery Creek,2017,August,8/11/17,denitrification_amended,denitrification,small Sediment,small,Sediment,Sediment,DA,amended,not,not,Light,0.003216991,15.2,18.4,3.412637572,0.071646209,0.071646209,29079.27258,29079.27258
4,WI,Brewery Creek 2017-08-11,Brewery Creek,2017,August,8/11/17,denitrification_unamended,denitrification,small Sediment,small,Sediment,Sediment,DU,unamended,not,not,Light,0.003216991,15.3,17.8,1.103393512,0.128493915,0.128493915,8485.317096,8485.317096
7,WI,Brewery Creek 2017-08-11,Brewery Creek,2017,August,8/11/17,denitrification_unamended,denitrification,small Sediment,small,Sediment,Sediment,DU,unamended,not,not,Light,0.003216991,15.6,18.4,0.695095921,0.128493915,0.128493915,4931.582391,4931.582391
15,WI,Brewery Creek 2017-08-11,Brewery Creek,2017,August,8/11/17,denitrification_unamended,denitrification,small Sediment,small,Sediment,Sediment,DU,unamended,not,not,Light,0.003216991,15.1,18.5,1.713305814,0.128493915,0.128493915,13793.86302,13793.86302
2,CO,Arikaree River 2017-07-11,Arikaree River,2017,July,7/11/17,denitrification_amended,denitrification,small Sediment,small,Sediment,Sediment,DA,amended,not,not,Light,0.003216991,31.3,31.8,1.693456186,0,0,14739.4796,14739.4796
4,CO,Arikaree River 2017-07-11,Arikaree River,2017,July,7/11/17,denitrification_amended,denitrification,small Sediment,small,Sediment,Sediment,DA,amended,not,not,Light,0.003216991,31.6,31.7,2.093638364,0,0,18222.57948,18222.57948
9,CO,Arikaree River 2017-07-11,Arikaree River,2017,July,7/11/17,denitrification_amended,denitrification,small Sediment,small,Sediment,Sediment,DA,amended,not,not,Light,0.003216991,31.4,32.2,1.73201529,0,0,15075.08977,15075.08977
14,CO,Arikaree River 2017-07-11,Arikaree River,2017,July,7/11/17,denitrification_amended,denitrification,small Sediment,small,Sediment,Sediment,DA,amended,not,not,Light,0.003216991,25.2,29.8,1.080393846,0,0,9403.516419,9403.516419
17,CO,Arikaree River 2017-07-11,Arikaree River,2017,July,7/11/17,denitrification_amended,denitrification,small Sediment,small,Sediment,Sediment,DA,amended,not,not,Light,0.003216991,25.8,29.1,2.540928665,0,0,22115.69837,22115.69837
1,CO,Arikaree River 2017-07-11,Arikaree River,2017,July,7/11/17,denitrification_unamended,denitrification,small Sediment,small,Sediment,Sediment,DU,unamended,not,not,Light,0.003216991,31.6,31.9,0,-0.002375247,-0.002375247,20.67364486,20.67364486
3,CO,Arikaree River 2017-07-11,Arikaree River,2017,July,7/11/17,denitrification_unamended,denitrification,small Sediment,small,Sediment,Sediment,DU,unamended,not,not,Light,0.003216991,31,31.7,0.131742935,-0.002375247,-0.002375247,1167.335906,1167.335906
5,CO,Arikaree River 2017-07-11,Arikaree River,2017,July,7/11/17,denitrification_unamended,denitrification,small Sediment,small,Sediment,Sediment,DU,unamended,not,not,Light,0.003216991,31.6,31.8,0.103984341,-0.002375247,-0.002375247,925.7310531,925.7310531
12,CO,Arikaree River 2017-07-11,Arikaree River,2017,July,7/11/17,denitrification_unamended,denitrification,small Sediment,small,Sediment,Sediment,DU,unamended,not,not,Light,0.003216991,25.8,30,0.104733428,-0.002375247,-0.002375247,932.2509527,932.2509527
18,CO,Arikaree River 2017-07-11,Arikaree River,2017,July,7/11/17,denitrification_unamended,denitrification,small Sediment,small,Sediment,Sediment,DU,unamended,not,not,Light,0.003216991,27,29.4,0.303083635,-0.002375247,-0.002375247,2658.648632,2658.648632
3,UT,Lower Knowton Fork Red Butte Creek 2017-07-18,Lower Knowton Fork Red Butte Creek,2017,July,7/18/17,denitrification_amended,denitrification,small Sediment,small,Sediment,Sediment,DA,amended,not,not,Light,0.003216991,11.2,12.4,0.052121465,0.078402844,0.078402844,-228.7474945,0
7,UT,Lower Knowton Fork Red Butte Creek 2017-07-18,Lower Knowton Fork Red Butte Creek,2017,July,7/18/17,denitrification_amended,denitrification,small Sediment,small,Sediment,Sediment,DA,amended,not,not,Light,0.003216991,12.8,13.6,1.891005882,0.078402844,0.078402844,15776.50825,15776.50825
10,UT,Lower Knowton Fork Red Butte Creek 2017-07-18,Lower Knowton Fork Red Butte Creek,2017,July,7/18/17,denitrification_amended,denitrification,small Sediment,small,Sediment,Sediment,DA,amended,not,not,Light,0.003216991,11.7,12.7,1.392611482,0.078402844,0.078402844,11438.59024,11438.59024
1,UT,Lower Knowton Fork Red Butte Creek 2017-07-18,Lower Knowton Fork Red Butte Creek,2017,July,7/18/17,denitrification_unamended,denitrification,small Sediment,small,Sediment,Sediment,DU,unamended,not,not,Light,0.003216991,12.7,13.1,0,0,0,0,0
6,UT,Lower Knowton Fork Red Butte Creek 2017-07-18,Lower Knowton Fork Red Butte Creek,2017,July,7/18/17,denitrification_unamended,denitrification,small Sediment,small,Sediment,Sediment,DU,unamended,not,not,Light,0.003216991,12.3,13.8,0,0,0,0,0
13,UT,Lower Knowton Fork Red Butte Creek 2017-07-18,Lower Knowton Fork Red Butte Creek,2017,July,7/18/17,denitrification_unamended,denitrification,small Sediment,small,Sediment,Sediment,DU,unamended,not,not,Light,0.003216991,11.8,13.2,0.114440325,0,0,996.0640558,996.0640558
28,ID,South Fork Mink Creek 2017-07-27,South Fork Mink Creek,2017,July,7/27/17,denitrification_amended,denitrification,small Sediment,small,Sediment,Sediment,DA,amended,not,not,Light,0.003216991,15.7,18.9,0.094417072,0,0,821.7859537,821.7859537
30,ID,South Fork Mink Creek 2017-07-27,South Fork Mink Creek,2017,July,7/27/17,denitrification_amended,denitrification,small Sediment,small,Sediment,Sediment,DA,amended,not,not,Light,0.003216991,17.5,18,0.621303334,0,0,5407.691026,5407.691026
29,ID,South Fork Mink Creek 2017-07-27,South Fork Mink Creek,2017,July,7/27/17,denitrification_unamended,denitrification,small Sediment,small,Sediment,Sediment,DU,unamended,not,not,Light,0.003216991,17.1,19.1,0.042893084,0.014279638,0.014279638,249.0453074,249.0453074
33,ID,South Fork Mink Creek 2017-07-27,South Fork Mink Creek,2017,July,7/27/17,denitrification_unamended,denitrification,small Sediment,small,Sediment,Sediment,DU,unamended,not,not,Light,0.003216991,17.1,20.3,-0.003916796,0.014279638,0.014279638,-158.3778596,0
A12,NC,Eno River 2017-06-04,Eno River,2017,June,6/4/17,denitrification_amended,denitrification,small Sediment,small,Sediment,Sediment,DA,amended,not,not,Light,0.003216991,23.5,25.3,0.795295723,0.55379069,0.55379069,2102.008029,2102.008029
A6,NC,Eno River 2017-06-04,Eno River,2017,June,6/4/17,denitrification_amended,denitrification,small Sediment,small,Sediment,Sediment,DA,amended,not,not,Light,0.003216991,23.2,25.6,1.083723406,0.55379069,0.55379069,4612.42075,4612.42075
A9,NC,Eno River 2017-06-04,Eno River,2017,June,6/4/17,denitrification_amended,denitrification,small Sediment,small,Sediment,Sediment,DA,amended,not,not,Light,0.003216991,23.6,25.4,0.974110738,0.55379069,0.55379069,3658.375582,3658.375582
A1,NC,Eno River 2017-06-04,Eno River,2017,June,6/4/17,denitrification_unamended,denitrification,small Sediment,small,Sediment,Sediment,DU,unamended,not,not,Light,0.003216991,23.3,25.3,0.295647225,-0.583252541,-0.583252541,7649.755143,7649.755143
A10,NC,Eno River 2017-06-04,Eno River,2017,June,6/4/17,denitrification_unamended,denitrification,small Sediment,small,Sediment,Sediment,DU,unamended,not,not,Light,0.003216991,23.4,25.4,-0.062307917,-0.583252541,-0.583252541,4534.190327,4534.190327
A5,NC,Eno River 2017-06-04,Eno River,2017,June,6/4/17,denitrification_unamended,denitrification,small Sediment,small,Sediment,Sediment,DU,unamended,not,not,Light,0.003216991,22.3,25.3,0.703441339,-0.583252541,-0.583252541,11199.10768,11199.10768
B3,NC,New Hope Creek 2017-06-03,New Hope Creek,2017,June,6/3/17,denitrification_amended,denitrification,small Sediment,small,Sediment,Sediment,DA,amended,not,not,Light,0.003216991,21.9,25.3,0.567904136,0,0,4942.915853,4942.915853
B6,NC,New Hope Creek 2017-06-03,New Hope Creek,2017,June,6/3/17,denitrification_amended,denitrification,small Sediment,small,Sediment,Sediment,DA,amended,not,not,Light,0.003216991,22.6,25.4,0.321638723,0,0,2799.474488,2799.474488
B7,NC,New Hope Creek 2017-06-03,New Hope Creek,2017,June,6/3/17,denitrification_amended,denitrification,small Sediment,small,Sediment,Sediment,DA,amended,not,not,Light,0.003216991,22.2,25.3,0.603662143,0,0,5254.145876,5254.145876
B11,NC,New Hope Creek 2017-06-03,New Hope Creek,2017,June,6/3/17,denitrification_unamended,denitrification,small Sediment,small,Sediment,Sediment,DU,unamended,not,not,Light,0.003216991,22.4,24.2,0.065222025,0.005113464,0.005113464,523.1720348,523.1720348
B12,NC,New Hope Creek 2017-06-03,New Hope Creek,2017,June,6/3/17,denitrification_unamended,denitrification,small Sediment,small,Sediment,Sediment,DU,unamended,not,not,Light,0.003216991,22.2,24.6,-0.002363138,0.005113464,0.005113464,-65.07473819,0
B8,NC,New Hope Creek 2017-06-03,New Hope Creek,2017,June,6/3/17,denitrification_unamended,denitrification,small Sediment,small,Sediment,Sediment,DU,unamended,not,not,Light,0.003216991,22.1,25.2,0.309739262,0.005113464,0.005113464,2651.397644,2651.397644
3,MA,Hop Brook 2018-08-15,Hop Brook,2018,August,8/15/18,denitrification_amended,denitrification,small Sediment,small,Sediment,Sediment,DA,amended,not,not,Dark,0.003216991,19.5,20.5,0.042901616,0.012898848,0.012898848,261.1376583,261.1376583
11,MA,Hop Brook 2018-08-15,Hop Brook,2018,August,8/15/18,denitrification_amended,denitrification,small Sediment,small,Sediment,Sediment,DA,amended,not,not,Dark,0.003216991,19.7,20.6,0.584619543,0.012898848,0.012898848,4976.134362,4976.134362
2,MA,Hop Brook 2018-08-15,Hop Brook,2018,August,8/15/18,denitrification_unamended,denitrification,small Sediment,small,Sediment,Sediment,DU,unamended,not,not,Dark,0.003216991,19.6,20.5,0.135703849,0,0,1181.137206,1181.137206
6,MA,Hop Brook 2018-08-15,Hop Brook,2018,August,8/15/18,denitrification_unamended,denitrification,small Sediment,small,Sediment,Sediment,DU,unamended,not,not,Dark,0.003216991,19.6,20.5,-0.00363573,0,0,-31.64461042,0
21,NH,Wednesday Hill Brook 2018-08-09,Wednesday Hill Brook,2018,August,8/9/18,denitrification_amended,denitrification,small Sediment,small,Sediment,Sediment,DA,amended,not,not,Dark,0.003216991,21.7,20.8,0.310410061,0.009317906,0.009317906,2620.641565,2620.641565
26,NH,Wednesday Hill Brook 2018-08-09,Wednesday Hill Brook,2018,August,8/9/18,denitrification_amended,denitrification,small Sediment,small,Sediment,Sediment,DA,amended,not,not,Dark,0.003216991,20.6,20.9,0.045396264,0.009317906,0.009317906,314.018293,314.018293
23,NH,Wednesday Hill Brook 2018-08-09,Wednesday Hill Brook,2018,August,8/9/18,denitrification_unamended,denitrification,small Sediment,small,Sediment,Sediment,DU,unamended,not,not,Dark,0.003216991,20.7,20.9,0.260596923,0.015841626,0.015841626,2130.297631,2130.297631
24,NH,Wednesday Hill Brook 2018-08-09,Wednesday Hill Brook,2018,August,8/9/18,denitrification_unamended,denitrification,small Sediment,small,Sediment,Sediment,DU,unamended,not,not,Dark,0.003216991,20.8,20.8,0,0.015841626,0.015841626,-137.8821206,0
14,MI,Pilgrim River 2018-07-17,Pilgrim River,2018,July,7/17/18,denitrification_amended,denitrification,small Sediment,small,Sediment,Sediment,DA,amended,not,not,Dark,0.003216991,18.5,19.9,0.464940005,-0.010469333,-0.010469333,4137.860958,4137.860958
60,MI,Pilgrim River 2018-07-17,Pilgrim River,2018,July,7/17/18,denitrification_amended,denitrification,small Sediment,small,Sediment,Sediment,DA,amended,not,not,Dark,0.003216991,18.8,20.2,0.048757935,-0.010469333,-0.010469333,515.5014446,515.5014446
64,MI,Pilgrim River 2018-07-17,Pilgrim River,2018,July,7/17/18,denitrification_amended,denitrification,small Sediment,small,Sediment,Sediment,DA,amended,not,not,Dark,0.003216991,19.2,19.9,0.097887843,-0.010469333,-0.010469333,943.1176307,943.1176307
16,MI,Pilgrim River 2018-07-17,Pilgrim River,2018,July,7/17/18,denitrification_unamended,denitrification,small Sediment,small,Sediment,Sediment,DU,unamended,not,not,Dark,0.003216991,19.4,20.1,-0.000186808,0,0,-1.625939656,0
57,MI,Pilgrim River 2018-07-17,Pilgrim River,2018,July,7/17/18,denitrification_unamended,denitrification,small Sediment,small,Sediment,Sediment,DU,unamended,not,not,Dark,0.003216991,19,20.4,0.051430897,0,0,447.6435005,447.6435005
69,MI,Pilgrim River 2018-07-17,Pilgrim River,2018,July,7/17/18,denitrification_unamended,denitrification,small Sediment,small,Sediment,Sediment,DU,unamended,not,not,Dark,0.003216991,18.9,20.9,0.561100128,0,0,4883.695222,4883.695222
8,FL,Alexander Springs 2018-06-02,Alexander Springs,2018,June,6/2/18,denitrification_amended,denitrification,small Sediment,small,Sediment,Sediment,DA,amended,not,not,Dark,0.003216991,24.7,26.4,-0.088757366,0,0,-772.5250861,0
12,FL,Alexander Springs 2018-06-02,Alexander Springs,2018,June,6/2/18,denitrification_amended,denitrification,small Sediment,small,Sediment,Sediment,DA,amended,not,not,Dark,0.003216991,26.1,26,0.034198572,0,0,297.6570375,297.6570375
16,FL,Alexander Springs 2018-06-02,Alexander Springs,2018,June,6/2/18,denitrification_amended,denitrification,small Sediment,small,Sediment,Sediment,DA,amended,not,not,Dark,0.003216991,24.1,26,0.045476203,0,0,395.8151257,395.8151257
6,FL,Alexander Springs 2018-06-02,Alexander Springs,2018,June,6/2/18,denitrification_unamended,denitrification,small Sediment,small,Sediment,Sediment,DU,unamended,not,not,Dark,0.003216991,24.8,25.8,0.018666642,0,0,162.4704531,162.4704531
11,FL,Alexander Springs 2018-06-02,Alexander Springs,2018,June,6/2/18,denitrification_unamended,denitrification,small Sediment,small,Sediment,Sediment,DU,unamended,not,not,Dark,0.003216991,24.8,26.3,0.005460678,0,0,47.5285748,47.5285748
13,FL,Alexander Springs 2018-06-02,Alexander Springs,2018,June,6/2/18,denitrification_unamended,denitrification,small Sediment,small,Sediment,Sediment,DU,unamended,not,not,Dark,0.003216991,25,26.4,0.154687085,0,0,1346.363228,1346.363228
15,KS,Kings Creek 2018-06-13,Kings Creek,2018,June,6/13/18,denitrification_amended,denitrification,small Sediment,small,Sediment,Sediment,DA,amended,not,not,Dark,0.003216991,23.6,24.1,1.068284874,0,0,9298.122523,9298.122523
17,KS,Kings Creek 2018-06-13,Kings Creek,2018,June,6/13/18,denitrification_amended,denitrification,small Sediment,small,Sediment,Sediment,DA,amended,not,not,Dark,0.003216991,23.6,24.1,0.708257551,0,0,6164.521886,6164.521886
23,KS,Kings Creek 2018-06-13,Kings Creek,2018,June,6/13/18,denitrification_amended,denitrification,small Sediment,small,Sediment,Sediment,DA,amended,not,not,Dark,0.003216991,23.6,24.2,2.274172164,0,0,19793.90697,19793.90697
19,KS,Kings Creek 2018-06-13,Kings Creek,2018,June,6/13/18,denitrification_unamended,denitrification,small Sediment,small,Sediment,Sediment,DU,unamended,not,not,Dark,0.003216991,23.7,24.1,0.423465883,0.054668596,0.054668596,3209.932527,3209.932527
20,KS,Kings Creek 2018-06-13,Kings Creek,2018,June,6/13/18,denitrification_unamended,denitrification,small Sediment,small,Sediment,Sediment,DU,unamended,not,not,Dark,0.003216991,23.8,24.6,0.045896025,0.054668596,0.054668596,-76.35457426,0
26,KS,Kings Creek 2018-06-13,Kings Creek,2018,June,6/13/18,denitrification_unamended,denitrification,small Sediment,small,Sediment,Sediment,DU,unamended,not,not,Dark,0.003216991,23,24.1,0,0.054668596,0.054668596,-475.8237353,0
9,KS,McDiffett Creek 2018-06-12,McDiffett Creek,2018,June,6/12/18,denitrification_amended,denitrification,small Sediment,small,Sediment,Sediment,DA,amended,not,not,Dark,0.003216991,23.3,24.7,4.317551764,-0.018981224,-0.018981224,37744.25345,37744.25345
10,KS,McDiffett Creek 2018-06-12,McDiffett Creek,2018,June,6/12/18,denitrification_amended,denitrification,small Sediment,small,Sediment,Sediment,DA,amended,not,not,Dark,0.003216991,23.1,24.8,3.055196369,-0.018981224,-0.018981224,26756.98272,26756.98272
16,KS,McDiffett Creek 2018-06-12,McDiffett Creek,2018,June,6/12/18,denitrification_amended,denitrification,small Sediment,small,Sediment,Sediment,DA,amended,not,not,Dark,0.003216991,23,24.8,2.637848561,-0.018981224,-0.018981224,23124.47687,23124.47687
6,KS,McDiffett Creek 2018-06-12,McDiffett Creek,2018,June,6/12/18,denitrification_unamended,denitrification,small Sediment,small,Sediment,Sediment,DU,unamended,not,not,Dark,0.003216991,22.7,24,0.327980375,0,0,2854.67087,2854.67087
12,KS,McDiffett Creek 2018-06-12,McDiffett Creek,2018,June,6/12/18,denitrification_unamended,denitrification,small Sediment,small,Sediment,Sediment,DU,unamended,not,not,Dark,0.003216991,22.9,24.1,0.245071909,0,0,2133.053358,2133.053358
18,KS,McDiffett Creek 2018-06-12,McDiffett Creek,2018,June,6/12/18,denitrification_unamended,denitrification,small Sediment,small,Sediment,Sediment,DU,unamended,not,not,Dark,0.003216991,23.1,24.3,0.238246527,0,0,2073.646694,2073.646694
15,MI,Pilgrim River 2018-06-21,Pilgrim River,2018,June,6/21/18,denitrification_amended,denitrification,small Sediment,small,Sediment,Sediment,DA,amended,not,not,Dark,0.003216991,14.7,17.5,0,0.03066694,0.03066694,-266.9184734,0
25,MI,Pilgrim River 2018-06-21,Pilgrim River,2018,June,6/21/18,denitrification_amended,denitrification,small Sediment,small,Sediment,Sediment,DA,amended,not,not,Dark,0.003216991,14.9,17.8,0.001154079,0.03066694,0.03066694,-256.8736194,0
26,MI,Pilgrim River 2018-06-21,Pilgrim River,2018,June,6/21/18,denitrification_amended,denitrification,small Sediment,small,Sediment,Sediment,DA,amended,not,not,Dark,0.003216991,15,17.8,0,0.03066694,0.03066694,-266.9184734,0
18,MI,Pilgrim River 2018-06-21,Pilgrim River,2018,June,6/21/18,denitrification_unamended,denitrification,small Sediment,small,Sediment,Sediment,DU,unamended,not,not,Dark,0.003216991,15.9,17.3,0.110152526,0.011888214,0.011888214,855.2715049,855.2715049
21,MI,Pilgrim River 2018-06-21,Pilgrim River,2018,June,6/21/18,denitrification_unamended,denitrification,small Sediment,small,Sediment,Sediment,DU,unamended,not,not,Dark,0.003216991,15.9,18.5,0.137218216,0.011888214,0.011888214,1090.845474,1090.845474
22,MI,Pilgrim River 2018-06-21,Pilgrim River,2018,June,6/21/18,denitrification_unamended,denitrification,small Sediment,small,Sediment,Sediment,DU,unamended,not,not,Dark,0.003216991,15.4,18.7,-0.026756364,0.011888214,0.011888214,-336.3541187,0
13,TX,Pringle Creek 2018-06-09,Pringle Creek,2018,June,6/9/18,denitrification_amended,denitrification,small Sediment,small,Sediment,Sediment,DA,amended,not,not,Dark,0.003216991,26.9,31.7,0.991968114,0,0,8633.877803,8633.877803
22,TX,Pringle Creek 2018-06-09,Pringle Creek,2018,June,6/9/18,denitrification_amended,denitrification,small Sediment,small,Sediment,Sediment,DA,amended,not,not,Dark,0.003216991,27.3,30.2,1.277015409,0,0,11114.86835,11114.86835
23,TX,Pringle Creek 2018-06-09,Pringle Creek,2018,June,6/9/18,denitrification_amended,denitrification,small Sediment,small,Sediment,Sediment,DA,amended,not,not,Dark,0.003216991,27.1,30.6,1.950946483,0,0,16980.61994,16980.61994
14,TX,Pringle Creek 2018-06-09,Pringle Creek,2018,June,6/9/18,denitrification_unamended,denitrification,small Sediment,small,Sediment,Sediment,U,unamended,not,not,Dark,0.003216991,27,31.1,0.164072524,0,0,1428.052071,1428.052071
16,TX,Pringle Creek 2018-06-09,Pringle Creek,2018,June,6/9/18,denitrification_unamended,denitrification,small Sediment,small,Sediment,Sediment,DU,unamended,not,not,Dark,0.003216991,27.3,30.5,0.578701907,0,0,5036.897338,5036.897338
24,TX,Pringle Creek 2018-06-09,Pringle Creek,2018,June,6/9/18,denitrification_unamended,denitrification,small Sediment,small,Sediment,Sediment,DU,unamended,not,not,Dark,0.003216991,27.3,31.2,0.053855101,0,0,468.7432554,468.7432554
4,FL,Ichetucknee River 2018-05-31,Ichetucknee River,2018,May,5/31/18,denitrification_amended,denitrification,small Sediment,small,Sediment,Sediment,DA,amended,not,not,Dark,0.003216991,22.5,22.8,2.477608355,0,0,21564.57197,21564.57197
5,FL,Ichetucknee River 2018-05-31,Ichetucknee River,2018,May,5/31/18,denitrification_amended,denitrification,small Sediment,small,Sediment,Sediment,DA,amended,not,not,Dark,0.003216991,22.6,23.2,1.627863167,0,0,14168.57202,14168.57202
6,FL,Ichetucknee River 2018-05-31,Ichetucknee River,2018,May,5/31/18,denitrification_unamended,denitrification,small Sediment,small,Sediment,Sediment,DU,unamended,not,not,Dark,0.003216991,22.4,22.8,0.860461668,NA,0,7489.273893,7489.273893
12,FL,Ichetucknee River 2018-05-31,Ichetucknee River,2018,May,5/31/18,denitrification_unamended,denitrification,small Sediment,small,Sediment,Sediment,DU,unamended,not,not,Dark,0.003216991,23.5,23.9,0.226319933,NA,0,1969.84018,1969.84018
10,NC,New Hope Creek 2018-05-27,New Hope Creek,2018,May,5/27/18,denitrification_amended,denitrification,small Sediment,small,Sediment,Sediment,DA,amended,not,not,Dark,0.003216991,22.3,22.7,0.216139733,-0.017252395,-0.017252395,2031.395046,2031.395046
11,NC,New Hope Creek 2018-05-27,New Hope Creek,2018,May,5/27/18,denitrification_amended,denitrification,small Sediment,small,Sediment,Sediment,DA,amended,not,not,Dark,0.003216991,22.4,22.7,0.298997501,-0.017252395,-0.017252395,2752.571294,2752.571294
18,NC,New Hope Creek 2018-05-27,New Hope Creek,2018,May,5/27/18,denitrification_amended,denitrification,small Sediment,small,Sediment,Sediment,DA,amended,not,not,Dark,0.003216991,22.4,22.6,0.977138228,-0.017252395,-0.017252395,8654.962797,8654.962797
2,NC,New Hope Creek 2018-05-27,New Hope Creek,2018,May,5/27/18,denitrification_unamended,denitrification,small Sediment,small,Sediment,Sediment,DU,unamended,not,not,Dark,0.003216991,22.6,22.5,0.161895204,0.013225482,0.013225482,1293.989383,1293.989383
3,NC,New Hope Creek 2018-05-27,New Hope Creek,2018,May,5/27/18,denitrification_unamended,denitrification,small Sediment,small,Sediment,Sediment,DU,unamended,not,not,Dark,0.003216991,22.5,22.6,0.206893122,0.013225482,0.013225482,1685.641615,1685.641615
15,NC,New Hope Creek 2018-05-27,New Hope Creek,2018,May,5/27/18,denitrification_unamended,denitrification,small Sediment,small,Sediment,Sediment,DU,unamended,not,not,Dark,0.003216991,22.3,22.6,0.212136594,0.013225482,0.013225482,1731.279671,1731.279671
2,MT,Blaine Creek 2019-08-10,Blaine Creek,2019,August,8/10/19,denitrification_amended,denitrification,small Sediment,small,Sediment,Sediment,DA,amended,not,not,Dark,0.003216991,16.3,21,3.460323689,NA,0,30117.91556,30117.91556
3,MT,Blaine Creek 2019-08-10,Blaine Creek,2019,August,8/10/19,denitrification_unamended,denitrification,small Sediment,small,Sediment,Sediment,DU,unamended,not,not,Dark,0.003216991,16,20.4,1.224034817,NA,0,10653.73664,10653.73664
3,WA,Martha Creek 2019-08-06,Martha Creek,2019,August,8/6/19,denitrification_amended,denitrification,small Sediment,small,Sediment,Sediment,DA,amended,not,not,Dark,0.003216991,16.8,18.6,-0.224073969,-0.102861115,-0.102861115,-1055.010689,0
4,WA,Martha Creek 2019-08-06,Martha Creek,2019,August,8/6/19,denitrification_amended,denitrification,small Sediment,small,Sediment,Sediment,DA,amended,not,not,Dark,0.003216991,16.8,18.4,-0.326460719,-0.102861115,-0.102861115,-1946.163013,0
6,WA,Martha Creek 2019-08-06,Martha Creek,2019,August,8/6/19,denitrification_unamended,denitrification,small Sediment,small,Sediment,Sediment,DU,unamended,not,not,Dark,0.003216991,16.9,18.6,0.071470734,NA,0,622.0659495,622.0659495
8,WA,Martha Creek 2019-08-06,Martha Creek,2019,August,8/6/19,denitrification_unamended,denitrification,small Sediment,small,Sediment,Sediment,DU,unamended,not,not,Dark,0.003216991,16.6,18.5,-0.22410844,NA,0,-1950.591817,0
3,OR,McRae Creek 2019-08-03,McRae Creek,2019,August,8/3/19,denitrification_amended,denitrification,small Sediment,small,Sediment,Sediment,DA,amended,not,not,Dark,0.003216991,11,11.4,0.321285649,NA,0,2796.401407,2796.401407
5,OR,McRae Creek 2019-08-03,McRae Creek,2019,August,8/3/19,denitrification_amended,denitrification,small Sediment,small,Sediment,Sediment,DA,amended,not,not,Dark,0.003216991,11,11.6,-0.269785518,NA,0,-2348.155312,0
9,OR,McRae Creek 2019-08-03,McRae Creek,2019,August,8/3/19,denitrification_unamended,denitrification,small Sediment,small,Sediment,Sediment,DU,unamended,not,not,Dark,0.003216991,11.1,11.4,0.17199209,-0.226341147,-0.226341147,3467.007098,3467.007098
11,OR,McRae Creek 2019-08-03,McRae Creek,2019,August,8/3/19,denitrification_unamended,denitrification,small Sediment,small,Sediment,Sediment,DU,unamended,not,not,Dark,0.003216991,11.4,11.5,-0.527006219,-0.226341147,-0.226341147,-2616.924332,0
4,WY,Blacktail Deer Creek 2019-07-30,Blacktail Deer Creek,2019,July,7/30/19,denitrification_amended,denitrification,small Sediment,small,Sediment,Sediment,DA,amended,not,not,Dark,0.003216991,14.3,16.5,NA,NA,0,NA,NA
7,WY,Blacktail Deer Creek 2019-07-30,Blacktail Deer Creek,2019,July,7/30/19,denitrification_amended,denitrification,small Sediment,small,Sediment,Sediment,DA,amended,not,not,Dark,0.003216991,15.2,16.9,NA,NA,0,NA,NA
6,WY,Blacktail Deer Creek 2019-07-30,Blacktail Deer Creek,2019,July,7/30/19,denitrification_unamended,denitrification,small Sediment,small,Sediment,Sediment,DU,unamended,not,not,Dark,0.003216991,15.1,16.4,NA,NA,0,NA,NA
11,WY,Blacktail Deer Creek 2019-07-30,Blacktail Deer Creek,2019,July,7/30/19,denitrification_unamended,denitrification,small Sediment,small,Sediment,Sediment,DU,unamended,not,not,Dark,0.003216991,16.2,16.8,NA,NA,0,NA,NA
5,AK,Caribou Creek 2019-07-09,Caribou Creek,2019,July,7/9/19,denitrification_amended,denitrification,small Sediment,small,Sediment,Sediment,DA,amended,not,not,Dark,0.003216991,6.2,8.2,-0.40789715,NA,0,-3550.249346,0
7,AK,Caribou Creek 2019-07-09,Caribou Creek,2019,July,7/9/19,denitrification_amended,denitrification,small Sediment,small,Sediment,Sediment,DA,amended,not,not,Dark,0.003216991,6.9,7.9,-0.310203186,NA,0,-2699.942026,0
3,AK,Caribou Creek 2019-07-09,Caribou Creek,2019,July,7/9/19,denitrification_unamended,denitrification,small Sediment,small,Sediment,Sediment,DU,unamended,not,not,Dark,0.003216991,6,7.9,-0.099708855,-0.329180858,-0.329180858,1997.275117,1997.275117
11,AK,Caribou Creek 2019-07-09,Caribou Creek,2019,July,7/9/19,denitrification_unamended,denitrification,small Sediment,small,Sediment,Sediment,DU,unamended,not,not,Dark,0.003216991,6.8,7.7,-0.16298878,-0.329180858,-0.329180858,1446.500218,1446.500218
4,AK,Poker Creek 2019-07-10,Poker Creek,2019,July,7/10/19,denitrification_amended,denitrification,small Sediment,small,Sediment,Sediment,DA,amended,not,not,Dark,0.003216991,7.9,9,0.111738624,NA,0,972.5490312,972.5490312
5,AK,Poker Creek 2019-07-10,Poker Creek,2019,July,7/10/19,denitrification_amended,denitrification,small Sediment,small,Sediment,Sediment,DA,amended,not,not,Dark,0.003216991,7.6,9,0.102928705,NA,0,895.8693779,895.8693779
9,AK,Poker Creek 2019-07-10,Poker Creek,2019,July,7/10/19,denitrification_amended,denitrification,small Sediment,small,Sediment,Sediment,DA,amended,not,not,Dark,0.003216991,7.8,9,-0.041290947,NA,0,-359.3875476,0
1,AK,Poker Creek 2019-07-10,Poker Creek,2019,July,7/10/19,denitrification_unamended,denitrification,small Sediment,small,Sediment,Sediment,DU,unamended,not,not,Dark,0.003216991,8.1,9.1,-0.492510033,-0.227322626,-0.227322626,-2308.134344,0
7,AK,Poker Creek 2019-07-10,Poker Creek,2019,July,7/10/19,denitrification_unamended,denitrification,small Sediment,small,Sediment,Sediment,DU,unamended,not,not,Dark,0.003216991,8.1,8.9,-0.413920397,-0.227322626,-0.227322626,-1624.106997,0
10,AK,Poker Creek 2019-07-10,Poker Creek,2019,July,7/10/19,denitrification_unamended,denitrification,small Sediment,small,Sediment,Sediment,DU,unamended,not,not,Dark,0.003216991,8.3,8.9,-0.046986375,-0.227322626,-0.227322626,1569.608064,1569.608064
5,MI,Pilgrim River 2019-06-13,Pilgrim River,2019,June,6/13/19,denitrification_amended,denitrification,small Sediment,small,Sediment,Sediment,DA,amended,not,not,Dark,0.003216991,13.5,14.7,-0.251454764,-0.570145223,-0.570145223,2773.813433,2773.813433
9,MI,Pilgrim River 2019-06-13,Pilgrim River,2019,June,6/13/19,denitrification_amended,denitrification,small Sediment,small,Sediment,Sediment,DA,amended,not,not,Dark,0.003216991,13.2,15.6,-0.134187884,-0.570145223,-0.570145223,3794.479213,3794.479213
16,MI,Pilgrim River 2019-06-13,Pilgrim River,2019,June,6/13/19,denitrification_amended,denitrification,small Sediment,small,Sediment,Sediment,DA,amended,not,not,Dark,0.003216991,13.6,15.9,-0.03636044,-0.570145223,-0.570145223,4645.948316,4645.948316
4,MI,Pilgrim River 2019-06-13,Pilgrim River,2019,June,6/13/19,denitrification_unamended,denitrification,small Sediment,small,Sediment,Sediment,DU,unamended,not,not,Dark,0.003216991,13.8,15.7,-0.263418765,-0.229394041,-0.229394041,-296.1439034,0
10,MI,Pilgrim River 2019-06-13,Pilgrim River,2019,June,6/13/19,denitrification_unamended,denitrification,small Sediment,small,Sediment,Sediment,DU,unamended,not,not,Dark,0.003216991,14.5,15.3,-0.044665569,-0.229394041,-0.229394041,1607.83702,1607.83702
11,MI,Pilgrim River 2019-06-13,Pilgrim River,2019,June,6/13/19,denitrification_unamended,denitrification,small Sediment,small,Sediment,Sediment,DU,unamended,not,not,Dark,0.003216991,13.7,15.6,-0.35092972,-0.229394041,-0.229394041,-1057.820496,0
15,PR,Quebrada Prieta 2019-03-03,Quebrada Prieta,2019,March,3/3/19,denitrification_amended,denitrification,small Sediment,small,Sediment,Sediment,DA,amended,not,not,Dark,0.003216991,21.7,22,-0.00073817,-0.038867503,-0.038867503,331.8695429,331.8695429
18,PR,Quebrada Prieta 2019-03-03,Quebrada Prieta,2019,March,3/3/19,denitrification_amended,denitrification,small Sediment,small,Sediment,Sediment,DA,amended,not,not,Dark,0.003216991,21.7,22.2,0.028359837,-0.038867503,-0.038867503,585.1323524,585.1323524
23,PR,Quebrada Prieta 2019-03-03,Quebrada Prieta,2019,March,3/3/19,denitrification_unamended,denitrification,small Sediment,small,Sediment,Sediment,DU,unamended,not,not,Dark,0.003216991,21.6,22.7,-0.301101202,-0.002455843,-0.002455843,-2599.345179,0
24,PR,Quebrada Prieta 2019-03-03,Quebrada Prieta,2019,March,3/3/19,denitrification_unamended,denitrification,small Sediment,small,Sediment,Sediment,DU,unamended,not,not,Dark,0.003216991,21.5,22.4,-0.00026314,-0.002455843,-0.002455843,19.08481669,19.08481669
21,CO,Arikaree River 2019-05-24,Arikaree River,2019,May,5/24/19,denitrification_amended,denitrification,small Sediment,small,Sediment,Sediment,DA,amended,not,not,Dark,0.003216991,17.3,21.7,-0.470147186,-0.508818461,-0.508818461,336.5864837,336.5864837
22,CO,Arikaree River 2019-05-24,Arikaree River,2019,May,5/24/19,denitrification_amended,denitrification,small Sediment,small,Sediment,Sediment,DA,amended,not,not,Dark,0.003216991,18.3,22.2,-0.274399432,-0.508818461,-0.508818461,2040.332975,2040.332975
31,CO,Arikaree River 2019-05-24,Arikaree River,2019,May,5/24/19,denitrification_amended,denitrification,small Sediment,small,Sediment,Sediment,DA,amended,not,not,Dark,0.003216991,17.9,23,-0.155794559,-0.508818461,-0.508818461,3072.644365,3072.644365
19,CO,Arikaree River 2019-05-24,Arikaree River,2019,May,5/24/19,denitrification_unamended,denitrification,small Sediment,small,Sediment,Sediment,DU,unamended,not,not,Dark,0.003216991,20,22.6,-0.359616709,-0.45615794,-0.45615794,840.2741806,840.2741806
23,CO,Arikaree River 2019-05-24,Arikaree River,2019,May,5/24/19,denitrification_unamended,denitrification,small Sediment,small,Sediment,Sediment,DU,unamended,not,not,Dark,0.003216991,20.6,22.8,-0.747710748,-0.45615794,-0.45615794,-2537.613137,0
27,CO,Arikaree River 2019-05-24,Arikaree River,2019,May,5/24/19,denitrification_unamended,denitrification,small Sediment,small,Sediment,Sediment,DU,unamended,not,not,Dark,0.003216991,19.8,23.5,-0.909487392,-0.45615794,-0.45615794,-3945.68236,0
6,KS,Kings Creek 2019-05-10,Kings Creek,2019,May,5/10/19,denitrification_amended,denitrification,small Sediment,small,Sediment,Sediment,DA,amended,not,not,Dark,0.003216991,11.9,12.9,-0.422508607,-0.25772102,-0.25772102,-1434.275828,0
10,KS,Kings Creek 2019-05-10,Kings Creek,2019,May,5/10/19,denitrification_amended,denitrification,small Sediment,small,Sediment,Sediment,DA,amended,not,not,Dark,0.003216991,12,13,-0.335270663,-0.25772102,-0.25772102,-674.9754701,0
11,KS,Kings Creek 2019-05-10,Kings Creek,2019,May,5/10/19,denitrification_amended,denitrification,small Sediment,small,Sediment,Sediment,DA,amended,not,not,Dark,0.003216991,12.1,13,0.021550252,-0.25772102,-0.25772102,2430.717281,2430.717281
2,KS,Kings Creek 2019-05-10,Kings Creek,2019,May,5/10/19,denitrification_unamended,denitrification,small Sediment,small,Sediment,Sediment,DU,unamended,not,not,Dark,0.003216991,12.3,13.3,-0.242735918,NA,0,-2112.721388,0
5,KS,Kings Creek 2019-05-10,Kings Creek,2019,May,5/10/19,denitrification_unamended,denitrification,small Sediment,small,Sediment,Sediment,DU,unamended,not,not,Dark,0.003216991,12,13,-0.051967639,NA,0,-452.3151904,0
16,KS,Kings Creek 2019-05-10,Kings Creek,2019,May,5/10/19,denitrification_unamended,denitrification,small Sediment,small,Sediment,Sediment,DU,unamended,not,not,Dark,0.003216991,12,13.2,-0.332607066,NA,0,-2894.940596,0
7,AZ,Sycamore Creek 2019-05-14,Sycamore Creek,2019,May,5/14/19,denitrification_amended,denitrification,small Sediment,small,Sediment,Sediment,DA,amended,not,not,Dark,0.003216991,26.7,26.6,-0.222472733,-0.524449112,-0.524449112,2628.33767,2628.33767
8,AZ,Sycamore Creek 2019-05-14,Sycamore Creek,2019,May,5/14/19,denitrification_amended,denitrification,small Sediment,small,Sediment,Sediment,DA,amended,not,not,Dark,0.003216991,25.4,26.2,-0.387927983,-0.524449112,-0.524449112,1188.250644,1188.250644
3,AZ,Sycamore Creek 2019-05-14,Sycamore Creek,2019,May,5/14/19,denitrification_unamended,denitrification,small Sediment,small,Sediment,Sediment,DU,unamended,not,not,Dark,0.003216991,26.6,26.9,-0.017367694,NA,0,-151.1646877,0
10,AZ,Sycamore Creek 2019-05-14,Sycamore Creek,2019,May,5/14/19,denitrification_unamended,denitrification,small Sediment,small,Sediment,Sediment,DU,unamended,not,not,Dark,0.003216991,26.3,27.1,-0.546340963,NA,0,-4755.234614,0
20,AZ,Wet Beaver Creek 2019-05-16,Wet Beaver Creek,2019,May,5/16/19,denitrification_amended,denitrification,small Sediment,small,Sediment,Sediment,DA,amended,not,not,Dark,0.003216991,19,20.8,0.034260404,NA,0,298.195212,298.195212
24,AZ,Wet Beaver Creek 2019-05-16,Wet Beaver Creek,2019,May,5/16/19,denitrification_amended,denitrification,small Sediment,small,Sediment,Sediment,DA,amended,not,not,Dark,0.003216991,18.9,21.5,-0.361183578,NA,0,-3143.664434,0
16,AZ,Wet Beaver Creek 2019-05-16,Wet Beaver Creek,2019,May,5/16/19,denitrification_unamended,denitrification,small Sediment,small,Sediment,Sediment,DU,unamended,not,not,Dark,0.003216991,19.4,20.3,-0.582362975,-0.503627084,-0.503627084,-685.3003227,0
22,AZ,Wet Beaver Creek 2019-05-16,Wet Beaver Creek,2019,May,5/16/19,denitrification_unamended,denitrification,small Sediment,small,Sediment,Sediment,DU,unamended,not,not,Dark,0.003216991,19.5,20.4,-0.260685368,-0.503627084,-0.503627084,2114.512608,2114.512608
4,MI,Pilgrim River 2019-09-09,Pilgrim River,2019,September,9/9/19,denitrification_amended,denitrification,small Sediment,small,Sediment,Sediment,DA,amended,not,not,Dark,0.003216991,12.9,14.6,0.01821465,0.022059537,0.022059537,-33.46507479,0
7,MI,Pilgrim River 2019-09-09,Pilgrim River,2019,September,9/9/19,denitrification_amended,denitrification,small Sediment,small,Sediment,Sediment,DA,amended,not,not,Dark,0.003216991,13,14.8,-0.630500343,0.022059537,0.022059537,-5679.741302,0
1,MI,Pilgrim River 2019-09-09,Pilgrim River,2019,September,9/9/19,denitrification_unamended,denitrification,small Sediment,small,Sediment,Sediment,DU,unamended,not,not,Dark,0.003216991,13.7,14.7,0.225406262,0.036241429,0.036241429,1646.450158,1646.450158
12,MI,Pilgrim River 2019-09-09,Pilgrim River,2019,September,9/9/19,denitrification_unamended,denitrification,small Sediment,small,Sediment,Sediment,DU,unamended,not,not,Dark,0.003216991,13.8,14.4,-0.161557287,0.036241429,0.036241429,-1721.597617,0
10,PR,Quebrada Prieta 2019-03-03,Quebrada Prieta,2019,March,3/3/19,denitrification_amended,denitrification,small Wood,small,Wood,Wood,air,amended,not,Air,Dark,0.005798578,21.5,21.9,0.046301243,-0.038867503,-0.038867503,411.2602935,411.2602935
21,WI,Black Earth Creek 2017-08-08,Black Earth Creek,2017,August,8/8/17,denitrification_amended,denitrification,small Wood,small,Wood,Wood,DA,amended,not,not,Light,0.005226187,18.6,18.8,1.364931194,0.167144395,0.167144395,6417.303929,6417.303929
22,WI,Black Earth Creek 2017-08-08,Black Earth Creek,2017,August,8/8/17,denitrification_amended,denitrification,small Wood,small,Wood,Wood,DA,amended,not,not,Light,0.004618068,19.1,18.6,0.168755748,0.167144395,0.167144395,9.769858304,9.769858304
19,WI,Black Earth Creek 2017-08-08,Black Earth Creek,2017,August,8/8/17,denitrification_unamended,denitrification,small Wood,small,Wood,Wood,DU,unamended,not,not,Light,0.008249891,18.1,18.8,0.276211496,0.059517646,0.059517646,735.4555107,735.4555107
24,WI,Black Earth Creek 2017-08-08,Black Earth Creek,2017,August,8/8/17,denitrification_unamended,denitrification,small Wood,small,Wood,Wood,DU,unamended,not,not,Light,0.00422305,18.7,18.5,0.013768547,0.059517646,0.059517646,-303.329293,0
35,WI,Brewery Creek 2017-08-11,Brewery Creek,2017,August,8/11/17,denitrification_amended,denitrification,small Wood,small,Wood,Wood,DA,amended,not,not,Light,0.006764676,15.5,16.9,0.792798566,0.071646209,0.071646209,2984.956853,2984.956853
41,WI,Brewery Creek 2017-08-11,Brewery Creek,2017,August,8/11/17,denitrification_amended,denitrification,small Wood,small,Wood,Wood,DA,amended,not,not,Light,0.005466576,15.1,17,0.237703238,0.071646209,0.071646209,850.5501067,850.5501067
42,WI,Brewery Creek 2017-08-11,Brewery Creek,2017,August,8/11/17,denitrification_amended,denitrification,small Wood,small,Wood,Wood,DA,amended,not,not,Light,0.005054666,15.2,17.3,0.189168115,0.071646209,0.071646209,651.0051061,651.0051061
31,WI,Brewery Creek 2017-08-11,Brewery Creek,2017,August,8/11/17,denitrification_unamended,denitrification,small Wood,small,Wood,Wood,DU,unamended,not,not,Light,0.006785467,15.3,16.7,0.327306033,0.128493915,0.128493915,820.3914805,820.3914805
32,WI,Brewery Creek 2017-08-11,Brewery Creek,2017,August,8/11/17,denitrification_unamended,denitrification,small Wood,small,Wood,Wood,DU,unamended,not,not,Light,0.008478585,15.1,16.6,0.254463234,0.128493915,0.128493915,416.0058471,416.0058471
36,WI,Brewery Creek 2017-08-11,Brewery Creek,2017,August,8/11/17,denitrification_unamended,denitrification,small Wood,small,Wood,Wood,DU,unamended,not,not,Light,0.004884445,15.3,17.1,0.122009126,0.128493915,0.128493915,-37.17394373,0
2,UT,1300 E Red Butte Creek 2017-07-19,1300 E Red Butte Creek,2017,July,7/19/17,denitrification_amended,denitrification,small Wood,small,Wood,Wood,DA,amended,not,not,Light,0.005866791,18.4,18.9,0.0699526,0.00470238,0.00470238,311.4149023,311.4149023
14,UT,1300 E Red Butte Creek 2017-07-19,1300 E Red Butte Creek,2017,July,7/19/17,denitrification_amended,denitrification,small Wood,small,Wood,Wood,DA,amended,not,not,Light,0.007766514,18,18.7,0.344466156,0.00470238,0.00470238,1224.923527,1224.923527
7,UT,1300 E Red Butte Creek 2017-07-19,1300 E Red Butte Creek,2017,July,7/19/17,denitrification_unamended,denitrification,small Wood,small,Wood,Wood,DU,unamended,not,not,Light,0.005619905,18.1,18.6,0.007830662,-0.003689707,-0.003689707,57.39782869,57.39782869
13,UT,1300 E Red Butte Creek 2017-07-19,1300 E Red Butte Creek,2017,July,7/19/17,denitrification_unamended,denitrification,small Wood,small,Wood,Wood,DU,unamended,not,not,Light,0.017431451,18.1,19,0.012851932,-0.003689707,-0.003689707,26.57070272,26.57070272
18,UT,Lower Knowton Fork Red Butte Creek 2017-07-18,Lower Knowton Fork Red Butte Creek,2017,July,7/18/17,denitrification_amended,denitrification,small Wood,small,Wood,Wood,DA,amended,not,not,Light,0.007863969,13,13.1,0.004305736,0.078402844,0.078402844,-263.8259429,0
19,UT,Lower Knowton Fork Red Butte Creek 2017-07-18,Lower Knowton Fork Red Butte Creek,2017,July,7/18/17,denitrification_amended,denitrification,small Wood,small,Wood,Wood,DA,amended,not,not,Light,0.005139127,14,12.7,-0.008915152,0.078402844,0.078402844,-475.7430395,0
20,UT,Lower Knowton Fork Red Butte Creek 2017-07-18,Lower Knowton Fork Red Butte Creek,2017,July,7/18/17,denitrification_unamended,denitrification,small Wood,small,Wood,Wood,DU,unamended,not,not,Light,0.005735552,13.3,12.6,0.003894325,0,0,19.01143971,19.01143971
21,UT,Lower Knowton Fork Red Butte Creek 2017-07-18,Lower Knowton Fork Red Butte Creek,2017,July,7/18/17,denitrification_unamended,denitrification,small Wood,small,Wood,Wood,DU,unamended,not,not,Light,0.006246216,13.1,12.2,-0.015055325,0,0,-67.48871592,0
13,ID,South Fork Mink Creek 2017-07-27,South Fork Mink Creek,2017,July,7/27/17,denitrification_amended,denitrification,small Wood,small,Wood,Wood,DA,amended,not,not,Light,0.00325092,15.9,19.6,0,0,0,0,0
19,ID,South Fork Mink Creek 2017-07-27,South Fork Mink Creek,2017,July,7/27/17,denitrification_amended,denitrification,small Wood,small,Wood,Wood,DA,amended,not,not,Light,0.005593479,15.5,19.1,0.075703019,0,0,378.9563765,378.9563765
16,ID,South Fork Mink Creek 2017-07-27,South Fork Mink Creek,2017,July,7/27/17,denitrification_unamended,denitrification,small Wood,small,Wood,Wood,DU,unamended,not,not,Light,0.002815358,15.7,18.9,0.023516676,0.014279638,0.014279638,91.86650094,91.86650094
22,ID,South Fork Mink Creek 2017-07-27,South Fork Mink Creek,2017,July,7/27/17,denitrification_unamended,denitrification,small Wood,small,Wood,Wood,DU,unamended,not,not,Light,0.004147998,15.7,19.2,0,0.014279638,0.014279638,-96.39104288,0
22,NC,Eno River 2017-06-04,Eno River,2017,June,6/4/17,denitrification_amended,denitrification,small Wood,small,Wood,Wood,DA,amended,not,not,Light,0.00399026,24.2,26.1,0.102798528,0.55379069,0.55379069,-3164.651062,0
27,NC,Eno River 2017-06-04,Eno River,2017,June,6/4/17,denitrification_amended,denitrification,small Wood,small,Wood,Wood,DA,amended,not,not,Light,0.00454308,24.1,28.3,2.103603946,0.55379069,0.55379069,9551.839536,9551.839536
24,NC,Eno River 2017-06-04,Eno River,2017,June,6/4/17,denitrification_unamended,denitrification,small Wood,small,Wood,Wood,DU,unamended,not,not,Light,0.00719714,24.1,26.1,0.046627304,-0.583252541,-0.583252541,2450.506126,2450.506126
25,NC,Eno River 2017-06-04,Eno River,2017,June,6/4/17,denitrification_unamended,denitrification,small Wood,small,Wood,Wood,DU,unamended,not,not,Light,0.00392869,24.1,27,NA,-0.583252541,-0.583252541,NA,NA
A1,NC,New Hope Creek 2017-06-03,New Hope Creek,2017,June,6/3/17,denitrification_amended,denitrification,small Wood,small,Wood,Wood,DA,amended,not,not,Light,0.00679759,22.4,25.4,0.063459758,0,0,261.3975272,261.3975272
A2,NC,New Hope Creek 2017-06-03,New Hope Creek,2017,June,6/3/17,denitrification_amended,denitrification,small Wood,small,Wood,Wood,DA,amended,not,not,Light,0.00445138,22.4,24.6,-0.126126099,0,0,-793.3563917,0
A3,NC,New Hope Creek 2017-06-03,New Hope Creek,2017,June,6/3/17,denitrification_unamended,denitrification,small Wood,small,Wood,Wood,DU,unamended,not,not,Light,0.00739757,22.4,24.6,0.006512946,0.005113464,0.005113464,5.297076254,5.297076254
A4,NC,New Hope Creek 2017-06-03,New Hope Creek,2017,June,6/3/17,denitrification_unamended,denitrification,small Wood,small,Wood,Wood,DU,unamended,not,not,Light,0.0074015,22.4,24.6,0.016700465,0.005113464,0.005113464,43.83382059,43.83382059
21,NH,Dowst Cate Forest 2018-08-10,Dowst Cate Forest,2018,August,8/10/18,denitrification_amended,denitrification,small Wood,small,Wood,Wood,DA,amended,not,not,Dark,0.008295296,22.6,23.4,0.028518469,0,0,96.26143919,96.26143919
22,NH,Dowst Cate Forest 2018-08-10,Dowst Cate Forest,2018,August,8/10/18,denitrification_amended,denitrification,small Wood,small,Wood,Wood,DA,amended,not,not,Dark,0.006619492,22.6,23.5,0.085266556,0,0,360.6717209,360.6717209
19,NH,Dowst Cate Forest 2018-08-10,Dowst Cate Forest,2018,August,8/10/18,denitrification_unamended,denitrification,small Wood,small,Wood,Wood,DU,unamended,not,not,Dark,0.009719926,22.5,23.7,0,0,0,0,0
24,NH,Dowst Cate Forest 2018-08-10,Dowst Cate Forest,2018,August,8/10/18,denitrification_unamended,denitrification,small Wood,small,Wood,Wood,DU,unamended,not,not,Dark,0.008611881,22.6,23.5,0,0,0,0,0
13,MA,Hop Brook 2018-08-15,Hop Brook,2018,August,8/15/18,denitrification_amended,denitrification,small Wood,small,Wood,Wood,DA,amended,not,not,Dark,0.007932223,19.7,20.9,0,0.012898848,0.012898848,-45.5317188,0
23,MA,Hop Brook 2018-08-15,Hop Brook,2018,August,8/15/18,denitrification_amended,denitrification,small Wood,small,Wood,Wood,DA,amended,not,not,Dark,0.00858899,19.8,20.7,0.138522217,0.012898848,0.012898848,409.5306117,409.5306117
19,MA,Hop Brook 2018-08-15,Hop Brook,2018,August,8/15/18,denitrification_unamended,denitrification,small Wood,small,Wood,Wood,DU,unamended,not,not,Dark,0.00738797,19.8,20.9,0,0,0,0,0
21,MA,Hop Brook 2018-08-15,Hop Brook,2018,August,8/15/18,denitrification_unamended,denitrification,small Wood,small,Wood,Wood,DU,unamended,not,not,Dark,0.004237584,19.8,20.7,0.010229719,0,0,67.59326478,67.59326478
9,NH,Wednesday Hill Brook 2018-08-09,Wednesday Hill Brook,2018,August,8/9/18,denitrification_amended,denitrification,small Wood,small,Wood,Wood,DA,amended,not,not,Dark,0.005547192,21,21.1,0.912566295,0.009317906,0.009317906,4559.235533,4559.235533
12,NH,Wednesday Hill Brook 2018-08-09,Wednesday Hill Brook,2018,August,8/9/18,denitrification_amended,denitrification,small Wood,small,Wood,Wood,DA,amended,not,not,Dark,0.004666706,20.6,21,0.006723814,0.009317906,0.009317906,-15.56442073,0
18,NH,Wednesday Hill Brook 2018-08-09,Wednesday Hill Brook,2018,August,8/9/18,denitrification_amended,denitrification,small Wood,small,Wood,Wood,DA,amended,not,not,Dark,0.006192184,20.8,20.9,0.083863514,0.009317906,0.009317906,337.0825219,337.0825219
13,NH,Wednesday Hill Brook 2018-08-09,Wednesday Hill Brook,2018,August,8/9/18,denitrification_unamended,denitrification,small Wood,small,Wood,Wood,DU,unamended,not,not,Dark,0.007920448,21.6,20.8,0.00916754,0.015841626,0.015841626,-23.59391996,0
15,NH,Wednesday Hill Brook 2018-08-09,Wednesday Hill Brook,2018,August,8/9/18,denitrification_unamended,denitrification,small Wood,small,Wood,Wood,DU,unamended,not,not,Dark,0.01094393,21.2,21.1,0.346982757,0.015841626,0.015841626,847.2232242,847.2232242
17,NH,Wednesday Hill Brook 2018-08-09,Wednesday Hill Brook,2018,August,8/9/18,denitrification_unamended,denitrification,small Wood,small,Wood,Wood,DU,unamended,not,not,Dark,0.003494469,20.8,20.9,0.158139738,0.015841626,0.015841626,1140.186711,1140.186711
7,MI,Pilgrim River 2018-07-17,Pilgrim River,2018,July,7/17/18,denitrification_amended,denitrification,small Wood,small,Wood,Wood,DA,amended,not,not,Dark,0.004417645,18.2,19.8,-0.002744001,-0.010469333,-0.010469333,48.96484503,48.96484503
9,MI,Pilgrim River 2018-07-17,Pilgrim River,2018,July,7/17/18,denitrification_amended,denitrification,small Wood,small,Wood,Wood,DA,amended,not,not,Dark,0.004433469,18.3,20.1,0.030794803,-0.010469333,-0.010469333,260.6076188,260.6076188
1,MI,Pilgrim River 2018-07-17,Pilgrim River,2018,July,7/17/18,denitrification_unamended,denitrification,small Wood,small,Wood,Wood,DU,unamended,not,not,Dark,0.006644929,18.5,19.7,0.003311496,0,0,13.95378101,13.95378101
6,MI,Pilgrim River 2018-07-17,Pilgrim River,2018,July,7/17/18,denitrification_unamended,denitrification,small Wood,small,Wood,Wood,DU,unamended,not,not,Dark,0.002798281,18.2,19.8,0.009610554,0,0,96.16458142,96.16458142
24,FL,Alexander Springs 2018-06-02,Alexander Springs,2018,June,6/2/18,denitrification_amended,denitrification,small Wood,small,Wood,Wood,DA,amended,not,not,Dark,0.007510788,25.9,26.3,0.333986956,0,0,1245.093691,1245.093691
28,FL,Alexander Springs 2018-06-02,Alexander Springs,2018,June,6/2/18,denitrification_amended,denitrification,small Wood,small,Wood,Wood,DA,amended,not,not,Dark,0.006346882,24.7,26.1,0.124804912,0,0,550.5912264,550.5912264
25,FL,Alexander Springs 2018-06-02,Alexander Springs,2018,June,6/2/18,denitrification_unamended,denitrification,small Wood,small,Wood,Wood,DU,unamended,not,not,Dark,0.00739493,25,26.1,0.067812243,0,0,256.7627841,256.7627841
27,FL,Alexander Springs 2018-06-02,Alexander Springs,2018,June,6/2/18,denitrification_unamended,denitrification,small Wood,small,Wood,Wood,DU,unamended,not,not,Dark,0.007323018,24,26,0.278906363,0,0,1066.415264,1066.415264
8,KS,Kings Creek 2018-06-13,Kings Creek,2018,June,6/13/18,denitrification_amended,denitrification,small Wood,small,Wood,Wood,DA,amended,not,not,Dark,0.014553173,23.7,24,0.355337393,0,0,683.6617013,683.6617013
9,KS,Kings Creek 2018-06-13,Kings Creek,2018,June,6/13/18,denitrification_amended,denitrification,small Wood,small,Wood,Wood,DA,amended,not,not,Dark,0.00801374,23.6,23.8,0.204208683,0,0,713.5049454,713.5049454
3,KS,Kings Creek 2018-06-13,Kings Creek,2018,June,6/13/18,denitrification_unamended,denitrification,small Wood,small,Wood,Wood,DU,unamended,not,not,Dark,0.006780755,23.7,24,0.267698375,0.054668596,0.054668596,879.6710434,879.6710434
7,KS,Kings Creek 2018-06-13,Kings Creek,2018,June,6/13/18,denitrification_unamended,denitrification,small Wood,small,Wood,Wood,DU,unamended,not,not,Dark,0.005030841,23.7,24,7.846330674,0.054668596,0.054668596,43365.8186,43365.8186
26,KS,McDiffett Creek 2018-06-12,McDiffett Creek,2018,June,6/12/18,denitrification_amended,denitrification,small Wood,small,Wood,Wood,DA,amended,not,not,Dark,0.011328164,23.3,23.8,2.578497849,-0.018981224,-0.018981224,6420.229619,6420.229619
27,KS,McDiffett Creek 2018-06-12,McDiffett Creek,2018,June,6/12/18,denitrification_amended,denitrification,small Wood,small,Wood,Wood,DA,amended,not,not,Dark,0.004658384,23.2,24,1.233782257,-0.018981224,-0.018981224,7529.945463,7529.945463
19,KS,McDiffett Creek 2018-06-12,McDiffett Creek,2018,June,6/12/18,denitrification_unamended,denitrification,small Wood,small,Wood,Wood,DU,unamended,not,not,Dark,0.00567716,23.3,23.6,0.28294205,0,0,1395.482493,1395.482493
28,KS,McDiffett Creek 2018-06-12,McDiffett Creek,2018,June,6/12/18,denitrification_unamended,denitrification,small Wood,small,Wood,Wood,DU,unamended,not,not,Dark,0.00736553,23.2,23.9,0,0,0,0,0
2,MI,Pilgrim River 2018-06-21,Pilgrim River,2018,June,6/21/18,denitrification_amended,denitrification,small Wood,small,Wood,Wood,DA,amended,not,not,Dark,0.003557964,15,17.7,0,0.03066694,0.03066694,-241.3386776,0
5,MI,Pilgrim River 2018-06-21,Pilgrim River,2018,June,6/21/18,denitrification_amended,denitrification,small Wood,small,Wood,Wood,DA,amended,not,not,Dark,0.008757746,15.4,17.6,0,0.03066694,0.03066694,-98.0474116,0
8,MI,Pilgrim River 2018-06-21,Pilgrim River,2018,June,6/21/18,denitrification_unamended,denitrification,small Wood,small,Wood,Wood,DU,unamended,not,not,Dark,0.005327248,15,17.1,0,0.011888214,0.011888214,-62.48441601,0
10,MI,Pilgrim River 2018-06-21,Pilgrim River,2018,June,6/21/18,denitrification_unamended,denitrification,small Wood,small,Wood,Wood,DU,unamended,not,not,Dark,0.006417636,15.3,17.1,0,0.011888214,0.011888214,-51.86800564,0
32,TX,Pringle Creek 2018-06-09,Pringle Creek,2018,June,6/9/18,denitrification_amended,denitrification,small Wood,small,Wood,Wood,DA,amended,not,not,Dark,0.006778261,28.1,30.6,0.136795309,0,0,565.0813177,565.0813177
35,TX,Pringle Creek 2018-06-09,Pringle Creek,2018,June,6/9/18,denitrification_amended,denitrification,small Wood,small,Wood,Wood,DA,amended,not,not,Dark,0.00710067,28.6,30.7,0.40013622,0,0,1577.853098,1577.853098
29,TX,Pringle Creek 2018-06-09,Pringle Creek,2018,June,6/9/18,denitrification_unamended,denitrification,small Wood,small,Wood,Wood,DU,unamended,not,not,Dark,0.004161888,28.2,30.7,0,0,0,0,0
36,TX,Pringle Creek 2018-06-09,Pringle Creek,2018,June,6/9/18,denitrification_unamended,denitrification,small Wood,small,Wood,Wood,DU,unamended,not,not,Dark,0.006326633,29.1,31.1,0.026807931,0,0,118.6447945,118.6447945
20,FL,Ichetucknee River 2018-05-31,Ichetucknee River,2018,May,5/31/18,denitrification_amended,denitrification,small Wood,small,Wood,Wood,DA,amended,not,not,Dark,0.00494396,23.1,23.2,-0.055755207,0,0,-315.7682921,0
22,FL,Ichetucknee River 2018-05-31,Ichetucknee River,2018,May,5/31/18,denitrification_amended,denitrification,small Wood,small,Wood,Wood,DA,amended,not,not,Dark,0.006284807,22.9,23.7,6.469624459,0,0,28823.39662,28823.39662
14,FL,Ichetucknee River 2018-05-31,Ichetucknee River,2018,May,5/31/18,denitrification_unamended,denitrification,small Wood,small,Wood,Wood,DU,unamended,not,not,Dark,0.006894282,23,23.6,0.362788323,NA,0,1473.405505,1473.405505
19,FL,Ichetucknee River 2018-05-31,Ichetucknee River,2018,May,5/31/18,denitrification_unamended,denitrification,small Wood,small,Wood,Wood,DU,unamended,not,not,Dark,0.007083023,23,23.1,-0.011073836,NA,0,-43.77614144,0
1,NC,New Hope Creek 2018-05-27,New Hope Creek,2018,May,5/27/18,denitrification_amended,denitrification,small Wood,small,Wood,Wood,DA,amended,not,not,Dark,0.00962651,22.5,23.3,0.287282992,-0.017252395,-0.017252395,885.7821612,885.7821612
12,NC,New Hope Creek 2018-05-27,New Hope Creek,2018,May,5/27/18,denitrification_amended,denitrification,small Wood,small,Wood,Wood,DA,amended,not,not,Dark,0.008706057,22.9,23.5,0.460816269,-0.017252395,-0.017252395,1537.541345,1537.541345
9,NC,New Hope Creek 2018-05-27,New Hope Creek,2018,May,5/27/18,denitrification_unamended,denitrification,small Wood,small,Wood,Wood,DU,unamended,not,not,Dark,0.007047133,22.8,23.2,0.046309781,0.013225482,0.013225482,131.4520893,131.4520893
11,NC,New Hope Creek 2018-05-27,New Hope Creek,2018,May,5/27/18,denitrification_unamended,denitrification,small Wood,small,Wood,Wood,DU,unamended,not,not,Dark,0.005319636,22.9,23.7,0,0.013225482,0.013225482,-69.61256531,0
16,MT,Blaine Creek 2019-08-10,Blaine Creek,2019,August,8/10/19,denitrification_amended,denitrification,small Wood,small,Wood,Wood,DA,amended,not,not,Dark,0.008014516,16.4,18.4,-0.211890135,NA,0,-740.2722492,0
22,MT,Blaine Creek 2019-08-10,Blaine Creek,2019,August,8/10/19,denitrification_amended,denitrification,small Wood,small,Wood,Wood,DA,amended,not,not,Dark,0.005868353,15.7,21.6,-0.41336432,NA,0,-1972.308235,0
11,MT,Blaine Creek 2019-08-10,Blaine Creek,2019,August,8/10/19,denitrification_unamended,denitrification,small Wood,small,Wood,Wood,DU,unamended,not,not,Dark,0.005420033,16.6,19.2,0.220808716,NA,0,1140.702287,1140.702287
20,MT,Blaine Creek 2019-08-10,Blaine Creek,2019,August,8/10/19,denitrification_unamended,denitrification,small Wood,small,Wood,Wood,DU,unamended,not,not,Dark,0.005711378,17.4,21.5,NA,NA,0,NA,NA
14,WA,Martha Creek 2019-08-06,Martha Creek,2019,August,8/6/19,denitrification_amended,denitrification,small Wood,small,Wood,Wood,DA,amended,not,not,Dark,0.006573064,16.9,18.3,-0.301238556,-0.102861115,-0.102861115,-845.050091,0
20,WA,Martha Creek 2019-08-06,Martha Creek,2019,August,8/6/19,denitrification_amended,denitrification,small Wood,small,Wood,Wood,DA,amended,not,not,Dark,0.006383287,17.2,18.5,0.264068268,-0.102861115,-0.102861115,1609.51916,1609.51916
18,WA,Martha Creek 2019-08-06,Martha Creek,2019,August,8/6/19,denitrification_unamended,denitrification,small Wood,small,Wood,Wood,DU,unamended,not,not,Dark,0.010767006,17.2,18.3,0.059358586,NA,0,154.3642132,154.3642132
21,WA,Martha Creek 2019-08-06,Martha Creek,2019,August,8/6/19,denitrification_unamended,denitrification,small Wood,small,Wood,Wood,DU,unamended,not,not,Dark,0.005762428,17.9,18.6,-0.272415768,NA,0,-1323.685347,0
21,OR,McRae Creek 2019-08-03,McRae Creek,2019,August,8/3/19,denitrification_amended,denitrification,small Wood,small,Wood,Wood,DA,amended,not,not,Dark,0.006710705,11.1,11.5,-0.484074101,NA,0,-2019.769135,0
22,OR,McRae Creek 2019-08-03,McRae Creek,2019,August,8/3/19,denitrification_amended,denitrification,small Wood,small,Wood,Wood,DA,amended,not,not,Dark,0.005324279,11.2,11.8,-0.845006796,NA,0,-4443.829912,0
14,OR,McRae Creek 2019-08-03,McRae Creek,2019,August,8/3/19,denitrification_unamended,denitrification,small Wood,small,Wood,Wood,DU,unamended,not,not,Dark,0.004195764,11.1,11.5,0.395652435,-0.226341147,-0.226341147,4150.810265,4150.810265
23,OR,McRae Creek 2019-08-03,McRae Creek,2019,August,8/3/19,denitrification_unamended,denitrification,small Wood,small,Wood,Wood,DU,unamended,not,not,Dark,0.008747569,11.3,11.7,-0.645811042,-0.226341147,-0.226341147,-1342.676698,0
13,WY,Blacktail Deer Creek 2019-07-30,Blacktail Deer Creek,2019,July,7/30/19,denitrification_amended,denitrification,small Wood,small,Wood,Wood,DA,amended,not,not,Dark,0.012491871,14.8,17.1,NA,NA,0,NA,NA
15,WY,Blacktail Deer Creek 2019-07-30,Blacktail Deer Creek,2019,July,7/30/19,denitrification_amended,denitrification,small Wood,small,Wood,Wood,DA,amended,not,not,Dark,0.009314159,15.2,17,NA,NA,0,NA,NA
16,WY,Blacktail Deer Creek 2019-07-30,Blacktail Deer Creek,2019,July,7/30/19,denitrification_unamended,denitrification,small Wood,small,Wood,Wood,DU,unamended,not,not,Dark,0.006009338,15.3,16.8,NA,NA,0,NA,NA
18,WY,Blacktail Deer Creek 2019-07-30,Blacktail Deer Creek,2019,July,7/30/19,denitrification_unamended,denitrification,small Wood,small,Wood,Wood,DU,unamended,not,not,Dark,0.008293515,15.4,17.3,NA,NA,0,NA,NA
14,AK,Caribou Creek 2019-07-09,Caribou Creek,2019,July,7/9/19,denitrification_amended,denitrification,small Wood,small,Wood,Wood,DA,amended,not,not,Dark,0.007740857,6.5,7.7,-0.490475533,NA,0,-1774.133657,0
15,AK,Caribou Creek 2019-07-09,Caribou Creek,2019,July,7/9/19,denitrification_amended,denitrification,small Wood,small,Wood,Wood,DA,amended,not,not,Dark,0.008350551,6.6,7.7,-0.445719432,NA,0,-1494.529413,0
19,AK,Caribou Creek 2019-07-09,Caribou Creek,2019,July,7/9/19,denitrification_unamended,denitrification,small Wood,small,Wood,Wood,DU,unamended,not,not,Dark,0.006987556,6.8,7.8,0.21603192,-0.329180858,-0.329180858,2184.734946,2184.734946
23,AK,Caribou Creek 2019-07-09,Caribou Creek,2019,July,7/9/19,denitrification_unamended,denitrification,small Wood,small,Wood,Wood,DU,unamended,not,not,Dark,0.012634791,7.4,7.9,-0.184032199,-0.329180858,-0.329180858,321.664398,321.664398
18,AK,Poker Creek 2019-07-10,Poker Creek,2019,July,7/10/19,denitrification_amended,denitrification,small Wood,small,Wood,Wood,DA,amended,not,not,Dark,0.006681449,8.2,9,-0.640276358,NA,0,-2683.211085,0
26,AK,Poker Creek 2019-07-10,Poker Creek,2019,July,7/10/19,denitrification_amended,denitrification,small Wood,small,Wood,Wood,DA,amended,not,not,Dark,0.006686488,8.4,9.1,-0.639575192,NA,0,-2678.252824,0
25,AK,Poker Creek 2019-07-10,Poker Creek,2019,July,7/10/19,denitrification_unamended,denitrification,small Wood,small,Wood,Wood,DU,unamended,not,not,Dark,0.008319059,8.6,9.2,-1.517137287,-0.227322626,-0.227322626,-4341.213414,0
27,AK,Poker Creek 2019-07-10,Poker Creek,2019,July,7/10/19,denitrification_unamended,denitrification,small Wood,small,Wood,Wood,DU,unamended,not,not,Dark,0.010435355,8.6,9.1,-0.785435285,-0.227322626,-0.227322626,-1497.520157,0
20,MI,Pilgrim River 2019-06-13,Pilgrim River,2019,June,6/13/19,denitrification_amended,denitrification,small Wood,small,Wood,Wood,DA,amended,not,not,Dark,0.004817093,16,16.4,-0.799459975,-0.570145223,-0.570145223,-1332.922797,0
24,MI,Pilgrim River 2019-06-13,Pilgrim River,2019,June,6/13/19,denitrification_amended,denitrification,small Wood,small,Wood,Wood,DA,amended,not,not,Dark,0.007724002,14.6,17.1,-0.361423404,-0.570145223,-0.570145223,756.6299096,756.6299096
19,MI,Pilgrim River 2019-06-13,Pilgrim River,2019,June,6/13/19,denitrification_unamended,denitrification,small Wood,small,Wood,Wood,DU,unamended,not,not,Dark,0.007692932,16,17.1,-0.630970922,-0.229394041,-0.229394041,-1461.62122,0
26,MI,Pilgrim River 2019-06-13,Pilgrim River,2019,June,6/13/19,denitrification_unamended,denitrification,small Wood,small,Wood,Wood,DU,unamended,not,not,Dark,0.007165985,15.5,17.2,-0.083681102,-0.229394041,-0.229394041,569.3512202,569.3512202
9,PR,Quebrada Prieta 2019-03-03,Quebrada Prieta,2019,March,3/3/19,denitrification_amended,denitrification,small Wood,small,Wood,Wood,DA,amended,not,not,Dark,0.004724422,21.4,21.9,0.001761592,-0.038867503,-0.038867503,240.7944597,240.7944597
11,PR,Quebrada Prieta 2019-03-03,Quebrada Prieta,2019,March,3/3/19,denitrification_amended,denitrification,small Wood,small,Wood,Wood,DA,amended,not,not,Dark,0.005130895,21.5,21.8,0.056879279,-0.038867503,-0.038867503,522.5033605,522.5033605
1,PR,Quebrada Prieta 2019-03-03,Quebrada Prieta,2019,March,3/3/19,denitrification_unamended,denitrification,small Wood,small,Wood,Wood,DU,unamended,not,not,Dark,0.00421533,21.7,22.1,9.12E-05,-0.002455843,-0.002455843,16.91820968,16.91820968
6,PR,Quebrada Prieta 2019-03-03,Quebrada Prieta,2019,March,3/3/19,denitrification_unamended,denitrification,small Wood,small,Wood,Wood,DU,unamended,not,not,Dark,0.006442272,21.6,21.9,0.010528878,-0.002455843,-0.002455843,56.43539985,56.43539985
1,PR,Quebrada Sonadora 2019-03-05,Quebrada Sonadora,2019,March,3/5/19,denitrification_amended,denitrification,small Wood,small,Wood,Wood,DA,amended,not,not,Dark,0.005192507,21.4,21.2,-0.175163731,-0.149122195,-0.149122195,-140.4260071,0
7,PR,Quebrada Sonadora 2019-03-05,Quebrada Sonadora,2019,March,3/5/19,denitrification_amended,denitrification,small Wood,small,Wood,Wood,DA,amended,not,not,Dark,0.007584667,21.2,21,0.178131957,-0.149122195,-0.149122195,1208.110552,1208.110552
4,PR,Quebrada Sonadora 2019-03-05,Quebrada Sonadora,2019,March,3/5/19,denitrification_unamended,denitrification,small Wood,small,Wood,Wood,DU,unamended,not,not,Dark,0.008325098,21.3,21.1,0.054791154,0.050577753,0.050577753,14.17103033,14.17103033
8,PR,Quebrada Sonadora 2019-03-05,Quebrada Sonadora,2019,March,3/5/19,denitrification_unamended,denitrification,small Wood,small,Wood,Wood,DU,unamended,not,not,Dark,0.007807068,21.5,20.9,0.008323009,0.050577753,0.050577753,-151.5463721,0
18,KS,Kings Creek 2019-05-10,Kings Creek,2019,May,5/10/19,denitrification_amended,denitrification,small Wood,small,Wood,Wood,DA,amended,not,not,Dark,0.006803434,12.1,13.3,-0.584124256,-0.25772102,-0.25772102,-1343.334942,0
26,KS,Kings Creek 2019-05-10,Kings Creek,2019,May,5/10/19,denitrification_amended,denitrification,small Wood,small,Wood,Wood,DA,amended,not,not,Dark,0.012175547,12.2,13.3,0.214371933,-0.25772102,-0.25772102,1085.668074,1085.668074
22,KS,Kings Creek 2019-05-10,Kings Creek,2019,May,5/10/19,denitrification_unamended,denitrification,small Wood,small,Wood,Wood,DU,unamended,not,not,Dark,0.009840657,12.3,13.2,0.012657327,NA,0,36.0143797,36.0143797
24,KS,Kings Creek 2019-05-10,Kings Creek,2019,May,5/10/19,denitrification_unamended,denitrification,small Wood,small,Wood,Wood,DU,unamended,not,not,Dark,0.005834561,12.3,13.3,0.083831849,NA,0,402.3082073,402.3082073
12,AZ,Sycamore Creek 2019-05-14,Sycamore Creek,2019,May,5/14/19,denitrification_amended,denitrification,small Wood,small,Wood,Wood,DA,amended,not,not,Dark,0.008898438,25.1,27,-0.29560632,-0.524449112,-0.524449112,720.0812305,720.0812305
16,AZ,Sycamore Creek 2019-05-14,Sycamore Creek,2019,May,5/14/19,denitrification_amended,denitrification,small Wood,small,Wood,Wood,DA,amended,not,not,Dark,0.007829613,25.1,27,-0.419330205,-0.524449112,-0.524449112,375.9227186,375.9227186
4,AZ,Wet Beaver Creek 2019-05-16,Wet Beaver Creek,2019,May,5/16/19,denitrification_amended,denitrification,small Wood,small,Wood,Wood,DA,amended,not,not,Dark,0.007069974,17.8,20.8,-1.100496384,NA,0,-4358.417549,0
12,AZ,Wet Beaver Creek 2019-05-16,Wet Beaver Creek,2019,May,5/16/19,denitrification_amended,denitrification,small Wood,small,Wood,Wood,DA,amended,not,not,Dark,0.006468926,18.1,20.3,-0.767408298,NA,0,-3321.638296,0
1,AZ,Wet Beaver Creek 2019-05-16,Wet Beaver Creek,2019,May,5/16/19,denitrification_unamended,denitrification,small Wood,small,Wood,Wood,DU,unamended,not,not,Dark,0.006714143,18.3,20.4,-0.839342805,-0.503627084,-0.503627084,-1400.035744,0
11,AZ,Wet Beaver Creek 2019-05-16,Wet Beaver Creek,2019,May,5/16/19,denitrification_unamended,denitrification,small Wood,small,Wood,Wood,DU,unamended,not,not,Dark,0.004327277,18.7,20.2,-0.382990131,-0.503627084,-0.503627084,780.5912722,780.5912722
17,MI,Pilgrim River 2019-09-09,Pilgrim River,2019,September,9/9/19,denitrification_amended,denitrification,small Wood,small,Wood,Wood,DA,amended,not,not,Dark,0.002674933,14,14.2,-0.126420676,0.022059537,0.022059537,-1554.224342,0
18,MI,Pilgrim River 2019-09-09,Pilgrim River,2019,September,9/9/19,denitrification_amended,denitrification,small Wood,small,Wood,Wood,DA,amended,not,not,Dark,0.004123121,13.5,14.4,-0.181952416,0.022059537,0.022059537,-1385.439497,0
13,MI,Pilgrim River 2019-09-09,Pilgrim River,2019,September,9/9/19,denitrification_unamended,denitrification,small Wood,small,Wood,Wood,DU,unamended,not,not,Dark,0.004703152,13.6,14.2,0.06031026,0.036241429,0.036241429,143.2926867,143.2926867
14,MI,Pilgrim River 2019-09-09,Pilgrim River,2019,September,9/9/19,denitrification_unamended,denitrification,small Wood,small,Wood,Wood,DU,unamended,not,not,Dark,0.00655648,13.6,14.7,-0.139660338,0.036241429,0.036241429,-751.2033103,0
F12,WI,Black Earth Creek 2017-08-08,Black Earth Creek,2017,August,8/8/17,Nfixation_unamended,Nfixation,large Macrophyte,large,Macrophyte,Macrophyte,NF,unamended,not,not,Light,0.022167078,16,18.4,-0.00828,-0.0093,-0.0093,0.429465715,0.429465715
F4,WI,Black Earth Creek 2017-08-08,Black Earth Creek,2017,August,8/8/17,Nfixation_unamended,Nfixation,large Macrophyte,large,Macrophyte,Macrophyte,NF,unamended,not,not,Light,0.022167078,15.7,NA,NA,-0.0093,-0.0093,NA,NA
F9,WI,Black Earth Creek 2017-08-08,Black Earth Creek,2017,August,8/8/17,Nfixation_unamended,Nfixation,large Macrophyte,large,Macrophyte,Macrophyte,NF,unamended,not,not,Light,0.022167078,15.4,18.7,-0.02918,-0.0093,-0.0093,-8.370370992,0
D12,FL,Ichetucknee River 2018-05-31,Ichetucknee River,2018,May,5/31/18,Nfixation_unamended,Nfixation,large Macrophyte,large,Macrophyte,Macrophyte,NF,unamended,not,not,Light,0.022167078,22.3,24.3,-0.01089,-0.00303,-0.00303,-3.309412273,0
D3,FL,Ichetucknee River 2018-05-31,Ichetucknee River,2018,May,5/31/18,Nfixation_unamended,Nfixation,large Macrophyte,large,Macrophyte,Macrophyte,NF,unamended,not,not,Light,0.022167078,23.5,23.8,0.00326,-0.00303,-0.00303,2.648371908,2.648371908
D4,FL,Ichetucknee River 2018-05-31,Ichetucknee River,2018,May,5/31/18,Nfixation_unamended,Nfixation,large Macrophyte,large,Macrophyte,Macrophyte,NF,unamended,not,not,Light,0.022167078,22.7,24.3,0.00471,-0.00303,-0.00303,3.258886895,3.258886895
D12,FL,Alexander Springs 2018-06-02,Alexander Springs,2018,June,6/2/18,Nfixation_unamended,Nfixation,large Macrophyte,large,Macrophyte,Macrophyte,NF,unamended,not,not,Light,0.022167078,25.4,26.4,0.17102,-0.01161,-0.01161,76.8954152,76.8954152
D3,FL,Alexander Springs 2018-06-02,Alexander Springs,2018,June,6/2/18,Nfixation_unamended,Nfixation,large Macrophyte,large,Macrophyte,Macrophyte,NF,unamended,not,not,Light,0.022167078,24.3,26.7,0.6979,-0.01161,-0.01161,298.7355092,298.7355092
D8,FL,Alexander Springs 2018-06-02,Alexander Springs,2018,June,6/2/18,Nfixation_unamended,Nfixation,large Macrophyte,large,Macrophyte,Macrophyte,NF,unamended,not,not,Light,0.022167078,25,25.7,0.0413,-0.01161,-0.01161,22.27748135,22.27748135
F2,FL,Alexander Springs 2018-06-02,Alexander Springs,2018,June,6/2/18,Nfixation_unamended,Nfixation,large Macrophyte,large,Macrophyte,Macrophyte,NF,unamended,not,not,Light,0.022167078,25.3,25.7,0.2964,-0.01161,-0.01161,129.6860145,129.6860145
F10,WI,Black Earth Creek 2017-08-08,Black Earth Creek,2017,August,8/8/17,denitrification_amended,denitrification,large Macrophyte,large,Macrophyte,Macrophyte,DA,amended,not,not,Light,0.022167078,15.4,18.3,-0.009255376,-0.051324702,-0.051324702,53.13921483,53.13921483
F7,WI,Black Earth Creek 2017-08-08,Black Earth Creek,2017,August,8/8/17,denitrification_amended,denitrification,large Macrophyte,large,Macrophyte,Macrophyte,DA,amended,not,not,Light,0.022167078,15.6,17.7,-0.196481983,-0.051324702,-0.051324702,-183.3531632,0
G1,WI,Black Earth Creek 2017-08-08,Black Earth Creek,2017,August,8/8/17,denitrification_amended,denitrification,large Macrophyte,large,Macrophyte,Macrophyte,DA,amended,not,not,Light,0.022167078,15.9,18.4,0,-0.051324702,-0.051324702,64.829999,64.829999
F11,WI,Black Earth Creek 2017-08-08,Black Earth Creek,2017,August,8/8/17,denitrification_unamended,denitrification,large Macrophyte,large,Macrophyte,Macrophyte,DU,unamended,not,not,Light,0.022167078,15.6,NA,NA,0.071265768,0.071265768,NA,NA
F2,WI,Black Earth Creek 2017-08-08,Black Earth Creek,2017,August,8/8/17,denitrification_unamended,denitrification,large Macrophyte,large,Macrophyte,Macrophyte,DU,unamended,not,not,Light,0.022167078,16.3,18.1,-0.041507988,0.071265768,0.071265768,-142.4484169,0
F5,WI,Black Earth Creek 2017-08-08,Black Earth Creek,2017,August,8/8/17,denitrification_unamended,denitrification,large Macrophyte,large,Macrophyte,Macrophyte,DU,unamended,not,not,Light,0.022167078,15.9,18.6,-0.267089101,0.071265768,0.071265768,-427.3876934,0
D1,FL,Alexander Springs 2018-06-02,Alexander Springs,2018,June,6/2/18,denitrification_amended,denitrification,large Macrophyte,large,Macrophyte,Macrophyte,DA,amended,not,not,Dark,0.022167078,24.2,26.2,0,0,0,0,0
D2,FL,Alexander Springs 2018-06-02,Alexander Springs,2018,June,6/2/18,denitrification_amended,denitrification,large Macrophyte,large,Macrophyte,Macrophyte,DA,amended,not,not,Dark,0.022167078,24.1,26,10.51610342,0,0,13283.25257,13283.25257
F1,FL,Alexander Springs 2018-06-02,Alexander Springs,2018,June,6/2/18,denitrification_unamended,denitrification,large Macrophyte,large,Macrophyte,Macrophyte,DU,unamended,not,not,Dark,0.022167078,24.9,25.2,18.64085971,0,0,23545.91218,23545.91218
F3,FL,Alexander Springs 2018-06-02,Alexander Springs,2018,June,6/2/18,denitrification_unamended,denitrification,large Macrophyte,large,Macrophyte,Macrophyte,DU,unamended,not,not,Dark,0.022167078,26.3,26.1,0,0,0,0,0
D1,FL,Ichetucknee River 2018-05-31,Ichetucknee River,2018,May,5/31/18,denitrification_amended,denitrification,large Macrophyte,large,Macrophyte,Macrophyte,DA,amended,not,not,Dark,0.022167078,23.8,24.1,0.055804195,NA,0,70.48820139,70.48820139
F2,FL,Ichetucknee River 2018-05-31,Ichetucknee River,2018,May,5/31/18,denitrification_amended,denitrification,large Macrophyte,large,Macrophyte,Macrophyte,DA,amended,not,not,Dark,0.022167078,22.7,24.8,0.052970431,NA,0,66.90877634,66.90877634
F3,FL,Ichetucknee River 2018-05-31,Ichetucknee River,2018,May,5/31/18,denitrification_amended,denitrification,large Macrophyte,large,Macrophyte,Macrophyte,DA,amended,not,not,Dark,0.022167078,22.3,24.8,-0.46890268,NA,0,-592.2871313,0
D6,FL,Ichetucknee River 2018-05-31,Ichetucknee River,2018,May,5/31/18,denitrification_unamended,denitrification,large Macrophyte,large,Macrophyte,Macrophyte,DU,unamended,not,not,Dark,0.022167078,22.3,24,0.042647585,0,0,53.86963412,53.86963412
F1,FL,Ichetucknee River 2018-05-31,Ichetucknee River,2018,May,5/31/18,denitrification_unamended,denitrification,large Macrophyte,large,Macrophyte,Macrophyte,DU,unamended,not,not,Dark,0.022167078,22,24.6,-0.147371876,0,0,-186.1504937,0
F6,FL,Ichetucknee River 2018-05-31,Ichetucknee River,2018,May,5/31/18,denitrification_unamended,denitrification,large Macrophyte,large,Macrophyte,Macrophyte,DU,unamended,not,not,Dark,0.022167078,22.3,25.5,0.089754106,0,0,113.3715032,113.3715032